:020000040800F2
:1000000000000220114B0008654B0008654B0008FA
:10001000654B0008654B0008654B000800000000B8
:10002000000000000000000000000000654B000818
:10003000654B000800000000654B0008E124000843
:10004000654B0008654B0008654B0008654B0008D0
:10005000654B0008654B0008892F00088F2F0008AA
:10006000654B0008654B0008952F0008654B00089C
:10007000654B0008654B0008654B0008654B0008A0
:10008000654B0008654B0008654B0008654B000890
:10009000654B0008654B0008654B00089B2F000866
:1000A000654B0008654B0008654B0008654B000870
:1000B000654B0008654B0008654B0008654B000860
:1000C000654B0008654B0008654B0008654B000850
:1000D000654B0008654B0008654B0008654B000840
:1000E000654B0008654B000800000000654B0008E8
:1000F000654B0008654B0008654B0008654B000820
:10010000654B0008654B0008654B0008654B00080F
:10011000654B0008654B0008654B0008654B0008FF
:10012000654B0008654B0008654B0008654B0008EF
:10013000654B0008654B0008654B0008654B0008DF
:1001400000000000000000000000000000000000AF
:10015000654B0008654B0008654B000871120008EC
:10016000654B0008654B0008654B0008654B0008AF
:10017000654B0008654B0008654B00080000000057
:10018000654B0008654B0008654B0008654B00088F
:10019000654B0008654B0008654B0008654B00087F
:1001A000654B0008654B0008654B0008654B00086F
:1001B000654B0008654B0008654B0008654B00085F
:1001C000654B0008654B0008654B0008654B00084F
:1001D000654B0008213F0008654B0008654B00088F
:1001E000654B0008654B0008654B0008654B00082F
:1001F000654B0008654B0008654B0008654B00081F
:10020000654B0008654B0008654B0008654B00080E
:10021000654B0008654B0008654B0008654B0008FE
:10022000654B0008654B0008654B000800000000A6
:10023000654B0008654B000800000000654B000896
:10024000654B0008654B0008654B0008654B0008CE
:10025000654B0008654B0008654B0008654B0008BE
:10026000654B0008654B0008654B0008654B0008AE
:10027000654B0008654B0008654B00080000000056
:10028000654B0008654B0008654B00080000000046
:0802900000000000654B0008AE
:1002A00070B50C461E461546D0E9000398473060ED
:1002B0002368984204D0002320606360012070BD51
:1002C0006368044A013393426360F7D90A2300202C
:1002D0006B60F4E73F420F0002460144002010B576
:1002E0008A4200D110BD12F8013B0824584010F09A
:1002F000800F0CBF0023D523013C83EA4003D8B212
:10030000F5D1EDE7924B2DE9F04F89B00026144668
:100310001A8888469B7805463146ADF80820204665
:1003200078228DF80A30049604AF8DF807603E718C
:100330000BF05BFFB8EB060918BF4FF00109D5E9D8
:100340000003C4F8089098472B693146E060CDE976
:10035000060628689847EB68E061314628689847A8
:10036000E369A06118431DD0092363602B69002154
:1003700028689847E06118B163680BB90923636086
:100380002B6A214628689847D5E900039847636897
:100390006061002B40F025814FEA4903236009B0DA
:1003A000BDE8F08FB8F1000FE0D04FF001082868E9
:1003B000AB682146C4F80080984706466060002874
:1003C000D4D1EB684146286898474045A061CBD11D
:1003D00040F6B738D5E900039847824603AB22467A
:1003E00006A92846FFF75CFF0028BFD0039BA3EBBC
:1003F0000A034345F2D92B6901212868984701284F
:10040000E061B1D1D5E9000398478046EB69224607
:100410000DF1070128689847002801DA0523A4E7B1
:1004200014D0636B0133FF2B636301D908239CE76E
:1004300003AB224606A92846FFF732FF002895D0D5
:10044000039BA3EB0803632BE0D9EFE7D5E9000397
:1004500098472061E36A022B2ED903AB224606A9F6
:100460002846FFF71DFF002880D02269039B9B1AB6
:10047000632B2FD8AB692146286898470028CDDB2D
:10048000EBD0D5E9000398474FF00008834603AB53
:10049000224606A92846FFF703FF00283FF466AF6F
:1004A000039BA3EB0B03B3F57A7F25D3A36B002B40
:1004B0000CBF0423062358E703AB224606A92846AF
:1004C000FFF7EEFE00283FF451AF2269039B9B1A11
:1004D000632B01D9032348E7E36A224628682033C7
:1004E0006B4413F8181C6B699847002896DB1EBFF5
:1004F000E36A0133E362ADE7EB6922460DF10701E0
:1005000028689847002889DBC1D0236B9DF8071025
:1005100003F1010AA36C1F2BC4F830A00CD85A1C9D
:10052000A26423F0030203F003032244DB00106DF6
:1005300001FA03F318431065B8F1000F0AD1CC2972
:1005400008D0636B01336363BAF1FF0F9FD96DE786
:100550005CCB000808F12003B8F1040F6B4403F8EA
:10056000101C3BD104213846FFF7B6FE9DF814302D
:1005700083421CD126F0030306F0030217F8011B87
:1005800001362344D200052E01FA02F11A6F42EA25
:1005900001021A67EED19DF81130BDF81220012B2F
:1005A0006664E36322643FF4E1AE0723DDE6A36BF8
:1005B00001210133A3633B4613F8012FCC2A02D05B
:1005C00001310529F8D1636BC1F1050838460B44A8
:1005D0004246394463630BF0EFFDB5E708F10108CB
:1005E000B2E70323DAE600BF084BDB69836213F04E
:1005F0000F0308D0C26C1A43054BC2640F221B685C
:1006000001201A6270471846704700BF004800403A
:100610003800002010B510461446FFF7E5FF10B172
:100620004FF0FF3010BD064BDA699206FAD55B6ACF
:1006300020460B70FFF7D8FF0028F1D10120F1E729
:10064000004800400A1E08484FF4005118BF01221C
:1006500008B505F083FE4FF40051034805F06CFE29
:10066000431E5842584108BD000802580A1E084857
:100670004FF0080118BF012208B505F06FFE0821F0
:10068000034805F059FE431E5842584108BD00BFBB
:10069000000C02582DE9F043B9B0B8220F460021F2
:1006A0000AA84FF002080BF0A0FD4FF00009032349
:1006B00008A8CDE90889269307F002F8044618B186
:1006C000022039B0BDE8F0834046494607F0FCFF00
:1006D0003B4B38629842F3D13A4B4FF480613A4831
:1006E0004FF48068D3F8E0200126384D42F0020232
:1006F000C3F8E020D3F8E02002F002020192019A50
:10070000D3F8E82042F48022C3F8E820D3F8E820A8
:1007100002F480220292029AD3F8902042F48022BE
:10072000C3F89020D3F8902022F48022C3F89020C0
:10073000012205F013FE03A923480794CDE90544DF
:10074000CDE9038605F068FC8C22214620480BF099
:100750004CFD1F4B1F4A43F8085C4FF4E133104631
:1007600053600C23536108F0E7FF08B10120A8E7AC
:10077000184809F08BF804460028F7D1EB68B3F568
:100780000B7F7B629CD1EB69980299D5EB6959028A
:1007900096D5022303A90C4804930723CDF80C80B7
:1007A000079305F039FC4FF40063074803A9059649
:1007B000039305F031FC084B20461E6081E700BF23
:1007C0000090D00300440258000402580048004042
:1007D00040000020380000203400002004F024BA3B
:1007E00008B51046FFF700FF30B9054BDA6912066D
:1007F00001D50120996208BD4FF0FF30FBE700BF33
:100800000048004008B50846FFF7EEFE20B9044B4B
:10081000D869C0F3801008BD4FF0FF30FBE700BF80
:100820000048004010B514480C46082105F084FD2E
:10083000431E4FF4005158425841A0610F4805F043
:100840007BFD421E0E4B50421B685041E06193B14C
:100850000C4BE26CDB69A36203F00F031343E36408
:100860001BB163680BB905236360074B1A681368F3
:1008700023F00103136010BD000C02580008025859
:100880003400002000480040380000201F4B0021A9
:10089000D3F8E02042F0040210B588B0C3F8E0209D
:1008A000D3F8E020002403A802F004020192019A88
:1008B000D3F8E02042F00802C3F8E0201422D3F875
:1008C000E03003F008030293029B0BF08EFC002241
:1008D0004FF400510E4805F041FD01234FF4005242
:1008E00003A90B48CDE90323CDE9054405F094FBAA
:1008F00022460821074805F031FD082303A90548D1
:10090000039305F089FB08B010BD00BF00440258F6
:1009100000080258000C0258F0B5094D8BB006468D
:100920000F4601AC0FCD0FC40FCD0FC42B683A4654
:10093000314601A82360FFF7E5FC0BB0F0BD00BF16
:1009400060CB000830B501444FF0FF33084D8842BA
:1009500001D1D84330BD10F8012B5340082213F0C9
:10096000010418BF2C46013A84EA5303F7D1EEE79D
:100970002083B8ED00210B4630B521F00102A1F132
:100980000E04825A02F47F45012C98BF2A46CD07F7
:100990004CBFD2B2120A5340082213F4004F0CBFCE
:1009A00000244FF44054013A84EA43039BB2F4D14B
:1009B00001311029E1D1180B30BD002330B51A46A2
:1009C00000F10C044FF6FF7530F8021F002908BF34
:1009D0000132A94208BF01338442F5D1062B18BF6A
:1009E000062A14BF0120002030BD2DE9F041089DEA
:1009F0001E46002342F21074DDE906782B60C8F829
:100A00000030A0F59C43203BA34203D9002038606E
:100A1000BDE8F0814C1E4FF6FD739C42F6D842EAC9
:100A20000603B3F5803FF1D240F6E4434C0803FBE4
:100A30000044B4FBF1F4A4F5E163B3F5E16FE5D84C
:100A4000A2FB04020B233C6047F6FF77A0FB0301E7
:100A5000A4FB064603FB0211C0194FF6FF724FF0CC
:100A6000000341F100010BF0D7FE2419C8F8000083
:100A70004FF6FF727641E0194FF0000346F1000196
:100A80000BF0CAFE28600120C2E700002DE9F04FFC
:100A900087B015460446109A05930023049113600D
:100AA000059A13604A1E814B9A4203D9002007B071
:100AB000BDE8F08F6A1E9A42F8D8FFF77EFF002843
:100AC000F4D02046FFF756FFE38903F00F03984266
:100AD000ECD163891B02EA1AA3896EEB0E0EA3FB0D
:100AE000020903FB0E99B9F1000F03DA704BC0182D
:100AF00049F100092789C00DA18840EA4920A7FBD8
:100B000002534FEAE95910F5FA6607FB0E3349F133
:100B1000000C002B02DA7F3543F10003ED094FF49E
:100B2000803745EA4365DB11C1FB07530195E58832
:100B30009B466188A5FB023405FB0E44002C02DABB
:100B4000FF3344F100041B0AB6F5FA6F4FEA24257F
:100B500043EA04634FF40044C1FB04357CF1000117
:100B6000029566DA052700FB09F5A0FB001404EBEB
:100B70004504A1FB075107FB04114E4C6F08A64228
:100B80004FEA95054FF0FF3447EAC1774FEA610815
:100B900045EA81757CEB04044FEAA101039124DA54
:100BA00040F6AC544FF0070A041949F1000904FB60
:100BB00009F9A4FB040404EB4904A0FB0A9119EB16
:100BC00007090AFB041A03994F464FF00B094AEB39
:100BD0000808A0FB090A09FB04AA400840EACA70F9
:100BE000401941EB6A010546039102FB0EFEA2FB90
:100BF000022010EB4E0005D56FF000441419224678
:100C000040F10000D20F42EA4002C017524260EBAE
:100C1000400092191646019A4CEB000CD71B6BEB67
:100C2000080B5D1B0197DDE9023263EB02012B46E5
:100C30000291049A0299A2FB0332049800FB01225C
:100C4000002A03DA1C495B1842F100025B0D01998E
:100C500043EAC22352155B1A62EB0B01109A00297A
:100C6000166008461A4604DA47F6FF729A1841F1F0
:100C70000000D20B16F57A6642EA404205984CF124
:100C8000000C026043F2D50296427CF1000CBFF4E6
:100C90000DAFB3F1FA73094A41F1FF31934271F19B
:100CA000000134BF0120002001E700BFFDFFFF006D
:100CB000FFFF7F0024FAFFFFFFFF1F0000806CE8AA
:100CC00000687047A0F13003DAB2092A01D818464B
:100CD0007047A0F14103052B01D837387047A0F1C8
:100CE0006103052B94BF57384FF0FF30704770B544
:100CF000054608460E460BF009FB1D2804460AD897
:100D00000246314628460BF047FA20B9285DB0FA72
:100D100080F0400970BD0020FCE74FF4757210B5FB
:100D20000C4600210BF061FA0122C0E94744026041
:100D300010BD10B5046A00230C44C0F83831C0F867
:100D4000503104628469C0F82C311443D21A18BFA0
:100D50000122C91A846118BF0121090141EAC201B7
:100D600082680A43C0E94C33826010BD02680346C2
:100D700010B512B3D0F8302112B9D0F8502192B189
:100D80009A6B8A1AB2F5C87F0DD90022C3E94C22AA
:100D9000C3F83821C3F850215A6B01325A639A685C
:100DA00042F080029A60D8685C6820F03802C3F88C
:100DB0002011DA6014B107221A6010BD440709D46B
:100DC000D3F81C218A1A41F288318A4294BF012249
:100DD0000222F1E793F870000238C0B201281DD852
:100DE00093F87100C00719D593F8AA00C40715D469
:100DF0001E4C03F17400FFF763FF04191C48844282
:100E00000CD81C4C03F17800FFF75AFFA04205DB19
:100E1000194CA042DCBF42F00802DA6093F8670088
:100E200000F007000728D3F82C0104BF42F010029D
:100E3000DA6060B1186C40F6B834081AA04206D8DF
:100E4000586C091AA1429CBF42F02002DA60900758
:100E500001D40322B0E7910601D40622ACE712F0D8
:100E6000080F0CBF04220522A6E700BF00D2496B81
:100E700000A493D600175BCA00E9A4352DE9F84F0A
:100E800004460D4611461746FFF770FFE369D4F894
:100E900030610133A763E361082E00F27281DFE85D
:100EA00016F0090068007001700170017001700196
:100EB00076007A00B52D06D10023C4F85031012305
:100EC000C4F8303106E0242D06D1012384F85453B0
:100ED000C4F85031BDE8F88FD4F850110029F9D08A
:100EE00080290AD10023C4F85031236B01332363D6
:100EF000A36843F04003A360ECE74B1C0A2D214498
:100F0000C4F8503181F85453E4D1062B29D991F813
:100F100053330D2B25D191F850332A2B21D104F5D1
:100F2000557301F24F3213F8010F934286EA00061F
:100F3000F9D191F85103FFF7C5FE0546681C10D0A2
:100F400091F85203FFF7BEFE421C0AD000EB0510D9
:100F5000B04206D1A36A0133A3620023C4F8503122
:100F6000B8E7E36A0133E362A36843F02003A360B8
:100F7000F3E7622D09D0A5F1B5035D425D41002381
:100F8000C4F83051C4E95133A4E70225F7E7082338
:100F9000C4F84C5194E7D4F84C21D4F844319A4227
:100FA00040F0E880D4F848319D4240F0E380636A25
:100FB00004F5AA7A01336362D4F83C310A2B40F07D
:100FC0009880D4F84031042B58D1D4F83861272EBA
:100FD00007D9A6F128011E23B1FBF3F203FB12117E
:100FE00039B1236B01332363A36843F04003A3604B
:100FF00044E03C2204F1E0000BF0F7F8534604F122
:10100000B80204F5BE7153F8040B8B4242F8040B8E
:10101000F9D14FF0280B5E453DD8E5680C227C499C
:1010200004F1B80025F002056665E76345F00103A9
:10103000E3600BF0B1F8002857D194F8C4302BB11D
:10104000202B52D194F8C530282B4ED11E220021DE
:1010500004F1B8000BF0FCF8002846D06D4904F10B
:10106000E000FFF744FE00283FD06B4904F1FE008A
:10107000FFF73DFEC8B345F00305E56000233946A0
:101080002046C4F83831C4F85031C4E94C33BDE8C7
:10109000F84FFFF76BBE0AEB0B0508225F492846A5
:1010A0000BF07AF860B92B4604F1E00205F11C015F
:1010B00053F8040B8B4242F8040BF9D11B881380C0
:1010C0000422574928460BF067F858B904F1FE038B
:1010D00005F11C0255F8041B954243F8041BF9D195
:1010E0002A881A800BF11E0B95E7A36843F48073DE
:1010F0007DE7012BC2D1D4F84031072BBED1D4F803
:1011000038215C2A7FF46DAF514604F15C000BF08E
:10111000EFF8236D5046276401332365E36843F0FD
:101120000403E3603F4BFFF7CBFD984206D9002351
:10113000C4F82C31A36843F4007358E7D4F828317D
:1011400063B1394AD4F82431D31A0344B3FBF2F122
:1011500002FB1133354A591E914208D80123C4F8C5
:1011600024016764C4F82831C4F82C3186E7002BC9
:10117000DDD183E7E36A0133E362A36843F0200330
:1011800035E7D4F84431023ED4F848212B44DBB291
:10119000C4F844311344DBB2C4F84831032E27D8D5
:1011A000DFE806F002060A0E0323C4F83C5187E686
:1011B0000423C4F8405183E60523C4F838517FE680
:1011C000D4F83831002243EA0523C4F83421B3F5BA
:1011D000007FC4F8383106D9C4F83021C4F838216A
:1011E000C4F8502181E6002B0CBF0723062367E6D5
:1011F000D4F834315A1C2344C4F8342183F85451B0
:10120000D4F838319A427FF465AE072358E600BF20
:1012100092CB00089FCB0008ADCB000884CB000820
:101220008DCB0008FF830C2400840C24FE410612A1
:10123000B52370B5037062234370A9B10A22042359
:10124000C3700023411C461D1C468270437103710C
:1012500011F8012F2244B14202EB030514462B463C
:10126000F6D18271C57170BD01220723E8E7000045
:101270002DE9F84F20261B4FDFF86C901B4CFB69C3
:1012800013F00F0109D0D9F800200A43C9F8002053
:101290002268013222600F223A629B0612D57A6AD6
:1012A00071B9DFF84CA0134BDAF800801B6808F125
:1012B0000105C5F30A05AB4206D12368013323605B
:1012C000013EDCD1BDE8F88FDFF82CB00BEBC80392
:1012D0001A7103F0A9FC4BF83800BFF35F8FCAF80E
:1012E0000050EDE700140140600500206405002077
:1012F0006C05002068050020700500202DE9F043F2
:10130000594EB9B003F090FC044601463046FFF751
:1013100004FD0021554B0822554D0AA819604FF0D5
:101320000108544B4FF0000929601960524B1960B5
:10133000524B1960524B1960524B1960524B196055
:10134000524B1C60524B1C60524B1C60524B1A603B
:10135000B822524B19600AF048FF182308A8CDE9BB
:101360000889279306F0ACF9044610B10123736095
:1013700076E04046494607F0A7F9494B306198426C
:10138000F4D1484B21464848D3F8E020474C42F07E
:101390000402C3F8E020D3F8E02002F00402019236
:1013A000019AD3F8F02042F02002C3F8F020D3F8DD
:1013B000F02002F020020292029AD3F8982042F024
:1013C0002002C3F89820D3F8982022F02002C3F816
:1013D00098208C220AF009FF334B354A43F8084C19
:1013E0004FF41653104653600C23536108F0A4F9D0
:1013F00008B10223BBE72E4808F048FA0746002848
:10140000F7D1E36841F60B2293427361AED1E369F1
:1014100003F4C003B3F5C00FA8D1C022022303A96F
:10142000CDE903230723CDE905002248079304F003
:10143000F3FD3A460621472004F070FD472004F0F2
:10144000D5FD0F2347202362236843F49073236064
:10145000A36843F00103A36001232B6004F09EFD09
:1014600039B0BDE8F08300BF74010020D80000202F
:10147000DC000020580500205C05002060050020ED
:1014800064050020680500206C0500204C05002044
:10149000500500205405002000000020D40000204A
:1014A0000090D00300440258E800002000140140DE
:1014B000E000002000080258664B1B682DE9F04749
:1014C000002B00F09580644F3B68002B40F090802B
:1014D0000123624C624E3B6003F0A6FB614A054665
:1014E000D6F800C013681060C31AA26DDFF87881C7
:1014F0009A425E4A116838BFA3655D4B8C451868F7
:1015000003D1D8F8001081421DD0EFF3108C72B6D1
:101510005849D2F80090584AD3F800A00B681068D8
:10152000096811608CF3108831681B1A52464B48C9
:10153000C3F30A03A9EB01011944FFF7FAFBC6F84C
:101540000090C8F800A04FF480784B4EDFF824A13B
:10155000DFF828913268DAF800309A4213D0336805
:10156000BFF35F8F09EBC30159F833200979BFF34B
:101570005F8F01333948C3F30A033360FFF77EFC02
:10158000B8F10108E6D1DFF8F88029463348FFF7C3
:10159000EDFBD8F80030002B2CD03A4A3A493B4EAC
:1015A0001368072B19DCC869000611D4384B1B6877
:1015B000EB1AC82B1AD9082313600023C8F800308F
:1015C000E36C0133E364A36843F48063A3600DE03C
:1015D000581CF35C10608B62E2E7082BE6D12A4BC3
:1015E000DB695906E2D50023C8F8003000233B60D0
:1015F000BDE8F087244BDB695A06F7D5DFF89490F5
:10160000D9F80030EB1AB3F57A7FEFD3E368DB0744
:101610001DD5214B1E6842F20F73AE1B9E4294BF34
:101620000026012631461948FFF702FE0EB11A4B7B
:101630001D60174B0022C9F800501D60114B1A6045
:101640000123C8F80030A36C0133A364CEE7012660
:10165000E8E700BFDC000020D80000207401002073
:101660005C0500205405002058050020640500207A
:10167000600500206C050020680500207005002032
:10168000D40000200000002000140140CC00002005
:1016900048050020500500204C05002010B50446E8
:1016A00003F0C2FA01460548FFF760FB4FF48E7263
:1016B000024920460AF01CFE10BD00BF7401002044
:1016C000F8B50368044616460D46D3E90002904774
:1016D0002368074631469A68186890472368D3E91B
:1016E00000029047C01BB04206D26B680BB10020CD
:1016F000F8BD0B236B60FAE70120F9E74B6810B5E2
:101700000C4623B101229A408368134383608368A7
:1017100063620368D3E9000290476368A061002B0D
:101720000CBF02230323236010BD2DE9F0438BB0CF
:10173000174681460F220C4602A800219846DDE993
:1017400012560AF052FD0F2247EAC617002106A8DA
:101750000AF04BFD8DF808702EB92A4641460DF16E
:1017600009000AF0C5FDD9F8000004F10C0306AA2F
:1017700002A900936B1C07690068B84707462EB1A1
:101780002A460DF1190140460AF0B2FD3FB16368E7
:101790000BB90323636000200BB0BDE8F083012088
:1017A000FAE713B50124CDE90044FFF7BEFF02B00C
:1017B00010BDF7B506460C460A2500270DF10703B4
:1017C0007F22214630468DF80770FFF7EAFF70B19F
:1017D0009DF80730DB070AD4012221463046FFF787
:1017E0006FFF20B1013DE9D1636813B1002003B060
:1017F000F0BD06236360F9E77FB552BA04460D4693
:101800001E46ADF80C20FFF7D4FF10B9002004B03D
:1018100070BD0223002229462046CDE9003203ABE9
:101820007C22FFF782FF0028F0D0012229462046C3
:10183000FFF746FF0028E9D029462046FFF7B9FF09
:101840000028E3D033467E2229462046FFF7A9FF31
:101850000028DBD0012229462046FFF731FF00286F
:10186000D4D029462046FFF7A4FFD0E72DE9FF4159
:1018700000271D460DF10A0306460C4690468DF8DA
:101880000A708DF80B70FFF7B7FFB8B39DF80A30F8
:101890002146304623EA05039DF828501D4398FA57
:1018A00098F3EDB2ADF80C308DF80E50FFF781FFD4
:1018B00020B303237C2221463046009303AB0197DB
:1018C000FFF733FFD0B1012221463046FFF7F8FE83
:1018D000A0B121463046FFF76CFF78B10DF10B0344
:1018E000424621463046FFF787FF38B19DF80B305E
:1018F000AB4204D063680BB907236360002004B0D7
:10190000BDE8F0811FB54FF0000C8DF80F300123BA
:10191000CDE9003C0DF10F03FFF707FF05B000BD57
:1019200070B5002386B0722205468DF80D300C4646
:10193000ADF810308DF80E308DF80F30ADF8143052
:101940008DF816300DF10D03FFF72BFF48B19DF810
:101950000D30E92B84F8233006D063680BB90423DB
:101960006360002006B070BD022301261B222146C1
:101970002846CDE9003604ABFFF7D7FE0028F0D0AB
:101980000DF10E03102221462846FFF70AFF00281A
:10199000E7D00DF10F034AF2672221462846FFF7F0
:1019A0002BFF0028DDD00323162221462846009372
:1019B00005AB0196FFF7B9FE0028D2D09DF80E10B6
:1019C0009DF811500B049DF810609DF80F2043EA1C
:1019D00005230A2E43EA060343EA0263E36110D1BA
:1019E0000A2D0ED10F290CD193070AD59DF814307A
:1019F000042B06D19DF815301BB99DF81630012B2C
:101A000004D06368002BACD10723A9E7236A43F411
:101A100000332362A6E700002DE9F0430546144693
:101A200085B00E46142200212F4604300AF0DDFB5B
:101A30003C22002120460AF0D8FB47F80C6B4FF0FF
:101A40000108D6E900039847224620613946F36829
:101A500042F80C8B306898470023EA688DF808300C
:101A6000A2638DF809308DF80A308DF80B3088B1FB
:101A70006368404518BF022003B96060636821466F
:101A8000E26828466B602A61A360FFF737FE05B065
:101A9000BDE8F0837E4B9A4205D06368002BEDD100
:101AA000C4F80480EAE702AB722221462846FFF719
:101AB00078FE0028E2D09DF808301A06E92B226251
:101AC00005D06368002BD9D104236360D6E70DF1FC
:101AD00009032D2221462846FFF763FE0028CDD0BA
:101AE0000DF10A03322221462846FFF75AFE00284C
:101AF000C4D002237F2221462846FFF703FF002897
:101B0000BCD0022221462846FFF7DAFD0028B5D0D6
:101B10009DF80A30322221462846FFF7F3FE0028BE
:101B2000ACD09DF809302D2221462846FFF7EAFE69
:101B30000028A3D00DF10B037F2221462846FFF792
:101B400030FE00289AD09DF80B7017F0020704D0E1
:101B50006368002B92D10523B7E70DF10B0319221F
:101B600021462846FFF71DFE002887D09DF90B303F
:101B7000002BEDDA3B46162221462846FFF7C2FE2F
:101B800000283FF47BAF3B46172221462846FFF74B
:101B9000B9FE00283FF472AF0123182221462846DF
:101BA000FFF7B0FE00283FF469AF02234AF2672234
:101BB0002146284600933B46FFF758FE00283FF495
:101BC0005DAF344B0DF10C084AF23A064AF23E0979
:101BD00003930097324698F8003021462846FFF7D5
:101BE00045FE00283FF44AAF013608F10108B6B2BD
:101BF0004E45EED10DF10B03324621462846FFF744
:101C0000FBFD00283FF43AAF9DF80B309B0705D44D
:101C10006368002B7FF432AF072356E70A231B22A9
:101C200021462846FFF76EFE00283FF427AF0A231F
:101C30001C2221462846FFF765FE00283FF41EAF10
:101C40000423162221462846FFF75CFE00283FF4B5
:101C500015AF0F23102221462846FFF753FE002818
:101C60003FF40CAF642221462846FFF729FD0028E7
:101C70003FF404AF21462846FFF752FE00283FF408
:101C8000FDAE01236B61236A43F480232362F5E6F2
:101C900040420F00489224497FB50C460546382241
:101CA0000021201D0AF0A1FA01232360EB68A36341
:101CB0002B68D3E9000290476E6800232061A6607C
:101CC0008DF80F300EB96B696BB92B69002EE3608C
:101CD00008BF0226636803B9666021462846FFF7FD
:101CE0000DFD04B070BD236A2146284643F48023CD
:101CF0002362FFF715FE0028EFD00DF10F03192224
:101D000021462846FFF74DFD0028E6D09DF80F201C
:101D1000236A110643EA0203236205D56368002B98
:101D2000DBD105236360D8E7012221462846FFF76F
:101D3000C7FC0028D1D00DF10F03192221462846F7
:101D4000FFF72FFD0028C8D09DF80F301A0684F841
:101D50002030E3D45B0714D40136642EE4D16368E9
:101D6000002BBAD10823DDE72B68D3E900029047A6
:101D70002369C01A0528B0D96368002BADD10A23A6
:101D8000D0E72B68D3E9000290470E23012220619F
:101D900021462846CDE9003204F128030022FFF74E
:101DA000C4FC002899D02B68D3E900029047236A2D
:101DB0006061192243F480332146284623620DF1E5
:101DC0000F03FFF7EEFC002887D09DF80F30226A42
:101DD000180642EA03222262A0D45907C4D56368D8
:101DE000002B7FF47AAF09239CE70000F7B51D466E
:101DF000023B1746089C00220D2B0E46226004D998
:101E0000174B2360012003B0F0BD8021154804F07A
:101E1000A5FA0A2331463A460093ABB2124806F0BF
:101E20004DFF0646104807F0F3F8012240EA066528
:101E300080210C4804F092FA80210A48256004F0C1
:101E40007BFA01281FBF236843F0804343F001035E
:101E50002360002ED6D12068801B18BF0120D2E756
:101E60000400004000040258884500202DE9F0419C
:101E700000265A4CB8B00F460E6015461660314623
:101E8000D4F8E030142203A84FF0800843F0020396
:101E9000C4F8E030D4F8E03003F002030193019B72
:101EA0000AF0A3F9012280214D4804F057FA0123DA
:101EB00003A94B48CDE90383CDE9056604F0ACF8EE
:101EC0004146474804F038FA012802D0454B2B60C0
:101ED0005CE03146B8220AA80AF087F9424A00239A
:101EE00008A8CDE908234FF48043209305F0E8FBD0
:101EF000064628B106062E60012038B0BDE8F08104
:101F00004FF48050002106F0DFFB384B984202D09E
:101F1000374B2B60F0E7D4F8F03031464246354875
:101F200043F48053C4F8F030D4F8F03003F4805315
:101F30000293029BD4F8983043F48053C4F898304D
:101F4000D4F8983023F48053C4F898300AF04DF94F
:101F5000294C284B4FF08060284A43F8084C4FF436
:101F6000800353600723D3604FF0A043C2E9060308
:101F70004FF000431046536506F064FD064638B145
:101F80001E4807F045F840EA066028600220B4E7E2
:101F9000A3681B4A23F00F4323F47F0323F47F43FA
:101FA00023F0E003934203D1E46814F0607401D09D
:101FB000144B8CE722462821094804F0CFF9382237
:101FC0000223074803A9CDE903230523CDE90643EE
:101FD00004F022F80C4B20463B608EE70044025888
:101FE0000004025801000040001000800090D0035F
:101FF000020000409045002000300140884500204C
:10200000070000500300004040420F00084602F065
:10201000B5B902F009BE0000024602490248FFF7C6
:10202000FBBC00BFDCCD0008704500200146014824
:10203000FFF732BE7045002030B5E7B0104C1FA846
:102040006D46FFF72BFB1FA94FF48E7204F5387015
:102050000AF04EF907A801F067FF07A9602204F50E
:1020600020700AF045F9684600F0BCFF04F51974C9
:102070000FCD0FC495E8070084E8070067B030BDB6
:102080001446002038B5164D0024FFF7D5FF02F0A6
:10209000CBFD4FF47F7168612846EC60FEF752FC7F
:1020A000104A11491368C5F8FC0301331360CB6073
:1020B000BFF35F8F2346032B08BF042355F823008B
:1020C00041F823000133B3F5807FF4D1BFF35F8F74
:1020D000136801331360CB60BFF34F8F38BD00BF6F
:1020E000144600201046002000000024012002F0C9
:1020F00045B9F0B587B01F4604460D461646002187
:10210000142201A80AF071F82946FAB2204604F018
:1021100025F9002301A92046CDE90156CDE9033375
:1021200003F07AFF07B0F0BD2DE9F84F0746884667
:1021300092469B46BDF82C9008269DF8305000240E
:10214000EA0959465046640004F008F9FFF7CEFF4B
:1021500001224146384604F001F9FFF7C7FF49461E
:102160000A986D0004F0E8F80022012808BF44F046
:10217000010441463846EDB204F0F0F8013EE4B205
:10218000DED12046BDE8F88F38B501224FF48071CA
:102190000E4804F0E3F802F047FD05464FF4807165
:1021A0000A4804F0C9F80128044603D1FFF79EFF4E
:1021B000204609E002F038FD401B0428EED9044B0C
:1021C00001220020C3F8BC2038BD00BF0004025823
:1021D0001446002010B501224FF40071124804F09B
:1021E000BDF8FFF7D1FF044650B14FF400710E481F
:1021F00004F0A2F8012806D00C4B0222C3F8BC2040
:102200000024204610BD00224FF40071064804F05F
:10221000A5F8FFF76BFF00224FF48071024804F02D
:102220009DF8FFF763FFECE7000402581446002016
:1022300070B504460825E2094FF400711C4804F00B
:102240008DF8FFF753FFFFF79FFF10B900242046DA
:1022500070BD00224FF480711548640004F07EF8D0
:10226000FFF744FF013DE4B2E5D101224FF40071D4
:102270000F4804F073F8FFF739FFFFF785FF0446B6
:102280000028E3D04FF40071094804F055F80646E1
:102290002A464FF48071064804F060F8FFF726FFE5
:1022A000012ED4D1034B0322C3F8BC20CEE700BFDC
:1022B000000402581446002010B500224FF480712B
:1022C000134804F04BF800224FF40071104804F05A
:1022D00045F8FFF70BFFFFF757FF044601224FF4C5
:1022E00000710B4824B904F039F80024204610BDD1
:1022F00004F034F8FFF7FAFE4FF40071044804F0DC
:102300001BF80128F2D0034B0222C3F8BC20ECE7F3
:102310000004025814460020F8B508260025074698
:102320000C4601224FF400711D4804F017F8FFF726
:10233000DDFEFFF729FF10B900242046F8BD6D002F
:102340004FF40071164803F0F7FF0022012808BF80
:1023500045F001054FF48071114803F0FFFFFFF7CE
:10236000C5FE013EE3D1E2B24FF400710C4803F028
:10237000F5FFFFF7BBFEFFF707FF04460028DBD0A1
:1023800032464FF48071064803F0E8FF01224FF413
:102390000071034803F0E2FFFFF7A8FE3D70CCE7B1
:1023A000000402580023F7B504460E4615468DF882
:1023B00005308DF806308DF80730FFF70BFF38B980
:1023C0000446FFF779FF64B90024204603B0F0BD4E
:1023D000EE20FFF72DFF0028F2D02046FFF728FF60
:1023E000EEE70028F0D00B2001F0C8FFFFF7F2FE67
:1023F00000BB0446FFF760FF002CE5D00028E3D0C7
:10240000FFF7E8FEF8B90027FFF756FF0446002F54
:10241000DAD00028D8D09DF806309DF805201B02A0
:1024200043EA02439DF807201343336002F0FCFBAC
:102430002860CAE7EE20FFF7FBFE0028D9D0002075
:10244000FFF7F6FED5E7EF20FFF7F2FE0028DAD01F
:1024500000210DF10500FFF75FFF0028D3D0002118
:102460000DF10600FFF758FF0028CCD001210DF137
:102470000700FFF751FF0746C6E70000014670223C
:10248000044808B509F034FFFFF7FCFDBDE808403B
:1024900001F07CBE1448002030B5D2B9B3F5806F8E
:1024A00017D10E4BDC68E20715D4BFF35F8F4A1ECD
:1024B000184601F2FF3110F8015B02F8015F8A4211
:1024C000F9D1BFF35F8FD868001B18BF012040000F
:1024D00030BD0120FCE70220FAE700BF0000002425
:1024E00008B502F095FBBDE8084000F059BD704703
:1024F00008B50422044B41F000411A61C3F8BC1036
:10250000FFF7C0FD00BFFDE7144600202DE9F04FA6
:102510006D4CADF5237DD4F8D06002F045FA02F0A1
:1025200049FBD4F8E03043F00203C4F8E030D4F8BB
:10253000E03003F002030993099BD4F8E03043F044
:102540000803C4F8E030D4F8E03003F008030A933D
:102550000A9BD4F8E03043F01003C4F8E030D4F81C
:10256000E03003F010030B930B9BFEF78FF9002371
:10257000012208215548FFF7BCFD002301228021DC
:102580005248FFF7B6FD0123802151481A46FFF754
:10259000B0FD012340214E481A46FFF7AAFD002353
:1025A000012208214A48FFF7A4FD0023012204214B
:1025B0004748FFF79EFD0023012220214448FFF7F2
:1025C00098FD002301224FF400614248FFF791FD7E
:1025D000002310213E481A46FFF78BFD00234FF4DD
:1025E00080513C481A46FFF784FD012304213748F7
:1025F0001A46FFF77EFD01234FF4005135481A4675
:10260000FFF777FD012311224FF480713048FFF767
:1026100070FD012311224FF400712D48FFF769FD71
:1026200000F046FC00232C4A194642F823100133DF
:10263000B3F5807FF9D1294C0823DFF8A4C004F159
:102640002005C4E900C34FF48063A36040F6FF7324
:10265000E36101232361234B03F14007186808332A
:1026600053F8041C2A46BB4203C21546F6D11E4B42
:10267000082126661B68144E63661C4B1548D3F868
:102680000028A266D3F80428E266D3F80838236746
:102690003369C4F8CC3003F04FFEC4F8C800FFF72C
:1026A000F1FC134B1A68134B9A4203D1356915F0AC
:1026B000380521D0042323610623C4F8BC30FFF77A
:1026C000E1FC00BFFDE700BF0044025800100258C3
:1026D00000040258000C0258000000241446002098
:1026E0004442334DBACB00080010005C00E0F11FFB
:1026F000080000200090D00364204FF0010801F092
:102700003DFE0223C4F8C0802361C4F87480FFF743
:10271000B9FC4422294644A809F067FD4FF48033F0
:1027200042A8CDF80881439304F0E2F93368A36727
:10273000002840F03B82336813F4003F14BF0223AB
:102740000323BE4E4FF00108636701F00BFCFFF757
:1027500099FC0223C4F87C804FF01009C4F8C03003
:10276000FFF790FC0022802130464FF0000A03F072
:10277000F5FDFFF7BBFCF2233246082130460096F8
:10278000CDE901932023FFF7CFFC20233246082117
:1027900030460096CDE9019AFFF7C6FC8346FFF765
:1027A000A5FC42468021304603F0D8FDBBF1E90F7D
:1027B000C4F880B014BF03230223E367FFF762FC71
:1027C0004A46514684A809F010FD0323C4F88480CA
:1027D000C4F8C0307723C4F88830FFF753FCFFF704
:1027E000F9FC002840F0E4810646FFF765FD16B1CC
:1027F000002840F0E78103230426C4F88430FFF763
:1028000041FC0123C4F8C0604FF00009C4F8B430A3
:10281000FFF738FC00224021884803F09FFDDFF8D5
:102820002082FFF763FC4FF480539F20314603263C
:102830004246CDF80080CDE901304FF400637F4877
:10284000FFF772FC4FF480537D4A04217B48CDF89A
:102850000890CDE900834FF40063FFF765FC013E6B
:1028600040EA0525EED1FFF741FC012240217348E3
:1028700003F074FD734BC4F8B8509D4214BF032598
:102880000225714EC4F8B450FFF7FCFB0125062366
:10289000C4F84851C4F8C030C4F85051FFF7F2FBF7
:1028A000284684A9FEF738F8782284A9674809F0F9
:1028B0001FFD0821624803F03FFDC4F8C800FFF780
:1028C000E1FB0723C4F8C05112ADC4F8C030FFF7D4
:1028D000D9FB12A8FFF7A0FB0FCD0FC60FCD0FC677
:1028E0000FCD0FC695E8070055AD86E80700FFF746
:1028F000C9FB574B1868083353F8041C2A46BB42DF
:1029000003C21546F6D1534D65AB012695E8070085
:1029100083E807000823C4E98066C4F8C030FFF7E5
:10292000B1FB68AA55A9304601F0AEF9702268A93A
:1029300005F5CC7009F0DCFCFFF7A4FBFEF7DEFC2C
:10294000FFF7A0FB032323610523C4F8C03002F086
:102950006BF905F16C03C4F8C4000793002602F07C
:1029600063F9D4F8D0307422002101330590079820
:102970000DF1300BC4F8D03009F037FC02F054F9F7
:102980000123C4F8D40030A8C4F818310DF1340A7A
:10299000C4F8DC3001F060FE309B03220DF13809F1
:1029A0000DF13C08C4F8DC3010AF319B21ADC4F808
:1029B000E030329BC4F8E430339BC4F84031349BA0
:1029C000C4F83831359BC4F8E830369BC4F8EC3095
:1029D000379BC4F8F030389BC4F8F430399BC4F806
:1029E000F8303A9BC4F8FC303B9BC4F800313C9B68
:1029F000C4F804313D9BC4F808313E9BC4F80C3147
:102A00003F9BC4F81031409BCBF80060C4F81431F0
:102A1000419BCAF80060C4F844310A23C9F8006039
:102A2000C8F800603E601196C4E94623D4F88430AB
:102A3000022B69D108492A4600230FE000040258FE
:102A4000000C02581840EF00D44700205C470020DB
:102A5000BACB00087C4600209C460020013351F888
:102A6000040F082B22F8020BF8D12846FDF7A5FF2A
:102A7000002849D02846FDF77DFFEB8903F00F03BE
:102A8000984241D1D4F8BC304A4659464820069372
:102A90000023C4F8BC30FFF785FC88B1D4F83C3182
:102AA00042465146582043F00103C4F83C31FFF739
:102AB00079FC28B1D4F83C3143F00203C4F83C312E
:102AC000D9F80030DBF80010C4F83031D8F8003005
:102AD000DAF80020C4F83431D4F8BC30C4F820113E
:102AE000C4F81C31069BC4F82421C4F8BC3058B18A
:102AF00039B132B16FF07F43994202D09A4240F02F
:102B0000D3800B23C4F81C312846724FFFF78EFA8E
:102B10000FCD0FC70FCD0FC70FCD0FC795E807001B
:102B200087E8070002F080F8A3690821C4F8D800FC
:102B300001336948A36103F0FFFBC4F8C80002F049
:102B400073F8E6606061C4F8FC61FEF7B5FCFFF75E
:102B500073FA02F069F84FF47F716061A7F5F870BD
:102B6000FDF7F0FE68AAD4F8D010C4F8FC03A7F56E
:102B7000F87001F0B1F8702268A907F1100009F0AF
:102B8000B7FBFFF77FFA8021544803F001FC02F005
:102B90004BF8059BC31AB3F57A7FBFF4E0AE059BF3
:102BA00003F57A73181A01F0E9FBD7E60323C8E5A9
:102BB000EE20FFF73DFB00283FF416AE1E20FFF786
:102BC00037FB11E60DF5047ADFF81491A0260DF518
:102BD000AA784FF0000B052001F0D0FB88F800B078
:102BE0008DF8A0B1FFF7F6FA002842D10590FFF763
:102BF00063FB059B002B3FF4FEAD00283FF4FBADCB
:102C0000FFF7E8FA00283DD10590FFF755FB059B3B
:102C1000002B3FF4F0AD00283FF4EDAD023698F8FC
:102C200000209DF8A031F6B243EA0223B02E2AF824
:102C3000023B49F8043FD1D184A8FDF79BFEBDF8C3
:102C40001E32C4F8AC0084A803F00F03C4F8B030FF
:102C5000FDF7B3FE18B1D4E92B239A4222D084A801
:102C6000FDF7ABFE00280CBF05230423C4F8BC30DD
:102C7000C1E5EE20FFF7DCFA0028B7D03046FFF7B9
:102C8000D7FAB3E7EF20FFF7D3FA0028BCD0002132
:102C90004046FFF741FB0028B6D0012168A8FFF7A6
:102CA0003BFBB1E70223A7E50DF144083B4621A811
:102CB000CDF80080FDF7EAFE3B68C4F82831119B8F
:102CC000C4F82C3108B90C231CE70223C4F81831CE
:102CD0001AE700BFD4470020000C02580010025829
:102CE0009C460020F0B5C46887690C1BBC4288BFB5
:102CF0008461052C88BF0468DDE9055684BF44F073
:102D00001004046004685EB344F002040DB144F0A2
:102D1000040413F0530604600AD044F0080505606B
:102D200045696F1C15BF013544F0480445610460D6
:102D3000D44303F0510304F053041C43130403F47D
:102D4000A6031C4383682343836026B9436853402A
:102D500013F0530F00D0016192B2C1604260F0BD28
:102D600024F0020444F02004D0E730B4C56915B162
:102D700030BCFFF7B7BF30BC7047F7B51646044606
:102D80000D461822002108301F4609F02EFAB3B272
:102D900001222946204663600023E2612260324618
:102DA000C4E9035501970093FFF79CFF03B0F0BD02
:102DB000264BD3F8E00010F0080010B542D0D3F84D
:102DC000F40010F002003DD0A3F5605343F20F323F
:102DD0001868104037D1DB68134033D11C498A682A
:102DE000D2B2332A2FD1CA6840F2033122F0F00266
:102DF0001205120D8A4226D14FF0B042D2F880104F
:102E000001F0530153291ED1516801F05301532998
:102E100019D1126802F05302022A14D10D490E4C46
:102E2000B1F90020002A0EDB500902F01F0254F80D
:102E30002000D04010F0010004D001330231042BF7
:102E4000EED1012010BD0020FCE700BF0044025875
:102E500000040058F0CD000800E100E0F7B5EFF302
:102E6000108572B64FF0B043D3F888400440C3F8E1
:102E700088400C4B1B6883B17CB101F0D5FE0A4B36
:102E800006461F69FFF794FF002301903A4631463A
:102E9000009323460548FFF768FF85F3108803B0C9
:102EA000F0BD00BF144A0020000C0258184A002050
:102EB0002DE9F04188B0EFF3108772B62D4B002456
:102EC0002D4D03A92D482C60D3F8E020DFF8B08009
:102ED00042F00802C3F8E020D3F8E02002F0080234
:102EE0000192019AD3F8F42042F00202C3F8F420D0
:102EF0005122D3F8F430079403F002030293029BAB
:102F00004FF40413CDE90544CDE9032303F084F81D
:102F10004FF4441302211948CDE9031303A903F028
:102F20007BF84FF0B0435322C3F8882038F9026B86
:102F300000220E210134304602F0F0FF304603F04B
:102F400055F8304603F02AF8042CEFD101F06CFE5E
:102F50000A4B04461E69FFF72BFF21460346324603
:102F60000848FFF70AFF01232B6087F3108808B099
:102F7000BDE8F08100440258144A0020000C0258B9
:102F8000F0CD0008184A00200120FFF767BF02209B
:102F9000FFF764BF1020FFF761BF4020FFF75EBF5F
:102FA0000D4B1B6873B5A3B1EFF3108472B601F03B
:102FB0003BFE0A4B05461E69FFF7FAFE012301900E
:102FC00032462946009300230548FFF7CEFE84F3DE
:102FD000108802B070BD00BF144A0020000C0258D7
:102FE000184A002070B5EFF3108672B6054D0446FE
:102FF0000FCD0FC495E8070084E8070086F310881A
:1030000070BD00BF184A00200B0A017043700B0C02
:10301000090E8370C1707047006870470144884290
:1030200001D10120704710F8013BFF2BF7D00020A1
:103030007047F0B589B004460025164607A80795E5
:10304000049011980390109802900F9801900E9898
:10305000009027692068B84778B1079B46EAE67672
:103060002846E3620223A6666362A36A43F0040370
:10307000A3620323236209B0F0BD0120FBE770B512
:1030800086B0002401264FF0FF3205AB05210396E0
:10309000054602932346CDE90044FFF7CAFF30B34B
:1030A0000DF115034FF0FF323521284603960094A9
:1030B000CDE901432346FFF7BCFFC0B10DF1160374
:1030C0004FF0FF321521284603960094CDE90143C5
:1030D0002346FFF7AEFF50B19DF816309DF815203E
:1030E0001B0443EA02239DF814201343AB6306B08C
:1030F00070BD0000C369012B10B5044604D1D0F89F
:103100008C300BB1036F5BB10E236362A36A43F48F
:103110008043A3624FF0FF33A3660323236201E0E1
:10312000436A0BB1002010BDFFF7A9FF0028F9D0BA
:10313000A36B48F20302134205D005236362A36A1E
:1031400043F02003E5E7084A134205D006236362F3
:10315000A36A43F04003DCE79905E4D407236362E4
:10316000A36A43F08003D4E71C40040030B5044652
:1031700085B01D4662B1013BB3F5805F08D2B1F165
:10318000807F05D8C1F18073AB4201D3036F5BB17F
:1031900008230020A1666362A36A43F48073A362DC
:1031A0000323236205B030BDCDE90225CDE900330C
:1031B0000A460321FFF73DFFF4E700002DE9F04F39
:1031C0000446C9B00D4617462AB111F0FF0802D1D6
:1031D000654B99420ED908236362A36A43F4807356
:1031E000A3620323A56623624FF00008404649B05E
:1031F000BDE8F08FFFF77EFF0028F5D008AE4FF452
:103200008073294620463246FFF7B0FF0028EBD0F6
:103210004FF480713046FFF701FF28B9092363623C
:10322000A36A43F40073DBE743464FF0FF32062105
:103230002046CDE90288CDE90088FFF7FAFE002894
:10324000D2D02046FFF71BFF0028CDD0A16B01F0A4
:103250000301022905D00A236362A36A43F4806351
:10326000BEE74FF480732A462046CDE90283CDE9BC
:1032700000874346FFF7DDFE0028B5D04FF00C086D
:103280000DF11F094FF0000AD4E90003984705909B
:103290004FF0010B89F800A000234FF0FF32052109
:1032A0002046CDE9029BCDE900AAFFF7C2FE002827
:1032B0009AD099F80030DA070DD5D4E90003984781
:1032C000059BC01A092806D8A36859462068984764
:1032D000B8F10108DCD12046FFF7D1FE002883D0E9
:1032E000A36B48F20102134205D00B236362A36A69
:1032F00043F4006374E79B07ADD44FF48073324608
:1033000029462046FFF732FF00283FF46DAF4FF407
:1033100080723146384608F03FFF28B10C236362C3
:10332000A36A43F480535BE701234FF48079019053
:103330002A4600936B2108232046CDE90269FFF756
:1033400078FE804600283FF44FAF4A463146384663
:1033500008F022FF0028E1D1636F01336367D4E9ED
:1033600000039847E06641E700FFFF002DE9F84FB2
:10337000DDE90C658B469246FF214FF480720446CE
:103380009946DDE90A8708F030FFDC2D39D806B907
:10339000BDBB1D492046FFF737FE0121201DFFF769
:1033A00033FE594604F10800FFF72EFE514604F1A2
:1033B0000C00FFF729FE494604F11000FFF724FE38
:1033C000414604F11400FFF71FFE394604F11800CE
:1033D000FFF71AFE294604F11C00FFF715FE2DB178
:1033E0002A46314604F1200008F082FFFC212046E5
:1033F000FDF7A8FA014604F1FC00BDE8F84FFFF71D
:1034000003BEBDE8F88F00BF4D334C47F8B53B4BCA
:103410000546FFF701FE984242D1281DFFF7FCFD4B
:1034200001283DD105F10C00FFF7F6FD8842044666
:1034300036D105F11C073846FFF7EEFDDC282FD802
:1034400005F1FC00FC21FFF7E7FD06462846FDF7E5
:1034500079FA864224D105F11000FFF7DDFDB0F5C1
:10346000805F1DD2B0EB143F1AD805F10800FFF7BA
:10347000D3FD034605F11800FFF7CEFD064638469A
:10348000FFF7CAFD012B01460CD1C4F30B043443F2
:1034900006D1542804D105F11400FFF7BDFD20B377
:1034A0000020F8BD9A1E012AFAD8022BC4F3032487
:1034B00007BF0322482305229023002CF0D0013CB3
:1034C000B4FBF2F002FB1044B442E9D1032A0CBF72
:1034D00002220422B24218BFDC238B42E0D105F164
:1034E0001400FFF799FD0028DAD001F12000C1F1A6
:1034F000DC012844BDE8F840FFF790BD4D334C4750
:103500002DE9F04F0D460446914600212F4641F229
:10351000E8028BB098464FF0010B08F066FE264695
:10352000D9450FCF0FC697E807004FF0FF3786E861
:103530000700C4F81C90C4F820B0A76607D90F2272
:103540004FF40043C4E909230323236252E04C22D1
:10355000414604F1940008F0CBFE002307AA04F1D1
:10356000300107932868EB68984748B1079BC4F877
:1035700024B0E362A36A43F00203A362A766E3E711
:1035800028680621AB6898472046FFF778FD88B386
:1035900048F20106A36B1E4005D005236362A36AAF
:1035A00043F02003E9E74FF0030A0DF1200833460A
:1035B0003A469F212046CDF80CA00096CDE901683F
:1035C000FFF737FDB0B19DF821309DF820201B0298
:1035D00043EA02439DF822201343634A9342636304
:1035E0000BD0A36AC4F824A043F00803A362A76623
:1035F000C4F820A00BB0BDE8F08F082332465A2152
:103600002046CDE90283CDE90066FFF712FD0028D0
:10361000F0D004225549404608F0BEFD034628B1CB
:1036200004236362A36A43F01003DFE708224B21FF
:10363000CDE90282CDE900003A462046FFF7F9FCC9
:103640000028D7D0434603CBC4F8E0004046C4F876
:10365000E410FFF7E1FCE06309A8FFF7DDFCB9F136
:10366000010F2064C4F88CB03DD0002604F1E803BB
:10367000B24604934FF48053049A31462046FFF734
:1036800075FD0028B6D04FF4805104980AF1010767
:10369000FFF7C4FC00B9A764DDF810B04FF00008D4
:1036A00005964FF480715846FFF7B8FC08B3A16F38
:1036B0000131A167059B08F101080BF5807B03F53B
:1036C0008073B8F1100F0593EBD1AB69676403B356
:1036D0001AF01F0F1DD104F11C012868984706F548
:1036E0008056BA46C6E72046FFF704FD0028BCD145
:1036F00080E705995846FFF789FE18B9216D013119
:103700002165D7E7B8F1000FD4D1E16C0131E16454
:10371000D0E7B7F5805FE2D1A36CC4E91533B9F106
:10372000000F14D16B6907A92868984758B1079B07
:10373000E36202236362A36A43F00403A3624FF0CF
:10374000FF33A36600E7012323670223FDE6B3F5F9
:10375000805FFAD10D236362A36A43F40053A3622E
:103760004FF08073EDE700BF1840EF00FBCB00087F
:103770002DE9FF47D0F81C9004468A461746B9F158
:10378000010F40F09280036A022B03D0636E013375
:1037900063668AE012B1036E93420BD30F23636218
:1037A000A36A43F40043A3624FF0FF33A3660323ED
:1037B0002362EBE7D0F89060002E3ED1456DB5F561
:1037C000805F08D30D234362836A43F4005383620E
:1037D0004FF08073EAE72D034FF4805300F1E802C5
:1037E0002946FFF7C3FC0028D0D04FF4805104F1E4
:1037F000E800FFF713FC38B90923A5666362A36AE2
:1038000043F40073A362D2E754232A46494604F1E5
:10381000E800039304F194030096CDE90163A36DDE
:10382000FFF7A4FD04F1E80229462046FFF7C6FC95
:103830000028ABD0C4F89090E66700264FF0DC0972
:10384000E56F042E636D4FF0030105EB850504F170
:10385000E800009705EB03150CBF9023DC2301352E
:103860000393354409FB06A32A02CDE90163A36D46
:10387000FFF77CFD04F1E80229022046FFF79EFCD9
:10388000002883D00136052EDAD1E36D0133C4E977
:103890001737E36F0133032BE36706D1636D013301
:1038A00063650023C4F89030E36704B0BDE8F08797
:1038B000014B01200B607047040000400846FEF7F2
:1038C000DDBD00002DE9F04F9DB09A4600230D4666
:1038D0002A9F1446DDE92889DDE926B63B60B8F168
:1038E000000F4CD056BB01F0EF03052B01D035295A
:1038F00008D1611C22D15BEA0A031FD1B9F1010F83
:103900001CD147E09F2907D1621C17D15BEA0A034B
:1039100014D1B9F1030FF3E74B2907D1531C0DD193
:103920005BEA0A030AD1B9F1080FE9E75A290BD17A
:1039300052EA0B0302D1BAF1080FF4D05C4B3B60A2
:1039400001201DB0BDE8F08F032901D06B29F5D10E
:10395000002CF3DB09F1FF33B3F5805FEED2C9F140
:103960008073A342EAD3EB1E18BF0123BAEBC30F47
:10397000E4D1A5F16B00434243415B45C0E7062912
:103980006ED1511CDAD14BEA0A0353EA0903D5D1AF
:10399000002ED3D13022002110A808F026FC4B2D98
:1039A0006FEA040224EAE47414BF00234FF4804356
:1039B0004FEAD2720CBF4FF4403018469202B9F170
:1039C000000F61D0BBF1000F0CBF4FF080714FF0C2
:1039D0004071CDF84CA0CDF86090CDE90E544FF475
:1039E00000540EADCDE911404FF480706C46CDE926
:1039F0001402CDE916310FCD0FC40FCD0FC40FCD7A
:103A00000FC495E80300142284E80300694629489E
:103A100002F096FE044620B9B8F1000F36D1002E10
:103A20003DD1244803F014F840EA046038600CB932
:103A300000283AD0142200210EA808F0D6FB01225B
:103A400040211D4802F08AFC402201230EA91A4899
:103A5000CDE90E230023CDE9103302F0DDFA6FE744
:103A600002297FF46BAF002E3FF468AF134A4BEA94
:103A70000A03224013437FF461AF114B9C423FF68F
:103A80005DAFB9F5807F3BE74946A2E71422414686
:103A9000084802F07BFF0028C1D00446C1E7142289
:103AA0003146044802F014FFF7E7204649E700BF1B
:103AB00003000040245B002000040258FF00008047
:103AC00000FFFF002DE9F043614C0025BBB0164616
:103AD0000D60884615601422D4F8E03029460DEBBD
:103AE0000200402743F00203C4F8E030D4F8E0308D
:103AF00003F002030193019BD4F8E03043F0080384
:103B0000C4F8E030D4F8E03003F008030293029BDD
:103B1000D4F8E03043F01003C4F8E030D4F8E030DB
:103B200003F010030393039B08F05FFB0122402185
:103B3000484802F013FC012305A94648CDE9057366
:103B4000CDE9075502F068FA3946424802F0F4FB25
:103B50000128814602D0404B336012E02946B8224A
:103B60000CA808F042FB4FF0024200230AA8CDE95E
:103B70000A2330231D9303F0A3FD054628B1050653
:103B8000356001203BB0BDE8F0834FF000700021AC
:103B900004F09AFD314B984201D0314BDCE7D4F868
:103BA000D43029463A462F4843F480430425C4F8CC
:103BB000D430D4F8D43003F480430493049BE36FEF
:103BC00043F48043E367E36F23F48043E36708F043
:103BD0000CFB244A244B1721A2F10C0042F80C3CA8
:103BE000072342E902354FF44073C2E9011302F0A2
:103BF00001FD044630B11D4802F02AFF40EA04608E
:103C00003060BEE71421194802F070FF022305A9B5
:103C1000104806930923CDF820900993059502F0EA
:103C2000FBF905A9124802F0F7F94FF4605305A912
:103C30001048059302F0F0F90A23064805A90597F4
:103C4000099302F0E9F90C4B2046C8F8003099E7D7
:103C50000044025800040258010000400090D003C4
:103C600002000040305B002000500052245B002026
:103C700000100258000C025800127A00084600F0AA
:103C80007DBB00F0D1BF0000F0B50F4D89B08C4670
:103C90000746164601AC0FCD0FC495E80700012377
:103CA00084E80700094C3A4601A9094823606346A5
:103CB000FFF726FC70220749304608F019FB002365
:103CC000236009B0F0BD00BFF8CD0008384A0020DD
:103CD0003C4A0020584A002038B501231546074CBD
:103CE0000A46014606482360FFF742FD7022054957
:103CF000284608F0FDFA0023236038BD384A00202A
:103D00003C4A0020584A00202DE9F84F07468A46D1
:103D1000904689B3531EB3F5806F2DD2B0F1807FEA
:103D20002AD8C0F18073934226D3234ED6F8009050
:103D3000B9F1000F3ED1214C0120D4F820B0BBF1E5
:103D4000020F1AD1D4F88C30BBB1256F3060BDB1F1
:103D50001B4802F07FFE90B1A36A194843F00403A8
:103D6000C4F824B0A3620323236202F071FEC4F8F6
:103D70007090E062C6F800900220BDE8F88F2067DE
:103D80004346524639460D48FFF7F0F908B930600E
:103D9000F2E765B102236362A36A43F00403A362FE
:103DA00003232362074BE36200233360E4E72846E2
:103DB0003560E2E70120E0E7384A00203C4A002075
:103DC000245B002004000040004870475FCE0008DC
:103DD0000028024818BF0020704700BF14CE00081A
:103DE00070B52A4D8AB0064605AC0FCD0FC42B68BE
:103DF000236066B9264B40F209425A800123013301
:103E000023485B0043F4407303800AB070BD032E67
:103E100027D1204B6A4603F110051868083353F880
:103E2000041C1446AB4203C42246F6D11B78184941
:103E3000194A1A48237013780AAC04EB131313F8C9
:103E4000283C4B8012F8013B03F00F03824203F140
:103E500028036B4413F8283C21F8043FEBD11823C6
:103E6000CDE7042E0FD80AAB094903EB86060023E1
:103E700056F8140CC25C002AC1D0272BBFD00133E6
:103E800021F8022FF6E70020BFE700BF74CE00083C
:103E9000705B002000CC000800E8F11F0CE8F11F67
:103EA00010461A4608B5FFF72FFF18B1012814BFB6
:103EB0000320022008BD00000B4A0C4B1168196456
:103EC000916A5964116C9964526DDA64084A1269F6
:103ED0001A65084A12682AB1074A926B5A65074A5E
:103EE00052689A65704700BF004402583C60002049
:103EF000000C0258D45B0020000008400008084075
:103F000008B5FFF7D9FF044B062258601A6000225B
:103F10009A60024B1A6008BD3C600020D45B002010
:103F20000121002005F058BD08B50C4B0C49D3F811
:103F300050248A62D3F85424CA62D3F858240A63FE
:103F4000D3F85C24D3F860344A638B63FFF7B4FF83
:103F50006022034908F0CCF908BD00BFD85B0020FF
:103F60003C6000202DE9F04F5C4B0025B9B05C4E61
:103F70001D604FF001085B4B5C225B4F29461D60C2
:103F800030465A4B5A4C1D603D6008F02EF9594B93
:103F90002946594A594846F8048C00F00BFAD4F8DF
:103FA000E0301022294643EA08030DEB0200C4F872
:103FB000E030D4F8E03003EA08030093009BD4F823
:103FC000E03043F00803C4F8E030D4F8E03003F008
:103FD00008030193019B08F008F94FF40043484897
:103FE00003A9039302F018F82368980305D4404608
:103FF000FFF786FF39B0BDE8F08F216811F0A851B6
:1040000001D00220F4E7A36AB8220AA8022523F00F
:1040100003034FF4802A4FF0000B43F00203A36226
:1040200008F0E3F84FF40013192108A82A93C023DD
:104030001695CDE912130423CDE914534FF4007300
:10404000CDE908AB189303F03BFB814608B1032090
:10405000CEE75046594604F037FB2A4BB0609842F1
:1040600004D1294B1A68294B9A4201D00420BFE79A
:104070004FF4C05303A92648CDE903350A23CDE9FF
:104080000595079301F0C8FF02F0CEF9D4F8D830B7
:104090004A46062143F000636520C4F8D830D4F8BE
:1040A000D83003F000630293029BD4F8803043F0D1
:1040B0000063C4F88030D4F8803023F00063C4F883
:1040C000803001F02BFFC7F80080C6F8048046F866
:1040D000045C00F0A9FD0F4B18608BE7C05B00206B
:1040E00040600020CC5B0020D45B0020D05B00202F
:1040F00000440258A13E000899240008D85B002023
:10410000000C0258006CDC02080000200090D00374
:1041100000000258C85B0020034B9A6901329A6183
:1041200004221A60704700BF3C600020024B03224B
:1041300002481A6000F04CB93C600020D85B0020B7
:10414000034BDA690132DA6105221A60704700BF59
:104150003C60002008B505F0E1FF024B0330186019
:1041600008BD00BF3C60002010B50C4658B951B9DD
:10417000054800F02DF9204606F050FE2046BDE827
:10418000104006F06BBE10BDD85B00202DE9F34750
:10419000FDF792F96E4B1B68002B00F0A8806D4D67
:1041A0002C68002C40F0A38001236B4F2B6000F0A3
:1041B0003BFD6A4A064613681060694A1168694AFD
:1041C0008A430ED03B682BB105F0B8FF204606F0BD
:1041D00031F83C60644800F0FBF80620FFF790FEE1
:1041E00083E0624CC31A4FF400416148E26B934292
:1041F00088BFE36302F0A0F801288146D7F8008069
:104200005DD14FF0030AC4F808A0B8F1000F71D0D7
:104210000021084606F0BEFA05F080FFA36843EAD5
:1042200080030020A36006F0C7FDA368314643EA7F
:10423000C0034D48A36000F0D3F805F06FFF0028DD
:1042400053D005F073FF00284FD106F0B5FD0028CC
:104250004BD04FF04008DFF81091D9F84474B7B94B
:10426000384606F0BDFD90B1012201A9384606F09E
:10427000CDFD01280BD1236A32469DF80410484633
:104280000133236200F0BEF8B8F10108E5D1002641
:1042900001A93548019600F081F9019A014622B33F
:1042A000304606F0CBFD074601462F4800F082F964
:1042B000636A30463B44636206F0C8FD15E00123A3
:1042C0000026A3602B4B1E60B8F1000F0BD005F049
:1042D00035FF304605F0AEFF6369234801333E6089
:1042E000636100F075F80223236000232B6002B0A5
:1042F000BDE8F0871F4A204B116811B910601E609D
:10430000F3E71B68F31A132BEFD9ADF8000001AAED
:1043100064214046CDF8048005F022FF48B905F03D
:1043200017FF20B105F00AFF002005F083FF0520EC
:1043300054E76946404605F01FFB0028EFD023698B
:10434000C7F800900133C4F800A0236160E700BF04
:10435000D45B0020CC5B0020D05B0020C85B002039
:104360000044025800000220D85B00203C6000207E
:10437000000C0258C05B0020C45B002038B5044626
:1043800000F052FC0546631C00D0013400F04CFCE8
:10439000401BA04200D338BDFFF7F8FE00BFF5E791
:1043A000006870470B0A017043700B0C090E837094
:1043B000C1707047F8B504460F4616461D4640F2D8
:1043C0006442002107F011FFA560C4E90076F8BD42
:1043D0000023C0F84834C0F84434C0F84034704773
:1043E000D0F840346BB1D0F84C34C91AB1F5FA7F2B
:1043F00007D90023C0F84034D0F858340133C0F84E
:10440000583470472DE9F843D0F8443404460D463B
:10441000002B40F0BD801146FFF7E2FFD0F840349A
:10442000C0F84C245A1C0344172AC0F840241D73BA
:1044300016D9042257490C3007F0AEFE98B1D4F8D3
:104440005434172204F10D0104F10C000133C4F8B7
:10445000543407F0B1FED4F84034013BC4F8403482
:104460000120BDE8F88304F120001421FFF798FF34
:10447000064604F10C00FCF765FA8642DFD104F130
:104480001400228AFFF78CFF804604F11800678A27
:10449000FFF786FF064604F11C00FFF781FFD4F802
:1044A0005034012A054603F10103C4F85C84C4F8C2
:1044B000503407D0D4F8543401200133C4F85434B4
:1044C00000251EE0012F4FD1002EF3D1B0F5806FF3
:1044D000F0D1D4F80490B9F1000FEBD02B4632465E
:1044E00004F13C012068C847032803D80128E1D023
:1044F000032849D1D4F86034002503200133C4F8DF
:104500006034254B4FF00009414684F82A001B68AF
:1045100004F12C0084F82B9004F12402636201233F
:104520002385FFF73FFF314604F13000FFF73AFFE4
:10453000294604F13400FFF735FF394604F138000D
:10454000FFF730FF05F1180110461C355618FCF72F
:10455000F9F901463046FFF725FFC4F84094C4F846
:104560004894C4F844547BE7022FA3D1431EB3F50B
:10457000806F9FD2B6F1807F9CD8C6F18073834252
:1045800098D3D4F80890A6E70028BAD0022097E77D
:10459000002066E754CC000859CC0008D0F8482425
:1045A000D0F844349B1A00F124020B60D0F8480480
:1045B00010447047D0F84424D0F8483410B5D41AC9
:1045C0008C420CD30B449A42C0F8483401D00120ED
:1045D00010BD0023C0F84434C0F84834F7E7002089
:1045E000F6E7000070B5002388B0062504240E46C7
:1045F00001900DEB04011748CDE906330723CDE9FF
:10460000025340F2FF73CDE9043400F005FCE8B931
:104610000120FFF7B3FE0F4801F0AEF8C0B9142136
:104620000C4800F041FB28B10A4801F063F9284624
:1046300008B070BD074800F0D3FB3060054801F0BA
:1046400059F9002814BF07200020F1E72046EFE7C2
:104650000520EDE7A86000202DE9F0434422044640
:104660008DB000210430DFF82C8207F0BEFD8A4BAC
:1046700003228A4FB3F8603022606361884B1E6862
:10468000002E40F09780874D4FF0010907A986481A
:10469000C3F80090D5F8E03043F00403C5F8E030EB
:1046A000D5F8E03003F004030493049BD5F8F4300C
:1046B00043F00203C5F8F430D5F8F4300B9603F05C
:1046C00002030593059B0C23CDE90966CDE907326A
:1046D00001F0A2FC4FF08061084600F0B1FA4FF003
:1046E0000061084600F0ACFA704B5B6803F0406371
:1046F000B3F1406F40F08580EB6C4FF40020002157
:1047000023F04053EB64AB6D23F4403343F40033A8
:10471000AB6503F0D9FF664B984274D1D5F8E03011
:10472000384643F08073C5F8E030D5F8E030C8F87B
:10473000009003F080730693069BD5F8883043F011
:104740008073C5F88830D5F8883023F08073C5F8B9
:1047500088304FF4E01305F5E055FE60C7F8189077
:104760003D60C7E901360423C7E908963B61C7E904
:104770000A66C7E90C6601F08FF9002845D1AA68DE
:104780004C4B134043F0004343F48033AB6000F0E4
:104790004BFA8146AB68002B07DA00F045FAA0EB34
:1047A0000900C728F6D9032602E00120FFF7E6FD3D
:1047B000414B1E60404B1B68E36063604BB963690B
:1047C00042F21072A3F59C43203B934238D9082350
:1047D000636000F029FABB6D2063A360334B5B6814
:1047E0006363D8F800304BB1344B9B68A363344B00
:1047F000DA69E263DA6822649B6863640DB0BDE83D
:10480000F0830A26D4E74E46D2E70226D0E70923F2
:10481000DEE704F12C03029304F12803019304F171
:1048200024030093D4E90723D4E90501FCF7DDF85C
:104830000028ECD06368002BCBD102232360C8E7AB
:1048400004F118011F48FFF7CDFE60600028C0D1B9
:10485000236904F11C01012043F001032361FFF7E8
:10486000C1FE60600028B4D1236904F1200116481C
:1048700043F002032361FFF7B5FE60600028A8D172
:10488000236943F004032361BB6D002BC1D00B23CC
:104890009EE700BF9C60002000E8F11FA860002098
:1048A000A460002000440258000802580004005888
:1048B0000090D003C0FFFE3FA060002000630258BC
:1048C000006002580000B8CF020030042C4A136880
:1048D00003F00F03062B05D8136823F00F0343F0F2
:1048E00007031360274B1A6842F001021A60002286
:1048F0001A61254A19680A4021491A600A68100796
:1049000005D50A6822F00F0242F007020A60002271
:104910001E499A61DA611A6299621D49D9621D497C
:1049200019635A639963DA6319645A64196821F444
:10493000802119601A66184B1B686FF30F03B3F1DF
:10494000005F03D2154B0122C3F808210D4BD3F8A9
:10495000D420D2040FD4D3F8D42043F2D20142F4AD
:104960008052C3F8D4200E4A1160D3F8D42022F428
:104970008052C3F8D4200B4B4FF000629A6070470E
:1049800000200052004402587FEDF6EA00020202C5
:104990000000FF01800201010010005C0080005156
:1049A0000040005200ED00E02DE9F041494C236940
:1049B00003F03803102B00F08B8016D8BBB14648AB
:1049C0004449464A8B69C3F30323D35CD8408B69BF
:1049D00003F00F03D35C424A03F01F0320FA03F3F2
:1049E0001360404B1860BDE8F081182B05D0236898
:1049F0003D48C3F3C103D840E2E7A56AA36AD4F8EF
:104A00002C8013F47C7FC3F30510666BD8D007F0BD
:104A10003BFDC6F3CC06074608F0010005F0030590
:104A2000704307F031FD4FF0645107F085FD012D13
:104A300006462BD0022D3BD023682B48C3F3C1037D
:104A4000256BD84007F020FD394607F029FE0446C3
:104A5000C5F3080007F018FD314607F065FC4FF07C
:104A60007E5107F061FC0146204607F065FD194BB9
:104A70000446186BC0F34620013007F005FD0146DF
:104A8000204607F00DFE07F0A7FE99E7206BC0F364
:104A9000080007F0F9FC314607F046FC4FF07E5164
:104AA00007F042FC39460446104807F0F9FDDAE702
:104AB000206BC0F3080007F0E7FC314607F034FC38
:104AC0004FF07E5107F030FC394604460848ECE7C9
:104AD000084875E70044025800093D0088CE0008E8
:104AE00004000020080000200090D0030024744A35
:104AF00020BCBE4B40787D01044BDA6842F00202D4
:104B0000DA605A689204FCD5704700BF004802582A
:104B1000DFF838D0FFF7F0FFFFF7D8FE0C480D495B
:104B20000D4A002302E0D458C4500433C4188C4208
:104B3000F9D30A4A0A4C002301E013600432A2426E
:104B4000FBD307F05BFBFDF7E1FCFEE70000022072
:104B500000000020340000201CCF0008340000209A
:104B6000E4670020FEE7704738B50F4B05461A781A
:104B70000AB9012038BD4FF47A73B3FBF2F30B4A44
:104B80001068B0FBF3F001F01DFA04460028F0D1E4
:104B90000F2DEED8024629464FF0FF3001F0BEF946
:104BA000034B20461D60E5E70C00002008000020B4
:104BB0001000002010B5032001F092F902F00EFB66
:104BC0000F49104A8B69C3F30323D35C03F01F031F
:104BD000D8408B6903F00F03D35C0B4A03F01F032B
:104BE00020FA03F31360094B18600F20FFF7BCFF96
:104BF000044618B9FFF7B7FF204610BD0124FBE7B4
:104C00000044025888CE000804000020080000205C
:104C1000034A044B11681B780B441360704700BFB4
:104C20000C6100200C000020014B1868704700BF89
:104C30000C610020014B1868000C70470010005CEC
:104C400010F0706F38B504460D4604D140F27A2159
:104C50000448FDF74DFC044B596821EA040129433F
:104C6000596038BD5ECC000800040058084B1B6832
:104C700003F04053B3F1805F03D1C06800F01C0023
:104C80007047C36803F01C031C2BF6D1102070473B
:104C90000010005C806800F0010070478068C0F37D
:104CA00080007047704700002DE9F04103680F460F
:104CB000454904468B4229D0444D454A4548AB42BC
:104CC00018BF024696688B4206F01F060AD03F4A7C
:104CD000934207D0404A934204D040F22D613F48AE
:104CE000FDF706FC2569082D23D040F22123226818
:104CF000F340D9070CD5D36813F0010F18D0636DBA
:104D0000012043F020036365BDE8F081304AD9E714
:104D10002D4B9A420AD02D4803F540732D4982420B
:104D200018BF0B469B6813F4404FE7E7284BF9E7A1
:104D30000425FFF779FF804623681A682A4225D0A8
:104D4000626D42F400726265DA6812F4406F0FD14E
:104D5000627D6AB91A6817070AD5626D22F48072FB
:104D60006265626DD00403D4626D42F00102626537
:104D7000164A934204D140F22122F240D1071BD5BA
:104D8000DA68082D1BD11D600020BDE77A1CD4D045
:104D9000FFF74AFFA0EB0800B84201D8002FCBD1A3
:104DA00023681B682B40C7D1626D032084F8503004
:104DB00042F004026265A7E7034AD268E1E75204C1
:104DC000E2D40C221A60DFE70020024000210240FA
:104DD0000023024000630258006002587FCC0008A4
:104DE00003680A4A934210B504460BD002F580725C
:104DF000934207D0064A934204D040F62B1105484F
:104E0000FDF776FB2368186C10BD00BF0020024040
:104E1000006002587FCC00080023F7B5134A05460E
:104E200001930C46036893420BD002F580729342C3
:104E300007D00F4A934204D040F60D310D48FDF7DC
:104E400057FB6368B3F58C7F18D8FF2B08D89A1FDF
:104E5000122A08D940F60E310648FDF749FB1BE03F
:104E6000A3F5807313E0044A12E000BF0020024063
:104E7000006002587FCC000840100401B3F5067FA3
:104E800000F24681B3F5007FE4D3A3F50073AB4A8B
:104E900022FA03F3DB07DDD5A368072B04D940F61C
:104EA0000F31A748FDF724FBE36840F2FF729342FD
:104EB00007D0A44A934204D04FF43161A048FDF7D3
:104EC00017FB2369042B04D940F611319C48FDF7E8
:104ED0000FFB95F838306269012B286840F0228179
:104EE000EB6B0133B2FBF3F2FFF7C0FE4FF6FF733B
:104EF0004008C3409A4204D940F615319048FDF766
:104F0000F7FA2A68904B9A420BD12369042B08D0F8
:104F100095F83830012B04D140F62A318848FDF746
:104F2000E7FAE268874B9A4200F02E812368012B52
:104F30004CD0864A934249D0854A934246D0854A0E
:104F4000934243D0844A934240D002F186621032A9
:104F500093423BD0814A934238D002F1866240327C
:104F6000934233D07E4A934230D002F1866202F5FA
:104F7000807293422AD07B4A934227D002F10422C6
:104F800002F54012934221D002F1866202F50062DE
:104F900093421BD0744A934218D0744A934215D05E
:104FA000734A934212D023F00043724A93420DD0C9
:104FB000714A93420AD0714A934207D0704A934291
:104FC00004D04FF433615E48FDF792FA95F8503003
:104FD000012B00F0D28201212B6885F85010184671
:104FE000FFF75CFE002840F0C2822268002A4FEAE8
:104FF000926008DBC2F31306002E40F06B81814003
:10500000DA690A43DA61616803F1300C1F2700F0A6
:105010001F008E0901F01F0106F00C068F4088402A
:105020005CF8062022EA0702024318464CF80620E4
:10503000FFF734FE9A6802F0080202435CD121684F
:1050400003F114070726C80DC1F3045100F0040052
:105050008E403A5822EA0602A6688E4032433A5001
:10506000484A6169126802F07042B2F1805FDA6802
:1050700040F03881C2F382025200266991402068D4
:10508000042E00F03881603300F0F84053F82620F9
:1050900002F0004202430A4343F82620637E012BBC
:1050A00004D940F68E312648FDF722FA617E2A683F
:1050B00020694F1E6032794252F82030794123F046
:1050C000004343EAC17342F82030237E012B04D908
:1050D00040F692311A48FDF70BFA227E2B68561ED5
:1050E00020691969724200F01F0021F4F0417241F9
:1050F000D20282400A431A611846FFF7CBFD00280E
:1051000000F021810020002385F8503003B0F0BD6D
:10511000B3F5407F3FF4C0AE40F2063293423FF415
:10512000BBAE97E6FFF7A2FD4FF6FF734008C34002
:105130009342BFF4E6AE40F62131DFE641100401B0
:105140007FCC00080000FF470060025802003004D6
:10515000040060080800900C1000C01040002019E6
:10516000000180210004002A002090360040C03A4F
:105170000080F03E00002143000052470000844BB5
:105180000000B84F0010005C2A68A34B9A4235D14A
:105190002368A24A93423FF419AFA14A93423FF4D5
:1051A00015AFA04A93423FF411AF9F4A93423FF498
:1051B0000DAF02F18662103293423FF407AF9B4A73
:1051C00093423FF403AF02F1042202F540129342EE
:1051D0003FF4FCAE02F1866202F5006293423FF4B6
:1051E000F5AE934A93423FF4F1AE924A93423FF4B4
:1051F000EDAE40F636319048FDF77AF92A688F4BCC
:105200009A4231D12368854A93423FF4DFAE844A03
:1052100093423FF4DBAE834A93423FF4D7AE824AD7
:1052200093423FF4D3AE02F18662103293423FF4D0
:10523000CDAE7E4A93423FF4C9AE02F1042202F59C
:10524000401293423FF4C2AE02F1866202F5006260
:1052500093423FF4BBAE774A93423FF4B7AE40F679
:105260003A317548FDF744F92A68754B9A427FF444
:10527000ADAE2368694A93423FF4A8AE684A9342B0
:105280003FF4A4AE674A93423FF4A0AE664A93420D
:105290003FF49CAE02F18662103293423FF496AE28
:1052A000624A93423FF492AE02F1042202F54012A8
:1052B00093423FF48BAE634A93423FF487AE624A17
:1052C00093423FF483AE614A93423FF47FAE4FF482
:1052D000346178E692FAA2F20AB1B2FA82F20121BE
:1052E00091408DE612F0100FDA683FF4C3AE520819
:1052F00002F00802C1E61A6E810602F0F842B2EB33
:10530000806F03D11A6E22F000421A665A6E02F0C4
:10531000F842914203D15A6E22F000425A669A6EC8
:1053200002F0F842914203D19A6E22F000429A664E
:10533000DA6E02F0F84291427FF4DEAEDA6E22F0CD
:105340000042DA66D8E62168D3F8C020E468C1F3E9
:10535000130004F0180622EA00023D48F04008401D
:105360000243C3F8C0203B4A944240F083802A4A5B
:1053700093422CD1294A914200F08F80284A9142D1
:1053800000F08D80274A914200F08B80264A91429E
:1053900000F0898002F186621032914200F085802F
:1053A000224A914202F1042202F5401257D0914262
:1053B00054D002F1866202F5006291422AD01C4A62
:1053C000914268D01B4A914273D1234A47E01B4A5D
:1053D00093426ED1114A91425FD0114A91425ED000
:1053E000104A91425DD0104A91425CD002F186622F
:1053F0001032914259D00D4A914258D002F1042204
:1054000002F54012914202F1866202F5006226D056
:105410009142D7D10B4A22E0002002400200300422
:10542000040060080800900C1000C0100004002A5E
:10543000000021430000844B7FCC00080021024083
:1054400000600258002090360040C03A0080F03ED4
:10545000FFFF0F000000FF470000B84F484A92FAD4
:10546000A2F20AB1B2FA82F2012000FA02F2D8697D
:105470000243DA610029BFF645AE424A93421AD18F
:10548000D2F808433F48FFF705FC02463E48FFF7C5
:1054900001FC10431AE03D4AE1E70122DFE73C4A04
:1054A000DDE73C4ADBE73C4AD9E73C4AD7E73C4AE0
:1054B000D5E70122DBE7344A934202D1D2F8084211
:1054C000E0E7384A38489468FFF7E4FB80F00100D1
:1054D00000F0010000284AD0344804F0E072814214
:1054E0001ED124023FF50EAE2F498B427FF40AAE47
:1054F000D1F8083323F0E07313432D4A43F400033B
:10550000C1F808332B4B1B68B3FBF2F301335B008C
:105510000193019B002B3FF4F5AD019B013BF7E7A5
:105520002548814210D1E0013FF5ECAD1E498B4288
:105530007FF4E8ADD1F8083323F0E073134343F070
:105540008073C1F80833DDE51C4881427FF4DAAD91
:1055500061023FF5D7AD14498B427FF4D3ADD1F84A
:10556000083323F0E073134343F48003E9E76B6DE2
:10557000012043F020036B65C5E50220C6E500BFAE
:10558000001060320020024000210240000052471B
:10559000400020198000501D000180210002B0252C
:1055A0000008302E0063025800600258000084CBCF
:1055B000400D030008000020000052C70000B8CFD3
:1055C00003683E4A934270B504460D460BD002F57F
:1055D0008072934207D03A4A934204D04FF45E61FE
:1055E0003848FCF785FF6B1E022B04D940F6E151C9
:1055F0003448FCF77DFF23681846FFF74FFB9A6895
:1056000002F00802024301D1002070BDDA68960161
:105610003BD5627D012A38D1227D012A35D12A4A23
:1056200019684D0625D5402201251A601846FFF756
:1056300035FB50B19A68900707D49A6822F000426F
:1056400022F03F0242F010029A60012D1FD1042582
:10565000FFF7EAFA064623689B682B42D4D0FFF78F
:10566000E3FA801B0528F6D923689B682B42F2D009
:1056700001E0013AD4D1636D012043F0100363656A
:10568000A36D43F00103A365BFE7022DCED19A6855
:1056900011070AD59A68920707D49A6822F0004247
:1056A00022F03F0242F020029A60022D03D0032D27
:1056B000CDD10C25CCE70825CAE700BF0020024069
:1056C000006002587FCC000801DC0C00026838B58D
:1056D00004461046FFF7DEFA08B1002038BD916895
:1056E000214B194209D0636D012043F0100363651B
:1056F000A36D43F00103A365F0E7936823F0004333
:1057000023F03F0343F001039360FFF78DFA236812
:10571000164A0546934221D002F58072934220D169
:10572000134B9B68D906D8D122681368DB07D4D401
:105730001046FFF7AFFA38B9936823F0004323F01F
:105740003F0343F001039360FFF76EFA401B02280A
:10575000EAD923681B68DA07E6D4C4E7044B9B68E0
:10576000E2E7044BFBE700BF3F000080002002405F
:10577000002302400063025803683E4A934270B51A
:10578000044651D13C4B9D682068FFF787FA0646D6
:1057900000286DD194F85030012B69D001232046A8
:1057A00084F85030FFF792FF00285ED1636D05F05A
:1057B0001F02324923F4706323F0010343F4807322
:1057C000636523688B423ED1002A3ED1A1F58071EA
:1057D000656D25F480156565656D15F4805502D0FD
:1057E000A56D25F00605A5651C258B421D604FF0B3
:1057F000000584F8505005D040F2212525FA02F228
:10580000D50724D5DA68920105D5626D22F440529D
:1058100042F4805262659A6822F0004222F03F0210
:1058200042F004029A6070BD144A9342AAD0144A0E
:105830009568A2F540729342A6D040F27C5111487F
:10584000FCF756FEA0E71946C2E70A49C4E7636DB4
:1058500043F480136365CB689B01E4D5636D23F447
:10586000405343F480536365DDE784F85060DAE722
:105870000220D8E70020024000230240002102401D
:10588000006302587FCC0008026838B50446104611
:105890009368FFF7FFF908B9002038BD9907FBD4DA
:1058A000936803F00D03012B19D1936823F0004393
:1058B00023F03F0343F00203936003231360FFF7D9
:1058C000B3F9054623689B68DB07E5D5FFF7ACF91C
:1058D000401B0228F6D923689B68DA07F2D5636D6E
:1058E000012043F010036365A36D43F00103A3653A
:1058F000D3E700000368194A934210B504460BD061
:1059000002F58072934207D0154A934204D040F2C8
:10591000F3511448FCF7ECFD94F85030012B1AD0E9
:1059200001230321204684F85030FFF749FE20B1BF
:105930000120002384F8503010BD2046FFF7A4FF5B
:105940000028F5D1636D23F4885323F0010343F05D
:1059500001036365EDE70220EEE700BF002002408F
:10596000006002587FCC000838B5444A05460368F9
:10597000934203D002F58072934225D1404B9B683D
:1059800013F4403F14BF01230023FBB94FF4002060
:10599000002102F099FE6B680446B3F5101F4AD04F
:1059A0003FD8B3F5E01F44D036D8B3F5801F08D0F8
:1059B0002CD8B3F5002F04D023F40022B2F5802FA9
:1059C00016D19B0C5B000FE02E4BD8E701F0B2FC28
:1059D0006B680446B3F5003F05D0B3F5403F06D0F1
:1059E000B3F5803F04D11B0CB4FBF3F400E0840852
:1059F000FFF720F941F203022B68904223D8224A94
:105A000094429A681BD942F480721AE0B3F5A01F41
:105A1000D7D0B3F5C01FD3E7B3F5001FE8D14409D1
:105A2000E6E7B3F5201F08D0B3F5301FE0D1040A34
:105A3000DEE70409DCE78409DAE7C409D8E722F4E1
:105A400080729A6038BD11496208B1EB540F03D3DC
:105A50009A6822F44072F4E70D498A4203D89A68A2
:105A600022F44072CFE70B498A429A6896BF22F42B
:105A7000407242F4407242F40072E2E700200240B9
:105A80000023024000630258002D3101105E5F00C8
:105A900020BCBE0040787D010023F7B50446019389
:105AA000002800F011820368A14A93420BD002F54E
:105AB0008072934207D09F4A934204D040F2A711CC
:105AC0009D48FCF715FD636833F440321BD023F486
:105AD0000022B2F5802F16D023F48012B2F5002FE9
:105AE00011D023F48022B2F5801F0CD0B3F5E01F53
:105AF00009D023F44023B3F5001F04D04FF4D47130
:105B00008D48FCF7F5FCA36863B1043B142B04D863
:105B10008A4A22FA03F3DD0704D440F2A911864829
:105B2000FCF7E6FCE368012B04D94FF4D5718248F9
:105B3000FCF7DEFC637D012B04D940F2AB117E48FB
:105B4000FCF7D6FCA36A33F4406304D04FF4D6715B
:105B50007948FCF7CDFC636A33F4806226D023F0E9
:105B60004002B2F5846F21D023F08002B2F5886F35
:105B70001CD023F49072B2F5906F17D023F480728A
:105B8000B2F59C6F12D023F06002B2F5A06F0DD079
:105B9000B3F5B86F0AD0B2F5C06F07D0B3F5D06FC8
:105BA00004D040F2AD116448FCF7A2FCE36A032B79
:105BB00004D94FF4D7716048FCF79AFC2369042B91
:105BC00006D0082B04D040F2AF115B48FCF790FCE4
:105BD000236B33F4805304D04FF4D8715648FCF74C
:105BE00087FC237D012B04D940F2B1115248FCF708
:105BF0007FFC94F83830012B04D94FF4D9714E480A
:105C0000FCF776FCE3682BB3A369013B0F2B04D9A7
:105C10004FF4DB714848FCF76BFC237F012B04D960
:105C200040F2B7114448FCF763FC237F012B14D1E9
:105C3000236A013B072B08D8637D012B0DD14FF45C
:105C4000E0713D48FCF754FC07E040F2BB113A48D4
:105C5000FCF74EFC237F012BEED0656D2DB920465D
:105C6000FFF720F8A56584F8505023689A689000E3
:105C700005D59A6822F0204222F03F029A609A6885
:105C8000D1003DD59A68D2004FD4626D012542F013
:105C900010026265A26D42F00102A2651846FEF78D
:105CA000FDFF626D02F01002024340F00981626D57
:105CB000184622F4817242F002026265FEF7EAFFA2
:105CC00000284AD11A4E1E49B34201D08B423FD11F
:105CD0001748FEF7DFFF02461948FEF7DBFF0243D5
:105CE000012A3AD0B34200F0DC808B4200F0D98028
:105CF000144A9368616823F47C130B4393602CE08F
:105D00009A68114922F0104222F03F0242F080527C
:105D10009A600E4A1268B2FBF1F201320192019AC6
:105D2000002AAFD0019A013AF8E70025B6E700BF94
:105D300000200240006002587FCC000811111100C1
:105D40000021024000630258400D030008000020BB
:105D50005E48FEF79FFF0128CAD141F20307FEF714
:105D600069FF637DB842A268266B4FEA4333217F07
:105D700040F29980102A40F0968043EA0143334371
:105D800043F01C02012902BF236A03F1FF3342EAF8
:105D90004342636A23B103F47873A16A0B431A4345
:105DA00023684B49D868014018461143D960FEF773
:105DB00075FF9A6802F0080202435ED1DA68217D1D
:105DC00022F4804222F0030242EA8132E16A0A436D
:105DD000DA6094F83820012A6AD1E36B013BB3F50D
:105DE000806F04D34FF430713A48FCF781FB236C89
:105DF00033F0600309D0802B07D0B3F5807F04D047
:105E000040F2C2213348FCF773FB636C33F4007338
:105E100004D040F2C3212F48FCF76AFBA36C23F4A3
:105E20008063012B04D04FF431712A48FCF760FBEA
:105E3000636A0BB1A36A33B9636C23B140F2CA2120
:105E40002448FCF755FBE26B2368511E1869D4E91E
:105E50001026324342EA0142A16C0A431E49014026
:105E60000A4342F001021A6120461A69616B22F06E
:105E700070420A431A61FFF777FDE3682268012B3D
:105E80001AD1116BA36921F00F01013B0B4313637E
:105E9000636D23F0030343F001036365284603B0F9
:105EA000F0BD0E4A25E7324342EA01421A4369E750
:105EB0001A6922F00102D6E7136B23F00F03E6E71D
:105EC000636D43F0100363650125E7E70060025846
:105ED00003C0F0FF7FCC00081EF800FC0023024046
:105EE000C31E042B10B5044603D991210948FCF7C1
:105EF000FFFA09492302CA6803F4E06322F4E0626E
:105F00001204120C134343F0BF6343F40033CB601D
:105F100010BD00BFA4CC000800ED00E00F2A70B552
:105F200005460C46164603D9A9211948FCF7E0FAA4
:105F30000F2C03D9AA211648FCF7DAFA154B4FF0BB
:105F4000FF32DB68C3F30223D91E042992BFC3F1D9
:105F5000070304230021002D02FA03F302FA01F2E1
:105F600024EA030426EA020604FA01F444EA0604D9
:105F70004FEA041406DB05F1604505F5614585F837
:105F8000004370BD05F00F05034B5C55F9E700BFFA
:105F9000A4CC000800ED00E014ED00E0002808DBD0
:105FA0000123410900F01F00044A834042F82130D8
:105FB0007047BD210248FCF79BBA00BF00E100E03A
:105FC000A4CC00080138B0F1807F0BD24FF0E02361
:105FD000054AF0215861002082F8231007229861B9
:105FE0001A6170470120704700ED00E0002809DBCE
:105FF0004309012200F01F0005496033824041F847
:106000002320704740F2BF110248FCF771BA00BF6D
:1060100000E100E0A4CC0008334B98422DE9F74F93
:1060200004460E462BD003F58063984227D003F533
:106030008063984223D003F5806398421FD003F514
:10604000806398421BD003F58063984217D003F514
:106050008063984213D003F5806398420FD003F514
:10606000806398420BD003F58063984207D003F514
:106070008063984203D0B3211C48FCF739FA336897
:106080009AB212B1B3F5803F03D3B4211748FCF79D
:106090002FFA7368B3F5041F11D01DD8B3F5881F0C
:1060A0000DD009D8032B0AD9113B012B07D9B521F3
:1060B0000E48FCF71DFA02E0B3F5901FF7D14FF040
:1060C000000B0B4FDFF82080DA46356835FA0AF30B
:1060D00010D103B0BDE8F08FB3F5441FEFD023F427
:1060E0008013B3F5081FE9E700000258CCCC000884
:1060F00000440258012303FA0AF919EA050500F0E1
:106100000081726802F00301013999421BD8F268DC
:10611000032A03D9C4218548FCF7EAF90322A168C0
:1061200002FA0BF221EA0201F26802FA0BF20A43C8
:10613000A26072686168C2F3001321EA090103FAE0
:106140000AF30B43636002F00302B368032A01D130
:10615000012B59D0022B03D9D7217448FCF7C8F979
:106160000323E26803FA0BF322EA0302B36803FA9B
:106170000BF31343E360736803F00303022B43D173
:1061800044452AD06A4B9C4227D003F580639C4249
:1061900023D003F580639C421FD003F580639C42AB
:1061A0001BD003F580639C4217D003F580639C42AB
:1061B00013D003F580639C420FD003F580639C42AB
:1061C0000BD003F580639C4207D003F580639C42AB
:1061D00003D0E4215548FCF78BF933690F2B03D921
:1061E000E5215248FCF784F94FEADA020AF0070188
:1061F0000F2304EB82028900106A8B4020EA03001F
:1062000033698B40034313620323206803FA0BF2C4
:1062100020EA0200726802EA030112F4403F01FA28
:106220000BF141EA000121606BD0D7F8F4100AEAC3
:10623000030C4FF00F0E444541F002014FEA8C0C65
:10624000C7F8F4100EFA0CFED7F8F41001F00201B2
:10625000019101992AF0030101F1B041D1F808043C
:1062600001F5806120EA0E0050D0DFF8C4E07445EB
:106270004ED00EF5806E74454CD00EF5806E744590
:1062800018D02C4B9C4247D003F580639C4245D0EC
:1062900003F580639C4243D003F580639C4241D068
:1062A00003F580639C423FD003F580639C4214BF9A
:1062B0000A23092303FA0CF30343D0028B604FF047
:1062C000B0410B6854BFAB432B430B604B6891024A
:1062D0004FF0B04154BFAB432B4390034B60D1F818
:1062E000843054BFAB432B43D203C1F88430D1F880
:1062F000803054BF23EA05051D434FF0B043C3F877
:1063000080500AF1010A0BF1020BDEE60023D1E70F
:106310000123CFE70223CDE70423CBE70523C9E719
:106320000623C7E70723C5E70823C3E7CCCC00084B
:10633000000402580010025838B504460D4621B931
:1063400040F28B110448FCF7D3F823691D4214BFB7
:106350000120002038BD00BFCCCC000870B5054638
:1063600016460C4621B940F2AB110848FCF7C0F8BC
:10637000012E06D94FF4D6710448FCF7B9F8AC6188
:1063800070BD002EFBD12404F9E700BFCCCC00087F
:1063900038B505460C4621B940F2C3110548FCF753
:1063A000A7F86B6904EA030224EA030444EA0244FE
:1063B000AC6138BDCCCC000838B50446FEF734FCDF
:1063C000054644B194F83D30022B06D08023A366E5
:1063D000002384F83C30012038BD2368DA6822F0BD
:1063E0003E02DA60DA6822F00102DA602368D868D7
:1063F00010F0010007D11F225A60012384F83C00ED
:1064000084F83D30E8E7FEF70FFC401B0528EDD986
:10641000A36E43F04003A366002384F83C300323BB
:1064200084F83D30D7E70000024AD36843F0807318
:10643000D3607047004802580346486A2DE9F0438C
:1064400030B1B2F1406F03D08C6A1D68013C2C6101
:10645000D1F81890D1E9077EB9F1000F4ED01C6831
:1064600040EA09090B684D694E6BD1E90B8CBEF10E
:10647000000F29D088684EEA090EE0610869A7B1CB
:106480003B4343EA080343EA0C0333430343C8682E
:106490000343134343EA854343EA0E03B2F1406FDB
:1064A00063610FD04B68A3610CE043EA080343EA41
:1064B0000C0333430343134343EA854343EA0E0388
:1064C0006361A761BDE8F0836FB13B43C86843EAED
:1064D000080343EA0C0333430343134343EA85436E
:1064E00043EA0903DAE743EA080343EA0C033343C8
:1064F000134343EA854343EA0903E1E7BEF1000F92
:1065000030D01D6840EA0E008B680C694E69D1F8E6
:1065100034C0EB61D1E90B98BFB147EA0403CC6802
:10652000B2F1406F43EA090343EA080343EA0C036C
:1065300043EA040343EA020343EA864343EA0003CF
:106540006B61BFD04B68AB61BCE744EA090444EA25
:10655000080444EA0C04144344EA864404436C618E
:10656000AF61AFE77FB11C6840EA0703C86A034325
:10657000086B0343486B0343C868034348691343EC
:1065800043EA80438AE700289CD0CC6A1B682043FA
:106590000C6B20434C6B204310434A6940EA824015
:1065A00058619F618EE72DE9F041069D04460F4634
:1065B0001646984623689A683A4214BF0122002280
:1065C000B24201D100200FE06A1CF4D0FEF72CFB90
:1065D000A0EB0800A84209D90423012084F8413027
:1065E000636C43F001036364BDE8F081002DE1D1E9
:1065F000F2E7704737B50446FEF716FB054614B9B7
:10660000012003B030BD22684A4B9A4204D04FF4B7
:106610009F714948FBF76CFF6368FF2B04D940F278
:106620003F114548FBF764FFA368013B1F2B04D9CA
:106630004FF4A0714048FBF75BFFE36833F01003B1
:1066400004D040F241113C48FBF752FF23691F2B55
:1066500004D94FF4A1713848FBF74AFF636933F45A
:10666000407307D0B3F5806F04D040F24311324835
:10667000FBF73EFFA369012B04D94FF4A2712E480A
:10668000FBF736FF236A402B05D0002B43D1E3698B
:1066900033F0800348D194F841302BB92046FFF7FE
:1066A000A8FF41F28833A36421682046A2680B68E2
:1066B000013A23F4F85343EA022300220B6020211D
:1066C000A36C00932B46FFF76EFF002898D1226839
:1066D000E569E36811682B43256A21F07F412B436C
:1066E000656821F0D00143EA05630B4313605568E8
:1066F000D4E905310B43216943EA01430F4929409D
:106700000B435360136843F001031360012360647B
:1067100084F8413075E740F245110748FBF7E8FE81
:10672000236A402BB3D1B6E740F249110248FBF788
:10673000DFFEB0E700500052F2CC0008FEF8E0FFA8
:106740002DE9F3470C4605469246FEF76DFAA3691C
:106750008146C3B123F40072B2F5807F08D123686B
:10676000FF2B10D940F219315848FBF7C1FE0AE05F
:10677000B3F5007FF3D040F216315448FBF7B8FE72
:10678000A369002BEBD1E36943B123F40062B2F5B6
:10679000806F5DD1E36833F4405365D1236A43B120
:1067A00023F40042B2F5804F64D1236933F44033BF
:1067B0006CD163691F2B04D94FF44A714348FBF72E
:1067C00097FE636A33F0407304D040F229313F48AA
:1067D000FBF78EFEE36A33F0004304D040F22B3126
:1067E0003A48FBF785FE236B33F0804304D04FF427
:1067F0004B713648FBF77CFE636B33F0805304D05B
:1068000040F22D313148FBF773FE95F84030012BF3
:106810005AD00123022785F8403095F84130012BEA
:106820005FFA83F84ED100224B46202128466A6445
:1068300085F84170CDF800A0FFF7B5FE064658B3C5
:106840000126002385F84030304602B0BDE8F087CD
:10685000B3F5006F9ED04FF447711C48FBF748FE1C
:10686000E369002B96D199E740F21F311748FBF7F7
:106870003FFE93E7B3F5004F97D040F22231134823
:10688000FBF736FE236A002B8FD192E740F22531C9
:106890000E48FBF72DFE8CE7024621462846FFF7FF
:1068A000CBFD636A5BB94B46424639462846CDF874
:1068B00000A0FFF778FE0028C2D12B68DF6085F8C2
:1068C0004180BEE73E46BCE70226BDE7F2CC0008A9
:1068D0002DE9F743044689461746FEF7A5F994F8D3
:1068E00040308046012B4FD00123256884F840308A
:1068F00094F84130012BDEB244D100236364B9F136
:10690000000F3AD0122384F841302B690133E3623F
:106910002B69C4F824900133A3626B6923F04063B0
:106920006B61E36AABB9434601220221204600971E
:10693000FFF739FE18B9236802220646DA60012300
:1069400084F84130002384F84030304603B0BDE87D
:10695000F08343460122042120460097FFF723FEDF
:106960000028ECD1636A1B7885F82030626A013216
:106970006262E26A013AE262D3E7636C43F00803C1
:106980006364DFE70226DDE70226DEE72DE9F74351
:10699000044689461746FEF747F925688046A969E7
:1069A00094F84030012B51D0012384F8403094F802
:1069B0004130012BDEB247D100236364B9F1000FEF
:1069C0003DD0222384F841302B690133A3632B6926
:1069D000C4F83090013363636A6922F0406242F088
:1069E00080626A61A961A36BABB9434601220221AF
:1069F00020460097FFF7D7FD18B923680222064604
:106A0000DA60012384F84130002384F840303046B6
:106A100003B0BDE8F08343460122062120460097DB
:106A2000FFF7C1FD0028ECD195F82020236B1A70E8
:106A3000236BA26B0133013A2363A263D3E7636C38
:106A400043F008036364DFE70226DDE70226DEE7A2
:106A5000406C704737B50446FEF7E6F8054694F8F3
:106A6000413099073CD5002384F8403023681868EA
:106A700010F004000BD01A68E06B22F004021A60D8
:106A8000FFF79AFC18B1636C43F004036364236856
:106A90009A68920626D51A680221204642F0020220
:106AA0001A600122A36C00932B46FFF77CFD02467F
:106AB00010B1012003B030BD236802212046D96007
:106AC0002021A36C00932B46FFF76DFD0028F0D129
:106AD0002268536923F040635361012384F84130F5
:106AE0000020E7E7012384F84130E3E78164704741
:106AF000F8B50446002800F045810368002B40F0FB
:106B000019812368D90639D5E36933F0800304D0AD
:106B100040F22B219C48FBF7EBFC236A3F2B04D966
:106B20004FF40B719848FBF7E3FC984A1369916A9C
:106B300003F03803082B07D0182B40F0DF8101F059
:106B40000303012B40F0DA811368DA0503D5E3690A
:106B5000802B40F01781FEF76DF841F20303216AA4
:106B600098428A4B00F2C3815A68202922F0F842E9
:106B70000CBF42F0804242EA81625A6023681D07DE
:106B800000F1F9812368980600F1228223685B07EF
:106B900000F15182636A022B04D94FF43D717A48A7
:106BA000FBF7A6FC616A002900F0C280774D2B69D3
:106BB00003F03803182B00F0B682022940F0A282BD
:106BC000A36A032B04D940F2FD216F48FBF790FC28
:106BD000236C6BB1043B082B05D840F2111222FA4A
:106BE00003F3D80704D440F2FE216748FBF780FC8A
:106BF000636C33F0020304D040F2FF216248FBF7DC
:106C000077FCE36A013B3E2B04D94FF440715E48A8
:106C1000FBF76EFC236B043BB3F5FE7F04D940F217
:106C200001315948FBF764FC636B013B7F2B04D9AE
:106C300040F202315448FBF75BFCA36B013B7F2B16
:106C400004D940F203315048FBF752FCE36B013B9F
:106C50007F2B04D94FF441714B48FBF749FCA36CDF
:106C6000B3F5005F04D340F205314748FBF740FC21
:106C7000464D2B6823F080732B60FDF7D5FF064649
:106C80002B68990100F13082AB6AA26A23F47C730D
:106C900023F003031343E26A43EA0213AB62636B1C
:106CA000A26B013B013A5B0212049BB202F4FE02AA
:106CB0001343226B013AC2F308021343E26B013A19
:106CC000120602F0FE4213432B63EB6A23F001032A
:106CD000EB626B6BA26C6FF3CF0343EAC2036B638F
:106CE000EB6A226C23F00C031343EB62EB6A626CD9
:106CF00023F00203254C1343EB62EB6A43F4803329
:106D0000EB62EB6A43F40033EB62EB6A43F48023FB
:106D1000EB62EB6A43F00103EB622B6843F0807394
:106D20002B60FDF781FF054623689A0140F1E3815E
:106D30000020ADE0980604D140F2A1111248FBF703
:106D4000D7FB2368D90733D5636833F4803207D083
:106D5000B3F5A02F04D04FF4D3710B48FBF7C8FB59
:106D60000A4A1369916A03F03803102B05D0182BD7
:106D70000ED101F00303022B0AD113689A0317D531
:106D80006368ABB9012083E018CD000800440258C5
:106D900063689D4DB3F5803F50D12B6843F4803339
:106DA0002B60FDF741FF984D06462B689B0369D584
:106DB00023689D077FF5A5AEE268192A03D8934B97
:106DC000D340DD0704D44FF4ED719148FBF790FBFD
:106DD00023697F2B04D940F2DB118D48FBF788FB38
:106DE0008949E2680B69886A13F0380303D0182BCD
:106DF00055D1800753D10B68590701D5002AC1D05E
:106E0000814D2B6823F0190313432B60FDF70CFF12
:106E100006462B685B073CD5FDF70CFF41F20303E8
:106E2000226998426B684DD823F47C33402A0CBF0A
:106E300043F4003343EA02336B6062E69BB92B688C
:106E400023F480332B602B6823F480232B60FDF721
:106E5000EBFE06462B689F03AAD5FDF7E5FE801BD7
:106E60006428F7D913E0B3F5A02F2B6803D143F4BE
:106E700080232B6091E723F480332B602B6823F46D
:106E800080238DE7FDF7D0FE801B64288DD9032079
:106E9000F8BDFDF7C9FE801B0228BAD9F7E75A4DA5
:106EA0002B68A2B123F0190313432B60FDF7BCFE3E
:106EB00006462B685F07AFD4FDF7B6FE801B02289D
:106EC000F7D9E4E723F0FE4343EA0263B4E723F093
:106ED00001032B60FDF7A8FE06462B6858077FF5D7
:106EE00010AEFDF7A1FE801B0228F6D9CFE7DA68C5
:106EF00022F07C5242EA0162DA603FE6E369424DE9
:106F000043B32B6843F080032B60FDF78DFE0646EC
:106F10002B68DB0511D5FDF78DFE41F20303226AD4
:106F2000984210D86B68202A23F0F8430CBF43F036
:106F3000804343EA82636B6020E6FDF775FE801BA9
:106F40000228E5D9A3E7EB6823F07C5343EA026308
:106F5000EB6013E62B6823F080032B60FDF764FEE3
:106F600006462B68DF057FF509AEFDF75DFE801B49
:106F70000228F6D98BE76369012B04D940F26D2111
:106F80002348FBF7B5FA63691F4D83B16B6F43F07C
:106F900001036B67FDF748FE06466B6F99073FF5E7
:106FA000F1ADFDF741FE801B0228F6D96FE76B6F4C
:106FB00023F001036B67FDF737FE06466B6F9A07F8
:106FC0007FF5E0ADFDF730FE801B0228F6D95EE7C5
:106FD000A369012B04D94FF426710D48FBF788FAF9
:106FE000A369094DB3B12B6843F480532B60FDF7BF
:106FF0001BFE06462B689F043FF5C8ADFDF714FE47
:10700000801B0228F6D942E700440258030202021C
:1070100018CD00082B6823F480532B60FDF704FE85
:1070200006462B6898047FF5B1ADFDF7FDFD801B8A
:107030000228F6D92BE7A368012B06D9052B04D02B
:1070400040F2C2216248FBF753FA624D2B6843F4C9
:1070500080732B60FDF7E8FD06462B68D90517D530
:10706000A3685D4D012B19D12B6F43F001032B67F2
:1070700041F28836FDF7D8FD574D07462B6F9A072A
:107080003FF588ADFDF7D0FDC01BB042F6D9FEE656
:10709000FDF7CAFD801B6428DFD9F8E6B3B92B6F72
:1070A00041F2883623F001032B672B6F23F0040392
:1070B0002B67FDF7B9FD07462B6F9B077FF56AAD80
:1070C000FDF7B2FDC01BB042F6D9E0E6052B2B6FF1
:1070D00003D143F004032B67C6E723F001032B67BA
:1070E0002B6F23F00403C2E7FDF79EFD801B0228EF
:1070F0007FF6C6ADCBE6FDF797FD401B02287FF675
:1071000013AEC4E62B6823F080732B60FDF78CFD73
:1071100004462B689B017FF50BAEFDF785FD001B38
:107120000228F6D9B3E60129AA6A2B6B3FF42AAEEE
:1071300002F00301A06A81427FF424AEC2F305127B
:10714000E16A8A427FF41EAE226BC3F30801013A62
:1071500091427FF417AE626BC3F34621013A91422C
:107160007FF410AEA26BC3F30641013A91427FF463
:1071700009AEE26BC3F30663013A93427FF402AEB9
:107180006B6BA26CC3F3CC039A423FF4D1ADB2F562
:10719000005F04D34FF45B710D48FBF7A9F90E4D66
:1071A000EB6A23F00103EB62FDF73EFD0646FDF7B7
:1071B0003BFDB042FBD06B6BA26C6FF3CF0343EA95
:1071C000C2036B63EB6A43F00103EB62B0E500BFFF
:1071D00018CD000800480258004402582DE9F0413B
:1071E0004D4C236903F03803102B00F09080182BCE
:1071F0000DD0002B40F08D802368484813F0200FFD
:1072000003D02368C3F3C103D840BDE8F081A76A67
:10721000A36AD4F82C8013F47C7FC3F30510666B4B
:10722000F3D005F031F9C6F3CC06054608F00100AD
:1072300007F00307704305F027F94FF0645105F09C
:107240007BF9012F064652D0022F40D0002F4ED19D
:1072500023689B0629D523683048C3F3C103276BF5
:10726000D84005F011F9294605F01AFA0446C7F38B
:10727000080005F009F9314605F056F84FF07E5147
:1072800005F052F80146204605F056F9224B044617
:10729000186BC0F34620013005F0F6F80146204691
:1072A00005F0FEF905F098FAAFE7206BC0F308008F
:1072B00005F0EAF8314605F037F84FF07E5105F059
:1072C00033F829460446164805F0EAF9DAE7206B58
:1072D000C0F3080005F0D8F8314605F025F84FF066
:1072E0007E5105F021F8294604460E48ECE7206B54
:1072F000C0F3080005F0C8F8314605F015F84FF066
:107300007E5105F011F8294604460748DCE7074896
:107310007BE7074879E700BF004402580090D0039C
:107320000024744C20BCBE4B0024744A40787D017C
:1073300000093D0008B5FFF751FF0B4A0B4993695F
:107340009269C3F3032302F00F02CB5C03F01F0327
:1073500020FA03F3885C064A00F01F0023FA00F0CD
:107360001060044A136008BD0044025888CE00082B
:10737000040000200800002008B5FFF7DBFF054BE4
:10738000054ADB69C3F30213D35C03F01F03D84043
:1073900008BD00BF0044025888CE000808B5FFF7BA
:1073A000C9FF054B054ADB69C3F30223D35C03F035
:1073B0001F03D84008BD00BF0044025888CE000813
:1073C000F8B5036805460E46013B3E2B04D940F64E
:1073D00072615948FBF78CF86B68043BB3F5FE7F8C
:1073E00004D940F673615448FBF782F8AB68013B5F
:1073F0007F2B04D940F674614F48FBF779F82B696D
:10740000013B7F2B04D940F675614B48FBF770F8C0
:10741000EB68013B7F2B04D940F676614648FBF7C9
:1074200067F86B6933F0C00304D040F677614248D7
:10743000FBF75EF8AB6933F0200304D040F67861C7
:107440003D48FBF755F8EB69B3F5005F04D340F610
:1074500079613948FBF74CF8384CA36A03F0030311
:10746000032B67D0236823F080632360FDF7DCFBE8
:10747000074623681A0149D4A36A2A6823F47C3397
:1074800043EA0233A362AB68EA68013B013A5B025C
:1074900012049BB202F4FE0213436A68013AC2F37B
:1074A000080213432A69013A120602F0FE4213430E
:1074B000A363E36A6A6923F0C0031343E362E36AE8
:1074C000AA6923F020031343E362E36A23F0100365
:1074D000E362E36BEA696FF3CF0343EAC203E3635A
:1074E000E36A43F01003E362E36AB6B943F40023AE
:1074F000E362124C236843F080632360FDF794FB42
:10750000054623681B010FD5002005E0FDF78CFB25
:10751000C01B0228ADD90320F8BD012E0CBF43F4D7
:10752000801343F40013E3E7FDF77EFB401B0228C2
:10753000E7D9F0E70120EFE73DCD0008004402580D
:10754000F8B5036805460E46013B3E2B04D940F6CC
:10755000DA615948FAF7CCFF6B68043BB3F5FE7F5C
:1075600004D940F6DB615448FAF7C2FFAB68013B2F
:107570007F2B04D940F6DC614F48FAF7B9FF2B693D
:10758000013B7F2B04D940F6DD614B48FAF7B0FF91
:10759000EB68013B7F2B04D940F6DE614648FAF7E1
:1075A000A7FF6B6933F4406304D040F6DF614248C3
:1075B000FAF79EFFAB6933F4007304D04FF46E61A9
:1075C0003D48FAF795FFEB69B3F5005F04D340F649
:1075D000E1613948FAF78CFF384CA36A03F00303E2
:1075E000032B67D0236823F080532360FDF71CFB37
:1075F000074623689A0049D4A36A2A6823F07C735B
:1076000043EA0253A362AB68EA68013B013A5B02BA
:1076100012049BB202F4FE0213436A68013AC2F3F9
:10762000080213432A69013A120602F0FE4213438C
:107630002364E36A6A6923F440631343E362E36A01
:10764000AA6923F400731343E362E36A23F48073AB
:10765000E362636CEA696FF3CF0343EAC2036364D6
:10766000E36A43F48073E362E36AB6B943F48003E8
:10767000E362124C236843F080532360FDF7D4FA91
:10768000054623689B000FD5002005E0FDF7CCFAE6
:10769000C01B0228ADD90320F8BD012E0CBF43F456
:1076A000000343F08073E3E7FDF7BEFA401B0228B6
:1076B000E7D9F0E70120EFE73DCD0008004402588C
:1076C0002DE9F843036805461E011ED5836EB3F508
:1076D000001F2AD00FD8D3B1B3F5801F1DD00126CB
:1076E0002B68DC054FD5AB6D042B4BD8DFE803F0DE
:1076F000223D44272700B3F5401FF0D1844AA96EEC
:10770000136D23F440130B4313650026E8E7804A0A
:10771000D36A43F40033D362F0E702210830FFF765
:107720004FFE06460028DBD1E8E702212830FFF7AC
:1077300007FFF6E7764AD36A43F40033D362344650
:107740001CBB734AA96D136D23F007030B4313652C
:107750002B68980528D5EB6D802B43D017D8A3B3A1
:10776000402B38D0012634461EE0002105F10800E8
:10777000FFF726FE0446E3E7002105F12800FFF7A6
:10778000DFFEF7E701263446E2E72646E0E7C02BB6
:1077900002D0B3F5807FE5D154BB5D4AE96D136D2E
:1077A00023F4E0730B4313652B68590531D5D5F8E5
:1077B000A830B3F5800F49D01CD8002B39D0B3F5D1
:1077C000001F3CD00126344623E0514AD36A43F4DB
:1077D0000033D362E0E7002105F10800FFF7F0FD78
:1077E0000446D9E7002105F12800FFF7A9FEF7E7D5
:1077F0002646D9E7B3F5C00F02D0B3F5000FE1D1AB
:1078000054BB434AD5F8A810936D23F460030B438F
:1078100093652B681A0530D5D5F8AC30B3F1007FED
:1078200045D01BD8B3B3B3F1807F39D0012634469D
:1078300023E0374AD36A43F40033D362E0E7002100
:1078400005F10800FFF7BCFD0446D9E7002105F16A
:107850002800FFF775FEF7E72646DAE7B3F1407F29
:1078600002D0B3F1806FE1D13CBB294AD5F8AC100E
:10787000936D23F0E0630B4393652B689B0128D540
:10788000EB6C202B3BD01AD8DBB1102B31D001266A
:1078900034461EE01E4AD36A43F40033D362E3E762
:1078A000002105F10800FFF78BFD0446DCE700210D
:1078B00005F12800FFF744FEF7E72646DDE7302B09
:1078C000E5D11CBB124AE96CD36C23F030030B43A7
:1078D000D3642B68DF042CD52B6EB3F5005F77D013
:1078E00018D8002B67D0B3F5805F6AD001263446E4
:1078F0001FE0074AD36A43F40033D362E1E7022171
:1079000005F10800FFF75CFD0446DAE72646E0E7EC
:1079100000440258B3F5405F02D0B3F5804FE5D183
:10792000002C5BD1584A296E136D23F4E0430B43BE
:1079300013652B6898040BD56B6EB3F5003F67D0C9
:107940004ED8002B54D0B3F5803F5AD00126344690
:107950002B6859040CD5D5F8B030B3F1005F78D05E
:107960005ED8002B64D0B3F1805F6BD00126344623
:107970002B681A0411D52B6FB3F1805F71D0B3F16E
:10798000005F74D0002B79D1002C7AD13E4A296F48
:10799000136D23F040530B4313652B68DB0140F15B
:1079A0008480AB6C032B00F21981DFE813F07400C4
:1079B0006F0010017400344AD36A43F40033D36279
:1079C000AEE7002105F10800FFF7FAFC0446A7E73F
:1079D000002105F12800FFF7B3FDF7E72646A8E7E9
:1079E00023F48032B2F5802F02D0B3F5403FADD101
:1079F000A4B9254A696E136D23F4E0230B43136584
:107A0000A6E7012105F10800FFF7DAFC0446EFE7DD
:107A1000012105F12800FFF793FDF7E7264697E7D8
:107A200023F08052B2F1804F02D0B3F1405F9DD17C
:107A3000ACB9154AD5F8B010936D23F0E0430B4371
:107A4000936595E7012105F10800FFF7B9FC0446AD
:107A5000EEE7012105F12800FFF772FDF7E7264662
:107A600086E7094AD36A43F40033D3628CE70121E5
:107A700005F10800FFF7A4FC044685E7012634461B
:107A80008BE7264689E700BF00440258944AD36A30
:107A900043F40033D362002C40F0A380904AA96CD9
:107AA000D36C23F003030B43D3642B685F0240F1D4
:107AB000A280D5F8B420B2F5807F4DD0B2F5007F1A
:107AC0004AD022F4A043B3F50C5F45D022F4104312
:107AD000B3F5864F40D022F44053B3F5034F3BD06B
:107AE00022F48831B1F5634F36D07E498B4233D0D2
:107AF00001F580418B422FD001F580418B422BD084
:107B000022F4043001F58041884225D001F58041FE
:107B10008B4221D001F580418B421DD001F580417F
:107B20008B4219D001F580418B4215D001F580417F
:107B30008B4211D001F580418B420DD001F580417F
:107B40008B4209D022F48052674B9A4204D040F213
:107B50007D316648FAF7CCFC654F3B6843F480738F
:107B60003B60FDF761F880463B68D8053BD5002CAB
:107B70006CD15B4BD5F8B4001A6F424012F4407FD1
:107B80000BD01A6F196F22F4407241F480311967DB
:107B9000196F21F4803119671A67B0F5807F41D0E1
:107BA000D5F8B4304E4903F44072B2F5407F49D164
:107BB0000869504A20F47C5002EA131202430A6119
:107BC000C3F30B03464A116F0B43136713E0022103
:107BD00005F10800FFF7F4FB04465CE70126344694
:107BE00063E7264661E7FDF71FF8A0EB080064286D
:107BF000BAD9032634462B68DA0708D5EB6F102B69
:107C00003CD025D853B3082B31D0012634462B68FD
:107C10009B0749D5AB6F052B5CD8DFE803F03D37F8
:107C2000553D3D3DFDF700F82D4F804641F2883926
:107C30003B6F9907B4D4FCF7F7FFA0EB0800484569
:107C4000F6D9D6E70A6922F47C52B8E72646D2E78D
:107C500023F00802202A01D0182BD6D1A4B9204A3B
:107C6000E96F536D23F038030B435365CFE70121D0
:107C700005F10800FFF7A4FB0446EFE7012105F139
:107C80002800FFF75DFCF7E72646C0E7012105F174
:107C90000800FFF795FB0446FCB9114AA96F536D24
:107CA00023F007030B4353652B685F0735D5D5F8E1
:107CB0009430052B00F2D081DFE813F024001E0081
:107CC000C801240024002400012105F12800FFF749
:107CD00037FCE0E701263446E6E72646E4E700BF46
:107CE000004402580003010000E303003DCD0008FA
:107CF00000480258CFFFFF00012105F10800FFF7FF
:107D00005FFB0446002C40F0AA81AC4AD5F89410E1
:107D1000936D23F007030B4393652B68980610D5EA
:107D2000D5F89030B3F1005F00F0B58100F2998191
:107D3000002B00F09F81B3F1805F00F0A581012648
:107D400034462B68590610D5D5F89C30B3F5006F32
:107D500000F0C38100F2A781002B00F0AD81B3F5E4
:107D6000806F00F0B381012634462B681A0610D5C7
:107D7000D5F8A030B3F5804F00F0D18100F2B58185
:107D8000002B00F0BB81B3F5005F00F0C18101263C
:107D900034462B681B0715D5D5F88430B3F5805FC2
:107DA00040F0C581022105F12800FFF7C9FB00283A
:107DB00018BF0126814AD5F88410536D23F440532F
:107DC0000B4353652B68DF0615D5D5F89830B3F50E
:107DD000807F40F0C081022105F12800FFF7B0FB51
:107DE000002818BF0126754AD5F89810936D23F422
:107DF00040730B4393652B6818031BD5D5F8A4106B
:107E0000B1F5803F00F0BB81B1F5003F07D00029FC
:107E100040F0BB8105F10800FFF7D2FA0446002CC0
:107E200040F0B681654AD5F8A410936D23F4403331
:107E30000B4393652B6859030FD5D5F88830B3F5FC
:107E4000001F00F0B681B3F5401F00F0A881B3F524
:107E5000801F00F09F81012634462B68DA0316D577
:107E60002B6D002B00F0AE81B3F5803F00F0B881A0
:107E700040F286515248FAF73BFB2B6D002B00F085
:107E8000A181B3F5803F00F0AB81012634462B6819
:107E90009B0007D5022105F12800FFF751FB0028C0
:107EA00018BF012629688F0340F1B281D5F88020E0
:107EB000B2F5807F00F0AE8100F29B81002A00F0D5
:107EC0009E810124C8020FD56B6F33F0004304D0AC
:107ED00040F2E5513A48FAF70BFB384A696F136DE7
:107EE00023F000430B4313652B68D90011D5D5F857
:107EF000B83033F4804304D040F2EF513048FAF701
:107F0000F7FA2E4AD5F8B810136923F480430B43CF
:107F100013612B689A020FD5EB6E33F0807304D097
:107F200040F2F9512648FAF7E3FA244AE96E136D54
:107F300023F080730B4313652B685B0013D5D5F8D2
:107F4000BC3033F4004304D040F20F611C48FAF710
:107F5000CFFA1A4B1A6922F400421A611A69D5F84D
:107F6000BC100A431A612B68002B12DA6B6D33F0D8
:107F7000805207D0B3F1005F04D040F2196110487D
:107F8000FAF7B6FA0D4A696DD36C23F040530B43F0
:107F9000D3642B681F0219D5D5F88C3033F48002D6
:107FA00007D0B3F5000F04D040F223610448FAF77C
:107FB0009FFA024AD5F88C10536D03E00044025832
:107FC0003DCD000823F440030B4353656B68DE0787
:107FD00006D5002105F10800FFF7F2F9074600B9C0
:107FE00027466B689C0706D5012105F10800FFF7BD
:107FF000E7F9064600B93E466B68580706D50221E8
:1080000005F10800FFF7DCF9044600B934466B6857
:10801000190706D5002105F12800FFF791FA064659
:1080200000B926466B68DA0606D5012105F128005D
:10803000FFF786FA044600B934466B689B0600F1E8
:10804000EF80201E18BF0120BDE8F883012105F153
:108050002800FFF775FA54E6012634465DE6264609
:108060005BE623F08052B2F1804F03D0B3F1405F62
:108070007FF465AEACB96F4AD5F89010536D23F01C
:10808000E0430B4353655CE6002105F10800FFF770
:1080900097F90446EEE7022105F12800FFF750FAB0
:1080A000F7E726464DE623F48062B2F5805F03D001
:1080B000B3F5406F7FF457AEACB95E4AD5F89C106B
:1080C000936D23F4E0530B4393654EE6002105F1D5
:1080D0000800FFF775F90446EEE7022105F12800D4
:1080E000FFF72EFAF7E726463FE623F40052B2F5F3
:1080F000004F03D0B3F5C04F7FF449AEACB94D4A41
:10810000D5F8A010936D23F460430B43936540E6CC
:10811000002105F10800FFF753F90446EEE70221BC
:1081200005F12800FFF70CFAF7E7264631E633F4AD
:1081300000523FF43FAEB3F5405F3FF43BAE40F238
:108140000D513D48FAF7D4F9D5F88430B3F5805F86
:108150007FF430AE26E633F400723FF444AEB3F55C
:10816000407F3FF440AE4FF4A4613348FAF7C0F9C2
:10817000D5F89830B3F5807F7FF435AE2BE6022139
:1081800005F12800FFF7DCF948E60126344651E600
:1081900026464FE6274AD36A43F40033D3627CB9BC
:1081A000244AD5F88810536D23F440130B435365CC
:1081B00053E6012105F12800FFF7C2F90446EEE776
:1081C00026464AE61B4AD36A43F40033D36274B9A5
:1081D000184A296DD36C23F480330B43D36456E6DD
:1081E000022105F10800FFF7EBF80446EFE7264609
:1081F0004DE622F48073B3F5007F7FF462AE002C6D
:108200007FF460AE0B48436D23F440731343436522
:10821000344657E60748C36A43F40033C362EEE7C7
:10822000022105F12800FFF78BF900283FF409AF80
:10823000012009E7004402583DCD000808B5FFF7CA
:1082400079F8054B054A1B6AC3F30213D35C03F0AC
:108250001F03D84008BD00BF0044025888CE000864
:108260002DE9F843574C0546A36AA26AD4F82C902E
:1082700012F47C3FC2F30530E76B00F09F8003F0FF
:108280000308C7F3CC0704F0FFF80646C9F3001053
:10829000784304F0F9F84FF0645104F04DF9B8F167
:1082A000010F07467AD0B8F1020F67D0B8F1000F7E
:1082B00074D123689B064FD523684348C3F3C10399
:1082C000D4F83880D84004F0DFF8314604F0E8F9FB
:1082D0000446C8F3080004F0D7F8394604F024F83F
:1082E0004FF07E5104F020F8364E0146204604F04F
:1082F00023F90446B06BC0F3462004F0C5F84FF0F4
:108300007E5104F011F80146204604F0C9F904F04A
:1083100063FA2860B06BC0F3064004F0B5F84FF084
:108320007E5104F001F80146204604F0B9F904F04A
:1083300053FA6860B06BC0F3066004F0A5F84FF024
:108340007E5103F0F1FF0146204604F0A9F904F044
:1083500043FAA860BDE8F883A06BC0F3080004F0FE
:1083600093F8394603F0E0FF4FF07E5103F0DCFF55
:1083700031460446154804F093F9B5E7A06BC0F305
:10838000080004F081F8394603F0CEFF4FF07E512B
:1083900003F0CAFF314604460D48ECE7A06BC0F37A
:1083A000080004F071F8394603F0BEFF4FF07E512B
:1083B00003F0BAFF314604460648DCE7C5E9000091
:1083C000C7E700BF004402580090D0030024744C5B
:1083D00020BCBE4B0024744A2DE9F843574C054697
:1083E000A36AA26AD4F82C9012F07C7FC2F30550E5
:1083F000676C00F09F8003F00308C7F3CC0704F01C
:1084000043F80646C9F30020784304F03DF84FF0E6
:10841000645104F091F8B8F1010F07467AD0B8F131
:10842000020F67D0B8F1000F74D123689B064FD5B7
:1084300023684348C3F3C103D4F84080D84004F014
:1084400023F8314604F02CF90446C8F3080004F080
:108450001BF8394603F068FF4FF07E5103F064FFCC
:10846000364E0146204604F067F80446306CC0F3EF
:10847000462004F009F84FF07E5103F055FF014605
:10848000204604F00DF904F0A7F92860306CC0F321
:10849000064003F0F9FF4FF07E5103F045FF01461F
:1084A000204604F0FDF804F097F96860306CC0F3E2
:1084B000066003F0E9FF4FF07E5103F035FF0146FF
:1084C000204604F0EDF804F087F9A860BDE8F883D1
:1084D000206CC0F3080003F0D7FF394603F024FFF7
:1084E0004FF07E5103F020FF31460446154804F05A
:1084F000D7F8B5E7206CC0F3080003F0C5FF394694
:1085000003F012FF4FF07E5103F00EFF3146044698
:108510000D48ECE7206CC0F3080003F0B5FF3946C6
:1085200003F002FF4FF07E5103F0FEFE3146044699
:108530000648DCE7C5E90000C7E700BF0044025871
:108540000090D0030024744C20BCBE4B0024744A1D
:108550002DE9F843574C0546A36AA26AD4F82C903B
:1085600012F47C7FC2F30510676B00F09F8003F06C
:108570000308C7F3CC0703F087FF064609F00100A4
:10858000784303F081FF4FF0645103F0D5FFB8F159
:10859000010F074658D0B8F1020F67D0B8F1000FAD
:1085A00074D123689B0671D523684348C3F3C10384
:1085B000D4F83080D84003F067FF314604F070F8FB
:1085C0000446C8F3080003F05FFF394603F0ACFE31
:1085D0004FF07E5103F0A8FE364E0146204603F0D0
:1085E000ABFF0446306BC0F3462003F04DFF4FF065
:1085F0007E5103F099FE0146204604F051F804F044
:10860000EBF82860306BC0F3064003F03DFF4FF0FD
:108610007E5103F089FE0146204604F041F804F043
:10862000DBF86860306BC0F3066003F02DFF4FF09D
:108630007E5103F079FE0146204604F031F804F043
:10864000CBF8A860BDE8F883206BC0F3080003F006
:108650001BFF394603F068FE4FF07E5103F064FEC5
:1086600031460446154804F01BF8B5E7206BC0F30B
:10867000080003F009FF394603F056FE4FF07E5123
:1086800003F052FE314604460D48ECE7206BC0F380
:10869000080003F0F9FE394603F046FE4FF07E5124
:1086A00003F042FE314604460648DCE7C5E9000017
:1086B000C7E700BF004402580090D0030024744A6A
:1086C00020BCBE4B0024744C1FB5A0F580730B4337
:1086D00015D19C4B1A6D02F00702042A2DD8DFE851
:1086E00012F01C00E00005004F014100186810F076
:1086F000005000F0DE8001A8FFF76EFED8E0A0F584
:1087000000730B431BD18F4B1A6D02F4E072802A69
:10871000ECD00CD8002A40F0C480186810F000702B
:1087200000F0C78001A8FFF713FF0298C1E0C02A3C
:1087300000F02681B2F5807F14D00020B9E0A0F5CA
:1087400080630B432ED17F4B9A6D02F46002B2F529
:10875000800FCBD0DED9B2F5C00F00F01181B2F599
:10876000000FE9E7DA6C196802F04052480706D5B5
:108770002AB91B68C3F3C1037348D84099E0714B11
:108780001968C90503D5B2F1805F00F0FB80186855
:1087900010F4003000F08D80B2F1005F6B4818BF1C
:1087A000002086E0A0F500630B431FD1654B9A6D56
:1087B00002F0E062B2F1007F98D0ABD9B2F1407F15
:1087C00000F0DE80B2F1806FB7D1DA6C196802F088
:1087D00040521B68480701D5002ACBD0D90503D5E4
:1087E000B2F1805F00F0CE80564BD0E7A0F5805309
:1087F0000B430FD1534B1A6D02F4E042B2F5005F08
:108800003FF474AF86D9B2F5405F00F0B980B2F59D
:10881000804FD9E7A0F500530B4331D1494A136D7E
:1088200003F4E023B3F5403F7FD00DD8B3F5803F8C
:1088300016D0B3F5003F1BD0002B7FF47EAF05B000
:108840005DF804EBFEF798BDB3F5802F73D0B3F558
:10885000A02F7FF472AF10683C4B10F400306EE034
:10886000106810F0006024D001A8FFF7F9FC5CE765
:10887000106810F000501CD001A8FFF7ADFD54E7C0
:10888000A0F500230B431FD12E4B9A6D02F440320A
:10889000B2F5803F0FD0B2F5003F96D0002A7FF4AA
:1088A0004CAF186810F0006003D001A8FFF7D8FCA7
:1088B000019805B000BD186810F00050F9D001A86B
:1088C000FFF78AFD0398F4E7A0F580330B430CD142
:1088D0001C4BDA6CD2037FF520AF186810F00060F3
:1088E000E7D001A8FFF7BCFCECE7A0F580430B4301
:1088F00030D1144A936D03F0E043B3F1405F14D0DC
:108900000DD8B3F1805FABD0B3F1005FB0D0002BD6
:108910007FF413AF05B05DF804EBFFF78FBCB3F144
:10892000804F08D0B3F1A04F93E7106810F0040017
:10893000BFD013681EE71068054B10F4807018BF95
:108940001846B6E7004402580090D00340787D01F5
:1089500000093D00A0F5004008437FF4EEAE0A4A4E
:10896000136D03F04053B3F1805F07D0B3F1005FA4
:108970003FF476AF002B7FF4E0AE6CE71068CDE6F5
:10898000024896E7024894E7004402580080BB0082
:1089900000093D00036859699A6942F008029A612A
:1089A0009A6942F010029A611A6822F001021A6074
:1089B0001A6922F45B7222F003021A619A6822F4A7
:1089C00040429A6090F88120042A0BD08A0609D58B
:1089D000D0F8842042F08002C0F884209A6942F0E6
:1089E00020029A6190F88120032A0BD04A0609D50B
:1089F000D0F8842042F00402C0F884209A6942F042
:108A000040029A618A0509D5D0F8842042F001021B
:108A1000C0F884209A6942F400729A61CA0509D5A7
:108A2000D0F8842042F00802C0F884209A6942F409
:108A300080729A610023A0F86230A0F86A30704713
:108A400070470000F8B5044608B90120F8BD036876
:108A5000974A934216D0A2F57842934212D002F57B
:108A6000806293420ED002F5784293420AD002F51A
:108A7000E052934206D08F4A934203D0FE218E48A3
:108A8000F9F736FD636833F4800303D0FF218A4889
:108A9000F9F72EFDA36833F4C02304D04FF480719E
:108AA0008548F9F725FDE368033B1C2B04D940F208
:108AB00001118148F9F71CFDE36B33F060030CD022
:108AC000802B0AD0B3F5807F07D0B3F5C07F04D0E8
:108AD0004FF481717848F9F70BFDA36933F0806298
:108AE00007D0B3F1005F04D040F203117248F9F7E8
:108AF000FFFC636B33F0804304D04FF482716E4807
:108B0000F9F7F6FCE36933F0405307D0B3F1804F37
:108B100004D040F205116848F9F7EAFC236A33F4FF
:108B2000000304D04FF483716348F9F7E1FC636AF2
:108B300073B9236933F0007340F0A580636933F0A3
:108B4000807310D040F20B115B48F9F7D1FC0AE0BA
:108B5000B3F5002F07D040F207115748F9F7C8FCCA
:108B6000636A002BE5D0226800235149A3628A4240
:108B7000E3680AD0A1F578418A4206D001F5806108
:108B80008A4202D00F2B3FF660AFE16B08334909F0
:108B9000DB0801FB033346498A427AD0A1F57841CC
:108BA0008A4276D001F580618A4272D0082B3FF666
:108BB0004CAF94F8813003F0FF0223B9204684F8CB
:108BC0008020FFF73DFF22680223616884F881302E
:108BD0001368A66B23F001031360936803F4F81C79
:108BE000A369B3F1806F04D1B1F5800F53D1002E8A
:108BF00056D011F48000E568176856D0062D54D978
:108C000027F4807E276D4EEA070717600B43E7695C
:108C100033433D43A76A3D43E76B3D4345EA0C05BB
:108C20009560656B2B43656A2B4325692B4365690A
:108C30002B43256A2B43E56C2B43A5682B43A56C7E
:108C40002B43A56D2B43D36059B9936823F4C053CC
:108C500043F400639360936823F4C06343F4806338
:108C60009360136D23F00103136528B1D368616D20
:108C700023F000430B43D36000200123C4F8840099
:108C800084F88130E2E64FF485710B48F9F730FC47
:108C900054E7102B8BE70029ABD1B6F1805FA8D148
:108CA000106840F480501060A3E727F48077ACE7A9
:108CB000003001400014005865CD00082DE9F84F40
:108CC0001D46836804460E461746DDF82890D0F806
:108CD00000B0D0F83C8023B140F25251A248F9F7DD
:108CE00007FCFBF7A1FF94F881308246012BD8B234
:108CF00040F08C81002E00F09B80002F00F09880C7
:108D0000002D00F0958094F88030012B00F07E81DA
:108D1000052384F880004FEA5818676684F881308C
:108D20000023A4F8685008F10108C4F88430A4F8BE
:108D30006A501FFA88F8A4F86250E665A4F86050FB
:108D4000C4E91C332368DA6822F4C022DA60874A57
:108D500093423DD0A2F57842934239D0844FBB4232
:108D60000CBF102708275A686FF30F022A435A6076
:108D70001A6842F001021A606268B2F5800F03D1EE
:108D80001A6842F400721A60E3680F2B52D9BF08C8
:108D90002E4645EA06039BB2002B55D023685A693C
:108DA000920724D51DB3EA19964213D35A6959691B
:108DB000C80720D51A6B636E43F8042B6366B4F8BA
:108DC0006A30013BA4F86A30B4F86A60B6B2E0E7F2
:108DD0001027C8E7E26D52F8041B1962E265B4F887
:108DE0006220013AA4F86220B4F86250ADB25A6928
:108DF000002ECED0DBE7464501D21104DAD4FBF7D2
:108E000013FFA0EB0A004845C8D3B9F1FF3FC5D016
:108E10002046FFF7BFFDD4F88430032043F480736D
:108E2000C4F88430012384F88130002384F8803032
:108E3000BDE8F88F072B40F2D5807F082E4645EA23
:108E400006039BB2002B49D123685B691B0740F1E5
:108E5000CB802046FFF79EFD012384F8813000235C
:108E6000D4F8840084F88030C01A18BF0120DFE7EE
:108E7000E26D32F8021BABF82010E265B4F8622014
:108E8000013AA4F86220B4F86250ADB25A69002EDB
:108E9000D5D02DE0464514D2100412D5BBF83020B1
:108EA000636E1A800433BBF8302023F8022C63660B
:108EB000B4F86A30023BA4F86A30B4F86A60B6B21B
:108EC000BDE7012E01D1910415D4FBF7ADFEA0EB57
:108ED0000A00484502D3B9F1FF3F99D123685A6986
:108EE0009207D3D5002DD1D0EA199642C0D35A6942
:108EF0005B69DB07CED5BBF83020636E23F8022B0D
:108F00006366B4F86A30013BD5E7464532D21104B6
:108F100030D593F83030626E1370636E5A1C6266FF
:108F2000226892F830205A70636E5A1C626622687A
:108F300092F830205A70636E5A1C6266226892F86A
:108F400030205A70636E01336366B4F86A30043BB4
:108F5000A4F86A30B4F86A60B6B245EA06039BB278
:108F6000002B3FF471AF14E065CD000800300140E4
:108F7000003C0040032E02D812F4C04F27D1FBF76B
:108F800053FEA0EB0A00484503D3B9F1FF3F7FF43D
:108F90003FAF23685A69920712D58DB1EA199642FC
:108FA0000ED2E26D127883F82020E36D0133E36581
:108FB000B4F86230013BA4F86230B4F86250ADB24C
:108FC00023685A69002EC8D05969C8079DD593F8FF
:108FD0003030626E1370636E01336366B4F86A30CA
:108FE000013BB5E72E46B8E7FBF71EFEA0EB0A00F3
:108FF00081453FF629AFB9F1FF3F3FF425AFD4F8E3
:10900000843043F02003C4F8843022E702200FE7C5
:10901000D0F884007047026852E8003F23F4907350
:1090200042E8003102680029F5D102F1080353E853
:10903000003F23F0805302F1080C23F001034CE8B9
:1090400000310029F1D1C36E012B07D152E8003F56
:1090500023F0100342E800310029F7D12023C0F8A3
:109060008C300023C3664367704770474268A34B48
:109070009A42F0B5044687B004D940F6D831A048EA
:10908000F9F736FAA368B3F1805F07D033F4805361
:1090900004D040F6D9319A48F9F72AFA2168994A5A
:1090A000E368914273D133F4005304D040F6DC31CD
:1090B0009348F9F71DFA236933F4806207D0B3F5BA
:1090C000C06F04D040F6E4318D48F9F711FA6369B6
:1090D00033F00C0200D123B940F6E5318848F9F7A6
:1090E00007FAA36933F4407304D040F6E6318448AC
:1090F000F9F7FEF9E36933F4004304D040F6E731B1
:109100007F48F9F7F5F9636A0B2B04D940F6E8318B
:109110007B48F9F7EDF92169A26823680A43616980
:109120001D68E0690A437849024329400A43E1681F
:109130001A605A6822F440520A43A1695A60714A7F
:1091400093421CBF226A11439A6822F06E4222F4B5
:1091500030620A43616A9A60DA6A22F00F020A43B7
:10916000DA626A4A934221D1694B5B6D03F038039E
:10917000182B00F037814BD8082B00F02B81102BD7
:1091800000F02081002B00F01781012078E033F4FB
:10919000405304D04FF43E615948F9F7A9F9236AC6
:1091A00033F4006387D040F6E13181E7594A9342B6
:1091B0000DD1574B5B6D03F00703052BE5D8DFE8B6
:1091C00013F07D000901010111012E012C00524A0A
:1091D0009342EED0514A9342EBD0514A9342E8D0A9
:1091E000504A9342C0D0504A9342E2D04F4A9342F1
:1091F000DFD0444A9342C8D102F50E32936D03F09A
:109200000703052BC1D8DFE803F03643484D570F5D
:10921000202B00F00481282BB7D1B0F5004F00F0CF
:10922000A9804FF40040EAE04FF40040404B626AEE
:10923000656833F8122005EB4501B0FBF2F3994263
:10924000A3D8B3EB053FA0D800234FF4807719468D
:1092500003F0E2FA00230646680819462A46E6FBB0
:10926000070103F0D9FA334BA0F540729A428CD82B
:109270002368D86003E0FEF7E1FF0028D6D1002084
:109280004FF00113A3660023C4E91D3307B0F0BDFE
:109290006846FEF7E5FF0198EFE703A8FFF79CF8A3
:1092A0000498EAE71368244813F0200FBED013682F
:1092B000C3F3C103D840B9E72048B7E7B0F5004F82
:1092C00074D10023082B3FF660AF01A252F823F0BF
:1092D000419300084B9300088B9100088B91000884
:1092E000519300088B9100088B9100088B91000826
:1092F0005B9300080823E5E70423E3E720BCBE00F6
:109300008ACD0008000C0058F369FFCF001001401F
:10931000004402580044004000480040004C004017
:10932000005000400014014000780040007C0040E4
:1093300098CE0008FFFC0F000090D00300093D000C
:10934000FEF71AF800289AD014E0FEF727F8F9E79C
:109350006846FEF785FF0198F4E703A8FFF73CF89D
:109360000498EFE712F0200F2F4803D01B68C3F3D7
:10937000C103D8402D4B626A616833F812204B0854
:10938000B0FBF2F203EB42034FF6EF72B3FBF1F3E3
:10939000A3F1100191423FF6F8AE23F00F02C3F3A0
:1093A0004203216813439BB2CB6068E7FDF7E4FFFB
:1093B00000283FF464AF22E0B0F5004FC5D0FDF7C0
:1093C000EDFFF5E7B0F5004F94D003A8FFF704F8E0
:1093D0000498EDE7B0F5004F8ED06846FEF740FFE9
:1093E0000198E5E7124BB0F5004F1A68BAD012F0B9
:1093F000200F0D4803D01B68C3F3C103D840616A36
:109400000A4A636832F81120B0FBF2F000EB530017
:10941000B0FBF3F04FF6EF73A0F1100226E7B0F5C2
:10942000004F0448EBD1A5E70090D00398CE000888
:109430000044025800093D00836AFF2B10B5044622
:1094400004D940F6D6416A48F9F752F8A36A1807DA
:109450000FD5A36B33F4004304D040F6DB416448DE
:10946000F9F746F82268A16B536823F400430B43D5
:109470005360A36AD9070FD5E36A33F4003304D0ED
:1094800040F6E2415A48F9F733F82268E16A536836
:1094900023F400330B435360A36A9A070FD5236B61
:1094A00033F4803304D040F6E9415148F9F720F80D
:1094B0002268216B536823F480330B435360A36A03
:1094C0005B070FD5636B33F4802304D04FF44F61F7
:1094D0004748F9F70DF82268616B536823F480233D
:1094E0000B435360A36AD8060FD5E36B33F4805364
:1094F00004D040F6F7413E48F8F7FAFF2268E16BE6
:10950000936823F480530B439360A36A99060FD5A5
:10951000236C33F4005304D040F6FE413448F8F78E
:10952000E7FF2268216C936823F400530B43936098
:10953000A36A5A0648D523682E4A934220D0A2F542
:109540004C4293421CD002F58062934218D002F53F
:109550008062934214D002F58062934210D002F5EB
:10956000444293420CD0A2F51C42934208D002F52B
:109570008062934204D040F605511D48F8F7B8FFC9
:10958000636C33F4801304D040F606511848F8F7A2
:10959000AFFF2168626C4B68B2F5801F23F4801323
:1095A00043EA02034B600FD1A36C33F4C00304D031
:1095B00040F60B510E48F8F79BFF2268A16C5368E8
:1095C00023F4C0030B435360A36A1B060FD5E36C5F
:1095D00033F4002304D040F613510548F8F788FF10
:1095E0002268E16C536823F400230B43536010BDE1
:1095F0008ACD0008001001402DE9F843089F044679
:109600000E46904699462268D36936EA03030CBF9A
:1096100001230023434501D000201FE0791CF3D033
:10962000FBF702FBA0EB0900B84227D837B320684C
:1096300003685A07E7D5802EE5D0402EE3D0C569F0
:1096400015F008050CD0082505622046FFF7E3FC5D
:1096500000230120C4F8905084F88430BDE8F883DA
:10966000C3691B05CFD54FF4006303622046FFF7A3
:10967000D2FC202384F88450C4F890300320EDE716
:1096800073B500260446C0F89060FBF7CDFA236856
:1096900005461B681A071CD56FF07E4332464FF40F
:1096A0000011009303462046FFF7A6FF88B1226809
:1096B00052E8003F23F0800342E800310029F6D150
:1096C0002023C4F888300320002384F8843002B0BB
:1096D00070BD23681B685B0724D56FF07E430022B2
:1096E0004FF48001204600932B46FFF785FFC8B159
:1096F000226852E8003F23F4907342E80031226868
:109700000029F5D102F1080353E8003F23F00103DB
:1097100002F1080040E800310029F3D12023C4F809
:109720008C30D0E720230020C4F88830C4F88C3077
:10973000E0662067C8E7000010B50446002879D02D
:10974000816903683C4A002951D0934223D0A2F595
:109750004C4293421FD002F5806293421BD002F527
:109760008062934217D002F58062934213D002F5D3
:10977000444293420FD0A2F51C4293420BD002F513
:109780008062934207D02D4A934204D04FF49F71D8
:109790002B48F8F7ADFED4F8883023B9204684F87A
:1097A0008430FFF762FC24232268C4F888301368F1
:1097B00023F001031360A36A13B12046FFF73CFEB8
:1097C0002046FFF753FC012834D0236820465A680E
:1097D00022F490425A609A6822F02A029A601A682B
:1097E00042F00102BDE810401A60FFF749BF934202
:1097F000D1D0144A9342CED002F580629342CAD0AF
:1098000002F580629342C6D002F580629342C2D0D4
:1098100002F544429342BED0A2F51C429342BAD014
:1098200002F580629342B6D0044A9342B3D040F22C
:109830004311ADE7012010BD00100140000C00589D
:109840008ACD000800440040436E30B52BB9012397
:10985000A0F86A30A0F8683030BD0368094D9A68F6
:109860009968094CC2F34262490F6B5C615C1B0151
:10987000B3FBF1F3A0F86A30AB5CA25C1B01B3FB55
:10988000F2F3E7E7B8CE0008B0CE00080368234A39
:10989000934210B5044620D0A2F54C4293421CD00E
:1098A00002F58062934218D002F58062934214D090
:1098B00002F58062934210D002F5444293420CD0EC
:1098C000A2F51C42934208D002F58062934204D074
:1098D00040F20B211248F8F70BFE94F88430012B6C
:1098E00019D024232046C4F8883023681A681968E0
:1098F00042F0005221F0010119604FF00051616601
:109900001A60FFF7A1FF2023C4F88830002318460F
:1099100084F8843010BD0220FCE700BF0010014035
:10992000B0CD0008817821B1437813B9007800F0F8
:109930000DBE0020704737B5457802460B468DB9FD
:109940008468917800782CB90C32009400F0B4FE51
:1099500003B030BD002B009514BF2246002200F05A
:1099600011FEF5E70020F3E743781BB98178007812
:1099700000F0FABD7047000013B599B901240846FC
:1099800001A9ADF8044000F0EFFB40B94FF0E0232F
:10999000D3F8F03DDA0700D500BE02B010BD0D4B84
:1099A0001C70FAE7012801D80B7843B94FF0E02387
:1099B000D3F8F03DDB0700D500BE0020EDE7054CF5
:1099C000012B235401D00120E7E700F0CDFB002854
:1099D000F9D1EBE710610020012805D8034A135C98
:1099E000012B01D102F04EB9704700BF1061002079
:1099F0000378024613F0050009D1137813F0050F20
:109A000006D11378012043F004031370704700203F
:109A100070470278034602F00502042A0CBF0120B9
:109A2000002003D11A7802F0FB021A707047F0B5DB
:109A3000059CBDF818502544AC4223D22678264414
:109A4000B5421FD36678052E09D1A67806F00F0718
:109A5000F60901EB4707B85526783444ECE7042EA5
:109A6000FAD1E678002EF7D1A6789E4208D34FF0BF
:109A7000E023D3F8F03DDB0700D500BE0020F0BDA9
:109A80009055E9E70120FAE710B504460846029927
:109A9000BDF80C2049B152B1607004F10C0000F027
:109AA000F5F8049B0120A36010BD0846FCE71046B2
:109AB000FAE7828A38B5C38A92B204469BB29A42C8
:109AC00001D0002038BD0029FBD08388013B13EA78
:109AD0000105F6D1FFF726FF0028F2D029462046DF
:109AE000FFF729FF0028EDD14FF0E023D3F8F03D38
:109AF000DB07E6D500BEE4E738B5838A0446C28AB0
:109B00009BB2018A92B29342B6BFC2EB41029B1A4A
:109B10009B189BB2994228BF194601B3FFF702FF79
:109B2000E8B1A168E9B9A38AE28A9BB2258A92B218
:109B30009342B6BFC2EB45029B1A9B189BB29D4253
:109B400028BF1D46BDB129462046FFF7F4FE80B967
:109B50004FF0E023D3F8F03DDB0700D500BE002036
:109B600038BD0023E28804F10C0000F067F90546D7
:109B7000E8E72846F4E72046FFF7F6FEEFE738B5BA
:109B800004461046F2B1002392B204F10C0000F03A
:109B90006AF9A38AE28A05469BB2218A92B293426D
:109BA000B6BFC2EB41029B1A9B18A2889BB28B42A4
:109BB00028BF0B469A4201D98A4202D92046FFF7B4
:109BC0009BFF284638BD38B5838A0546C18A9BB2BB
:109BD000028A89B28B42B6BFC1EB42015B1A5B18A5
:109BE0009BB29A428CBFD21A0022838888BF92B25D
:109BF00093422AD8FFF796FE38B3AB8AEA8A9BB223
:109C0000298A92B29342B6BFC2EB41029B1A9B18BB
:109C10009BB299428CBFC91A0021AB8888BF89B218
:109C20008B4216D85B42284601EA0304EB889C422B
:109C300028BF1C462146FFF77EFE40B94FF0E023C7
:109C4000D3F8F03DDB0700D500BE002038BD20462C
:109C5000FCE72846FFF788FEF7E738B592B20446DE
:109C600000230C3000F0EAF805462046FFF7ABFF72
:109C7000284638BD0A4492B2914202D8B2EB400F56
:109C800002DBA2EB400292B210467047B2F5004FE1
:109C900010B54FF0000406D84481016082808371C2
:109CA0000481012010BD2046FCE70023438103818D
:109CB000704783798B4218BF8171704713B5044692
:109CC00093B11B78934209D932B1002301A80193C3
:109CD00002F00EFB019B236002B010BD0868D21A8F
:109CE000194492B22060EDE70423EBE713B5044674
:109CF000084683B11B78934207D922B1236801A992
:109D0000019302F0F5FA02B010BD2168D21A016089
:109D100092B21844EFE70423EDE72DE9F04F85B048
:109D20000F4684888046BDF83810DDF83C90581AFC
:109D300085B200EB440080B28B42B8BF05461DB32C
:109D4000AC4207D29C42254694BF1B1B1B1999B2FB
:109D5000A8F80A10AA4228BF2A4695B28C4217D901
:109D6000661A2C1BD8F800A00C44B6B20AEB010B03
:109D7000A4B2B9F1000F4FD0B5420CD84B462A46D9
:109D800059463846FFF79AFF284605B0BDE8F08FE0
:109D9000091B89B2E2E799F8008038464B465946DC
:109DA000C8F1000232400192FFF788FF08F1FF304E
:109DB000304010F0FF0024D0A8EB0008019A03A95E
:109DC00000231FFA88F85A440E46A04528BFA04633
:109DD000013312F801CBDBB206F801CB9842F7D180
:109DE0005FFA88F2534646185AFA88F843450ED16E
:109DF00096B24B4602443846A41BB244FFF75EFFBE
:109E0000A4B2002CC0D04B4622465146B9E713F805
:109E100001CB06F801CBE9E7B54205D82A465946F9
:109E2000384602F065FAAFE732465946384602F046
:109E30005FFA2246D8F80010B819F2E773B5068920
:109E400004464589ADB2CDE90053B3B2FFF765FFD3
:109E500061890346024689B2A088FFF70BFF608143
:109E6000184602B070BD2DE9F04F074687B088460E
:109E70001546002A31D0068982794189B6B2848894
:109E800089B272BB8E42B6BFC1EB4401711A891907
:109E900089B2A14280F0A480611A89B28D4228BFA4
:109EA0000D463246A2423AD2A4EB020B2C1B396873
:109EB00014441FFA8BFB01EB020AA4B2002B7DD0E5
:109EC0005D452FD82A4651464046FFF70FFF2A46E8
:109ED0003146B888FFF7CEFE3881284607B0BDE886
:109EE000F08FA54209D32D1B4544002B08BFA8467F
:109EF000002C77D00E462546D3E78E42B6BFC1EB85
:109F00004402721A921992B22A44B2EB440FC8DB8F
:109F1000621B204692B2FFF7ADFE0646C1E7121B58
:109F200092B2BFE793F8009051464046C9F1000253
:109F30000BEA0202CDE90123FFF7D8FE09F1FF3257
:109F4000029B02EA0B0B1BF0FF0B35D0A9EB0B02B7
:109F50004046039392B2A24228BF2246D1B25BFA96
:109F600082F20291894605A9FFF7C0FE019B05A96F
:109F700000229A44039B0846013210F801CBD2B26A
:109F80000AF801CB9345F7D1594400205FFA80FCD1
:109F9000DDF808E03A68F44508D3A4EB090402EBC5
:109FA0000901A4B2002C92D022468DE711F801CB12
:109FB00002F800C00130E9E73968F3E75D4505D8EC
:109FC0002A464146504602F093F980E75A464146F8
:109FD000504602F08DF9224608EB0B013868F2E793
:109FE00000257AE7254678E770B504894389A4B24D
:109FF00085889BB29C42B6BFC3EB4502E21A121998
:10A0000092B2954205D2A5420AD8631B2A469BB25A
:10A010004381BAB90A800A814A600020C86070BDD5
:10A020002B192A469BB243819D420ED90068A34258
:10A0300000EB03064E600BD200230A800B81ECE795
:10A04000641BA4B2A542FBD9EEE75B1B9BB2EBE716
:10A05000521BEC1A13440C800B81DFE70020704781
:10A06000F8B506460024184D184F2978E2B24B1C6B
:10A07000DBB2934210D850220021154802F0B5F807
:10A080001022FF21134802F0B0F81222FF211248DB
:10A09000BDE8F84002F0A9B891420BD93B682421F1
:10A0A00001FB023343B94FF0E023D3F8F03DDB0767
:10A0B00007D4F8BDF7D1094BDB6830460134984727
:10A0C000D3E700BEF5E700BFD8610020DC610020C7
:10A0D000246200203F6200204F620020C0CE0008B2
:10A0E0000346034A10780BB101F0B6BB01F0CABBBE
:10A0F00030000020024A0B4611610121184700BFC1
:10A10000246200207047704700207047002070478D
:10A11000002070470023037018467047024B187EDA
:10A12000003818BF0120704724620020024B987D40
:10A13000003818BF012070472462002008B5034B87
:10A14000187801F0CBFB012008BD00BF30000020D3
:10A15000024B1878FF3818BF0120704730000020EC
:10A1600008B501F06DFB08BD2DE9F047DFF8A080D0
:10A1700005460F4698F80030FF2B44D149B94FF0FF
:10A18000E023D3F8F03DDB0700D500BE0020BDE89A
:10A19000F087502200211F48002402F026F81E4BB1
:10A1A0001E481F4E1C70FFF780FD1E4B30461E4A96
:10A1B000DFF878901A60FFF7ADFF3378C9F8000038
:10A1C000FF2BDCD04FF0240A0CE091421DD9D9F8C6
:10A1D00000300AFB0233002BD1D05B68002BCED0BD
:10A1E000013498473178E2B24B1CDBB29342ECD891
:10A1F0003946284688F8005001F080FB0028BED080
:10A20000284601F029FB0120C1E7B8D1084BE4E75B
:10A210003000002024620020206200201C0000206A
:10A22000D86100201461002014000020DC610020AF
:10A23000C0CE00082DE9F041214C06462378FF2BC3
:10A240002FD0204B1D7E01F01DFB304601F046FB58
:10A25000304601F0D3FB68BB4FF0E023D3F8F03D6C
:10A26000DB0700D500BEBDE8F08191421BD9D8F8CC
:10A270000030242101FB0233BBB901363978F2B238
:10A280004B1CDBB29342F0D8502200210D4801F064
:10A29000ACFF0D4B00221A60FF2323700DB1F9F7BC
:10A2A00045FF0120DFE7E8D1084B9B68002BE4D095
:10A2B0009847E2E70026064FDFF81880DEE700BF88
:10A2C000300000202462002014610020C0CE00086D
:10A2D000D8610020DC610020704700002DE9FF41BB
:10A2E000437804460D46023B052B0DD8DFE813F0FA
:10A2F00006009B0024002A00B000B500724B00222B
:10A300001A751A765A759A75704B1E6815B93368A6
:10A31000284698470023B288214606F10800FFF737
:10A32000A2FD074615B9336801209847002F67D072
:10A330002A466178207888E0634B1A7D002A66D02F
:10A340000122E0E7604B1A7D002A60D00022DAE7A4
:10A3500091425FD9D8F80030242101FB0233002B51
:10A360005AD101363978F2B24B1CDBB29342EFD8A6
:10A37000554FBB7D33B30023CDE90133BB75039348
:10A3800023788DF8043005238DF805304F4B1E6877
:10A3900015B93368284698470023B28801A906F109
:10A3A0000800FFF760FD804615B933680120984723
:10A3B000B8F1000F3CD14FF0E023D3F8F03DD907BE
:10A3C00000D500BEBB7EDA0721D523788DF8043096
:10A3D00003238DF80530636802933C4B1C6815B964
:10A3E0002368284698470023A28801A904F10800A1
:10A3F000FFF739FD064615B9236801209847FEB9D5
:10A400004FF0E023D3F8F03DDB0700D500BE04B0E9
:10A41000BDE8F081A5D12E4B1B6A002BA1D061684D
:10A42000207898479DE700262A4FDFF8AC8099E70F
:10A430002A469DF805109DF80400FFF763FEC1E76A
:10A440002A469DF805109DF80400FFF75BFEDEE745
:10A45000224A13780133137056E7017911F00F0285
:10A460003FF452AF184E06EB420303EBD11393F8BF
:10A470002B00184B1B78984222D2174B24271B68BD
:10A4800007FB0033002B3FF43FAFDF69002F3FF4A1
:10A490003BAF06EB420606EBD11696F83D3003F0D3
:10A4A000FA0386F83D30A36862792078B84700281F
:10A4B000ADD196F83D3043F0050386F83D3023E7F3
:10A4C0007FF422AF024BE0E72462002014610020F9
:10A4D000C0CE0008D8610020DC610020206200208E
:10A4E00010B5054C18B963680BB9236898476368C1
:10A4F0000133636010BD00BF28000020054A536887
:10A5000033B1013B536018B913B9136801201847E0
:10A51000704700BF280000208B7803F00F03082B42
:10A5200008D94FF0E023D3F8F03DDB0700D500BE9B
:10A53000002070478B88C3F30A03002BF1D0024B35
:10A54000187801F07FBA00BF30000020CB0901F07D
:10A550000F02044800213D3303EB42031844FFF788
:10A5600047BA00BF24620020CB0901F00F02044863
:10A5700000213D3303EB42031844FFF74ABA00BF02
:10A580002462002013B501F00F00144C04EB4004CA
:10A5900004EBD11494F83D00C00709D54FF0E02337
:10A5A000D3F8F03DDB0700D500BE002002B010BD9F
:10A5B00094F83D0040F0010084F83D009DF8100043
:10A5C00000900748007801F0ADFA0028EED194F829
:10A5D0003D3003F0FA0384F83D30DFE724620020C9
:10A5E00030000020084B07B5DA885AB1197881F09D
:10A5F000FF0101F0800100231A460093FFF7C2FF1C
:10A6000003B000BD8021F6E724620020164B37B569
:10A6100099890546DA8993F900008C1AA4B2402C76
:10A6200028BF402400280BDA91420FD099680F48C8
:10A63000814203D0B1B1224601F05AFE802103E0ED
:10A6400091424FF000010BD0084A01E08021002226
:10A650000023284600932346FFF794FF03B030BD44
:10A660000A46F5E70846F9E724620020E061002089
:10A6700013B5104CE188A2608B4228BF0B46A38122
:10A6800089B14BB142B94FF0E023D3F8F03DDB077D
:10A6900000D500BE002004E0FFF7B8FF0028F2D08C
:10A6A000012002B010BD0B460A4600918021FFF741
:10A6B00069FFF3E72462002013B501F00F00144C8A
:10A6C00004EB400404EBD11494F83D00C00709D515
:10A6D0004FF0E023D3F8F03DDB0700D500BE0020AB
:10A6E00002B010BD94F83D0040F0010084F83D0038
:10A6F0009DF8100000900748007801F063FA0028E8
:10A70000EED194F83D3003F0FA0384F83D30DFE7F2
:10A710002462002030000020094B10B50C46187848
:10A7200001F07EFA074B04F00F0203EB420303EB48
:10A73000D41191F83D3043F0030381F83D3010BD52
:10A740003000002024620020094B10B50C46187818
:10A7500001F078FA074B04F00F0203EB420303EB1E
:10A76000D41191F83D3003F0FC0381F83D3010BD69
:10A77000300000202462002001F00F02044B03EBA4
:10A78000420303EBD11393F83D00C0F34000704740
:10A7900024620020A64B2DE9F04F1B7889B0FF2BD7
:10A7A00000F0C1824FF0080AA24B00201C68236809
:10A7B00098470023A28805A904F10800FFF73EFB93
:10A7C0000546236801209847002D00F0AC829DF8D3
:10A7D0001530013B072B00F23D82DFE813F0080043
:10A7E0001400D502BB02C6021B001D02CE029DF85A
:10A7F0001400FFF735FC9DF818208F4B5A76BAF1FC
:10A80000010AD1D18FE29DF81400FFF729FCF9F776
:10A810008DFCF4E7894B1A78002AF0D01A78013AB7
:10A820001A701A7802F0FF03002AE8D1824C012640
:10A830009DF814502675236184F83D3084F83E302D
:10A84000DDE90601C4E9023384E80300227802F05E
:10A850006003602B07D14FF0E023D3F8F03DD80719
:10A8600028D500BE26E0402B09D1754B2246314643
:10A8700028462361FFF7F2FB0028C0D11AE002F05E
:10A880001F02012A00F05481022A00F07C81002A74
:10A89000E1D1202B20D123790F2B0BD82344DA7E52
:10A8A000684B1B789A4210D2674B24211B6801FB2E
:10A8B000023363B900219DF8140001F0B1F9802141
:10A8C0009DF8140001F0ACF999E7F3D15F4B596999
:10A8D0002846FFF70FFCCFE7002BBCD16378092B8C
:10A8E000B9D801A252F823F027AB000817AB000833
:10A8F00057A8000805AB000857A8000811A90008D0
:10A900005FAA000857A800081FA9000835A9000879
:10A91000A178284601F03CF9012363756FE7237E97
:10A920008DF8123001230DF1120243492846FFF73A
:10A930009FFE64E7A678237E9E4210D05BB1002183
:10A94000284601F065F8284601F09CF8677E284605
:10A95000FFF786FB6776267636B9F9F7E7FB3649C7
:10A960002846FFF73FFE4AE7701EC0B2F9F730FAFB
:10A9700010B14378022B08D04FF0E023D3F8F03D1C
:10A98000DD0767D40023237665E7C37900F1090763
:10A99000E27D9B1163F30002E2754388C618BE4254
:10A9A0005AD93B783B449E4256D37A780B2A01D140
:10A9B0001F46F4E7042ADFD1F21B0023DFF884B03E
:10A9C00092B29BF800005FFA83F8411CC9B241457E
:10A9D000D2D9404526D91C492420096800FB08111A
:10A9E0000029C9D0D1F81090284639460393029225
:10A9F000C84708288146DDE9022316D9824214D3CC
:10AA00001023134ACDE90070D1184046FFF70FF824
:10AA10000028B1D09BF800304F440133DBB24345EE
:10AA2000BDD8A9E7A8D10949DCE70133C9E700BFD0
:10AA300030000020146100202462002020620020E9
:10AA40005DA00008D8610020DC610020C0CE0008B5
:10AA50003F62002000BE95E7F9F75EFB7FE7608864
:10AA6000030AC0B25A1E0E2A3FF624AF01A151F8C4
:10AA700022F000BFB1AA0008D3AA0008EDAA00087E
:10AA8000B5A80008B5A80008FFAA0008D3AA0008C6
:10AA9000B5A80008B5A80008B5A80008B5A8000822
:10AAA000B5A80008B5A80008B5A80008C9AA0008FC
:10AAB000F9F78AF9024600283FF4CDAE1223A049E7
:10AAC0002846FFF7D5FDD7E6FFF71EFB024640B943
:10AAD000F0E6022B07D1F9F77BF9024600283FF494
:10AAE000BAAE5388EBE7FFF713FBEFE7A188F9F75E
:10AAF00077F9024600283FF4DDAE0378DFE7FFF781
:10AB000005FBF6E76388012B7FF4D4AEE37D43F0C9
:10AB10000203E37523E76388012B7FF4CBAEE37D6B
:10AB200023F00203F5E7E37DADF812300223FAE6E5
:10AB300023790F2B3FF6BEAE2344DA7E814B1B7880
:10AB40009A421CD2804B24211B6801FB0233002B4C
:10AB50003FF4B0AE59692846FFF7CCFA00287FF4DD
:10AB60004EAE237813F060037FF4A4AE62782361C5
:10AB70000A2A3FF4D5AE0B2A3FF4F1AE9AE67FF4F1
:10AB800099AE724BE6E7217901F00F02082A3FF6F1
:10AB900062AE04EB42026B4802EBD112007892F8ED
:10ABA0002B20824213D268480668242000FB0266EC
:10ABB000A3B9637803F0FD02012A14D0002B7FF4BF
:10ABC0004AAE2846FFF7D8FDADF81200AEE700F018
:10ABD000E480002B7FF46EAE1E46EAE7002E3FF4C1
:10ABE00069AE716974E6628822B9012B284610D1DA
:10ABF000FFF7AAFD002E3FF402AE71692846FFF769
:10AC000079FA0023236194F83E30DC073FF5F7AD75
:10AC1000A5E6FFF781FDEDE79DF81810484C01F01F
:10AC20000F0004EB400303EBD11393F83D2002F037
:10AC3000FA0283F83D20002862D1E3889DF8145081
:10AC4000079F83B1267886F0FF0606F08006B142A2
:10AC500018D157B14FF0E023D3F8F03DDB077FF573
:10AC6000CEAD00BECBE58026F1E735492846FFF79B
:10AC700033FB2369002B3FF4C2AD314A0321284640
:10AC80009847BCE594F90030002B0FDBA068002842
:10AC90003FF4B5ADA389E2892D499B1A9F4228BF95
:10ACA0001F46884202D03A4601F022FBE389A2689F
:10ACB0003B443A449BB2A260E288E3819A4201D0CD
:10ACC0003F2F19D8236953B90023314628461A4625
:10ACD0000093FFF757FC00287FF491ADBAE70221FB
:10ACE000174A2846984701460028EDD1284600F02B
:10ACF00097FF80212846E5E52846FFF787FCEAE72D
:10AD000093F82B200F4B1B789A420FD20E4B242026
:10AD10001B6800FB02335BB94FF0E023D3F8F03D32
:10AD2000D90700D500BE09B0BDE8F08FF4D1074BBC
:10AD30009C699DF81920079B9DF81400A0475EE5CB
:10AD400024620020D8610020DC610020C0CE000811
:10AD5000E0610020134B1A7D002A3FF450ADD87DEE
:10AD6000C0F34000F9F7ECF949E50E4B1B7D002BD1
:10AD70003FF445ADF9F7EEF941E5069B002B3FF4B2
:10AD80003EAD079898473AE5064B9B7EDA077FF57C
:10AD900036AD0698FFF7B7F931E5034E002B7FF487
:10ADA00020AF06E724620020C0CE0008704770473D
:10ADB000704770477047704710B508B1002010BD4C
:10ADC000FFF7ACF90446FFF7B1F9002CF6D00028E4
:10ADD000F4D1024BD87800F00100F0E77462002053
:10ADE00080B909490B8F4A8F9BB2888E92B29342E9
:10ADF000B6BFC2EB40029B1A9B189BB2984228BF79
:10AE000018467047002070477462002010B902484D
:10AE1000FEF723BF002070479862002008B538B9BC
:10AE20000448FEF742FF0448BDE80840FEF7CBBEE9
:10AE300008BD00BFA46200209862002010B902483B
:10AE4000FEF79DBE002070478062002010B90248C6
:10AE5000FEF752BE002070478062002008B520B97E
:10AE60000348FEF722FF012008BD0020FCE700BFD9
:10AE70008C6200207FB540F23C4200211348002440
:10AE800001F0B3F911484FF4E1334FF40075064671
:10AE9000224643604FF608732146438100F50F7345
:10AEA000243000932346CDE90154FEF7EDFD06F171
:10AEB0003C03214606F10C00009301231A46CDE91C
:10AEC0000154FEF7E1FD04B070BD00BF74620020C4
:10AED0000120704738B5064C00250121204640F876
:10AEE000185BFEF7E6FE84F82650A57338BD00BF58
:10AEF000746200202DE9F0474B7981460E46022B03
:10AF00000FD18B79022B0CD13B4D95F826305BB1DC
:10AF1000AB7B4BB14FF0E023D3F8F03DDB0700D51E
:10AF200000BE0020BDE8F087B37806EB020885F884
:10AF300000906B70347834444445627805D22378AD
:10AF40002344984501D3242A15D0052A09D1214646
:10AF50004846FFF7E1FA0028DCD0A378AB702378ED
:10AF60001C446378042B34D163790A2B31D12346F6
:10AF70004FF0000A26E01C46DEE7434528D29F1822
:10AF8000B84525D37B78052BC4D1FB7803F00303A8
:10AF9000022BBFD139464846FFF7BEFA0028B9D088
:10AFA000BA78BB88D109C3F30A0315D02B8240239A
:10AFB000124885F80C90AA736B82FEF776FE0AF1B0
:10AFC000010A3B465FFA8AF2217991421A78D4D875
:10AFD0009C18A01B80B2A5E7094885F8249085F845
:10AFE00026202B856B85FEF760FE0648FEF7EBFDFD
:10AFF0000028E4D18EE700BF746200208C6200203C
:10B00000A4620020986200200B461146127802F0DC
:10B010006002202A70B53ED1204E8A88747894420E
:10B0200039D14A78203A032A35D8DFE802F00211F4
:10B03000142B012B05D10723194AFFF719FB012017
:10B0400070BD032BFBD116490020FFF7B3FEF6E7D6
:10B05000012BF4D1EFE7012B02D1FFF7C3FAEEE7A2
:10B06000032BECD14C880F4804F00105F47085F0F7
:10B070000101FEF71EFEC4F3400229460020F9F745
:10B0800073F8DCE7012BE8D0032BD8D149880020E6
:10B09000FFF791FED3E70020D2E700BF74620020E3
:10B0A000786200208C620020F0B53B4C1E4685B0D3
:10B0B0000D4694F826308B4211D0A37B8B4246D0AC
:10B0C000A3788B4201D100294CD14FF0E023D3F873
:10B0D000F03DDB0700D500BE002005B0F0BDE16A01
:10B0E00029B10023B2B204F13000FEF7BCFEE37ACE
:10B0F000FF2B1DD069462948FEF776FFBDF80820D2
:10B10000002A34D0013A039B13448BB1BDF80020D0
:10B110000020019F013AE17ADDF80CC03A44B042C8
:10B1200006D093F800E08E4528D10020FFF73FFEBF
:10B13000228F638F92B29BB29A4202D00020FFF717
:10B1400035FE1748FEF73FFDA37BAB420AD1002036
:10B15000FFF72EFE1348FEF7CFFC18B93146114811
:10B16000FEF7A7FCA378AB4211D00120B5E7BDF8EC
:10B170000020002ADCD0013A019BC5E79C4504D0A1
:10B180009F42D5D0013B0130C9E71346FBE70020C1
:10B19000FFF70FFEE9E700BF74620020A462002001
:10B1A00098620020806200200369002BFCDA036CA7
:10B1B00002699BB242F00102026144F20922934209
:10B1C00006D80369DA07FCD40369002BFCDA704760
:10B1D00003699B00FCD5036923F0005323F00103AE
:10B1E00043F000530361EFE7836BB1B943F480335D
:10B1F00083630C4B984207D10B4AD2F8003123F0FD
:10B200008053C2F800317047084B984208D1064A73
:10B21000D2F8003123F08063F3E723F480338363B3
:10B22000704700BF0000084000440258000004407E
:10B230001D4B1E4A1B68934226D21D4A934225D8B5
:10B240001C4A934224D21C4A934223D8A2F5DB1213
:10B25000A2F5BA5293421FD8A2F5B712A2F55872BE
:10B2600093421BD8154A93421AD2154A934219D2D7
:10B27000144A934234BF0F230E23C26822F4705243
:10B2800042EA8323C36070470623F6E70723F4E707
:10B290000823F2E70923F0E70A23EEE70B23ECE7A4
:10B2A0000C23EAE70D23E8E7080000200048E80146
:10B2B000DF9DA30100366E013FA44C01807306019F
:10B2C0000024F400C0E1E400836CD8B23F2894BFAE
:10B2D0000020012029B913F4407F00F0010018BFBD
:10B2E00000207047F8B5441E0C231646454A6042BC
:10B2F00060415843444B1C58236C6FF30F03934237
:10B3000014D0424A934211D002F5803293420DD0BC
:10B310004FF0E023D3F8F02DD10700D500BED3F8CD
:10B32000F03DDA0700D500BE0020F8BDA36823F089
:10B330000103A360E568002951D0A16C236DC3F31C
:10B340000723402B01F0C00334BF08271027802BB0
:10B350003CD125F4681525F0C80545F010052046B8
:10B36000E560C1F3811125F47055FFF73DFFFFF74C
:10B370001BFF102F14BF4FF410534FF4A0531D4365
:10B38000E56009B9FFF754FFE36843F00703E360A2
:10B39000D4F8003E23F00F03C4F8003E4FF484635A
:10B3A000236123699B06FCD410232361236913F0D6
:10B3B0001003FBD14FF0FF3262616260A361E6B11E
:10B3C000A36843F02603A3600120AEE7102F0ABF55
:10B3D00025F0500525F0580545F00805BFE745F074
:10B3E000400325F47055204645F4A255E360FFF76D
:10B3F000FBFEFFF7D9FEE560C4E7A36943F0100345
:10B40000A361E1E70000544FE4CE0008000031558D
:10B4100008B5431E584258410C2358430C4B18584A
:10B42000836823F001038360FFF7BEFED0F8003E7F
:10B4300043F00303C0F8003E836CC268520602D496
:10B4400013F0C00F03D1836B23F48033836308BDF3
:10B45000E4CE0008F0B54FF00C0C2A4D01F00F06B9
:10B460000CFB00573C7AB44208D84FF0E023D3F8E5
:10B47000F03DD80700D500BE0020F0BD012802F144
:10B48000030214BF00200120C9094FEA92020CFBFD
:10B4900000F02D5810D1C2F30D030834696A23441B
:10B4A000B1EB430F4FEA430204D2174B9B88934200
:10B4B000DBD36A620120E0E7797A134821B184790D
:10B4C000A142D2D901348471104909883141C90798
:10B4D00005D526B1510089B2002B18BF0A46696A0A
:10B4E000838811448B42C0D39B1A9BB2838043EA6A
:10B4F00002430EB9AB62DDE706F13F0105EB8102C5
:10B500005360D7E7FCCE0008BC660020B066002080
:10B51000411E0D4B4A4210B44A410C2462439958D3
:10B5200004FB00331A7A5B89183252004A628A6C33
:10B53000064A938003EB03434022CB65002380211E
:10B5400010BCFFF787BF00BFFCCE0008BC66002020
:10B55000431E584258410C23F0B558438D781E4B7A
:10B560001E4E1C5805F00F008B884200D4F808C806
:10B57000C3F30A0302EBD5121CF0060F06EB02160A
:10B580004FF00102738143F400438F7907F1FF3ECE
:10B5900002FA0EF2D2B208BF17463773CA7802F029
:10B5A00003014A1E43EA814318BF012243EA0273A2
:10B5B000EA0982F0010218BF65F3995300EB021209
:10B5C00002F14801490163500123D4F81C1893404B
:10B5D0000B43C4F81C38F0BDFCCE0008C466002044
:10B5E00000F1FF3C0C23DCF1000040EB0C00584361
:10B5F0003A4B30B5185801F00F04C90900EB441359
:10B6000031D0D3F80059002DD3F8005911DB45EAA9
:10B61000425545F00065C3F80059A30143F02003EB
:10B62000036103699B06FCD4002A55D1002C53D03A
:10B6300046E045F00065C3F80059D3F808596D0697
:10B64000FBD5D3F8005945EA425545F08045C3F88B
:10B65000005900EB4413D3F80859AD07FBD5022578
:10B66000C3F80859D9E7D3F8005B002D00DA34B9E4
:10B67000D3F8005B45EA4255C3F8005BD4E7D0F845
:10B68000045845F40075C0F8045845692D06FCD5EA
:10B69000D3F8005B45EA425545F08045C3F8005BAE
:10B6A00000EB4413D3F8085BAD07FBD50225C3F8C4
:10B6B000085BD0F8043843F48063C0F804385AB902
:10B6C00081F0010304EB031300EB4313D3F80029CB
:10B6D00022F40042C3F8002930BD00BFFCCE0008B0
:10B6E00000EB41132DE9F04FD3F810394F1C002621
:10B6F0001E4C85B082468846C3F3C94900EB073724
:10B70000354604EB4114DFF868B0B3B2994503D86D
:10B71000284605B0BDE8F08F0AEB4811628BD1F8DE
:10B7200010399BB29A4228BF1A46D1F818390BEA51
:10B7300083039A42ECD815446069ADB258B1002336
:10B740003946CDE9023304238DF8083002ABFEF709
:10B7500075FB0136D9E70346216938460192FEF7A9
:10B76000ADFA2369019A13442361F2E7C46600200D
:10B77000FCFF0300F8B5451E0C2314460E46684234
:10B7800082F00102684158432A4B1D58002941D1DB
:10B79000294830F81430402B194628BF40215B1A45
:10B7A00020F814300123C3F3090306EB021241EA27
:10B7B000C34305EB4212C2F81039D2F80039C3F383
:10B7C0000740C3F3076700F00C0067F07B0704280D
:10B7D00067F31F6307D1D5F80808C0054CBF43F0D5
:10B7E000805343F00053012CC2F8003911D181B1CC
:10B7F00031462846FFF774FF5EB1104B03EB46134A
:10B800001B8B834205DDD5F83438B4401C43C5F8A2
:10B810003448F8BD04EB4101084B03EB0113588990
:10B8200019890B18013BB3FBF0F39BB2012B38BF16
:10B830000123B8E7FCCE0008BC660020C4660020E7
:10B84000642905D122B112680120024B1A607047A9
:10B8500000207047B0660020084B0C2202FB00332A
:10B86000B3F90430002B08DB0122590903F01F0350
:10B8700002FA03F3024A42F821307047FCCE000876
:10B8800000E100E00B4B0C2202FB0033B3F9043063
:10B89000002B0DDB5A09012103F01F03994002F12F
:10B8A0002003054A42F82310BFF34F8FBFF36F8F79
:10B8B000704700BFFCCE000800E100E0431E584284
:10B8C00058410C235843044B1A58D2F8043823F03B
:10B8D0000203C2F804387047FCCE0008431E5842E9
:10B8E00058410C235843044B1A58D2F8043843F0FB
:10B8F0000203C2F804387047FCCE0008F8B5421EB7
:10B9000000263A4B054631461E605E605342534165
:10B910000C225343364AD4582046FFF7D5FC324612
:10B92000014607462846A36CFFF7DCFC064640B9F3
:10B930004FF0E023D3F8F03DDB0700D500BE3046E2
:10B94000F8BDD4F80038002F35D0A26C23F00303E3
:10B9500002F0C002802A01D143F4804343F0040383
:10B960002846C4F80038FFF7B9FFE368214A23F0FE
:10B97000C043927843F08043E360236823F01003D0
:10B980000AB943F0C0032360A36BE16BB1F5005F1C
:10B9900019D29AB123F4001343F40023A363284679
:10B9A000A269154B1343A361A36843F00103A3608D
:10B9B000FFF784FFC3E743F00303CFE723F44023FB
:10B9C00043F40013EAE7E16BB1F5A04F04D2002A7B
:10B9D000F6D123F40013E1E712B123F06073EFE72F
:10B9E00023F0087343F0C073D8E700BFBC660020A3
:10B9F000FCCE0008B066002004300080014608B587
:10BA0000FFF76CFF0846FFF703FD012008BD0000AB
:10BA1000431E0A4A5842D17158410C235843084BDF
:10BA20001B5831B108225A619A6942F008029A61A2
:10BA300070479A6922F00802F9E700BFBC6600204F
:10BA4000FCCE0008CB7803F0030370B50C468A885F
:10BA5000991E0646C2F30A024B424B41A178FFF7FA
:10BA6000F9FC054640B94FF0E023D3F8F03DDB0781
:10BA700000D500BE284670BD21463046FFF768FD60
:10BA8000F8E70000411E4A424A410C21F8B54A43FA
:10BA9000214B06469C5801FB003300201F7AFEF71D
:10BAA0001FFD1E4B00201E4A012198714FF001130B
:10BAB000C4F81C38CBB29F421AD904EB4113D3F817
:10BAC0000059002D05DAD3F8005945F09045C3F828
:10BAD0000059D3F8005B5087002D05DAD3F8005BDE
:10BAE00045F09045C3F8005B508501312032E1E715
:10BAF0004FF48463236123699B06FCD410232361E4
:10BB0000256915F01005FBD13046FFF701FD2846E9
:10BB1000BDE8F840FEF7F2BCFCCE0008BC66002091
:10BB2000C46600202DE9F84F01F00F0ACD099DF8F9
:10BB30002870804605EB4A04134E38469B469146D2
:10BB4000FEF7CEFC230106EB04146089C8B146F869
:10BB500003900023A4F808B06360237B6373BAF1F9
:10BB6000000F02D1094B23F815B001242A46514693
:10BB70004046FFF7FFFD3846FEF7C0FC2046BDE813
:10BB8000F88F0446F7E700BFC4660020BC660020BB
:10BB900007B5421E534253410C225343084AD25820
:10BBA000D2F8003823F4FE6343EA01138021C2F87F
:10BBB000003800231A460093FFF7B4FF03B000BD1E
:10BBC000FCCE00082DE9F0479DF8206001F00F073A
:10BBD000CD09804630469246994605EB4704FEF76C
:10BBE0007FFC0E4B220103EB0414608998B1002105
:10BBF000C4F804A0A4F80890404699502A46237B34
:10BC0000394663730124FFF7B5FD3046FEF776FC35
:10BC10002046BDE8F0870446F7E700BFC466002071
:10BC2000421E38B553420D4653410C225343044A39
:10BC3000D4580122FFF7D4FC290700D1A36C38BDEA
:10BC4000FCCE0008431E584258410C235843CB09F0
:10BC500001F00F0183F0010301EB0311084B1B58A6
:10BC600003EB4113D3F8002922F40012C3F8002992
:10BC7000D3F8002942F08052C3F80029704700BF72
:10BC8000FCCE0008421E534253410C225343B04A9B
:10BC90002DE9F04FD45887B00546A36966691E4068
:10BCA000F10475D54FF4805301206361FEF718FC51
:10BCB000A76C4FF490720021C7F38327A54800F0CA
:10BCC00094FA0023A44A0137D38004EB43110133D3
:10BCD000D1F8002B42F00062C1F8002BDAB2BA4270
:10BCE000F3D3002304EB4312D2F80019002905DA3C
:10BCF000D2F8001941F09041C2F800190133DAB2CC
:10BD00009742EFD84FF00113C4F81C380923C4F848
:10BD10001438C4F810384FF48463236123699B06F8
:10BD2000FCD410232361276917F01007FBD12846A4
:10BD3000FFF7EEFBD4F800384022012067F30A1326
:10BD4000C4F80038D4F8003923F00303C4F80039EC
:10BD5000D4F8003B23F00303C4F8003BD4F80039C7
:10BD6000C4F80039D4F8003BC4F8003B794B5A833F
:10BD70005A81A36CD4F8103B43F0C043C4F8103B85
:10BD8000A36943F4A01343F00403A361FEF7B6FBD9
:10BD9000B7041ED54FF4005363614FF40063636131
:10BDA000A36943F40063A361D4F8082812F0060FD6
:10BDB000C2F3410300F0C980981E43424341012170
:10BDC00003A88DF80C508DF80D108DF81030FEF78B
:10BDD00085FA31050FD54FF40063012103A8636193
:10BDE000A36923F40063A36104238DF80C508DF83C
:10BDF0000D30FEF773FA002E0FDA4FF000430121E9
:10BE000003A86361A36943F40063A36105238DF86C
:10BE10000C508DF80D30FEF761FA720710D5676887
:10BE20007B070CD5A369012103A823F00403A361B8
:10BE300002238DF80C508DF80D30FEF74FFA676035
:10BE400030071DD5A36919071AD50823424A636133
:10BE5000A369D27943F40063A361D4F80838C3F32B
:10BE60000D231AB9A26922F00802A261032201215E
:10BE700003A88DF80C508DF80D200493FEF72EFAD0
:10BE8000720347D5A36C04F51068A36C0027DFF894
:10BE9000C490C3F3832301330193D4F81838FB40D3
:10BEA000DB072ED5D8F808B05FFA87FA1BF0010F30
:10BEB000C8F808B00AD0002F50D1274B5A88002A62
:10BEC0004CD0012239462846FFF754FC1BF0800F66
:10BED00017D0D4F83438FB40D80712D55146204645
:10BEE000FFF7FEFB04EB4713D3F81039C3F312033B
:10BEF0003BB90122D4F83438BA4023EA0203C4F82B
:10BF000034380137019A08F1200809F12009FBB201
:10BF10009A42C2D8F10645D5A369DFF8388023F0EC
:10BF20001003DFF834A0A361D4F840C0226AC2F342
:10BF30004343C2F3030102F00F07023B042B2AD84C
:10BF4000DFE803F09CD378292200022337E700BF03
:10BF5000FCCE0008C4660020BC6600204FF007033A
:10BF60006AF07F01B9F8182003A88DF80D304FF062
:10BF700000038DF8101001218DF80C5005928DF8FA
:10BF80001130FEF7ABF9A1E704F580527D4B116843
:10BF9000126819605A606369DA06C5D4A36943F070
:10BFA0001003A361F30242D54FF48013764E4FF095
:10BFB00000086361D4F80838A76CC3F3002AC7F3FC
:10BFC0008327013704EB4819D9F80019002927DA2B
:10BFD000C1F3074303F00C03042B21D1C1F3004349
:10BFE00053451DD196F81DB0BBF1000F00F0AA809B
:10BFF000738B0BF1FF3B308B86F81DB0C218013AF2
:10C00000B2FBF3F2614B03EAC2430343C9F81039B0
:10C01000BAF1000F00F0938041F08051C9F8001987
:10C0200008F1010820365FFA88F39F42CAD807B0AA
:10C03000BDE8F08F04EB4717D7F8103B43F0C0433F
:10C04000C7F8103B48F20803C7F8083BD4F800399A
:10C05000002B04DA002280212846FFF7C1FA0623CC
:10C060008DF80C508DF80D30464B93E80300CDE968
:10C070000401012103A8FEF731F98CE7C2F30A1984
:10C080004FEA471BB9F1000F0FD008EB0B035868BC
:10C09000E8B100234A4604F58051CDE90333042377
:10C0A0008DF80C3003ABFDF7DEFE08EB0B0359896E
:10C0B00049457FF670AFA3441A89DBF8101B521A6A
:10C0C0001A81002F7FF467AF314B1F8063E703466F
:10C0D0004A4658F80B1004F58050FDF707FE58F853
:10C0E0000B304B4448F80B30DFE704EB47130122D9
:10C0F000D3F8080BC3F8082B264A944506D148F21A
:10C100002002104202D0C3F8082B44E747B9BAF81E
:10C1100000302BB13A4639462846FFF72BFB3AE769
:10C1200008EB471707228DF80C503B898DF80D203E
:10C13000059300238DF810108DF8113099E741F028
:10C1400000516BE768F07F0128465A46C9B2019159
:10C15000FFF746FAD9F8003903A8019943F40043E0
:10C16000C9F8003907238DF8101001218DF80C5003
:10C170008DF80D30CDF814B08DF81110FEF7AEF833
:10C180004EE700BFB4660020C46600200000F81F20
:10C19000BC6600200A31544F10B501390244904268
:10C1A00001D1002005E0037811F8014FA34201D02E
:10C1B000181B10BD0130F2E7884210B501EB0204F4
:10C1C00002D98442234607D8431EA14207D011F862
:10C1D000012B03F8012FF8E70244824200D110BD81
:10C1E00013F8011D02F8011DF7E7024403469342CC
:10C1F00000D1704703F8011BF9E7000070B50D4B43
:10C200000D4C00261D1BB6EBA50F09D1F6F76FF9F3
:10C210000A4C0B4B00261D1BB6EBA50F05D170BDBC
:10C2200054F8043B98470136EDE754F8043B98472F
:10C230000136F1E71CCF00081CCF00081CCF000816
:10C240001CCF0008000000000000000000000000FB
:10C2500001F0FF01102A2BDB10F0070F08D010F8B7
:10C26000013B013A8B422DD010F0070F42B3F6D1BB
:10C27000F0B441EA012141EA014122F007047FF0D4
:10C2800000070023F0E80256083C85EA010586EA2B
:10C29000010685FA47F5A3FA87F586FA47F6A5FA67
:10C2A00087F68EB9EED1F0BC01F0FF0102F0070273
:10C2B00032B110F8013B013A83EA010313B1F8D11E
:10C2C0000020704701387047002D06BF35460338FF
:10C2D000073815F0010F07D1013015F4807F02BF38
:10C2E000013015F4C03F0130F0BC0138704700BF89
:10C2F0000A44914200F1FF3300D1704710B511F8A4
:10C30000014B03F8014F9142F9D110BD034613F8D8
:10C31000012B002AFBD1181A0138704780F0004029
:10C3200002E000BF81F0004142001FBF5FEA41030D
:10C3300092EA030F7FEA226C7FEA236C6AD04FEA0D
:10C340001262D2EB1363C1BFD21841404840414052
:10C35000B8BF5B42192B88BF704710F0004F40F404
:10C36000000020F07F4018BF404211F0004F41F420
:10C37000000121F07F4118BF494292EA030F3FD0EC
:10C38000A2F1010241FA03FC10EB0C00C3F12003FF
:10C3900001FA03F100F0004302D5494260EB40008E
:10C3A000B0F5000F13D3B0F1807F06D340084FEAF9
:10C3B000310102F10102FE2A51D2B1F1004F40EBEE
:10C3C000C25008BF20F0010040EA03007047490056
:10C3D00040EB0000013A28BFB0F5000FEDD2B0FAF3
:10C3E00080FCACF1080CB2EB0C0200FA0CF0AABF16
:10C3F00000EBC25052421843BCBFD04018437047B4
:10C4000092F0000F81F4000106BF80F400000132B9
:10C41000013BB5E74FEA41037FEA226C18BF7FEA90
:10C42000236C21D092EA030F04D092F0000F08BFD2
:10C430000846704790EA010F1CBF0020704712F0B9
:10C440007F4F04D1400028BF40F00040704712F1F8
:10C4500000723CBF00F50000704700F0004343F05D
:10C46000FE4040F4000070477FEA226216BF084693
:10C470007FEA23630146420206BF5FEA412390EA56
:10C48000010F40F4800070474FF0000304E000BF4C
:10C4900010F0004348BF40425FEA000C08BF7047FD
:10C4A00043F0964301464FF000001CE050EA0102C1
:10C4B00008BF70474FF000030AE000BF50EA0102D6
:10C4C00008BF704711F0004302D5404261EB4101C3
:10C4D0005FEA010C02BF84460146002043F0B643E8
:10C4E00008BFA3F18053A3F50003BCFA8CF2083A0D
:10C4F000A3EBC25310DB01FA02FC634400FA02FC16
:10C50000C2F12002BCF1004F20FA02F243EB02001C
:10C5100008BF20F00100704702F1200201FA02FC7E
:10C52000C2F1200250EA4C0021FA02F243EB020071
:10C5300008BF20EADC7070474FF0FF0C1CEAD052B5
:10C540001EBF1CEAD15392EA0C0F93EA0C0F6FD076
:10C550001A4480EA010C400218BF5FEA41211ED054
:10C560004FF0006343EA501043EA5111A0FB013140
:10C570000CF00040B1F5000F3EBF490041EAD37115
:10C580005B0040EA010062F17F02FD2A1DD8B3F191
:10C59000004F40EBC25008BF20F00100704790F000
:10C5A000000F0CF0004C08BF49024CEA502040EA52
:10C5B00051207F3AC2BFD2F1FF0340EAC250704718
:10C5C00040F400004FF00003013A5DDC12F1190F56
:10C5D000DCBF00F000407047C2F10002410021FAC8
:10C5E00002F1C2F1200200FA02FC5FEA310040F1E0
:10C5F000000053EA4C0308BF20EADC70704792F059
:10C60000000F00F0004C02BF400010F4000F013A90
:10C61000F9D040EA0C0093F0000F01F0004C02BF8B
:10C62000490011F4000F013BF9D041EA0C018FE7FA
:10C630000CEAD15392EA0C0F18BF93EA0C0F0AD000
:10C6400030F0004C18BF31F0004CD8D180EA010026
:10C6500000F00040704790F0000F17BF90F0004FBF
:10C66000084691F0000F91F0004F14D092EA0C0FA1
:10C6700001D142020FD193EA0C0F03D14B0218BF34
:10C68000084608D180EA010000F0004040F0FE407A
:10C6900040F40000704740F0FE4040F44000704716
:10C6A0004FF0FF0C1CEAD0521EBF1CEAD15392EA95
:10C6B0000C0F93EA0C0F69D0A2EB030280EA010C85
:10C6C00049024FEA402037D04FF0805343EA11111E
:10C6D00043EA10130CF000408B4238BF5B0042F17C
:10C6E0007D024FF4000C8B4224BF5B1A40EA0C0021
:10C6F000B3EB510F24BFA3EB510340EA5C00B3EB53
:10C70000910F24BFA3EB910340EA9C00B3EBD10F40
:10C7100024BFA3EBD10340EADC001B0118BF5FEA92
:10C720001C1CE0D1FD2A3FF650AF8B4240EBC250BB
:10C7300008BF20F0010070470CF0004C4CEA50207C
:10C740007F32C2BFD2F1FF0340EAC250704740F4CB
:10C7500000004FF00003013A37E792F0000F00F0BD
:10C76000004C02BF400010F4000F013AF9D040EA3B
:10C770000C0093F0000F01F0004C02BF490011F4CF
:10C78000000F013BF9D041EA0C0195E70CEAD153C7
:10C7900092EA0C0F08D142027FF47DAF93EA0C0FAE
:10C7A0007FF470AF084676E793EA0C0F04D14B0292
:10C7B0003FF44CAF08466EE730F0004C18BF31F044
:10C7C000004CCAD130F000427FF45CAF31F000433E
:10C7D0007FF43CAF5FE700BF42000ED2B2F1FE4FE4
:10C7E0000BD34FF09E03B3EB126209D44FEA002340
:10C7F00043F0004323FA02F070474FF00000704707
:10C8000012F1610F01D1420202D14FF0FF307047A7
:10C810004FF00000704700BF53B94AB9002908BF64
:10C8200000281CBF4FF0FF314FF0FF3000F094B9EB
:10C83000ADF1080C6DE904CE00F006F8DDF804E077
:10C84000DDE9022304B070472DE9F0470646DDF824
:10C8500020E00846B4460D46002B4DD18A421446CE
:10C860006BD9B2FA82F242B1C2F12003954026FAA6
:10C8700003F394401D4306FA02FC260CA7B2B5FB55
:10C88000F6F14FEA1C4306FB115543EA054301FB51
:10C8900007F0984209D9E31801F1FF3580F0FC80D8
:10C8A000984240F2F980023923441B1A1FFA8CFC8B
:10C8B000B3FBF6F006FB10334CEA034C00FB07F326
:10C8C00063450AD914EB0C0C00F1FF3580F0E680CB
:10C8D000634540F2E380A444023840EA0140ACEBF7
:10C8E000030C0021BEF1000F04D02CFA02F3002249
:10C8F000CEE90032BDE8F0878B4208D9BEF1000FC7
:10C9000001D0CEE9006100210846BDE8F087B3FA06
:10C9100083F1174600294CD1834202D3B24200F280
:10C920000A81B6EB070C60EB030301201D46BEF144
:10C93000000FDFD0CEE900C5DCE7002A00F09480CC
:10C940001A46B4FA84F3002B40F0AA800B1B270C84
:10C95000A6B201214FEA1C40B3FBF7F507FB1533E4
:10C9600040EA034306FB05F0984207D9E31805F1B6
:10C97000FF3802D2984200F2E38045461B1A1FFAA4
:10C980008CFCB3FBF7F007FB10334CEA034C06FBBF
:10C9900000F3634508D914EB0C0C00F1FF3602D20A
:10C9A000634500F2CA803046ACEB030C40EA054018
:10C9B00098E7C1F120058B4022FA05FC4CEA030CF4
:10C9C00000FA01F426FA05F3E84002FA01F92343DC
:10C9D0004FEA1C4206FA01FAB0FBF2F71FFA8CF696
:10C9E00002FB17001C0C44EA004407FB06F0A042BF
:10C9F0000AD91CEB040407F1FF3880F09A80A042AA
:10CA000040F29780023F6444241A9BB2B4FBF2F0D8
:10CA100002FB104443EA044300FB06F69E4209D998
:10CA20001CEB030300F1FF3480F081809E427ED92D
:10CA30000238634440EA0740A0FB09749B1BA342F1
:10CA40003E46A04663D360D0BEF1000F0AD0BAEBD9
:10CA5000060263EB080303FA05F5CA401543CB4011
:10CA6000CEE90053002145E7730843EAC1734A0841
:10CA7000190C41EA02414FEAC67C9BB2B2FBF4F0CA
:10CA80002646254627461F2243EA0143B1FBF4F11F
:10CA90005B1B41EA00415DE7294606E728461CE7A3
:10CAA0001A46C3F120019C4026FA01F320FA01F155
:10CAB00090400343270C06FA02FCB1FBF7F0A6B244
:10CAC00007FB1015190C41EA054100FB06F58D42E4
:10CAD0003BD9611801D28D4220D8491B0138B1FBE6
:10CAE000F7F5A84605FB06F507FB18119BB243EACC
:10CAF0000143AB4227D2E31808F1FF31C8D2AB4261
:10CB0000C6D2A8F102012344C2E7BA459CD2B7EBD2
:10CB1000090664EB0C040138A04695E7651B29441F
:10CB20000238B1FBF7F5A84605FB06F5DCE7204621
:10CB300080E7474668E70846F9E6A444023833E749
:10CB4000023D23441AE74146A2E7491BB1FBF7F532
:10CB5000A84605FB06F5C7E7704700BFCC0060009C
:10CB600000000000DD070008950600086D060008BB
:10CB700045060008E107000805080008150600083A
:10CB80002508000850524F545645523D004D4F4421
:10CB90003D00524F4D2053504720352E313000502C
:10CBA000524F545645523D33342E3130004D4F4490
:10CBB0003D53414D2D4D31305100E432D3436D5042
:10CBC00029DE0A74A4B0EBCD02EC092DEDF6D425D4
:10CBD0002CE310F7BE301558627FE9FE602A483D0D
:10CBE00079883FE3EDD58CA5CA454AA84F8C67C02C
:10CBF000B3D43FA5D1489085EF060053464450007A
:10CC00003031323334353637383941424344454682
:10CC1000004D332062656E636820646576656C6FD5
:10CC2000706D656E74004D33205553422064696108
:10CC3000676E6F73746963732076302E36005265A9
:10CC400061642D6F6E6C7920646961676E6F7374B7
:10CC5000696373004D335251004D335253002E2FF0
:10CC600076656E646F722F68616C2F5372632F73D9
:10CC7000746D3332683778785F68616C2E63002E8C
:10CC80002F76656E646F722F68616C2F5372632FFD
:10CC900073746D3332683778785F68616C5F616494
:10CCA000632E63002E2F76656E646F722F68616C41
:10CCB0002F5372632F73746D3332683778785F68DF
:10CCC000616C5F636F727465782E63002E2F7665DA
:10CCD0006E646F722F68616C2F5372632F73746D63
:10CCE0003332683778785F68616C5F6770696F2E80
:10CCF00063002E2F76656E646F722F68616C2F5300
:10CD000072632F73746D3332683778785F68616C43
:10CD10005F717370692E63002E2F76656E646F727B
:10CD20002F68616C2F5372632F73746D33326837C1
:10CD300078785F68616C5F7263632E63002E2F7674
:10CD4000656E646F722F68616C2F5372632F7374FA
:10CD50006D3332683778785F68616C5F7263635FE8
:10CD600065782E63002E2F76656E646F722F686172
:10CD70006C2F5372632F73746D3332683778785F1A
:10CD800068616C5F7370692E63002E2F76656E6428
:10CD90006F722F68616C2F5372632F73746D33320F
:10CDA000683778785F68616C5F756172742E6300B4
:10CDB0002E2F76656E646F722F68616C2F537263CD
:10CDC0002F73746D3332683778785F68616C5F7584
:10CDD0006172745F65782E6300000000000000003F
:10CDE000132000080D2000086D1E0008ED1D00082E
:10CDF000060007000A00170000000000833C00083E
:10CE00007D3C0008C53A0008C5380008B138000864
:10CE1000BD38000809024B0002010080FA080B002F
:10CE200002020200000904000001020200040524BD
:10CE30000020010524010001042402060524060047
:10CE4000010705810308000109040100020A00002E
:10CE500000070502024000000705820240000012A0
:10CE6000010002EF020140FECA0140060001020378
:10CE700001000000FACB000811CC000826CC000805
:10CE8000FACB00083ECC00080000000001020304B9
:10CE9000010203040607080901000200040006005D
:10CEA00008000A000C001000200040008000000173
:10CEB0000804020408010101010101030701000047
:10CEC0000000000075AE0008D1AE0008D5AE000825
:10CED000F5AE000809B00008A9B000080000000085
:10CEE0000000000000000840650000000900000488
:10CEF000000004404D00000009000004000008404C
:10CF00006500000009000004000004404D0000001E
:04CF10000900000410
:08CF14003CF3FF7F0100000067
:10CF1C00080000000090D0030090D0030100000036
:10CF2C0010000000E1A000080C00000018610020B7
:10CF3C00C000000000000000E1A00008000000009C
:04CF4C00FF000000E2
:0400000508004B1193
:00000001FF
