:020000040800F2
:100000000000022085470008D9470008D9470008AA
:10001000D9470008D9470008D94700080000000068
:10002000000000000000000000000000D9470008A8
:10003000D947000800000000D9470008E124000863
:10004000D9470008D9470008D9470008D947000810
:10005000D9470008D94700088D2F0008932F0008C2
:10006000D9470008D9470008992F0008D947000848
:10007000D9470008D9470008D9470008D9470008E0
:10008000D9470008D9470008D9470008D9470008D0
:10009000D9470008D9470008D94700089F2F000812
:1000A000D9470008D9470008D9470008D9470008B0
:1000B000D9470008D9470008D9470008D9470008A0
:1000C000D9470008D9470008D9470008D947000890
:1000D000D9470008D9470008D9470008D947000880
:1000E000D9470008D947000800000000D947000898
:1000F000D9470008D9470008D9470008D947000860
:10010000D9470008D9470008D9470008D94700084F
:10011000D9470008D9470008D9470008D94700083F
:10012000D9470008D9470008D9470008D94700082F
:10013000D9470008D9470008D9470008D94700081F
:1001400000000000000000000000000000000000AF
:10015000D9470008D9470008D9470008711200089C
:10016000D9470008D9470008D9470008D9470008EF
:10017000D9470008D9470008D94700080000000007
:10018000D9470008D9470008D9470008D9470008CF
:10019000D9470008D9470008D9470008D9470008BF
:1001A000D9470008D9470008D9470008D9470008AF
:1001B000D9470008D9470008D9470008D94700089F
:1001C000D9470008D9470008D9470008D94700088F
:1001D000D9470008953B0008D9470008D9470008CF
:1001E000D9470008D9470008D9470008D94700086F
:1001F000D9470008D9470008D9470008D94700085F
:10020000D9470008D9470008D9470008D94700084E
:10021000D9470008D9470008D9470008D94700083E
:10022000D9470008D9470008D94700080000000056
:10023000D9470008D947000800000000D947000846
:10024000D9470008D9470008D9470008D94700080E
:10025000D9470008D9470008D9470008D9470008FE
:10026000D9470008D9470008D9470008D9470008EE
:10027000D9470008D9470008D94700080000000006
:10028000D9470008D9470008D947000800000000F6
:0802900000000000D94700083E
:1002A00070B50C461E461546D0E9000398473060ED
:1002B0002368984204D0002320606360012070BD51
:1002C0006368044A013393426360F7D90A2300202C
:1002D0006B60F4E73F420F0002460144002010B576
:1002E0008A4200D110BD12F8013B0824584010F09A
:1002F000800F0CBF0023D523013C83EA4003D8B212
:10030000F5D1EDE7924B2DE9F04F89B00026144668
:100310001A8888469B7805463146ADF80820204665
:1003200078228DF80A30049604AF8DF807603E718C
:100330000BF017FEB8EB060918BF4FF00109D5E91D
:100340000003C4F8089098472B693146E060CDE976
:10035000060628689847EB68E061314628689847A8
:10036000E369A06118431DD0092363602B69002154
:1003700028689847E06118B163680BB90923636086
:100380002B6A214628689847D5E900039847636897
:100390006061002B40F025814FEA4903236009B0DA
:1003A000BDE8F08FB8F1000FE0D04FF001082868E9
:1003B000AB682146C4F80080984706466060002874
:1003C000D4D1EB684146286898474045A061CBD11D
:1003D00040F6B738D5E900039847824603AB22467A
:1003E00006A92846FFF75CFF0028BFD0039BA3EBBC
:1003F0000A034345F2D92B6901212868984701284F
:10040000E061B1D1D5E9000398478046EB69224607
:100410000DF1070128689847002801DA0523A4E7B1
:1004200014D0636B0133FF2B636301D908239CE76E
:1004300003AB224606A92846FFF732FF002895D0D5
:10044000039BA3EB0803632BE0D9EFE7D5E9000397
:1004500098472061E36A022B2ED903AB224606A9F6
:100460002846FFF71DFF002880D02269039B9B1AB6
:10047000632B2FD8AB692146286898470028CDDB2D
:10048000EBD0D5E9000398474FF00008834603AB53
:10049000224606A92846FFF703FF00283FF466AF6F
:1004A000039BA3EB0B03B3F57A7F25D3A36B002B40
:1004B0000CBF0423062358E703AB224606A92846AF
:1004C000FFF7EEFE00283FF451AF2269039B9B1A11
:1004D000632B01D9032348E7E36A224628682033C7
:1004E0006B4413F8181C6B699847002896DB1EBFF5
:1004F000E36A0133E362ADE7EB6922460DF10701E0
:1005000028689847002889DBC1D0236B9DF8071025
:1005100003F1010AA36C1F2BC4F830A00CD85A1C9D
:10052000A26423F0030203F003032244DB00106DF6
:1005300001FA03F318431065B8F1000F0AD1CC2972
:1005400008D0636B01336363BAF1FF0F9FD96DE786
:10055000CCC8000808F12003B8F1040F6B4403F87D
:10056000101C3BD104213846FFF7B6FE9DF814302D
:1005700083421CD126F0030306F0030217F8011B87
:1005800001362344D200052E01FA02F11A6F42EA25
:1005900001021A67EED19DF81130BDF81220012B2F
:1005A0006664E36322643FF4E1AE0723DDE6A36BF8
:1005B00001210133A3633B4613F8012FCC2A02D05B
:1005C00001310529F8D1636BC1F1050838460B44A8
:1005D0004246394463630BF0ABFCB5E708F1010810
:1005E000B2E70323DAE600BF084BDB69836213F04E
:1005F0000F0308D0C26C1A43054BC2640F221B685C
:1006000001201A6270471846704700BF004800403A
:100610003800002010B510461446FFF7E5FF10B172
:100620004FF0FF3010BD064BDA699206FAD55B6ACF
:1006300020460B70FFF7D8FF0028F1D10120F1E729
:10064000004800400A1E08484FF4005118BF01221C
:1006500008B505F0BDFC4FF40051034805F0A6FCB9
:10066000431E5842584108BD000802580A1E084857
:100670004FF0080118BF012208B505F0A9FC0821B8
:10068000034805F093FC431E5842584108BD00BF83
:10069000000C02582DE9F043B9B0B8220F460021F2
:1006A0000AA84FF002080BF05CFC4FF0000903238E
:1006B00008A8CDE90889269306F0BEFE044618B1C5
:1006C000022039B0BDE8F0834046494607F0B8FE45
:1006D0003B4B38629842F3D13A4B4FF480613A4831
:1006E0004FF48068D3F8E0200126384D42F0020232
:1006F000C3F8E020D3F8E02002F002020192019A50
:10070000D3F8E82042F48022C3F8E820D3F8E820A8
:1007100002F480220292029AD3F8902042F48022BE
:10072000C3F89020D3F8902022F48022C3F89020C0
:10073000012205F04DFC03A923480794CDE90544A7
:10074000CDE9038605F0A2FA8C22214620480BF061
:1007500008FC1F4B1F4A43F8085C4FF4E133104676
:1007600053600C23536108F0A3FE08B10120A8E7F1
:10077000184808F047FF04460028F7D1EB68B3F5A6
:100780000B7F7B629CD1EB69980299D5EB6959028A
:1007900096D5022303A90C4804930723CDF80C80B7
:1007A000079305F073FA4FF40063074803A9059611
:1007B000039305F06BFA084B20461E6081E700BFEB
:1007C0000090D00300440258000402580048004042
:1007D00040000020380000203400002004F05EB803
:1007E00008B51046FFF700FF30B9054BDA6912066D
:1007F00001D50120996208BD4FF0FF30FBE700BF33
:100800000048004008B50846FFF7EEFE20B9044B4B
:10081000D869C0F3801008BD4FF0FF30FBE700BF80
:100820000048004010B514480C46082105F0BEFBF6
:10083000431E4FF4005158425841A0610F4805F043
:10084000B5FB421E0E4B50421B685041E06193B114
:100850000C4BE26CDB69A36203F00F031343E36408
:100860001BB163680BB905236360074B1A681368F3
:1008700023F00103136010BD000C02580008025859
:100880003400002000480040380000201F4B0021A9
:10089000D3F8E02042F0040210B588B0C3F8E0209D
:1008A000D3F8E020002403A802F004020192019A88
:1008B000D3F8E02042F00802C3F8E0201422D3F875
:1008C000E03003F008030293029B0BF04AFB002286
:1008D0004FF400510E4805F07BFB01234FF400520A
:1008E00003A90B48CDE90323CDE9054405F0CEF972
:1008F00022460821074805F06BFB082303A9054899
:10090000039305F0C3F908B010BD00BF00440258BE
:1009100000080258000C0258F0B5094D8BB006468D
:100920000F4601AC0FCD0FC40FCD0FC42B683A4654
:10093000314601A82360FFF7E5FC0BB0F0BD00BF16
:10094000D0C8000830B501444FF0FF33084D88424D
:1009500001D1D84330BD10F8012B5340082213F0C9
:10096000010418BF2C46013A84EA5303F7D1EEE79D
:100970002083B8ED00210B4630B521F00102A1F132
:100980000E04825A02F47F45012C98BF2A46CD07F7
:100990004CBFD2B2120A5340082213F4004F0CBFCE
:1009A00000244FF44054013A84EA43039BB2F4D14B
:1009B00001311029E1D1180B30BD002330B51A46A2
:1009C00000F10C044FF6FF7530F8021F002908BF34
:1009D0000132A94208BF01338442F5D1062B18BF6A
:1009E000062A14BF0120002030BD2DE9F041089DEA
:1009F0001E46002342F21074DDE906782B60C8F829
:100A00000030A0F59C43203BA34203D9002038606E
:100A1000BDE8F0814C1E4FF6FD739C42F6D842EAC9
:100A20000603B3F5803FF1D240F6E4434C0803FBE4
:100A30000044B4FBF1F4A4F5E163B3F5E16FE5D84C
:100A4000A2FB04020B233C6047F6FF77A0FB0301E7
:100A5000A4FB064603FB0211C0194FF6FF724FF0CC
:100A6000000341F100010BF08FFD2419C8F80000CC
:100A70004FF6FF727641E0194FF0000346F1000196
:100A80000BF082FD28600120C2E700002DE9F04F45
:100A900087B015460446109A05930023049113600D
:100AA000059A13604A1E814B9A4203D9002007B071
:100AB000BDE8F08F6A1E9A42F8D8FFF77EFF002843
:100AC000F4D02046FFF756FFE38903F00F03984266
:100AD000ECD163891B02EA1AA3896EEB0E0EA3FB0D
:100AE000020903FB0E99B9F1000F03DA704BC0182D
:100AF00049F100092789C00DA18840EA4920A7FBD8
:100B000002534FEAE95910F5FA6607FB0E3349F133
:100B1000000C002B02DA7F3543F10003ED094FF49E
:100B2000803745EA4365DB11C1FB07530195E58832
:100B30009B466188A5FB023405FB0E44002C02DABB
:100B4000FF3344F100041B0AB6F5FA6F4FEA24257F
:100B500043EA04634FF40044C1FB04357CF1000117
:100B6000029566DA052700FB09F5A0FB001404EBEB
:100B70004504A1FB075107FB04114E4C6F08A64228
:100B80004FEA95054FF0FF3447EAC1774FEA610815
:100B900045EA81757CEB04044FEAA101039124DA54
:100BA00040F6AC544FF0070A041949F1000904FB60
:100BB00009F9A4FB040404EB4904A0FB0A9119EB16
:100BC00007090AFB041A03994F464FF00B094AEB39
:100BD0000808A0FB090A09FB04AA400840EACA70F9
:100BE000401941EB6A010546039102FB0EFEA2FB90
:100BF000022010EB4E0005D56FF000441419224678
:100C000040F10000D20F42EA4002C017524260EBAE
:100C1000400092191646019A4CEB000CD71B6BEB67
:100C2000080B5D1B0197DDE9023263EB02012B46E5
:100C30000291049A0299A2FB0332049800FB01225C
:100C4000002A03DA1C495B1842F100025B0D01998E
:100C500043EAC22352155B1A62EB0B01109A00297A
:100C6000166008461A4604DA47F6FF729A1841F1F0
:100C70000000D20B16F57A6642EA404205984CF124
:100C8000000C026043F2D50296427CF1000CBFF4E6
:100C90000DAFB3F1FA73094A41F1FF31934271F19B
:100CA000000134BF0120002001E700BFFDFFFF006D
:100CB000FFFF7F0024FAFFFFFFFF1F0000806CE8AA
:100CC00000687047A0F13003DAB2092A01D818464B
:100CD0007047A0F14103052B01D837387047A0F1C8
:100CE0006103052B94BF57384FF0FF30704770B544
:100CF000054608460E460BF0C1F91D2804460AD8E1
:100D00000246314628460BF003F920B9285DB0FAB7
:100D100080F0400970BD0020FCE74FF4757210B5FB
:100D20000C4600210BF01DF90122C0E94744026086
:100D300010BD10B5046A00230C44C0F83831C0F867
:100D4000503104628469C0F82C311443D21A18BFA0
:100D50000122C91A846118BF0121090141EAC201B7
:100D600082680A43C0E94C33826010BD02680346C2
:100D700010B512B3D0F8302112B9D0F8502192B189
:100D80009A6B8A1AB2F5C87F0DD90022C3E94C22AA
:100D9000C3F83821C3F850215A6B01325A639A685C
:100DA00042F080029A60D8685C6820F03802C3F88C
:100DB0002011DA6014B107221A6010BD440709D46B
:100DC000D3F81C218A1A41F288318A4294BF012249
:100DD0000222F1E793F870000238C0B201281DD852
:100DE00093F87100C00719D593F8AA00C40715D469
:100DF0001E4C03F17400FFF763FF04191C48844282
:100E00000CD81C4C03F17800FFF75AFFA04205DB19
:100E1000194CA042DCBF42F00802DA6093F8670088
:100E200000F007000728D3F82C0104BF42F010029D
:100E3000DA6060B1186C40F6B834081AA04206D8DF
:100E4000586C091AA1429CBF42F02002DA60900758
:100E500001D40322B0E7910601D40622ACE712F0D8
:100E6000080F0CBF04220522A6E700BF00D2496B81
:100E700000A493D600175BCA00E9A4352DE9F84F0A
:100E800004460D4611461746FFF770FFE369D4F894
:100E900030610133A763E361082E00F27281DFE85D
:100EA00016F0090068007001700170017001700196
:100EB00076007A00B52D06D10023C4F85031012305
:100EC000C4F8303106E0242D06D1012384F85453B0
:100ED000C4F85031BDE8F88FD4F850110029F9D08A
:100EE00080290AD10023C4F85031236B01332363D6
:100EF000A36843F04003A360ECE74B1C0A2D214498
:100F0000C4F8503181F85453E4D1062B29D991F813
:100F100053330D2B25D191F850332A2B21D104F5D1
:100F2000557301F24F3213F8010F934286EA00061F
:100F3000F9D191F85103FFF7C5FE0546681C10D0A2
:100F400091F85203FFF7BEFE421C0AD000EB0510D9
:100F5000B04206D1A36A0133A3620023C4F8503122
:100F6000B8E7E36A0133E362A36843F02003A360B8
:100F7000F3E7622D09D0A5F1B5035D425D41002381
:100F8000C4F83051C4E95133A4E70225F7E7082338
:100F9000C4F84C5194E7D4F84C21D4F844319A4227
:100FA00040F0E880D4F848319D4240F0E380636A25
:100FB00004F5AA7A01336362D4F83C310A2B40F07D
:100FC0009880D4F84031042B58D1D4F83861272EBA
:100FD00007D9A6F128011E23B1FBF3F203FB12117E
:100FE00039B1236B01332363A36843F04003A3604B
:100FF00044E03C2204F1E0000AF0B3FF534604F160
:10100000B80204F5BE7153F8040B8B4242F8040B8E
:10101000F9D14FF0280B5E453DD8E5680C227C499C
:1010200004F1B80025F002056665E76345F00103A9
:10103000E3600AF06DFF002857D194F8C4302BB15B
:10104000202B52D194F8C530282B4ED11E220021DE
:1010500004F1B8000AF0B4FF002846D06D4904F14D
:10106000E000FFF744FE00283FD06B4904F1FE008A
:10107000FFF73DFEC8B345F00305E56000233946A0
:101080002046C4F83831C4F85031C4E94C33BDE8C7
:10109000F84FFFF76BBE0AEB0B0508225F492846A5
:1010A0000AF036FF60B92B4604F1E00205F11C019D
:1010B00053F8040B8B4242F8040BF9D11B881380C0
:1010C0000422574928460AF023FF58B904F1FE03C9
:1010D00005F11C0255F8041B954243F8041BF9D195
:1010E0002A881A800BF11E0B95E7A36843F48073DE
:1010F0007DE7012BC2D1D4F84031072BBED1D4F803
:1011000038215C2A7FF46DAF514604F15C000AF08F
:10111000A7FF236D5046276401332365E36843F03E
:101120000403E3603F4BFFF7CBFD984206D9002351
:10113000C4F82C31A36843F4007358E7D4F828317D
:1011400063B1394AD4F82431D31A0344B3FBF2F122
:1011500002FB1133354A591E914208D80123C4F8C5
:1011600024016764C4F82831C4F82C3186E7002BC9
:10117000DDD183E7E36A0133E362A36843F0200330
:1011800035E7D4F84431023ED4F848212B44DBB291
:10119000C4F844311344DBB2C4F84831032E27D8D5
:1011A000DFE806F002060A0E0323C4F83C5187E686
:1011B0000423C4F8405183E60523C4F838517FE680
:1011C000D4F83831002243EA0523C4F83421B3F5BA
:1011D000007FC4F8383106D9C4F83021C4F838216A
:1011E000C4F8502181E6002B0CBF0723062367E6D5
:1011F000D4F834315A1C2344C4F8342183F85451B0
:10120000D4F838319A427FF465AE072358E600BF20
:1012100002C900080FC900081DC90008F4C8000869
:10122000FDC80008FF830C2400840C24FE41061234
:10123000B52370B5037062234370A9B10A22042359
:10124000C3700023411C461D1C468270437103710C
:1012500011F8012F2244B14202EB030514462B463C
:10126000F6D18271C57170BD01220723E8E7000045
:101270002DE9F84F20261B4FDFF86C901B4CFB69C3
:1012800013F00F0109D0D9F800200A43C9F8002053
:101290002268013222600F223A629B0612D57A6AD6
:1012A00071B9DFF84CA0134BDAF800801B6808F125
:1012B0000105C5F30A05AB4206D12368013323605B
:1012C000013EDCD1BDE8F88FDFF82CB00BEBC80392
:1012D0001A7103F0E3FA4BF83800BFF35F8FCAF8D6
:1012E0000050EDE700140140600500206405002077
:1012F0006C05002068050020700500202DE9F043F2
:10130000594EB9B003F0CAFA044601463046FFF719
:1013100004FD0021554B0822554D0AA819604FF0D5
:101320000108544B4FF0000929601960524B1960B5
:10133000524B1960524B1960524B1960524B196055
:10134000524B1C60524B1C60524B1C60524B1A603B
:10135000B822524B19600AF004FE182308A8CDE900
:101360000889279306F068F8044610B101237360DA
:1013700076E04046494607F063F8494B30619842B1
:10138000F4D1484B21464848D3F8E020474C42F07E
:101390000402C3F8E020D3F8E02002F00402019236
:1013A000019AD3F8F02042F02002C3F8F020D3F8DD
:1013B000F02002F020020292029AD3F8982042F024
:1013C0002002C3F89820D3F8982022F02002C3F816
:1013D00098208C220AF0C5FD334B354A43F8084C5F
:1013E0004FF41653104653600C23536108F060F815
:1013F00008B10223BBE72E4808F004F9074600288D
:10140000F7D1E36841F60B2293427361AED1E369F1
:1014100003F4C003B3F5C00FA8D1C022022303A96F
:10142000CDE903230723CDE905002248079304F003
:101430002DFC3A460621472004F0AAFB472004F081
:101440000FFC0F2347202362236843F4907323602B
:10145000A36843F00103A36001232B6004F0D8FBD1
:1014600039B0BDE8F08300BF74010020D80000202F
:10147000DC000020580500205C05002060050020ED
:1014800064050020680500206C0500204C05002044
:10149000500500205405002000000020D40000204A
:1014A0000090D00300440258E800002000140140DE
:1014B000E000002000080258664B1B682DE9F04749
:1014C000002B00F09580644F3B68002B40F090802B
:1014D0000123624C624E3B6003F0E0F9614A05462D
:1014E000D6F800C013681060C31AA26DDFF87881C7
:1014F0009A425E4A116838BFA3655D4B8C451868F7
:1015000003D1D8F8001081421DD0EFF3108C72B6D1
:101510005849D2F80090584AD3F800A00B681068D8
:10152000096811608CF3108831681B1A52464B48C9
:10153000C3F30A03A9EB01011944FFF7FAFBC6F84C
:101540000090C8F800A04FF480784B4EDFF824A13B
:10155000DFF828913268DAF800309A4213D0336805
:10156000BFF35F8F09EBC30159F833200979BFF34B
:101570005F8F01333948C3F30A033360FFF77EFC02
:10158000B8F10108E6D1DFF8F88029463348FFF7C3
:10159000EDFBD8F80030002B2CD03A4A3A493B4EAC
:1015A0001368072B19DCC869000611D4384B1B6877
:1015B000EB1AC82B1AD9082313600023C8F800308F
:1015C000E36C0133E364A36843F48063A3600DE03C
:1015D000581CF35C10608B62E2E7082BE6D12A4BC3
:1015E000DB695906E2D50023C8F8003000233B60D0
:1015F000BDE8F087244BDB695A06F7D5DFF89490F5
:10160000D9F80030EB1AB3F57A7FEFD3E368DB0744
:101610001DD5214B1E6842F20F73AE1B9E4294BF34
:101620000026012631461948FFF702FE0EB11A4B7B
:101630001D60174B0022C9F800501D60114B1A6045
:101640000123C8F80030A36C0133A364CEE7012660
:10165000E8E700BFDC000020D80000207401002073
:101660005C0500205405002058050020640500207A
:10167000600500206C050020680500207005002032
:10168000D40000200000002000140140CC00002005
:1016900048050020500500204C05002010B50446E8
:1016A00003F0FCF801460548FFF760FB4FF48E722B
:1016B000024920460AF0D4FC10BD00BF740100208E
:1016C000F8B50368044616460D46D3E90002904774
:1016D0002368074631469A68186890472368D3E91B
:1016E00000029047C01BB04206D26B680BB10020CD
:1016F000F8BD0B236B60FAE70120F9E74B6810B5E2
:101700000C4623B101229A408368134383608368A7
:1017100063620368D3E9000290476368A061002B0D
:101720000CBF02230323236010BD2DE9F0438BB0CF
:10173000174681460F220C4602A800219846DDE993
:1017400012560AF00EFC0F2247EAC617002106A81F
:101750000AF007FC8DF808702EB92A4641460DF1B3
:1017600009000AF07DFCD9F8000004F10C0306AA78
:1017700002A900936B1C07690068B84707462EB1A1
:101780002A460DF1190140460AF06AFC3FB1636830
:101790000BB90323636000200BB0BDE8F083012088
:1017A000FAE713B50124CDE90044FFF7BEFF02B00C
:1017B00010BDF7B506460C460A2500270DF10703B4
:1017C0007F22214630468DF80770FFF7EAFF70B19F
:1017D0009DF80730DB070AD4012221463046FFF787
:1017E0006FFF20B1013DE9D1636813B1002003B060
:1017F000F0BD06236360F9E77FB552BA04460D4693
:101800001E46ADF80C20FFF7D4FF10B9002004B03D
:1018100070BD0223002229462046CDE9003203ABE9
:101820007C22FFF782FF0028F0D0012229462046C3
:10183000FFF746FF0028E9D029462046FFF7B9FF09
:101840000028E3D033467E2229462046FFF7A9FF31
:101850000028DBD0012229462046FFF731FF00286F
:10186000D4D029462046FFF7A4FFD0E72DE9FF4159
:1018700000271D460DF10A0306460C4690468DF8DA
:101880000A708DF80B70FFF7B7FFB8B39DF80A30F8
:101890002146304623EA05039DF828501D4398FA57
:1018A00098F3EDB2ADF80C308DF80E50FFF781FFD4
:1018B00020B303237C2221463046009303AB0197DB
:1018C000FFF733FFD0B1012221463046FFF7F8FE83
:1018D000A0B121463046FFF76CFF78B10DF10B0344
:1018E000424621463046FFF787FF38B19DF80B305E
:1018F000AB4204D063680BB907236360002004B0D7
:10190000BDE8F0811FB54FF0000C8DF80F300123BA
:10191000CDE9003C0DF10F03FFF707FF05B000BD57
:1019200070B5002386B0722205468DF80D300C4646
:10193000ADF810308DF80E308DF80F30ADF8143052
:101940008DF816300DF10D03FFF72BFF48B19DF810
:101950000D30E92B84F8233006D063680BB90423DB
:101960006360002006B070BD022301261B222146C1
:101970002846CDE9003604ABFFF7D7FE0028F0D0AB
:101980000DF10E03102221462846FFF70AFF00281A
:10199000E7D00DF10F034AF2672221462846FFF7F0
:1019A0002BFF0028DDD00323162221462846009372
:1019B00005AB0196FFF7B9FE0028D2D09DF80E10B6
:1019C0009DF811500B049DF810609DF80F2043EA1C
:1019D00005230A2E43EA060343EA0263E36110D1BA
:1019E0000A2D0ED10F290CD193070AD59DF814307A
:1019F000042B06D19DF815301BB99DF81630012B2C
:101A000004D06368002BACD10723A9E7236A43F411
:101A100000332362A6E700002DE9F0430546144693
:101A200085B00E46142200212F4604300AF099FAA0
:101A30003C22002120460AF094FA47F80C6B4FF044
:101A40000108D6E900039847224620613946F36829
:101A500042F80C8B306898470023EA688DF808300C
:101A6000A2638DF809308DF80A308DF80B3088B1FB
:101A70006368404518BF022003B96060636821466F
:101A8000E26828466B602A61A360FFF737FE05B065
:101A9000BDE8F0837E4B9A4205D06368002BEDD100
:101AA000C4F80480EAE702AB722221462846FFF719
:101AB00078FE0028E2D09DF808301A06E92B226251
:101AC00005D06368002BD9D104236360D6E70DF1FC
:101AD00009032D2221462846FFF763FE0028CDD0BA
:101AE0000DF10A03322221462846FFF75AFE00284C
:101AF000C4D002237F2221462846FFF703FF002897
:101B0000BCD0022221462846FFF7DAFD0028B5D0D6
:101B10009DF80A30322221462846FFF7F3FE0028BE
:101B2000ACD09DF809302D2221462846FFF7EAFE69
:101B30000028A3D00DF10B037F2221462846FFF792
:101B400030FE00289AD09DF80B7017F0020704D0E1
:101B50006368002B92D10523B7E70DF10B0319221F
:101B600021462846FFF71DFE002887D09DF90B303F
:101B7000002BEDDA3B46162221462846FFF7C2FE2F
:101B800000283FF47BAF3B46172221462846FFF74B
:101B9000B9FE00283FF472AF0123182221462846DF
:101BA000FFF7B0FE00283FF469AF02234AF2672234
:101BB0002146284600933B46FFF758FE00283FF495
:101BC0005DAF344B0DF10C084AF23A064AF23E0979
:101BD00003930097324698F8003021462846FFF7D5
:101BE00045FE00283FF44AAF013608F10108B6B2BD
:101BF0004E45EED10DF10B03324621462846FFF744
:101C0000FBFD00283FF43AAF9DF80B309B0705D44D
:101C10006368002B7FF432AF072356E70A231B22A9
:101C200021462846FFF76EFE00283FF427AF0A231F
:101C30001C2221462846FFF765FE00283FF41EAF10
:101C40000423162221462846FFF75CFE00283FF4B5
:101C500015AF0F23102221462846FFF753FE002818
:101C60003FF40CAF642221462846FFF729FD0028E7
:101C70003FF404AF21462846FFF752FE00283FF408
:101C8000FDAE01236B61236A43F480232362F5E6F2
:101C900040420F00489224497FB50C460546382241
:101CA0000021201D0AF05DF901232360EB68A36386
:101CB0002B68D3E9000290476E6800232061A6607C
:101CC0008DF80F300EB96B696BB92B69002EE3608C
:101CD00008BF0226636803B9666021462846FFF7FD
:101CE0000DFD04B070BD236A2146284643F48023CD
:101CF0002362FFF715FE0028EFD00DF10F03192224
:101D000021462846FFF74DFD0028E6D09DF80F201C
:101D1000236A110643EA0203236205D56368002B98
:101D2000DBD105236360D8E7012221462846FFF76F
:101D3000C7FC0028D1D00DF10F03192221462846F7
:101D4000FFF72FFD0028C8D09DF80F301A0684F841
:101D50002030E3D45B0714D40136642EE4D16368E9
:101D6000002BBAD10823DDE72B68D3E900029047A6
:101D70002369C01A0528B0D96368002BADD10A23A6
:101D8000D0E72B68D3E9000290470E23012220619F
:101D900021462846CDE9003204F128030022FFF74E
:101DA000C4FC002899D02B68D3E900029047236A2D
:101DB0006061192243F480332146284623620DF1E5
:101DC0000F03FFF7EEFC002887D09DF80F30226A42
:101DD000180642EA03222262A0D45907C4D56368D8
:101DE000002B7FF47AAF09239CE70000F7B51D466E
:101DF000023B1746089C00220D2B0E46226004D998
:101E0000174B2360012003B0F0BD8021154804F07A
:101E1000DFF80A2331463A460093ABB2124806F087
:101E200009FE0646104806F0AFFF012240EA0665AB
:101E300080210C4804F0CCF880210A48256004F089
:101E4000B5F801281FBF236843F0804343F0010326
:101E50002360002ED6D12068801B18BF0120D2E756
:101E60000400004000040258884500202DE9F0419C
:101E700000265A4CB8B00F460E6015461660314623
:101E8000D4F8E030142203A84FF0800843F0020396
:101E9000C4F8E030D4F8E03003F002030193019B72
:101EA0000AF05FF8012280214D4804F091F80123E7
:101EB00003A94B48CDE90383CDE9056603F0E6FEAF
:101EC0004146474804F072F8012802D0454B2B6088
:101ED0005CE03146B8220AA80AF043F8424A0023DF
:101EE00008A8CDE908234FF48043209305F0A4FA15
:101EF000064628B106062E60012038B0BDE8F08104
:101F00004FF48050002106F09BFA384B984202D0E3
:101F1000374B2B60F0E7D4F8F03031464246354875
:101F200043F48053C4F8F030D4F8F03003F4805315
:101F30000293029BD4F8983043F48053C4F898304D
:101F4000D4F8983023F48053C4F898300AF009F894
:101F5000294C284B4FF08060284A43F8084C4FF436
:101F6000800353600723D3604FF0A043C2E9060308
:101F70004FF000431046536506F020FC064638B18A
:101F80001E4806F001FF40EA066028600220B4E720
:101F9000A3681B4A23F00F4323F47F0323F47F43FA
:101FA00023F0E003934203D1E46814F0607401D09D
:101FB000144B8CE722462821094804F009F83822FE
:101FC0000223074803A9CDE903230523CDE90643EE
:101FD00003F05CFE0C4B20463B608EE70044025849
:101FE0000004025801000040001000800090D0035F
:101FF000020000409045002000300140884500204C
:10200000070000500300004040420F00084601F066
:10201000EFBF02F043BC0000024602490248FFF74E
:10202000FBBC00BF4CCB00087045002001460148B6
:10203000FFF732BE7045002030B5E7B0104C1FA846
:102040006D46FFF72BFB1FA94FF48E7204F5387015
:102050000AF006F807A801F0A1FD07A9602204F51F
:10206000207009F0FDFF684600F0BEFF04F519740A
:102070000FCD0FC495E8070084E8070067B030BDB6
:102080001446002038B5164D0024FFF7D5FF02F0A6
:1020900005FC4FF47F7168612846EC60FEF752FC46
:1020A000104A11491368C5F8FC0301331360CB6073
:1020B000BFF35F8F2346032B08BF042355F823008B
:1020C00041F823000133B3F5807FF4D1BFF35F8F74
:1020D000136801331360CB60BFF34F8F38BD00BF6F
:1020E000144600201046002000000024012001F0CA
:1020F0007FBFF0B587B01F4604460D461646002147
:10210000142201A809F02DFF2946FAB2204603F057
:102110005FFF002301A92046CDE90156CDE9033335
:1021200003F0B4FD07B0F0BD2DE9F84F074688462F
:1021300092469B46BDF82C9008269DF8305000240E
:10214000EA0959465046640003F042FFFFF7CEFF0C
:1021500001224146384603F03BFFFFF7C7FF4946DF
:102160000A986D0003F022FF0022012808BF44F006
:10217000010441463846EDB203F02AFF013EE4B2C5
:10218000DED12046BDE8F88F38B501224FF48071CA
:102190000E4803F01DFF02F081FB05464FF48071ED
:1021A0000A4803F003FF0128044603D1FFF79EFF0E
:1021B000204609E002F072FB401B0428EED9044BD4
:1021C00001220020C3F8BC2038BD00BF0004025823
:1021D0001446002010B501224FF40071124803F09C
:1021E000F7FEFFF7D1FF044650B14FF400710E48DF
:1021F00003F0DCFE012806D00C4B0222C3F8BC2001
:102200000024204610BD00224FF40071064803F060
:10221000DFFEFFF76BFF00224FF48071024803F0EE
:10222000D7FEFFF763FFECE70004025814460020D6
:1022300070B504460825E2094FF400711C4803F00C
:10224000C7FEFFF753FFFFF79FFF10B9002420469A
:1022500070BD00224FF480711548640003F0B8FE91
:10226000FFF744FF013DE4B2E5D101224FF40071D4
:102270000F4803F0ADFEFFF739FFFFF785FF044677
:102280000028E3D04FF40071094803F08FFE0646A2
:102290002A464FF48071064803F09AFEFFF726FFA6
:1022A000012ED4D1034B0322C3F8BC20CEE700BFDC
:1022B000000402581446002010B500224FF480712B
:1022C000134803F085FE00224FF40071104803F01C
:1022D0007FFEFFF70BFFFFF757FF044601224FF485
:1022E00000710B4824B903F073FE0024204610BD92
:1022F00003F06EFEFFF7FAFE4FF40071044803F09E
:1023000055FE0128F2D0034B0222C3F8BC20ECE7B3
:102310000004025814460020F8B508260025074698
:102320000C4601224FF400711D4803F051FEFFF7E7
:10233000DDFEFFF729FF10B900242046F8BD6D002F
:102340004FF40071164803F031FE0022012808BF47
:1023500045F001054FF48071114803F039FEFFF795
:10236000C5FE013EE3D1E2B24FF400710C4803F028
:102370002FFEFFF7BBFEFFF707FF04460028DBD068
:1023800032464FF48071064803F022FE01224FF4DA
:102390000071034803F01CFEFFF7A8FE3D70CCE778
:1023A000000402580023F7B504460E4615468DF882
:1023B00005308DF806308DF80730FFF70BFF38B980
:1023C0000446FFF779FF64B90024204603B0F0BD4E
:1023D000EE20FFF72DFF0028F2D02046FFF728FF60
:1023E000EEE70028F0D00B2001F002FEFFF7F2FE2E
:1023F00000BB0446FFF760FF002CE5D00028E3D0C7
:10240000FFF7E8FEF8B90027FFF756FF0446002F54
:10241000DAD00028D8D09DF806309DF805201B02A0
:1024200043EA02439DF807201343336002F036FA73
:102430002860CAE7EE20FFF7FBFE0028D9D0002075
:10244000FFF7F6FED5E7EF20FFF7F2FE0028DAD01F
:1024500000210DF10500FFF75FFF0028D3D0002118
:102460000DF10600FFF758FF0028CCD001210DF137
:102470000700FFF751FF0746C6E70000014670223C
:10248000044808B509F0ECFDFFF7FCFDBDE8084085
:1024900001F0B6BC1448002030B5D2B9B3F5806F56
:1024A00017D10E4BDC68E20715D4BFF35F8F4A1ECD
:1024B000184601F2FF3110F8015B02F8015F8A4211
:1024C000F9D1BFF35F8FD868001B18BF012040000F
:1024D00030BD0120FCE70220FAE700BF0000002425
:1024E00008B502F0CFF9BDE8084000F05BBD7047C9
:1024F00008B50422044B41F000411A61C3F8BC1036
:10250000FFF7C0FD00BFFDE7144600202DE9F04FA6
:102510006D4CADF5237DD4F8D06002F07FF802F069
:1025200083F9D4F8E03043F00203C4F8E030D4F883
:10253000E03003F002030993099BD4F8E03043F044
:102540000803C4F8E030D4F8E03003F008030A933D
:102550000A9BD4F8E03043F01003C4F8E030D4F81C
:10256000E03003F010030B930B9BFEF78FF9002371
:10257000012208215548FFF7BCFD002301228021DC
:102580005248FFF7B6FD0123802151481A46FFF754
:10259000B0FD012340214E481A46FFF7AAFD002353
:1025A000012208214A48FFF7A4FD0023012204214B
:1025B0004748FFF79EFD0023012220214448FFF7F2
:1025C00098FD002301224FF400614248FFF791FD7E
:1025D000002310213E481A46FFF78BFD00234FF4DD
:1025E00080513C481A46FFF784FD012304213748F7
:1025F0001A46FFF77EFD01234FF4005135481A4675
:10260000FFF777FD012311224FF480713048FFF767
:1026100070FD012311224FF400712D48FFF769FD71
:1026200000F048FC00232C4A194642F823100133DD
:10263000B3F5807FF9D1294C0823DFF8A49004F189
:102640002005C4E900934FF48063A36040F6FF7354
:10265000E36101232361234B03F14007186808332A
:1026600053F8041C2A46BB4203C21546F6D11E4B42
:10267000082126661B68144E63661C4B1548D3F868
:102680000028A266D3F80428E266D3F80838236746
:102690003369C4F8CC3003F089FCC4F8C800FFF7F4
:1026A000F1FC134B1A68134B9A4203D1356915F0AC
:1026B000380521D0042323610623C4F8BC30FFF77A
:1026C000E1FC00BFFDE700BF0044025800100258C3
:1026D00000040258000C0258000000241446002098
:1026E0004442334D2AC900080010005C00E0F11F8D
:1026F000080000200090D00364204FF0010801F092
:1027000077FC0223C4F8C0802361C4F87480FFF70B
:10271000B9FC4422294644A809F023FC4FF4803335
:1027200042A8CDF80881439304F09EF83368A3676C
:10273000002840F03D82336813F4003F14BF0223A9
:102740000323BF4E4FF00108636701F045FAFFF71E
:1027500099FC0223C4F87C804FF01009C4F8C03003
:10276000FFF790FC0022802130464FF0000A03F072
:102770002FFCFFF7BBFCF2233246082130460096BF
:10278000CDE901932023FFF7CFFC20233246082117
:1027900030460096CDE9019AFFF7C6FC8346FFF765
:1027A000A5FC42468021304603F012FCBBF1E90F44
:1027B000C4F880B014BF03230223E367FFF762FC71
:1027C0004A46514684A809F0CCFB0323C4F8848010
:1027D000C4F8C0307723C4F88830FFF753FCFFF704
:1027E000F9FC002840F0E6810646FFF765FD16B1CA
:1027F000002840F0E98103230426C4F88430FFF761
:1028000041FC0123C4F8C0604FF00009C4F8B430A3
:10281000FFF738FC00224021894803F0D9FBDFF89C
:102820002482FFF763FC4FF480534FF09F0C314636
:10283000032642468248CDF80080CDE9013C4FF4A2
:102840000063FFF771FC4FF480537E4A04217C48FB
:10285000CDF80890CDE900834FF40063FFF764FCE6
:10286000013E40EA0525EED1FFF740FC0122402160
:10287000734803F0ADFB744BC4F8B8509D4214BFCD
:1028800003250225714EC4F8B450FFF7FBFB012568
:102890000623C4F84851C4F8C030C4F85051FFF7BB
:1028A000F1FB284684A9FEF737F8782284A9684806
:1028B00009F0D6FB0821634803F078FBC4F8C80090
:1028C000FFF7E0FB0723C4F8C05112ADC4F8C030D5
:1028D000FFF7D8FB12A8FFF79FFB0FCD0FC60FCD58
:1028E0000FC60FCD0FC695E8070055AD86E8070067
:1028F000FFF7C8FB574B1868083353F8041C2A46E7
:10290000BB4203C21546F6D1534D65AB002695E890
:10291000070083E807000823C4F8C0300123C4E996
:102920008063FFF7AFFB68AA55A9304600F0E4FFCB
:10293000702268A905F5CC7009F092FBFFF7A2FBA5
:10294000FEF7DCFCFFF79EFB032323610523C4F89D
:10295000C03001F0A3FF05F16C03C4F8C400079375
:10296000002601F09BFFD4F8D030742200210133FF
:10297000059007980DF1300BC4F8D03009F0F1FA4A
:1029800001F08CFF0123C4F8D40030A8C4F818313A
:102990000DF1340AC4F8DC3001F098FC309B0322BE
:1029A0000DF138090DF13C08C4F8DC3010AF319B53
:1029B00021ADC4F8E030329BC4F8E430339BC4F856
:1029C0004031349BC4F83831359BC4F8E830369B2D
:1029D000C4F8EC30379BC4F8F030389BC4F8F430BE
:1029E000399BC4F8F8303A9BC4F8FC303B9BC4F8E0
:1029F00000313C9BC4F804313D9BC4F808313E9B38
:102A0000C4F80C313F9BC4F81031409BCBF80060F8
:102A1000C4F81431419BCAF80060C4F844310A2359
:102A2000C9F80060C8F800603E601196C4E946230A
:102A3000D4F88430022B69D108492A4600230FE0DC
:102A400000040258000C02581840EF00D447002040
:102A50005C4700202AC900087C4600209C460020D4
:102A6000013351F8040F082B22F8020BF8D1284645
:102A7000FDF7A3FF002849D02846FDF77BFFEB892F
:102A800003F00F03984241D1D4F8BC304A4659466E
:102A9000482006930023C4F8BC30FFF783FC88B1BC
:102AA000D4F83C3142465146582043F00103C4F863
:102AB0003C31FFF777FC28B1D4F83C3143F00203F6
:102AC000C4F83C31D9F80030DBF80010C4F83031DC
:102AD000D8F80030DAF80020C4F83431D4F8BC302B
:102AE000C4F82011C4F81C31069BC4F82421C4F892
:102AF000BC3058B139B132B16FF07F43994202D046
:102B00009A4240F0D3800B23C4F81C312846724F00
:102B1000FFF78CFA0FCD0FC70FCD0FC70FCD0FC723
:102B200095E8070087E8070001F0B8FEA3690821CF
:102B3000C4F8D80001336948A36103F037FAC4F838
:102B4000C80001F0ABFEE6606061C4F8FC61FEF70E
:102B5000B3FCFFF771FA01F0A1FE4FF47F716061E1
:102B6000A7F5F870FDF7EEFE68AAD4F8D010C4F807
:102B7000FC03A7F5F87000F0E7FE702268A907F1E2
:102B8000100009F06DFAFFF77DFA8021544803F038
:102B900039FA01F083FE059BC31AB3F57A7FBFF4BF
:102BA000E0AE059B03F57A73181A01F021FAD7E617
:102BB0000323C6E5EE20FFF73BFB00283FF414AEED
:102BC0001E20FFF735FB0FE60DF5047ADFF81491B0
:102BD000A0260DF5AA784FF0000B052001F008FAA9
:102BE00088F800B08DF8A0B1FFF7F4FA002842D1C0
:102BF0000590FFF761FB059B002B3FF4FCAD00281F
:102C00003FF4F9ADFFF7E6FA00283DD10590FFF754
:102C100053FB059B002B3FF4EEAD00283FF4EBADDA
:102C2000023698F800209DF8A031F6B243EA02235C
:102C3000B02E2AF8023B49F8043FD1D184A8FDF711
:102C400099FEBDF81E32C4F8AC0084A803F00F034F
:102C5000C4F8B030FDF7B1FE18B1D4E92B239A4285
:102C600022D084A8FDF7A9FE00280CBF0523042369
:102C7000C4F8BC30BFE5EE20FFF7DAFA0028B7D081
:102C80003046FFF7D5FAB3E7EF20FFF7D1FA002877
:102C9000BCD000214046FFF73FFB0028B6D0012101
:102CA00068A8FFF739FBB1E70223A5E50DF1440859
:102CB0003B4621A8CDF80080FDF7E8FE3B68C4F84C
:102CC0002831119BC4F82C3108B90C231CE70223CE
:102CD000C4F818311AE700BFD4470020000C02588E
:102CE000001002589C460020F0B5C46887690C1B90
:102CF000BC4288BF8461052C88BF0468DDE90556A5
:102D000084BF44F01004046004685EB344F002041D
:102D10000DB144F0040413F0530604600AD044F0EB
:102D20000805056045696F1C15BF013544F048046E
:102D300045610460D44303F0510304F053041C4381
:102D4000130403F4A6031C4383682343836026B95A
:102D50004368534013F0530F00D0016192B2C16039
:102D60004260F0BD24F0020444F02004D0E730B407
:102D7000C56915B130BCFFF7B7BF30BC7047F7B5B8
:102D8000164604460D461822002108301F4609F059
:102D9000E8F8B3B201222946204663600023E261CD
:102DA00022603246C4E9035501970093FFF79CFF68
:102DB00003B0F0BD264BD3F8E00010F0080010B5CA
:102DC00042D0D3F8F40010F002003DD0A3F56053D8
:102DD00043F20F321868104037D1DB68134033D10B
:102DE0001C498A68D2B2332A2FD1CA6840F2033113
:102DF00022F0F0021205120D8A4226D14FF0B042A5
:102E0000D2F8801001F0530153291ED1516801F00E
:102E10005301532919D1126802F05302022A14D126
:102E20000D490E4CB1F90020002A0EDB500902F0CA
:102E30001F0254F82000D04010F0010004D00133EC
:102E40000231042BEED1012010BD0020FCE700BFB1
:102E5000004402580004005860CB000800E100E084
:102E6000F7B5EFF3108572B64FF0B043D3F8884052
:102E70000440C3F888400C4B1B6883B17CB101F05F
:102E80000DFD0A4B06461F69FFF794FF00230190D2
:102E90003A463146009323460548FFF768FF85F31D
:102EA000108803B0F0BD00BF144A0020000C025887
:102EB000184A00202DE9F04188B0EFF3108772B670
:102EC0002D4B00242D4D03A92D482C60D3F8E02074
:102ED000DFF8B08042F00802C3F8E020D3F8E02029
:102EE00002F008020192019AD3F8F42042F00202A3
:102EF000C3F8F4205122D3F8F430079403F002030E
:102F00000293029B4FF40413CDE90544CDE903235A
:102F100002F0BCFE4FF4441302211948CDE903131B
:102F200003A902F0B3FE4FF0B0435322C3F8882048
:102F300038F9026B00220E210134304602F028FEDF
:102F4000304602F08DFE304602F062FE042CEFD1D6
:102F500001F0A4FC0A4B04461E69FFF72BFF214633
:102F6000034632460848FFF70AFF01232B6087F328
:102F7000108808B0BDE8F08100440258144A0020CF
:102F8000000C025860CB0008184A00200120FFF70F
:102F900067BF0220FFF764BF1020FFF761BF40202A
:102FA000FFF75EBF0D4B1B6873B5A3B1EFF3108441
:102FB00072B601F073FC0A4B05461E69FFF7FAFE74
:102FC0000123019032462946009300230548FFF76C
:102FD000CEFE84F3108802B070BD00BF144A0020FA
:102FE000000C0258184A002070B5EFF3108672B634
:102FF000054D04460FCD0FC495E8070084E807008F
:1030000086F3108870BD00BF184A00200068704722
:103010000144884201D10120704710F8013BFF2B89
:10302000F7D000207047F0B589B004460025164659
:1030300007A80795049011980390109802900F9894
:1030400001900E98009027692068B84778B1079BD7
:1030500046EAE6762846E3620223A6666362A36A2E
:1030600043F00403A3620323236209B0F0BD0120EF
:10307000FBE770B586B0002401264FF0FF3205ABA8
:1030800005210396054602932346CDE90044FFF748
:10309000CAFF30B30DF115034FF0FF32352128463A
:1030A00003960094CDE901432346FFF7BCFFC0B16E
:1030B0000DF116034FF0FF321521284603960094B8
:1030C000CDE901432346FFF7AEFF50B19DF816301E
:1030D0009DF815201B0443EA02239DF81420134396
:1030E000AB6306B070BD0000C369012B10B5044688
:1030F00004D1D0F88C300BB1036F5BB10E23636247
:10310000A36A43F48043A3624FF0FF33A366032313
:10311000236201E0436A0BB1002010BDFFF7A9FF55
:103120000028F9D0A36B48F20302134205D005230F
:103130006362A36A43F02003E5E7084A134205D01F
:1031400006236362A36A43F04003DCE79905E4D4F5
:1031500007236362A36A43F08003D4E71C400400A2
:1031600030B5044685B01D4662B1013BB3F5805FC2
:1031700008D2B1F1807F05D8C1F18073AB4201D391
:10318000036F5BB108230020A1666362A36A43F466
:103190008073A3620323236205B030BDCDE902250D
:1031A000CDE900330A460321FFF73DFFF4E70000B5
:1031B000F8B53B4B0546FFF729FF984242D1281D41
:1031C000FFF724FF01283DD105F10C00FFF71EFF9A
:1031D0008842044636D105F11C073846FFF716FF32
:1031E000DC282FD805F1FC00FC21FFF70FFF064675
:1031F0002846FDF7A7FB864224D105F11000FFF712
:1032000005FFB0F5805F1DD2B0EB143F1AD805F171
:103210000800FFF7FBFE034605F11800FFF7F6FE76
:1032200006463846FFF7F2FE012B01460CD1C4F3E7
:103230000B04344306D1542804D105F11400FFF7E0
:10324000E5FE20B30020F8BD9A1E012AFAD8022B11
:10325000C4F3032407BF0322482305229023002C34
:10326000F0D0013CB4FBF2F002FB1044B442E9D1CF
:10327000032A0CBF02220422B24218BFDC238B4275
:10328000E0D105F11400FFF7C1FE0028DAD001F10A
:103290002000C1F1DC012844BDE8F840FFF7B8BECA
:1032A0004D334C472DE9F04F0D4604469146002121
:1032B0002F4641F2E8028BB098464FF0010B08F020
:1032C00050FE2646D9450FCF0FC697E807004FF0AE
:1032D000FF3786E80700C4F81C90C4F820B0A76642
:1032E00007D90F224FF40043C4E9092303232362C3
:1032F00052E04C22414604F1940008F0B1FE002354
:1033000007AA04F1300107932868EB68984748B191
:10331000079BC4F824B0E362A36A43F00203A362EC
:10332000A766E3E728680621AB6898472046FFF7C1
:10333000A0FE88B348F20106A36B1E4005D005230A
:103340006362A36A43F02003E9E74FF0030A0DF13B
:10335000200833463A469F212046CDF80CA000961F
:10336000CDE90168FFF75FFEB0B19DF821309DF80F
:1033700020201B0243EA02439DF822201343634AA4
:10338000934263630BD0A36AC4F824A043F00803FC
:10339000A362A766C4F820A00BB0BDE8F08F082395
:1033A00032465A212046CDE90283CDE90066FFF777
:1033B0003AFE0028F0D004225549404608F0A8FD06
:1033C000034628B104236362A36A43F01003DFE7D6
:1033D00008224B21CDE90282CDE900003A46204681
:1033E000FFF721FE0028D7D0434603CBC4F8E00006
:1033F0004046C4F8E410FFF709FEE06309A8FFF7B0
:1034000005FEB9F1010F2064C4F88CB03DD0002650
:1034100004F1E803B24604934FF48053049A314612
:103420002046FFF79DFE0028B6D04FF48051049847
:103430000AF10107FFF7ECFD00B9A764DDF810B051
:103440004FF0000805964FF480715846FFF7E0FDF5
:1034500008B3A16F0131A167059B08F101080BF5C5
:10346000807B03F58073B8F1100F0593EBD1AB6946
:10347000676403B31AF01F0F1DD104F11C01286803
:10348000984706F58056BA46C6E72046FFF72CFE59
:103490000028BCD180E705995846FFF789FE18B986
:1034A000216D01312165D7E7B8F1000FD4D1E16C6E
:1034B0000131E164D0E7B7F5805FE2D1A36CC4E9E4
:1034C0001533B9F1000F14D16B6907A92868984723
:1034D00058B1079BE36202236362A36A43F00403CB
:1034E000A3624FF0FF33A36600E7012323670223A3
:1034F000FDE6B3F5805FFAD10D236362A36A43F45E
:103500000053A3624FF08073EDE700BF1840EF0057
:103510006BC900080846FEF7B1BF000070B59CB04B
:103520000E46342200210FA84FF0807408F019FDD8
:1035300003234FF480700EAD0E934FF4005311939C
:103540004FF48063CDE914030123CDE917436C46A2
:103550000FCD0FC40FCD0FC40FCD0FC495E80300DE
:1035600000230EAA84E8030069460A48CDE90E3319
:1035700003F04AF80446074803F026F940EA0460DD
:10358000002C08BF0028306014BF012000201CB0B0
:1035900070BD00BF245B00202DE9F043614C002585
:1035A000BBB016460D60884615601422D4F8E03092
:1035B00029460DEB0200402743F00203C4F8E03037
:1035C000D4F8E03003F002030193019BD4F8E0301B
:1035D00043F00803C4F8E030D4F8E03003F0080307
:1035E0000293029BD4F8E03043F01003C4F8E030BB
:1035F000D4F8E03003F010030393039B08F0B1FC10
:1036000001224021484802F0E3FC012305A9464875
:10361000CDE90573CDE9075502F038FB394642483C
:1036200002F0C4FC0128814602D0404B336012E016
:103630002946B8220CA808F094FC4FF0024200235F
:103640000AA8CDE90A2330231D9303F0F5FE0546B1
:1036500028B10506356001203BB0BDE8F0834FF08E
:103660000070002104F0ECFE314B984201D0314B48
:10367000DCE7D4F8D43029463A462F4843F4804357
:103680000425C4F8D430D4F8D43003F48043049330
:10369000049BE36F43F48043E367E36F23F48043C9
:1036A000E36708F05EFC244A244B1721A2F10C00CA
:1036B00042F80C3C072342E902354FF44073C2E95B
:1036C000011302F0D1FD044630B11D4803F07CF82F
:1036D00040EA04603060BEE71421194803F0C2F8E4
:1036E000022305A9104806930923CDF820900993D9
:1036F000059502F0CBFA05A9124802F0C7FA4FF47B
:10370000605305A91048059302F0C0FA0A23064841
:1037100005A90597099302F0B9FA0C4B2046C8F8A1
:10372000003099E7004402580004025801000040AC
:103730000090D00302000040305B00200050005297
:10374000245B002000100258000C025800127A007E
:10375000084600F04DBC01F0A1B800002DE9F0478B
:103760009CB0154600229946289E0C46DDE9267835
:10377000DDE924A33260002F00F09580002B40F09B
:10378000928001F0EF03052B01D035296FD16A1C1F
:1037900040F089805AEA090340F08580B8F1010FB2
:1037A00040F081800021302210A808F0DAFB4B2C79
:1037B0006FEA050225EAE57512BF00234FF4804346
:1037C0004FF440314FEAD27218BF1946BAF1000FD8
:1037D0004FEA8222CDF84C900CBF4FF080704FF032
:1037E0004070CDF86080CDE90E454FF400540EAD29
:1037F000CDE911414FF480716C46CDE91412CDE949
:1038000016300FCD0FC40FCD0FC40FCD0FC495E8E8
:103810000300142284E803006946344802F0CAFD1C
:10382000044628B914223946304802F08BFE04467B
:103830002E4802F0C9FF40EA046030600CB900284D
:1038400052D0142200210EA808F08BFB0122402147
:10385000274802F0BDFB402201230EA92448CDE9F0
:103860000E230023CDE9103302F010FA1DE09F294A
:1038700007D16B1C17D15AEA090314D1B8F1030F11
:103880008EE74B2907D1681C0DD15AEA09030AD1EA
:10389000B8F1080F84E75A290BD155EA0A0302D17F
:1038A000B9F1080FF4D0134B336001201CB0BDE810
:1038B000F087032901D06B29F5D1002DF3DB08F146
:1038C000FF33B3F5805FEED2C8F18073AB42EAD329
:1038D000E31E18BF0123B9EBC30FE4D1A4F16B01C0
:1038E0004B424B4153455BE72046DFE7245B00201A
:1038F0000004025803000040F0B50F4D89B08C461B
:103900000746164601AC0FCD0FC495E8070001230A
:1039100084E80700094C3A4601A909482360634638
:10392000FFF7C0FC70220749304608F099FB0023DE
:10393000236009B0F0BD00BF68CB0008384A002002
:103940003C4A0020584A002010460449702208B51D
:1039500008F086FB024B00221A6008BD584A00207E
:10396000384A00202DE9F74F06468A4617460029B7
:1039700034D0531EB3F5806F30D2B0F1807F2DD894
:10398000C0F18073934229D3294DD5F80080B8F156
:10399000000F4BD1274C0120D4F820B0BBF1020F0F
:1039A0001DD1D4F88C30D3B1D4F870902860B9F11F
:1039B000000F18D0204802F009FF98B1A36A1E48F2
:1039C00043F00403C4F824B0A3620323236202F08B
:1039D000FBFEC4F87080E062C5F80080022003B0EE
:1039E000BDE8F08F20673B46524631461148FFF74D
:1039F000B7FB08B92860F1E7B9F1000F13D001A9AE
:103A00000020FFF78BFD60B102236362A36A43F0DD
:103A10000403A36203232362019BE36200232B6060
:103A2000DCE70123236700202860D8E70120D6E7E0
:103A3000384A00203C4A0020245B002000487047A0
:103A4000CFCB00080028024818BF0020704700BFF5
:103A500084CB000870B52A4D8AB0064605AC0FCD60
:103A60000FC42B68236066B9264B40F209425A8086
:103A70000123013323485B0043F4407303800AB001
:103A800070BD032E27D1204B6A4603F1100518683C
:103A9000083353F8041C1446AB4203C42246F6D143
:103AA0001B781849194A1A48237013780AAC04EB9A
:103AB000131313F8283C4B8012F8013B03F00F035B
:103AC000824203F128036B4413F8283C21F8043F99
:103AD000EBD11823CDE7042E0FD80AAB094903EB2D
:103AE0008606002356F8140CC25C002AC1D0272B8E
:103AF000BFD0013321F8022FF6E70020BFE700BF57
:103B0000E4CB0008705B002070C9000800E8F11FDA
:103B10000CE8F11F10461A4608B5FFF723FF18B14D
:103B2000012814BF0320022008BD00000B4A0C4BE3
:103B300011681964916A5964116C9964526DDA6460
:103B4000084A12691A65084A12682AB1074A926B34
:103B50005A65074A52689A65704700BF0044025888
:103B60003C600020000C0258D45B0020000008409C
:103B70000008084008B5FFF7D9FF044B062258603B
:103B80001A6000229A60024B1A6008BD3C60002057
:103B9000D45B00200121002005F0DABD08B50C4BF4
:103BA0000C49D3F850248A62D3F85424CA62D3F85B
:103BB00058240A63D3F85C24D3F860344A638B63D7
:103BC000FFF7B4FF6022034908F04AFA08BD00BFBE
:103BD000D85B00203C6000202DE9F04F5C4B0025B5
:103BE000B9B05C4E1D604FF001085B4B5C225B4F2F
:103BF00029461D6030465A4B5A4C1D603D6008F006
:103C0000B0F9594B2946594A594846F8048C00F0F6
:103C10000BFAD4F8E0301022294643EA08030DEBF2
:103C20000200C4F8E030D4F8E03003EA080300935F
:103C3000009BD4F8E03043F00803C4F8E030D4F837
:103C4000E03003F008030193019B08F08AF94FF478
:103C50000043484803A9039302F018F82368980327
:103C600005D44046FFF786FF39B0BDE8F08F2168E4
:103C700011F0A85101D00220F4E7A36AB8220AA8E3
:103C8000022523F003034FF4802A4FF0000B43F08A
:103C90000203A36208F065F94FF40013192108A884
:103CA0002A93C0231695CDE912130423CDE91453AA
:103CB0004FF40073CDE908AB189303F0BDFB8146C8
:103CC00008B10320CEE75046594604F0B9FB2A4B11
:103CD000B060984204D1294B1A68294B9A4201D00E
:103CE0000420BFE74FF4C05303A92648CDE90335AC
:103CF0000A23CDE90595079301F0C8FF02F0CEF93C
:103D0000D4F8D8304A46062143F000636520C4F851
:103D1000D830D4F8D83003F000630293029BD4F873
:103D2000803043F00063C4F88030D4F8803023F052
:103D30000063C4F8803001F02BFFC7F80080C6F89C
:103D4000048046F8045C00F0A9FD0F4B18608BE777
:103D5000C05B002040600020CC5B0020D45B0020D2
:103D6000D05B002000440258153B0008992400084D
:103D7000D85B0020000C0258006CDC020800002018
:103D80000090D00300000258C85B0020034B9A69E2
:103D900001329A6104221A60704700BF3C60002023
:103DA000024B032202481A6000F04CB93C6000202C
:103DB000D85B0020034BDA690132DA6105221A6010
:103DC000704700BF3C60002008B506F063F8024B66
:103DD0000330186008BD00BF3C60002010B50C46E1
:103DE00058B951B9054800F02DF9204606F0D2FE29
:103DF0002046BDE8104006F0EDBE10BDD85B0020A7
:103E00002DE9F347FDF758FB6E4B1B68002B00F0C4
:103E1000A8806D4D2C68002C40F0A38001236B4FCF
:103E20002B6000F03BFD6A4A064613681060694A41
:103E30001168694A8A430ED03B682BB106F03AF804
:103E4000204606F0B3F83C60644800F0FBF806201A
:103E5000FFF790FE83E0624CC31A4FF400416148C3
:103E6000E26B934288BFE36302F0A0F80128814629
:103E7000D7F800805DD14FF0030AC4F808A0B8F16C
:103E8000000F71D00021084606F040FB06F002F852
:103E9000A36843EA80030020A36006F049FEA368FC
:103EA000314643EAC0034D48A36000F0D3F805F063
:103EB000F1FF002853D005F0F5FF00284FD106F0A0
:103EC00037FE00284BD04FF04008DFF81091D9F8AA
:103ED0004474B7B9384606F03FFE90B1012201A9FB
:103EE000384606F04FFE01280BD1236A32469DF872
:103EF000041048460133236200F0BEF8B8F101080F
:103F0000E5D1002601A93548019600F081F9019A12
:103F1000014622B3304606F04DFE074601462F48C3
:103F200000F082F9636A30463B44636206F04AFE61
:103F300015E001230026A3602B4B1E60B8F1000F93
:103F40000BD005F0B7FF304606F030F86369234820
:103F500001333E60636100F075F8022323600023A3
:103F60002B6002B0BDE8F0871F4A204B116811B9E1
:103F700010601E60F3E71B68F31A132BEFD9ADF83E
:103F8000000001AA64214046CDF8048005F0A4FF9A
:103F900048B905F099FF20B105F08CFF002006F02C
:103FA00005F8052054E76946404605F0A1FB0028C6
:103FB000EFD02369C7F800900133C4F800A0236153
:103FC00060E700BFD45B0020CC5B0020D05B00200A
:103FD000C85B00200044025800000220D85B00208B
:103FE0003C600020000C0258C05B0020C45B002035
:103FF00038B5044600F052FC0546631C00D001347D
:1040000000F04CFC401BA04200D338BDFFF7F8FE87
:1040100000BFF5E7006870470B0A017043700B0C96
:10402000090E8370C1707047F8B504460F461646F6
:104030001D4640F26442002107F093FFA560C4E9E9
:104040000076F8BD0023C0F84834C0F84434C0F806
:1040500040347047D0F840346BB1D0F84C34C91AB2
:10406000B1F5FA7F07D90023C0F84034D0F85834AE
:104070000133C0F8583470472DE9F843D0F8443480
:1040800004460D46002B40F0BD801146FFF7E2FFCD
:10409000D0F84034C0F84C245A1C0344172AC0F806
:1040A00040241D7316D9042257490C3007F030FF05
:1040B00098B1D4F85434172204F10D0104F10C0026
:1040C0000133C4F8543407F033FFD4F84034013BD3
:1040D000C4F840340120BDE8F88304F12000142125
:1040E000FFF798FF064604F10C00FCF72BFC864214
:1040F000DFD104F11400228AFFF78CFF804604F11F
:104100001800678AFFF786FF064604F11C00FFF7D8
:1041100081FFD4F85034012A054603F10103C4F8A5
:104120005C84C4F8503407D0D4F8543401200133EF
:10413000C4F8543400251EE0012F4FD1002EF3D1D6
:10414000B0F5806FF0D1D4F80490B9F1000FEBD046
:104150002B46324604F13C012068C847032803D8A7
:104160000128E1D0032849D1D4F860340025032088
:104170000133C4F86034254B4FF00009414684F800
:104180002A001B6804F12C0084F82B9004F124020F
:10419000636201232385FFF73FFF314604F13000BE
:1041A000FFF73AFF294604F13400FFF735FF39469F
:1041B00004F13800FFF730FF05F1180110461C35F7
:1041C0005618FCF7BFFB01463046FFF725FFC4F841
:1041D0004094C4F84894C4F844547BE7022FA3D118
:1041E000431EB3F5806F9FD2B6F1807F9CD8C6F195
:1041F0008073834298D3D4F80890A6E70028BAD0F9
:10420000022097E7002066E7C4C90008C9C9000872
:10421000D0F84824D0F844349B1A00F124020B60F3
:10422000D0F8480410447047D0F84424D0F84834FB
:1042300010B5D41A8C420CD30B449A42C0F84834BF
:1042400001D0012010BD0023C0F84434C0F8483428
:10425000F7E70020F6E7000070B5002388B00625D8
:1042600004240E4601900DEB04011748CDE90633F6
:104270000723CDE9025340F2FF73CDE9043400F087
:1042800005FCE8B90120FFF7B3FE0F4801F0AEF8D6
:10429000C0B914210C4800F041FB28B10A4801F0D4
:1042A00063F9284608B070BD074800F0D3FB3060C2
:1042B000054801F059F9002814BF07200020F1E754
:1042C0002046EFE70520EDE7A86000202DE9F04348
:1042D000442204468DB000210430DFF82C8207F020
:1042E00040FE8A4B03228A4FB3F86030226063613C
:1042F000884B1E68002E40F09780874D4FF00109D3
:1043000007A98648C3F80090D5F8E03043F00403CD
:10431000C5F8E030D5F8E03003F004030493049BC3
:10432000D5F8F43043F00203C5F8F430D5F8F43092
:104330000B9603F002030593059B0C23CDE9096658
:10434000CDE9073201F0A2FC4FF08061084600F091
:10435000B1FA4FF00061084600F0ACFA704B5B68B0
:1043600003F04063B3F1406F40F08580EB6C4FF495
:104370000020002123F04053EB64AB6D23F4403365
:1043800043F40033AB6504F05BF8664B984274D19C
:10439000D5F8E030384643F08073C5F8E030D5F802
:1043A000E030C8F8009003F080730693069BD5F8C0
:1043B000883043F08073C5F88830D5F8883023F012
:1043C0008073C5F888304FF4E01305F5E055FE60C2
:1043D000C7F818903D60C7E901360423C7E908967D
:1043E0003B61C7E90A66C7E90C6601F08FF900284E
:1043F00045D1AA684C4B134043F0004343F480334B
:10440000AB6000F04BFA8146AB68002B07DA00F096
:1044100045FAA0EB0900C728F6D9032602E00120DF
:10442000FFF7E6FD414B1E60404B1B68E360636095
:104430004BB9636942F21072A3F59C43203B93424F
:1044400038D90823636000F029FABB6D2063A360AC
:10445000334B5B686363D8F800304BB1344B9B68D7
:10446000A363344BDA69E263DA6822649B686364AD
:104470000DB0BDE8F0830A26D4E74E46D2E7022607
:10448000D0E70923DEE704F12C03029304F12803AB
:10449000019304F124030093D4E90723D4E905012F
:1044A000FCF7A3FA0028ECD06368002BCBD10223E1
:1044B0002360C8E704F118011F48FFF7CDFE6060D4
:1044C0000028C0D1236904F11C01012043F001033D
:1044D0002361FFF7C1FE60600028B4D1236904F1B5
:1044E0002001164843F002032361FFF7B5FE606028
:1044F0000028A8D1236943F004032361BB6D002B7E
:10450000C1D00B239EE700BF9C60002000E8F11F94
:10451000A8600020A460002000440258000802584F
:10452000000400580090D003C0FFFE3FA0600020B0
:1045300000630258006002580000B8CF0200300447
:104540002C4A136803F00F03062B05D8136823F0D9
:104550000F0343F007031360274B1A6842F0010270
:104560001A6000221A61254A19680A4021491A6016
:104570000A68100705D50A6822F00F0242F0070208
:104580000A6000221E499A61DA611A6299621D4925
:10459000D9621D4919635A639963DA6319645A64CD
:1045A000196821F4802119601A66184B1B686FF393
:1045B0000F03B3F1005F03D2154B0122C3F80821AA
:1045C0000D4BD3F8D420D2040FD4D3F8D42043F227
:1045D000D20142F48052C3F8D4200E4A1160D3F8BD
:1045E000D42022F48052C3F8D4200B4B4FF0006249
:1045F0009A60704700200052004402587FEDF6EAAE
:10460000000202020000FF01800201010010005CB4
:10461000008000510040005200ED00E02DE9F04123
:10462000494C236903F03803102B00F08B8016D817
:10463000BBB146484449464A8B69C3F30323D35C64
:10464000D8408B6903F00F03D35C424A03F01F0389
:1046500020FA03F31360404B1860BDE8F081182B7B
:1046600005D023683D48C3F3C103D840E2E7A56AFB
:10467000A36AD4F82C8013F47C7FC3F30510666B17
:10468000D8D007F0B9FDC6F3CC06074608F0010004
:1046900005F00305704307F0AFFD4FF0645107F0DC
:1046A00003FE012D06462BD0022D3BD023682B485C
:1046B000C3F3C103256BD84007F09EFD394607F0D0
:1046C000A7FE0446C5F3080007F096FD314607F043
:1046D000E3FC4FF07E5107F0DFFC0146204607F077
:1046E000E3FD194B0446186BC0F34620013007F078
:1046F00083FD0146204607F08BFE07F025FF99E772
:10470000206BC0F3080007F077FD314607F0C4FCCA
:104710004FF07E5107F0C0FC39460446104807F0C0
:1047200077FEDAE7206BC0F3080007F065FD31463D
:1047300007F0B2FC4FF07E5107F0AEFC394604465C
:104740000848ECE7084875E70044025800093D00B6
:10475000F8CB000804000020080000200090D003DF
:104760000024744A20BCBE4B40787D01044BDA68BB
:1047700042F00202DA605A689204FCD5704700BF2A
:1047800000480258DFF838D0FFF7F0FFFFF7D8FEF7
:104790000C480D490D4A002302E0D458C45004339C
:1047A000C4188C42F9D30A4A0A4C002301E0136072
:1047B0000432A242FBD307F0DDFBFDF7A7FEFEE7C4
:1047C0000000022000000020340000208CCC0008F3
:1047D00034000020E4670020FEE7704738B50F4B37
:1047E00005461A780AB9012038BD4FF47A73B3FB35
:1047F000F2F30B4A1068B0FBF3F001F01DFA044627
:104800000028F0D10F2DEED8024629464FF0FF3098
:1048100001F0BEF9034B20461D60E5E70C000020C7
:10482000080000201000002010B5032001F092F9CC
:1048300002F090FB0F49104A8B69C3F30323D35C4A
:1048400003F01F03D8408B6903F00F03D35C0B4ABE
:1048500003F01F0320FA03F31360094B18600F20C5
:10486000FFF7BCFF044618B9FFF7B7FF204610BD9D
:104870000124FBE700440258F8CB000804000020A4
:1048800008000020034A044B11681B780B44136096
:10489000704700BF0C6100200C000020014B18681D
:1048A000704700BF0C610020014B1868000C704776
:1048B0000010005C10F0706F38B504460D4604D14E
:1048C00040F27A210448FDF713FE044B596821EAAF
:1048D00004012943596038BDCEC9000800040058BE
:1048E000084B1B6803F04053B3F1805F03D1C068ED
:1048F00000F01C007047C36803F01C031C2BF6D1AA
:10490000102070470010005C806800F001007047C4
:104910008068C0F380007047704700002DE9F041C7
:1049200003680F46454904468B4229D0444D454A09
:104930004548AB4218BF024696688B4206F01F06F8
:104940000AD03F4A934207D0404A934204D040F2F3
:104950002D613F48FDF7CCFD2569082D23D040F29D
:1049600021232268F340D9070CD5D36813F0010F37
:1049700018D0636D012043F020036365BDE8F0812A
:10498000304AD9E72D4B9A420AD02D4803F540739F
:104990002D49824218BF0B469B6813F4404FE7E74E
:1049A000284BF9E70425FFF779FF804623681A684A
:1049B0002A4225D0626D42F400726265DA6812F410
:1049C000406F0FD1627D6AB91A6817070AD5626D08
:1049D00022F480726265626DD00403D4626D42F08D
:1049E00001026265164A934204D140F22122F2404C
:1049F000D1071BD5DA68082D1BD11D600020BDE74B
:104A00007A1CD4D0FFF74AFFA0EB0800B84201D8C7
:104A1000002FCBD123681B682B40C7D1626D0320C8
:104A200084F8503042F004026265A7E7034AD26876
:104A3000E1E75204E2D40C221A60DFE700200240D2
:104A40000021024000230240006302580060025827
:104A5000EFC9000803680A4A934210B504460BD018
:104A600002F58072934207D0064A934204D040F682
:104A70002B110548FDF73CFD2368186C10BD00BFE5
:104A80000020024000600258EFC900080023F7B57B
:104A9000134A054601930C46036893420BD002F576
:104AA0008072934207D00F4A934204D040F60D31F2
:104AB0000D48FDF71DFD6368B3F58C7F18D8FF2BFB
:104AC00008D89A1F122A08D940F60E310648FDF779
:104AD0000FFD1BE0A3F5807313E0044A12E000BF52
:104AE0000020024000600258EFC900084010040195
:104AF000B3F5067F00F24681B3F5007FE4D3A3F55A
:104B00000073AB4A22FA03F3DB07DDD5A368072B5A
:104B100004D940F60F31A748FDF7EAFCE36840F2FC
:104B2000FF72934207D0A44A934204D04FF43161FC
:104B3000A048FDF7DDFC2369042B04D940F61131B0
:104B40009C48FDF7D5FC95F838306269012B286840
:104B500040F02281EB6B0133B2FBF3F2FFF7C0FEB2
:104B60004FF6FF734008C3409A4204D940F615310E
:104B70009048FDF7BDFC2A68904B9A420BD12369FF
:104B8000042B08D095F83830012B04D140F62A3197
:104B90008848FDF7ADFCE268874B9A4200F02E8111
:104BA0002368012B4CD0864A934249D0854A9342D0
:104BB00046D0854A934243D0844A934240D002F182
:104BC0008662103293423BD0814A934238D002F140
:104BD00086624032934233D07E4A934230D002F113
:104BE000866202F5807293422AD07B4A934227D094
:104BF00002F1042202F54012934221D002F18662B2
:104C000002F5006293421BD0744A934218D0744A52
:104C1000934215D0734A934212D023F00043724A54
:104C200093420DD0714A93420AD0714A934207D001
:104C3000704A934204D04FF433615E48FDF758FC4C
:104C400095F85030012B00F0D28201212B6885F8B5
:104C500050101846FFF75CFE002840F0C282226820
:104C6000002A4FEA926008DBC2F31306002E40F0E0
:104C70006B818140DA690A43DA61616803F1300CC3
:104C80001F2700F01F008E0901F01F0106F00C061F
:104C90008F4088405CF8062022EA0702024318464B
:104CA0004CF80620FFF734FE9A6802F0080202432F
:104CB0005CD1216803F114070726C80DC1F3045124
:104CC00000F004008E403A5822EA0602A6688E40A0
:104CD00032433A50484A6169126802F07042B2F1B8
:104CE000805FDA6840F03881C2F3820252002669A0
:104CF00091402068042E00F03881603300F0F840C5
:104D000053F8262002F0004202430A4343F82620CB
:104D1000637E012B04D940F68E312648FDF7E8FB6F
:104D2000617E2A6820694F1E6032794252F8203035
:104D3000794123F0004343EAC17342F82030237ED7
:104D4000012B04D940F692311A48FDF7D1FB227E9F
:104D50002B68561E20691969724200F01F0021F469
:104D6000F0417241D20282400A431A611846FFF7AD
:104D7000CBFD002800F021810020002385F8503071
:104D800003B0F0BDB3F5407F3FF4C0AE40F2063251
:104D900093423FF4BBAE97E6FFF7A2FD4FF6FF73D9
:104DA0004008C3409342BFF4E6AE40F62131DFE64F
:104DB00041100401EFC900080000FF4700600258DD
:104DC00002003004040060080800900C1000C010BD
:104DD00040002019000180210004002A00209036A4
:104DE0000040C03A0080F03E0000214300005247DE
:104DF0000000844B0000B84F0010005C2A68A34BF1
:104E00009A4235D12368A24A93423FF419AFA14A8E
:104E100093423FF415AFA04A93423FF411AF9F4A2B
:104E200093423FF40DAF02F18662103293423FF499
:104E300007AF9B4A93423FF403AF02F1042202F50D
:104E4000401293423FF4FCAE02F1866202F500622A
:104E500093423FF4F5AE934A93423FF4F1AE924A47
:104E600093423FF4EDAE40F636319048FDF740FBFB
:104E70002A688F4B9A4231D12368854A93423FF486
:104E8000DFAE844A93423FF4DBAE834A93423FF461
:104E9000D7AE824A93423FF4D3AE02F1866210321B
:104EA00093423FF4CDAE7E4A93423FF4C9AE02F145
:104EB000042202F5401293423FF4C2AE02F1866230
:104EC00002F5006293423FF4BBAE774A93423FF44F
:104ED000B7AE40F63A317548FDF70AFB2A68754BC4
:104EE0009A427FF4ADAE2368694A93423FF4A8AE7C
:104EF000684A93423FF4A4AE674A93423FF4A0AE9F
:104F0000664A93423FF49CAE02F1866210329342AD
:104F10003FF496AE624A93423FF492AE02F104220D
:104F200002F5401293423FF48BAE634A93423FF442
:104F300087AE624A93423FF483AE614A93423FF4A4
:104F40007FAE4FF4346178E692FAA2F20AB1B2FA77
:104F500082F2012191408DE612F0100FDA683FF4E1
:104F6000C3AE520802F00802C1E61A6E810602F0D2
:104F7000F842B2EB806F03D11A6E22F000421A663B
:104F80005A6E02F0F842914203D15A6E22F000426A
:104F90005A669A6E02F0F842914203D19A6E22F05C
:104FA00000429A66DA6E02F0F84291427FF4DEAE79
:104FB000DA6E22F00042DA66D8E62168D3F8C02023
:104FC000E468C1F3130004F0180622EA00023D4829
:104FD000F04008400243C3F8C0203B4A944240F0EE
:104FE00083802A4A93422CD1294A914200F08F8033
:104FF000284A914200F08D80274A914200F08B8030
:10500000264A914200F0898002F186621032914274
:1050100000F08580224A914202F1042202F54012FA
:1050200057D0914254D002F1866202F5006291425B
:105030002AD01C4A914268D01B4A914273D1234A1C
:1050400047E01B4A93426ED1114A91425FD0114A08
:1050500091425ED0104A91425DD0104A91425CD09C
:1050600002F186621032914259D00D4A914258D0D5
:1050700002F1042202F54012914202F1866202F529
:10508000006226D09142D7D10B4A22E00020024094
:1050900002003004040060080800900C1000C010EA
:1050A0000004002A000021430000844BEFC90008DF
:1050B0000021024000600258002090360040C03AB3
:1050C0000080F03EFFFF0F000000FF470000B84FD8
:1050D000484A92FAA2F20AB1B2FA82F2012000FA28
:1050E00002F2D8690243DA610029BFF645AE424AAE
:1050F00093421AD1D2F808433F48FFF705FC024615
:105100003E48FFF701FC10431AE03D4AE1E7012267
:10511000DFE73C4ADDE73C4ADBE73C4AD9E73C4A6B
:10512000D7E73C4AD5E70122DBE7344A934202D174
:10513000D2F80842E0E7384A38489468FFF7E4FBC1
:1051400080F0010000F0010000284AD0344804F04B
:10515000E07281421ED124023FF50EAE2F498B42F0
:105160007FF40AAED1F8083323F0E07313432D4ADD
:1051700043F40003C1F808332B4B1B68B3FBF2F375
:1051800001335B000193019B002B3FF4F5AD019BC4
:10519000013BF7E72548814210D1E0013FF5ECAD36
:1051A0001E498B427FF4E8ADD1F8083323F0E07359
:1051B000134343F08073C1F80833DDE51C48814296
:1051C0007FF4DAAD61023FF5D7AD14498B427FF42D
:1051D000D3ADD1F8083323F0E073134343F48003D5
:1051E000E9E76B6D012043F020036B65C5E5022004
:1051F000C6E500BF001060320020024000210240DE
:1052000000005247400020198000501D00018021FD
:105210000002B0250008302E0063025800600258DA
:10522000000084CB400D030008000020000052C79E
:105230000000B8CF03683E4A934270B504460D465D
:105240000BD002F58072934207D03A4A934204D0C1
:105250004FF45E613848FDF74BF96B1E022B04D901
:1052600040F6E1513448FDF743F923681846FFF74B
:105270004FFB9A6802F00802024301D1002070BD82
:10528000DA6896013BD5627D012A38D1227D012A58
:1052900035D12A4A19684D0625D5402201251A60C4
:1052A0001846FFF735FB50B19A68900707D49A6803
:1052B00022F0004222F03F0242F010029A60012DDB
:1052C0001FD10425FFF7EAFA064623689B682B42A4
:1052D000D4D0FFF7E3FA801B0528F6D923689B6832
:1052E0002B42F2D001E0013AD4D1636D012043F0AA
:1052F00010036365A36D43F00103A365BFE7022DAF
:10530000CED19A6811070AD59A68920707D49A688D
:1053100022F0004222F03F0242F020029A60022D69
:1053200003D0032DCDD10C25CCE70825CAE700BF5B
:105330000020024000600258EFC9000801DC0C00A8
:10534000026838B504461046FFF7DEFA08B10020BF
:1053500038BD9168214B194209D0636D012043F09B
:1053600010036365A36D43F00103A365F0E7936841
:1053700023F0004323F03F0343F001039360FFF762
:105380008DFA2368164A0546934221D002F58072B1
:10539000934220D1134B9B68D906D8D12268136859
:1053A000DB07D4D41046FFF7AFFA38B9936823F07F
:1053B000004323F03F0343F001039360FFF76EFACD
:1053C000401B0228EAD923681B68DA07E6D4C4E741
:1053D000044B9B68E2E7044BFBE700BF3F00008003
:1053E00000200240002302400063025803683E4A46
:1053F000934270B5044651D13C4B9D682068FFF73D
:1054000087FA064600286DD194F85030012B69D0F8
:105410000123204684F85030FFF792FF00285ED128
:10542000636D05F01F02324923F4706323F001031A
:1054300043F48073636523688B423ED1002A3ED1DA
:10544000A1F58071656D25F480156565656D15F4B0
:10545000805502D0A56D25F00605A5651C258B425B
:105460001D604FF0000584F8505005D040F2212512
:1054700025FA02F2D50724D5DA68920105D5626DC6
:1054800022F4405242F4805262659A6822F000424F
:1054900022F03F0242F004029A6070BD144A934227
:1054A000AAD0144A9568A2F540729342A6D040F261
:1054B0007C511148FDF71CF8A0E71946C2E70A49DC
:1054C000C4E7636D43F480136365CB689B01E4D547
:1054D000636D23F4405343F480536365DDE784F840
:1054E0005060DAE70220D8E70020024000230240A3
:1054F0000021024000630258EFC90008026838B575
:10550000044610469368FFF7FFF908B9002038BD3C
:105510009907FBD4936803F00D03012B19D193680D
:1055200023F0004323F03F0343F00203936003237F
:105530001360FFF7B3F9054623689B68DB07E5D5E1
:10554000FFF7ACF9401B0228F6D923689B68DA07FD
:10555000F2D5636D012043F010036365A36D43F042
:105560000103A365D3E700000368194A934210B50D
:1055700004460BD002F58072934207D0154A93423D
:1055800004D040F2F3511448FCF7B2FF94F85030C5
:10559000012B1AD001230321204684F85030FFF755
:1055A00049FE20B10120002384F8503010BD204670
:1055B000FFF7A4FF0028F5D1636D23F4885323F08F
:1055C000010343F001036365EDE70220EEE700BF4E
:1055D0000020024000600258EFC9000838B5444A74
:1055E00005460368934203D002F58072934225D1A9
:1055F000404B9B6813F4403F14BF01230023FBB9C9
:105600004FF40020002102F01BFF6B680446B3F545
:10561000101F4AD03FD8B3F5E01F44D036D8B3F5B9
:10562000801F08D02CD8B3F5002F04D023F400221B
:10563000B2F5802F16D19B0C5B000FE02E4BD8E704
:1056400001F034FD6B680446B3F5003F05D0B3F5B7
:10565000403F06D0B3F5803F04D11B0CB4FBF3F4FC
:1056600000E08408FFF720F941F203022B68904222
:1056700023D8224A94429A681BD942F480721AE0D5
:10568000B3F5A01FD7D0B3F5C01FD3E7B3F5001F04
:10569000E8D14409E6E7B3F5201F08D0B3F5301F81
:1056A000E0D1040ADEE70409DCE78409DAE7C4098B
:1056B000D8E722F480729A6038BD11496208B1EBD4
:1056C000540F03D39A6822F44072F4E70D498A42DA
:1056D00003D89A6822F44072CFE70B498A429A684D
:1056E00096BF22F4407242F4407242F40072E2E744
:1056F000002002400023024000630258002D3101C7
:10570000105E5F0020BCBE0040787D010023F7B52D
:1057100004460193002800F011820368A14A9342D5
:105720000BD002F58072934207D09F4A934204D077
:1057300040F2A7119D48FCF7DBFE636833F440326A
:105740001BD023F40022B2F5802F16D023F4801250
:10575000B2F5002F11D023F48022B2F5801F0CD0B7
:10576000B3F5E01F09D023F44023B3F5001F04D0A4
:105770004FF4D4718D48FCF7BBFEA36863B1043BC2
:10578000142B04D88A4A22FA03F3DD0704D440F22A
:10579000A9118648FCF7ACFEE368012B04D94FF44D
:1057A000D5718248FCF7A4FE637D012B04D940F239
:1057B000AB117E48FCF79CFEA36A33F4406304D02F
:1057C0004FF4D6717948FCF793FE636A33F4806234
:1057D00026D023F04002B2F5846F21D023F080025E
:1057E000B2F5886F1CD023F49072B2F5906F17D089
:1057F00023F48072B2F59C6F12D023F06002B2F5F0
:10580000A06F0DD0B3F5B86F0AD0B2F5C06F07D056
:10581000B3F5D06F04D040F2AD116448FCF768FED8
:10582000E36A032B04D94FF4D7716048FCF760FE9C
:105830002369042B06D0082B04D040F2AF115B483B
:10584000FCF756FE236B33F4805304D04FF4D87129
:105850005648FCF74DFE237D012B04D940F2B111CF
:105860005248FCF745FE94F83830012B04D94FF428
:10587000D9714E48FCF73CFEE3682BB3A369013BAA
:105880000F2B04D94FF4DB714848FCF731FE237F1E
:10589000012B04D940F2B7114448FCF729FE237FBD
:1058A000012B14D1236A013B072B08D8637D012B00
:1058B0000DD14FF4E0713D48FCF71AFE07E040F2CD
:1058C000BB113A48FCF714FE237F012BEED0656D27
:1058D0002DB92046FFF720F8A56584F850502368BD
:1058E0009A68900005D59A6822F0204222F03F0283
:1058F0009A609A68D1003DD59A68D2004FD4626D03
:10590000012542F010026265A26D42F00102A2651B
:105910001846FEF7FDFF626D02F01002024340F0F0
:105920000981626D184622F4817242F002026265BA
:10593000FEF7EAFF00284AD11A4E1E49B34201D0B1
:105940008B423FD11748FEF7DFFF02461948FEF7AA
:10595000DBFF0243012A3AD0B34200F0DC808B42E5
:1059600000F0D980144A9368616823F47C130B43D8
:1059700093602CE09A68114922F0104222F03F0215
:1059800042F080529A600E4A1268B2FBF1F2013284
:105990000192019A002AAFD0019A013AF8E7002556
:1059A000B6E700BF0020024000600258EFC90008BF
:1059B000111111000021024000630258400D030044
:1059C000080000205E48FEF79FFF0128CAD141F27F
:1059D0000307FEF769FF637DB842A268266B4FEAB2
:1059E0004333217F40F29980102A40F0968043EAA9
:1059F0000143334343F01C02012902BF236A03F130
:105A0000FF3342EA4342636A23B103F47873A16A25
:105A10000B431A4323684B49D86801401846114389
:105A2000D960FEF775FF9A6802F0080202435ED162
:105A3000DA68217D22F4804222F0030242EA8132B8
:105A4000E16A0A43DA6094F83820012A6AD1E36BEC
:105A5000013BB3F5806F04D34FF430713A48FCF743
:105A600047FD236C33F0600309D0802B07D0B3F5DA
:105A7000807F04D040F2C2213348FCF739FD636CCB
:105A800033F4007304D040F2C3212F48FCF730FDFB
:105A9000A36C23F48063012B04D04FF431712A48A6
:105AA000FCF726FD636A0BB1A36A33B9636C23B1BB
:105AB00040F2CA212448FCF71BFDE26B2368511E0B
:105AC0001869D4E91026324342EA0142A16C0A4324
:105AD0001E4901400A4342F001021A6120461A6938
:105AE000616B22F070420A431A61FFF777FDE368A9
:105AF0002268012B1AD1116BA36921F00F01013B20
:105B00000B431363636D23F0030343F001036365E9
:105B1000284603B0F0BD0E4A25E7324342EA01426F
:105B20001A4369E71A6922F00102D6E7136B23F0E2
:105B30000F03E6E7636D43F0100363650125E7E7B4
:105B40000060025803C0F0FFEFC900081EF800FC17
:105B500000230240C31E042B10B5044603D9912133
:105B60000948FCF7C5FC09492302CA6803F4E0634D
:105B700022F4E0621204120C134343F0BF6343F4B7
:105B80000033CB6010BD00BF14CA000800ED00E078
:105B90000F2A70B505460C46164603D9A9211948A7
:105BA000FCF7A6FC0F2C03D9AA211648FCF7A0FC91
:105BB000154B4FF0FF32DB68C3F30223D91E0429D3
:105BC00092BFC3F1070304230021002D02FA03F35F
:105BD00002FA01F224EA030426EA020604FA01F4B6
:105BE00044EA06044FEA041406DB05F1604505F5B6
:105BF000614585F8004370BD05F00F05034B5C550A
:105C0000F9E700BF14CA000800ED00E014ED00E061
:105C1000002808DB0123410900F01F00044A8340EB
:105C200042F821307047BD210248FCF761BC00BF3B
:105C300000E100E014CA00080138B0F1807F0BD207
:105C40004FF0E023054AF0215861002082F823102C
:105C5000072298611A6170470120704700ED00E04B
:105C6000002809DB4309012200F01F0005496033C9
:105C7000824041F82320704740F2BF110248FCF7F0
:105C800037BC00BF00E100E014CA0008334B984263
:105C90002DE9F74F04460E462BD003F5806398425A
:105CA00027D003F58063984223D003F580639842A0
:105CB0001FD003F5806398421BD003F580639842A0
:105CC00017D003F58063984213D003F580639842A0
:105CD0000FD003F5806398420BD003F580639842A0
:105CE00007D003F58063984203D0B3211C48FCF72A
:105CF000FFFB33689AB212B1B3F5803F03D3B421EE
:105D00001748FCF7F5FB7368B3F5041F11D01DD8D5
:105D1000B3F5881F0DD009D8032B0AD9113B012BED
:105D200007D9B5210E48FCF7E3FB02E0B3F5901F5D
:105D3000F7D14FF0000B0B4FDFF82080DA463568C3
:105D400035FA0AF310D103B0BDE8F08FB3F5441F64
:105D5000EFD023F48013B3F5081FE9E700000258E1
:105D60003CCA000800440258012303FA0AF919EA60
:105D7000050500F00081726802F0030101399942C3
:105D80001BD8F268032A03D9C4218548FCF7B0FB6D
:105D90000322A16802FA0BF221EA0201F26802FA78
:105DA0000BF20A43A26072686168C2F3001321EA31
:105DB000090103FA0AF30B43636002F00302B368BC
:105DC000032A01D1012B59D0022B03D9D7217448C2
:105DD000FCF78EFB0323E26803FA0BF322EA0302CB
:105DE000B36803FA0BF31343E360736803F0030330
:105DF000022B43D144452AD06A4B9C4227D003F55D
:105E000080639C4223D003F580639C421FD003F53E
:105E100080639C421BD003F580639C4217D003F53E
:105E200080639C4213D003F580639C420FD003F53E
:105E300080639C420BD003F580639C4207D003F53E
:105E400080639C4203D0E4215548FCF751FB336941
:105E50000F2B03D9E5215248FCF74AFB4FEADA023F
:105E60000AF007010F2304EB82028900106A8B40BD
:105E700020EA030033698B40034313620323206845
:105E800003FA0BF220EA0200726802EA030112F43C
:105E9000403F01FA0BF141EA000121606BD0D7F8D5
:105EA000F4100AEA030C4FF00F0E444541F00201D2
:105EB0004FEA8C0CC7F8F4100EFA0CFED7F8F41069
:105EC00001F00201019101992AF0030101F1B041B1
:105ED000D1F8080401F5806120EA0E0050D0DFF807
:105EE000C4E074454ED00EF5806E74454CD00EF56E
:105EF000806E744518D02C4B9C4247D003F58063CC
:105F00009C4245D003F580639C4243D003F58063F7
:105F10009C4241D003F580639C423FD003F58063EF
:105F20009C4214BF0A23092303FA0CF30343D00253
:105F30008B604FF0B0410B6854BFAB432B430B60F9
:105F40004B6891024FF0B04154BFAB432B439003D9
:105F50004B60D1F8843054BFAB432B43D203C1F81C
:105F60008430D1F8803054BF23EA05051D434FF03B
:105F7000B043C3F880500AF1010A0BF1020BDEE6D0
:105F80000023D1E70123CFE70223CDE70423CBE7AA
:105F90000523C9E70623C7E70723C5E70823C3E7A7
:105FA0003CCA0008000402580010025838B50446E4
:105FB0000D4621B940F28B110448FCF799FA236988
:105FC0001D4214BF0120002038BD00BF3CCA00089C
:105FD00070B5054616460C4621B940F2AB1108488B
:105FE000FCF786FA012E06D94FF4D6710448FCF767
:105FF0007FFAAC6170BD002EFBD12404F9E700BF2D
:106000003CCA000838B505460C4621B940F2C31118
:106010000548FCF76DFA6B6904EA030224EA0304FD
:1060200044EA0244AC6138BD3CCA000838B50446B5
:10603000FEF734FC054644B194F83D30022B06D0FF
:106040008023A366002384F83C30012038BD2368F8
:10605000DA6822F03E02DA60DA6822F00102DA60E1
:106060002368D86810F0010007D11F225A6001236D
:1060700084F83C0084F83D30E8E7FEF70FFC401B55
:106080000528EDD9A36E43F04003A366002384F8EE
:106090003C30032384F83D30D7E70000024AD36840
:1060A00043F08073D3607047004802580346486A43
:1060B0002DE9F04330B1B2F1406F03D08C6A1D6816
:1060C000013C2C61D1F81890D1E9077EB9F1000F9D
:1060D0004ED01C6840EA09090B684D694E6BD1E946
:1060E0000B8CBEF1000F29D088684EEA090EE061E2
:1060F0000869A7B13B4343EA080343EA0C0333436F
:106100000343C8680343134343EA854343EA0E034A
:10611000B2F1406F63610FD04B68A3610CE043EABA
:10612000080343EA0C0333430343134343EA854321
:1061300043EA0E036361A761BDE8F0836FB13B439F
:10614000C86843EA080343EA0C0333430343134399
:1061500043EA854343EA0903DAE743EA080343EAEB
:106160000C033343134343EA854343EA0903E1E75E
:10617000BEF1000F30D01D6840EA0E008B680C693C
:106180004E69D1F834C0EB61D1E90B98BFB147EA51
:106190000403CC68B2F1406F43EA090343EA080301
:1061A00043EA0C0343EA040343EA020343EA864357
:1061B00043EA00036B61BFD04B68AB61BCE744EAC4
:1061C000090444EA080444EA0C04144344EA8644FB
:1061D00004436C61AF61AFE77FB11C6840EA07031D
:1061E000C86A0343086B0343486B0343C86803430F
:1061F0004869134343EA80438AE700289CD0CC6A6D
:106200001B6820430C6B20434C6B204310434A69AE
:1062100040EA824058619F618EE72DE9F041069D7A
:1062200004460F461646984623689A683A4214BFB9
:1062300001220022B24201D100200FE06A1CF4D0FA
:10624000FEF72CFBA0EB0800A84209D9042301208B
:1062500084F84130636C43F001036364BDE8F0816E
:10626000002DE1D1F2E7704737B50446FEF716FB83
:10627000054614B9012003B030BD22684A4B9A424A
:1062800004D04FF49F714948FCF732F96368FF2B43
:1062900004D940F23F114548FCF72AF9A368013BB5
:1062A0001F2B04D94FF4A0714048FCF721F9E36893
:1062B00033F0100304D040F241113C48FCF718F9C8
:1062C00023691F2B04D94FF4A1713848FCF710F94A
:1062D000636933F4407307D0B3F5806F04D040F2A4
:1062E00043113248FCF704F9A369012B04D94FF498
:1062F000A2712E48FCF7FCF8236A402B05D0002B36
:1063000043D1E36933F0800348D194F841302BB98D
:106310002046FFF7A8FF41F28833A3642168204696
:10632000A2680B68013A23F4F85343EA02230022DF
:106330000B602021A36C00932B46FFF76EFF002813
:1063400098D12268E569E36811682B43256A21F03A
:106350007F412B43656821F0D00143EA05630B437D
:1063600013605568D4E905310B43216943EA0143C1
:106370000F4929400B435360136843F00103136036
:106380000123606484F8413075E740F24511074805
:10639000FCF7AEF8236A402BB3D1B6E740F24911BF
:1063A0000248FCF7A5F8B0E70050005262CA0008A6
:1063B000FEF8E0FF2DE9F3470C4605469246FEF74E
:1063C0006DFAA3698146C3B123F40072B2F5807FF0
:1063D00008D12368FF2B10D940F219315848FCF737
:1063E00087F80AE0B3F5007FF3D040F21631544845
:1063F000FCF77EF8A369002BEBD1E36943B123F4EA
:106400000062B2F5806F5DD1E36833F4405365D12B
:10641000236A43B123F40042B2F5804F64D123696B
:1064200033F440336CD163691F2B04D94FF44A71A4
:106430004348FCF75DF8636A33F0407304D040F2E0
:1064400029313F48FCF754F8E36A33F0004304D0A5
:1064500040F22B313A48FCF74BF8236B33F0804382
:1064600004D04FF44B713648FCF742F8636B33F0BD
:10647000805304D040F22D313148FCF739F895F8BB
:106480004030012B5AD00123022785F8403095F87F
:106490004130012B5FFA83F84ED100224B46202178
:1064A00028466A6485F84170CDF800A0FFF7B5FE74
:1064B000064658B30126002385F84030304602B026
:1064C000BDE8F087B3F5006F9ED04FF447711C48CC
:1064D000FCF70EF8E369002B96D199E740F21F31E3
:1064E0001748FCF705F893E7B3F5004F97D040F253
:1064F00022311348FBF7FCFF236A002B8FD192E770
:1065000040F225310E48FBF7F3FF8CE702462146A7
:106510002846FFF7CBFD636A5BB94B4642463946D6
:106520002846CDF800A0FFF778FE0028C2D12B68DE
:10653000DF6085F84180BEE73E46BCE70226BDE746
:1065400062CA00082DE9F743044689461746FEF75C
:10655000A5F925688046A96994F84030012B51D0EF
:10656000012384F8403094F84130012BDEB247D14A
:1065700000236364B9F1000F3DD0222384F8413039
:106580002B690133A3632B69C4F830900133636333
:106590006A6922F0406242F080626A61A961A36B7D
:1065A000ABB943460122022120460097FFF735FE92
:1065B00018B9236802220646DA60012384F84130C4
:1065C000002384F84030304603B0BDE8F0834346F2
:1065D0000122062120460097FFF71FFE0028ECD17C
:1065E00095F82020236B1A70236BA26B0133013ABC
:1065F0002363A263D3E7636C43F008036364DFE7BC
:106600000226DDE70226DEE7F7B50C46054617460B
:10661000FEF744F9A3690646C3B123F40072B2F54C
:10662000807F08D12368FF2B10D940F2B161654803
:10663000FBF75EFF0AE0B3F5007FF3D040F2AE61F6
:106640006048FBF755FFA369002BEBD1E36953B119
:1066500023F40062B2F5806F40F08880E36833F481
:10666000405340F09180236A53B123F40042B2F5C5
:10667000804F40F08F80236933F4403340F098809E
:1066800063691F2B04D94FF4D8614E48FBF730FFE4
:10669000636A33F0407304D040F2C1614948FBF7AC
:1066A00027FFE36A33F0004304D040F2C36145485A
:1066B000FBF71EFF236B33F0804304D040F2C4612C
:1066C0004048FBF715FF636B33F0805304D040F272
:1066D000C5613C48FBF70CFF7B6833F0080304D02E
:1066E00040F2C7613748FBF703FF95F84030012BB4
:1066F00066D0012385F8403095F84130012B5DD1FB
:1067000000228223202128466A6485F84130AB6C40
:1067100000933346FFF781FD064608BB29687A6877
:106720000B68082A23F0080343EA02030B6011D127
:106730003B68B3F5803F04D340F2DD612148FBF7AD
:10674000D7FE2B683A681A631022DA601A6842F49E
:1067500080121A604FF0406221462846FFF7A6FCDF
:10676000002385F84030304603B0F0BDB3F5006F2C
:106770003FF474AF40F2B4611248FBF7B9FEE3692D
:10678000002B7FF46BAF6EE740F2B7610D48FBF76B
:10679000AFFE68E7B3F5004F3FF46DAF40F2BA616A
:1067A0000848FBF7A5FE236A002B7FF464AF67E778
:1067B00040F2BD610348FBF79BFE61E70226CFE78D
:1067C0000226D0E762CA0008406C704737B504461D
:1067D000FEF764F8054694F8413099073CD500234C
:1067E00084F840302368186810F004000BD01A6851
:1067F000E06B22F004021A60FFF718FC18B1636C1A
:1068000043F00403636423689A68920626D51A68E5
:106810000221204642F002021A600122A36C00937A
:106820002B46FFF7FAFC024610B1012003B030BD41
:10683000236802212046D9602021A36C00932B46B7
:10684000FFF7EBFC0028F0D12268536923F0406386
:106850005361012384F841300020E7E7012384F8E5
:106860004130E3E781647047F8B50446002800F042
:1068700045810368002B40F019812368D90639D57A
:10688000E36933F0800304D040F22B219C48FBF7EE
:106890002FFE236A3F2B04D94FF40B719848FBF766
:1068A00027FE984A1369916A03F03803082B07D032
:1068B000182B40F0DF8101F00303012B40F0DA8157
:1068C0001368DA0503D5E369802B40F01781FDF7E3
:1068D000EBFF41F20303216A98428A4B00F2C38125
:1068E0005A68202922F0F8420CBF42F0804242EA66
:1068F00081625A6023681D0700F1F98123689806B8
:1069000000F1228223685B0700F15182636A022B47
:1069100004D94FF43D717A48FBF7EAFD616A00291A
:1069200000F0C280774D2B6903F03803182B00F07C
:10693000B682022940F0A282A36A032B04D940F256
:10694000FD216F48FBF7D4FD236C6BB1043B082B92
:1069500005D840F2111222FA03F3D80704D440F20A
:10696000FE216748FBF7C4FD636C33F0020304D0DB
:1069700040F2FF216248FBF7BBFDE36A013B3E2B7F
:1069800004D94FF440715E48FBF7B2FD236B043B22
:10699000B3F5FE7F04D940F201315948FBF7A8FD59
:1069A000636B013B7F2B04D940F202315448FBF763
:1069B0009FFDA36B013B7F2B04D940F2033150486C
:1069C000FBF796FDE36B013B7F2B04D94FF441713C
:1069D0004B48FBF78DFDA36CB3F5005F04D340F289
:1069E00005314748FBF784FD464D2B6823F0807343
:1069F0002B60FDF753FF06462B68990100F13082AA
:106A0000AB6AA26A23F47C7323F003031343E26AA4
:106A100043EA0213AB62636BA26B013B013A5B0278
:106A200012049BB202F4FE021343226B013AC2F33A
:106A300008021343E26B013A120602F0FE421343CE
:106A40002B63EB6A23F00103EB626B6BA26C6FF3B9
:106A5000CF0343EAC2036B63EB6A226C23F00C039F
:106A60001343EB62EB6A626C23F00203254C134381
:106A7000EB62EB6A43F48033EB62EB6A43F400337E
:106A8000EB62EB6A43F48023EB62EB6A43F00103B1
:106A9000EB622B6843F080732B60FDF7FFFE054629
:106AA00023689A0140F1E3810020ADE0980604D10B
:106AB00040F2A1111248FBF71BFD2368D90733D51B
:106AC000636833F4803207D0B3F5A02F04D04FF4BD
:106AD000D3710B48FBF70CFD0A4A1369916A03F066
:106AE0003803102B05D0182B0ED101F00303022B15
:106AF0000AD113689A0317D56368ABB9012083E004
:106B000088CA00080044025863689D4DB3F5803F71
:106B100050D12B6843F480332B60FDF7BFFE984DB6
:106B200006462B689B0369D523689D077FF5A5AEB4
:106B3000E268192A03D8934BD340DD0704D44FF4FD
:106B4000ED719148FBF7D4FC23697F2B04D940F207
:106B5000DB118D48FBF7CCFC8949E2680B69886A38
:106B600013F0380303D0182B55D1800753D10B688D
:106B7000590701D5002AC1D0814D2B6823F0190394
:106B800013432B60FDF78AFE06462B685B073CD556
:106B9000FDF78AFE41F20303226998426B684DD8E3
:106BA00023F47C33402A0CBF43F4003343EA02331E
:106BB0006B6062E69BB92B6823F480332B602B68F3
:106BC00023F480232B60FDF769FE06462B689F03A4
:106BD000AAD5FDF763FE801B6428F7D913E0B3F54F
:106BE000A02F2B6803D143F480232B6091E723F47B
:106BF00080332B602B6823F480238DE7FDF74EFE56
:106C0000801B64288DD90320F8BDFDF747FE801B4B
:106C10000228BAD9F7E75A4D2B68A2B123F019031D
:106C200013432B60FDF73AFE06462B685F07AFD48F
:106C3000FDF734FE801B0228F7D9E4E723F0FE437A
:106C400043EA0263B4E723F001032B60FDF726FE5D
:106C500006462B6858077FF510AEFDF71FFE801B18
:106C60000228F6D9CFE7DA6822F07C5242EA0162C4
:106C7000DA603FE6E369424D43B32B6843F080039B
:106C80002B60FDF70BFE06462B68DB0511D5FDF7E3
:106C90000BFE41F20303226A984210D86B68202A47
:106CA00023F0F8430CBF43F0804343EA82636B60F8
:106CB00020E6FDF7F3FD801B0228E5D9A3E7EB688A
:106CC00023F07C5343EA0263EB6013E62B6823F066
:106CD00080032B60FDF7E2FD06462B68DF057FF59C
:106CE00009AEFDF7DBFD801B0228F6D98BE763694F
:106CF000012B04D940F26D212348FBF7F9FB6369AE
:106D00001F4D83B16B6F43F001036B67FDF7C6FD49
:106D100006466B6F99073FF5F1ADFDF7BFFD801B90
:106D20000228F6D96FE76B6F23F001036B67FDF75D
:106D3000B5FD06466B6F9A077FF5E0ADFDF7AEFD3A
:106D4000801B0228F6D95EE7A369012B04D94FF412
:106D500026710D48FBF7CCFBA369094DB3B12B6835
:106D600043F480532B60FDF799FD06462B689F0482
:106D70003FF5C8ADFDF792FD801B0228F6D942E72A
:106D8000004402580302020288CA00082B6823F458
:106D900080532B60FDF782FD06462B6898047FF533
:106DA000B1ADFDF77BFD801B0228F6D92BE7A36868
:106DB000012B06D9052B04D040F2C2216248FBF713
:106DC00097FB624D2B6843F480732B60FDF766FDE3
:106DD00006462B68D90517D5A3685D4D012B19D13F
:106DE0002B6F43F001032B6741F28836FDF756FD08
:106DF000574D07462B6F9A073FF588ADFDF74EFDBF
:106E0000C01BB042F6D9FEE6FDF748FD801B6428A2
:106E1000DFD9F8E6B3B92B6F41F2883623F00103CE
:106E20002B672B6F23F004032B67FDF737FD074615
:106E30002B6F9B077FF56AADFDF730FDC01BB0429D
:106E4000F6D9E0E6052B2B6F03D143F004032B6743
:106E5000C6E723F001032B672B6F23F00403C2E77F
:106E6000FDF71CFD801B02287FF6C6ADCBE6FDF7C3
:106E700015FD401B02287FF613AEC4E62B6823F0F5
:106E800080732B60FDF70AFD04462B689B017FF59C
:106E90000BAEFDF703FD001B0228F6D9B3E601296E
:106EA000AA6A2B6B3FF42AAE02F00301A06A81426A
:106EB0007FF424AEC2F30512E16A8A427FF41EAE6B
:106EC000226BC3F30801013A91427FF417AE626B63
:106ED000C3F34621013A91427FF410AEA26BC3F393
:106EE0000641013A91427FF409AEE26BC3F30663B7
:106EF000013A93427FF402AE6B6BA26CC3F3CC03F6
:106F00009A423FF4D1ADB2F5005F04D34FF45B7108
:106F10000D48FBF7EDFA0E4DEB6A23F00103EB622F
:106F2000FDF7BCFC0646FDF7B9FCB042FBD06B6B2D
:106F3000A26C6FF3CF0343EAC2036B63EB6A43F0C7
:106F40000103EB62B0E500BF88CA000800480258A0
:106F5000004402582DE9F0414D4C236903F03803F9
:106F6000102B00F09080182B0DD0002B40F08D805E
:106F70002368484813F0200F03D02368C3F3C103EC
:106F8000D840BDE8F081A76AA36AD4F82C8013F436
:106F90007C7FC3F30510666BF3D005F02DF9C6F3C3
:106FA000CC06054608F0010007F00307704305F022
:106FB00023F94FF0645105F077F9012F064652D0BE
:106FC000022F40D0002F4ED123689B0629D523687D
:106FD0003048C3F3C103276BD84005F00DF92946AB
:106FE00005F016FA0446C7F3080005F005F9314626
:106FF00005F052F84FF07E5105F04EF8014620465C
:1070000005F052F9224B0446186BC0F346200130BC
:1070100005F0F2F80146204605F0FAF905F094FA79
:10702000AFE7206BC0F3080005F0E6F8314605F045
:1070300033F84FF07E5105F02FF8294604461648E4
:1070400005F0E6F9DAE7206BC0F3080005F0D4F8A4
:10705000314605F021F84FF07E5105F01DF8294624
:1070600004460E48ECE7206BC0F3080005F0C4F8B6
:10707000314605F011F84FF07E5105F00DF8294624
:1070800004460748DCE707487BE7074879E700BF85
:10709000004402580090D0030024744C20BCBE4B26
:1070A0000024744A40787D0100093D0008B5FFF7CF
:1070B00051FF0B4A0B4993699269C3F3032302F012
:1070C0000F02CB5C03F01F0320FA03F3885C064A2F
:1070D00000F01F0023FA00F01060044A136008BD9E
:1070E00000440258F8CB00080400002008000020EB
:1070F00008B5FFF7DBFF054B054ADB69C3F3021355
:10710000D35C03F01F03D84008BD00BF0044025801
:10711000F8CB000808B5FFF7C9FF054B054ADB6946
:10712000C3F30223D35C03F01F03D84008BD00BFA4
:1071300000440258F8CB0008F8B5036805460E462F
:10714000013B3E2B04D940F672615948FBF7D0F958
:107150006B68043BB3F5FE7F04D940F67361544875
:10716000FBF7C6F9AB68013B7F2B04D940F674618D
:107170004F48FBF7BDF92B69013B7F2B04D940F643
:1071800075614B48FBF7B4F9EB68013B7F2B04D9E1
:1071900040F676614648FBF7ABF96B6933F0C00304
:1071A00004D040F677614248FBF7A2F9AB6933F0AF
:1071B000200304D040F678613D48FBF799F9EB696C
:1071C000B3F5005F04D340F679613948FBF790F9D5
:1071D000384CA36A03F00303032B67D0236823F022
:1071E00080632360FDF75AFB074623681A0149D4E0
:1071F000A36A2A6823F47C3343EA0233A362AB68B0
:10720000EA68013B013A5B0212049BB202F4FE02FF
:1072100013436A68013AC2F3080213432A69013A28
:10722000120602F0FE421343A363E36A6A6923F085
:10723000C0031343E362E36AAA6923F02003134304
:10724000E362E36A23F01003E362E36BEA696FF33E
:10725000CF0343EAC203E363E36A43F01003E3624C
:10726000E36AB6B943F40023E362124C236843F0A7
:1072700080632360FDF712FB054623681B010FD5D1
:10728000002005E0FDF70AFBC01B0228ADD9032052
:10729000F8BD012E0CBF43F4801343F40013E3E761
:1072A000FDF7FCFA401B0228E7D9F0E70120EFE7E1
:1072B000ADCA000800440258F8B5036805460E46FA
:1072C000013B3E2B04D940F6DA615948FBF710F92F
:1072D0006B68043BB3F5FE7F04D940F6DB6154488C
:1072E000FBF706F9AB68013B7F2B04D940F6DC6164
:1072F0004F48FBF7FDF82B69013B7F2B04D940F683
:10730000DD614B48FBF7F4F8EB68013B7F2B04D9B8
:1073100040F6DE614648FBF7EBF86B6933F44063F7
:1073200004D040F6DF614248FBF7E2F8AB6933F482
:10733000007304D04FF46E613D48FBF7D9F8EB6958
:10734000B3F5005F04D340F6E1613948FBF7D0F8AC
:10735000384CA36A03F00303032B67D0236823F0A0
:1073600080532360FDF79AFA074623689A0049D4B0
:10737000A36A2A6823F07C7343EA0253A362AB68D2
:10738000EA68013B013A5B0212049BB202F4FE027E
:1073900013436A68013AC2F3080213432A69013AA7
:1073A000120602F0FE4213432364E36A6A6923F47F
:1073B00040631343E362E36AAA6923F4007313434F
:1073C000E362E36A23F48073E362636CEA696FF358
:1073D000CF0343EAC2036364E36A43F48073E36266
:1073E000E36AB6B943F48003E362124C236843F0C6
:1073F00080532360FDF752FA054623689B000FD5A2
:10740000002005E0FDF74AFAC01B0228ADD9032091
:10741000F8BD012E0CBF43F4000343F08073E3E793
:10742000FDF73CFA401B0228E7D9F0E70120EFE71F
:10743000ADCA0008004402582DE9F8430368054628
:107440001E011ED5836EB3F5001F2AD00FD8D3B10D
:10745000B3F5801F1DD001262B68DC054FD5AB6D21
:10746000042B4BD8DFE803F0223D44272700B3F577
:10747000401FF0D1844AA96E136D23F440130B43CF
:1074800013650026E8E7804AD36A43F40033D362E9
:10749000F0E702210830FFF74FFE06460028DBD157
:1074A000E8E702212830FFF707FFF6E7764AD36ABC
:1074B00043F40033D36234461CBB734AA96D136D89
:1074C00023F007030B4313652B68980528D5EB6D54
:1074D000802B43D017D8A3B3402B38D00126344695
:1074E0001EE0002105F10800FFF726FE0446E3E751
:1074F000002105F12800FFF7DFFEF7E701263446FB
:10750000E2E72646E0E7C02B02D0B3F5807FE5D165
:1075100054BB5D4AE96D136D23F4E0730B431365AF
:107520002B68590531D5D5F8A830B3F5800F49D06F
:107530001CD8002B39D0B3F5001F3CD001263446AF
:1075400023E0514AD36A43F40033D362E0E70021D9
:1075500005F10800FFF7F0FD0446D9E7002105F129
:107560002800FFF7A9FEF7E72646D9E7B3F5C00FD5
:1075700002D0B3F5000FE1D154BB434AD5F8A810AF
:10758000936D23F460030B4393652B681A0530D584
:10759000D5F8AC30B3F1007F45D01BD8B3B3B3F10D
:1075A000807F39D00126344623E0374AD36A43F43A
:1075B0000033D362E0E7002105F10800FFF7BCFDCE
:1075C0000446D9E7002105F12800FFF775FEF7E72B
:1075D0002646DAE7B3F1407F02D0B3F1806FE1D104
:1075E0003CBB294AD5F8AC10936D23F0E0630B4304
:1075F00093652B689B0128D5EB6C202B3BD01AD8C8
:10760000DBB1102B31D0012634461EE01E4AD36A6E
:1076100043F40033D362E3E7002105F10800FFF7EC
:107620008BFD0446DCE7002105F12800FFF744FE4E
:10763000F7E72646DDE7302BE5D11CBB124AE96CA3
:10764000D36C23F030030B43D3642B68DF042CD5B9
:107650002B6EB3F5005F77D018D8002B67D0B3F549
:10766000805F6AD0012634461FE0074AD36A43F49C
:107670000033D362E1E7022105F10800FFF75CFD6A
:107680000446DAE72646E0E700440258B3F5405FD7
:1076900002D0B3F5804FE5D1002C5BD1584A296E5A
:1076A000136D23F4E0430B4313652B6898040BD54B
:1076B0006B6EB3F5003F67D04ED8002B54D0B3F5B6
:1076C000803F5AD0012634462B6859040CD5D5F892
:1076D000B030B3F1005F78D05ED8002B64D0B3F146
:1076E000805F6BD0012634462B681A0411D52B6FAE
:1076F000B3F1805F71D0B3F1005F74D0002B79D10A
:10770000002C7AD13E4A296F136D23F040530B436E
:1077100013652B68DB0140F18480AB6C032B00F216
:107720001981DFE813F074006F0010017400344A0F
:10773000D36A43F40033D362AEE7002105F10800B9
:10774000FFF7FAFC0446A7E7002105F12800FFF740
:10775000B3FDF7E72646A8E723F48032B2F5802F81
:1077600002D0B3F5403FADD1A4B9254A696E136D7F
:1077700023F4E0230B431365A6E7012105F108007C
:10778000FFF7DAFC0446EFE7012105F12800FFF7D7
:1077900093FDF7E7264697E723F08052B2F1804F3A
:1077A00002D0B3F1405F9DD1ACB9154AD5F8B01005
:1077B000936D23F0E0430B43936595E7012105F1B9
:1077C0000800FFF7B9FC0446EEE7012105F12800A7
:1077D000FFF772FDF7E7264686E7094AD36A43F4C6
:1077E0000033D3628CE7012105F10800FFF7A4FC08
:1077F000044685E7012634468BE7264689E700BF25
:1078000000440258944AD36A43F40033D362002CF4
:1078100040F0A380904AA96CD36C23F003030B4380
:10782000D3642B685F0240F1A280D5F8B420B2F592
:10783000807F4DD0B2F5007F4AD022F4A043B3F54B
:107840000C5F45D022F41043B3F5864F40D022F4AC
:107850004053B3F5034F3BD022F48831B1F5634F69
:1078600036D07E498B4233D001F580418B422FD0F8
:1078700001F580418B422BD022F4043001F5804188
:10788000884225D001F580418B4221D001F580410D
:107890008B421DD001F580418B4219D001F580410A
:1078A0008B4215D001F580418B4211D001F580410A
:1078B0008B420DD001F580418B4209D022F48052D9
:1078C000674B9A4204D040F27D316648FAF710FEC9
:1078D000654F3B6843F480733B60FCF7DFFF8046F5
:1078E0003B68D8053BD5002C6CD15B4BD5F8B40078
:1078F0001A6F424012F4407F0BD01A6F196F22F4B6
:10790000407241F480311967196F21F48031196791
:107910001A67B0F5807F41D0D5F8B4304E4903F4F2
:107920004072B2F5407F49D10869504A20F47C503A
:1079300002EA131202430A61C3F30B03464A116FB2
:107940000B43136713E0022105F10800FFF7F4FB76
:1079500004465CE70126344663E7264661E7FCF708
:107960009DFFA0EB08006428BAD9032634462B6893
:10797000DA0708D5EB6F102B3CD025D853B3082B72
:1079800031D0012634462B689B0749D5AB6F052BB8
:107990005CD8DFE803F03D37553D3D3DFCF77EFF09
:1079A0002D4F804641F288393B6F9907B4D4FCF7DC
:1079B00075FFA0EB08004845F6D9D6E70A6922F41E
:1079C0007C52B8E72646D2E723F00802202A01D0ED
:1079D000182BD6D1A4B9204AE96F536D23F0380390
:1079E0000B435365CFE7012105F10800FFF7A4FB26
:1079F0000446EFE7012105F12800FFF75DFCF7E7FA
:107A00002646C0E7012105F10800FFF795FB044673
:107A1000FCB9114AA96F536D23F007030B4353655B
:107A20002B685F0735D5D5F89430052B00F2D0814F
:107A3000DFE813F024001E00C80124002400240005
:107A4000012105F12800FFF737FCE0E70126344665
:107A5000E6E72646E4E700BF0044025800030100C1
:107A600000E30300ADCA000800480258CFFFFF0042
:107A7000012105F10800FFF75FFB0446002C40F0F0
:107A8000AA81AC4AD5F89410936D23F007030B43F9
:107A900093652B68980610D5D5F89030B3F1005F48
:107AA00000F0B58100F29981002B00F09F81B3F1C5
:107AB000805F00F0A581012634462B68590610D559
:107AC000D5F89C30B3F5006F00F0C38100F2A781B8
:107AD000002B00F0AD81B3F5806F00F0B38101267B
:107AE00034462B681A0610D5D5F8A030B3F5804F70
:107AF00000F0D18100F2B581002B00F0BB81B3F51D
:107B0000005F00F0C181012634462B681B0715D5A4
:107B1000D5F88430B3F5805F40F0C581022105F1CE
:107B20002800FFF7C9FB002818BF0126814AD5F8B5
:107B30008410536D23F440530B4353652B68DF06C9
:107B400015D5D5F89830B3F5807F40F0C08102217B
:107B500005F12800FFF7B0FB002818BF0126754A81
:107B6000D5F89810936D23F440730B4393652B68FD
:107B700018031BD5D5F8A410B1F5803F00F0BB81E8
:107B8000B1F5003F07D0002940F0BB8105F10800A6
:107B9000FFF7D2FA0446002C40F0B681654AD5F8CA
:107BA000A410936D23F440330B4393652B68590362
:107BB0000FD5D5F88830B3F5001F00F0B681B3F5C6
:107BC000401F00F0A881B3F5801F00F09F810126BF
:107BD00034462B68DA0316D52B6D002B00F0AE81EE
:107BE000B3F5803F00F0B88140F286515248FAF771
:107BF0007FFC2B6D002B00F0A181B3F5803F00F0DE
:107C0000AB81012634462B689B0007D5022105F184
:107C10002800FFF751FB002818BF012629688F03B1
:107C200040F1B281D5F88020B2F5807F00F0AE81BE
:107C300000F29B81002A00F09E810124C8020FD52A
:107C40006B6F33F0004304D040F2E5513A48FAF745
:107C50004FFC384A696F136D23F000430B431365E3
:107C60002B68D90011D5D5F8B83033F4804304D04F
:107C700040F2EF513048FAF73BFC2E4AD5F8B810E5
:107C8000136923F480430B4313612B689A020FD5C9
:107C9000EB6E33F0807304D040F2F9512648FAF7C6
:107CA00027FC244AE96E136D23F080730B431365A0
:107CB0002B685B0013D5D5F8BC3033F4004304D0F7
:107CC00040F20F611C48FAF713FC1A4B1A6922F4B0
:107CD00000421A611A69D5F8BC100A431A612B6870
:107CE000002B12DA6B6D33F0805207D0B3F1005FD6
:107CF00004D040F219611048FAF7FAFB0D4A696D99
:107D0000D36C23F040530B43D3642B681F0219D567
:107D1000D5F88C3033F4800207D0B3F5000F04D0CF
:107D200040F223610448FAF7E3FB024AD5F88C10CD
:107D3000536D03E000440258ADCA000823F4400329
:107D40000B4353656B68DE0706D5002105F108007B
:107D5000FFF7F2F9074600B927466B689C0706D57E
:107D6000012105F10800FFF7E7F9064600B93E4694
:107D70006B68580706D5022105F10800FFF7DCF90A
:107D8000044600B934466B68190706D5002105F191
:107D90002800FFF791FA064600B926466B68DA0616
:107DA00006D5012105F12800FFF786FA044600B93F
:107DB00034466B689B0600F1EF80201E18BF01203F
:107DC000BDE8F883012105F12800FFF775FA54E6B4
:107DD000012634465DE626465BE623F08052B2F18A
:107DE000804F03D0B3F1405F7FF465AEACB96F4A0A
:107DF000D5F89010536D23F0E0430B4353655CE6D8
:107E0000002105F10800FFF797F90446EEE702218B
:107E100005F12800FFF750FAF7E726464DE623F470
:107E20008062B2F5805F03D0B3F5406F7FF457AE48
:107E3000ACB95E4AD5F89C10936D23F4E0530B4324
:107E400093654EE6002105F10800FFF775F9044639
:107E5000EEE7022105F12800FFF72EFAF7E72646A4
:107E60003FE623F40052B2F5004F03D0B3F5C04F04
:107E70007FF449AEACB94D4AD5F8A010936D23F408
:107E800060430B43936540E6002105F10800FFF7CE
:107E900053F90446EEE7022105F12800FFF70CFA3A
:107EA000F7E7264631E633F400523FF43FAEB3F530
:107EB000405F3FF43BAE40F20D513D48FAF718FBEE
:107EC000D5F88430B3F5805F7FF430AE26E633F426
:107ED00000723FF444AEB3F5407F3FF440AE4FF440
:107EE000A4613348FAF704FBD5F89830B3F5807FE6
:107EF0007FF435AE2BE6022105F12800FFF7DCF90F
:107F000048E60126344651E626464FE6274AD36A1C
:107F100043F40033D3627CB9244AD5F88810536DFA
:107F200023F440130B43536553E6012105F1280068
:107F3000FFF7C2F90446EEE726464AE61B4AD36A33
:107F400043F40033D36274B9184A296DD36C23F417
:107F500080330B43D36456E6022105F10800FFF796
:107F6000EBF80446EFE726464DE622F48073B3F5BE
:107F7000007F7FF462AE002C7FF460AE0B48436D4F
:107F800023F4407313434365344657E60748C36AF6
:107F900043F40033C362EEE7022105F12800FFF746
:107FA0008BF900283FF409AF012009E7004402588B
:107FB000ADCA000808B5FFF779F8054B054A1B6AFA
:107FC000C3F30213D35C03F01F03D84008BD00BF06
:107FD00000440258F8CB00082DE9F843574C0546F9
:107FE000A36AA26AD4F82C9012F47C3FC2F3053045
:107FF000E76B00F09F8003F00308C7F3CC0704F0A1
:10800000FBF80646C9F30010784304F0F5F84FF08A
:10801000645104F049F9B8F1010F07467AD0B8F17C
:10802000020F67D0B8F1000F74D123689B064FD5BB
:1080300023684348C3F3C103D4F83880D84004F020
:10804000DBF8314604F0E4F90446C8F3080004F014
:10805000D3F8394604F020F84FF07E5104F01CF8B4
:10806000364E0146204604F01FF90446B06BC0F3BB
:10807000462004F0C1F84FF07E5104F00DF801469F
:10808000204604F0C5F904F05FFA2860B06BC0F335
:10809000064004F0B1F84FF07E5103F0FDFF0146B9
:1080A000204604F0B5F904F04FFA6860B06BC0F3F5
:1080B000066004F0A1F84FF07E5103F0EDFF014699
:1080C000204604F0A5F904F03FFAA860BDE8F88363
:1080D000A06BC0F3080004F08FF8394603F0DCFF12
:1080E0004FF07E5103F0D8FF31460446154804F0A6
:1080F0008FF9B5E7A06BC0F3080004F07DF83946AE
:1081000003F0CAFF4FF07E5103F0C6FF314604462C
:108110000D48ECE7A06BC0F3080004F06DF8394699
:1081200003F0BAFF4FF07E5103F0B6FF314604462C
:108130000648DCE7C5E90000C7E700BF0044025875
:108140000090D0030024744C20BCBE4B0024744A21
:108150002DE9F843574C0546A36AA26AD4F82C903F
:1081600012F07C7FC2F30550676C00F09F8003F033
:108170000308C7F3CC0704F03FF80646C9F3002014
:10818000784304F039F84FF0645104F08DF8B8F1F9
:10819000010F07467AD0B8F1020F67D0B8F1000F8F
:1081A00074D123689B064FD523684348C3F3C103AA
:1081B000D4F84080D84004F01FF8314604F028F984
:1081C0000446C8F3080004F017F8394603F064FFCA
:1081D0004FF07E5103F060FF364E0146204604F01A
:1081E00063F80446306CC0F3462004F005F84FF005
:1081F0007E5103F051FF0146204604F009F904F0D6
:10820000A3F92860306CC0F3064003F0F5FF4FF08F
:108210007E5103F041FF0146204604F0F9F804F0D6
:1082200093F96860306CC0F3066003F0E5FF4FF02F
:108230007E5103F031FF0146204604F0E9F804F0D6
:1082400083F9A860BDE8F883206CC0F3080003F050
:10825000D3FF394603F020FF4FF07E5103F01CFF9F
:1082600031460446154804F0D3F8B5E7206CC0F356
:10827000080003F0C1FF394603F00EFF4FF07E51B6
:1082800003F00AFF314604460D48ECE7206CC0F3CA
:10829000080003F0B1FF394603F0FEFE4FF07E51B7
:1082A00003F0FAFE314604460648DCE7C5E9000063
:1082B000C7E700BF004402580090D0030024744C6C
:1082C00020BCBE4B0024744A2DE9F843574C0546A8
:1082D000A36AA26AD4F82C9012F47C7FC2F3051032
:1082E000676B00F09F8003F00308C7F3CC0703F02F
:1082F00083FF064609F00100784303F07DFF4FF04D
:10830000645103F0D1FFB8F1010F074658D0B8F11E
:10831000020F67D0B8F1000F74D123689B0671D5A6
:1083200023684348C3F3C103D4F83080D84003F036
:1083300063FF314604F06CF80446C8F3080003F00C
:108340005BFF394603F0A8FE4FF07E5103F0A4FE18
:10835000364E0146204603F0A7FF0446306BC0F3BB
:10836000462003F049FF4FF07E5103F095FE014691
:10837000204604F04DF804F0E7F82860306BC0F3B5
:10838000064003F039FF4FF07E5103F085FE0146B1
:10839000204604F03DF804F0D7F86860306BC0F375
:1083A000066003F029FF4FF07E5103F075FE014691
:1083B000204604F02DF804F0C7F8A860BDE8F88363
:1083C000206BC0F3080003F017FF394603F064FE8A
:1083D0004FF07E5103F060FE31460446154804F02C
:1083E00017F8B5E7206BC0F3080003F005FF394626
:1083F00003F052FE4FF07E5103F04EFE314604462C
:108400000D48ECE7206BC0F3080003F0F5FE394699
:1084100003F042FE4FF07E5103F03EFE314604462B
:108420000648DCE7C5E90000C7E700BF0044025882
:108430000090D0030024744A20BCBE4B0024744C2E
:108440001FB5A0F580730B4315D19C4B1A6D02F03C
:108450000702042A2DD8DFE812F01C00E000050016
:108460004F014100186810F0005000F0DE8001A8B4
:10847000FFF76EFED8E0A0F500730B431BD18F4BC6
:108480001A6D02F4E072802AECD00CD8002A40F079
:10849000C480186810F0007000F0C78001A8FFF7D2
:1084A00013FF0298C1E0C02A00F02681B2F5807F58
:1084B00014D00020B9E0A0F580630B432ED17F4B90
:1084C0009A6D02F46002B2F5800FCBD0DED9B2F51E
:1084D000C00F00F01181B2F5000FE9E7DA6C1968FE
:1084E00002F04052480706D52AB91B68C3F3C103FE
:1084F0007348D84099E0714B1968C90503D5B2F1AA
:10850000805F00F0FB80186810F4003000F08D8070
:10851000B2F1005F6B4818BF002086E0A0F5006351
:108520000B431FD1654B9A6D02F0E062B2F1007F00
:1085300098D0ABD9B2F1407F00F0DE80B2F1806F0D
:10854000B7D1DA6C196802F040521B68480701D5B0
:10855000002ACBD0D90503D5B2F1805F00F0CE80E0
:10856000564BD0E7A0F580530B430FD1534B1A6DF8
:1085700002F4E042B2F5005F3FF474AF86D9B2F581
:10858000405F00F0B980B2F5804FD9E7A0F5005305
:108590000B4331D1494A136D03F4E023B3F5403F57
:1085A0007FD00DD8B3F5803F16D0B3F5003F1BD078
:1085B000002B7FF47EAF05B05DF804EBFEF798BDAD
:1085C000B3F5802F73D0B3F5A02F7FF472AF10688E
:1085D0003C4B10F400306EE0106810F0006024D0C6
:1085E00001A8FFF7F9FC5CE7106810F000501CD000
:1085F00001A8FFF7ADFD54E7A0F500230B431FD101
:108600002E4B9A6D02F44032B2F5803F0FD0B2F596
:10861000003F96D0002A7FF44CAF186810F000603D
:1086200003D001A8FFF7D8FC019805B000BD186879
:1086300010F00050F9D001A8FFF78AFD0398F4E785
:10864000A0F580330B430CD11C4BDA6CD2037FF5C1
:1086500020AF186810F00060E7D001A8FFF7BCFC5D
:10866000ECE7A0F580430B4330D1144A936D03F03F
:10867000E043B3F1405F14D00DD8B3F1805FABD0CD
:10868000B3F1005FB0D0002B7FF413AF05B05DF8FD
:1086900004EBFFF78FBCB3F1804F08D0B3F1A04FCC
:1086A00093E7106810F00400BFD013681EE710684D
:1086B000054B10F4807018BF1846B6E70044025806
:1086C0000090D00340787D0100093D00A0F50040F6
:1086D00008437FF4EEAE0A4A136D03F04053B3F142
:1086E000805F07D0B3F1005F3FF476AF002B7FF4DB
:1086F000E0AE6CE71068CDE6024896E7024894E7E2
:10870000004402580080BB0000093D00036859691D
:108710009A6942F008029A619A6942F010029A61DD
:108720001A6822F001021A601A6922F45B7222F0C0
:1087300003021A619A6822F440429A6090F88120FC
:10874000042A0BD08A0609D5D0F8842042F0800292
:10875000C0F884209A6942F020029A6190F8812042
:10876000032A0BD04A0609D5D0F8842042F004022F
:10877000C0F884209A6942F040029A618A0509D5BE
:10878000D0F8842042F00102C0F884209A6942F4B3
:1087900000729A61CA0509D5D0F8842042F0080217
:1087A000C0F884209A6942F480729A610023A0F88C
:1087B0006230A0F86A30704770470000F8B5044690
:1087C00008B90120F8BD0368974A934216D0A2F574
:1087D0007842934212D002F5806293420ED002F5A5
:1087E000784293420AD002F5E052934206D08F4A73
:1087F000934203D0FE218E48F9F77AFE636833F482
:10880000800303D0FF218A48F9F772FEA36833F48E
:10881000C02304D04FF480718548F9F769FEE368FE
:10882000033B1C2B04D940F201118148F9F760FE8B
:10883000E36B33F060030CD0802B0AD0B3F5807F5C
:1088400007D0B3F5C07F04D04FF481717848F9F7B1
:108850004FFEA36933F0806207D0B3F1005F04D00C
:1088600040F203117248F9F743FE636B33F0804323
:1088700004D04FF482716E48F9F73AFEE36933F0A1
:10888000405307D0B3F1804F04D040F2051168483F
:10889000F9F72EFE236A33F4000304D04FF48371FA
:1088A0006348F9F725FE636A73B9236933F00073EF
:1088B00040F0A580636933F0807310D040F20B1153
:1088C0005B48F9F715FE0AE0B3F5002F07D040F238
:1088D00007115748F9F70CFE636A002BE5D02268B0
:1088E00000235149A3628A42E3680AD0A1F5784186
:1088F0008A4206D001F580618A4202D00F2B3FF6F2
:1089000060AFE16B08334909DB0801FB03334649DB
:108910008A427AD0A1F578418A4276D001F5806109
:108920008A4272D0082B3FF64CAF94F8813003F0A6
:10893000FF0223B9204684F88020FFF73DFF22681C
:108940000223616884F881301368A66B23F0010369
:108950001360936803F4F81CA369B3F1806F04D12A
:10896000B1F5800F53D1002E56D011F48000E56888
:10897000176856D0062D54D927F4807E276D4EEA0D
:10898000070717600B43E76933433D43A76A3D433D
:10899000E76B3D4345EA0C059560656B2B43656AC3
:1089A0002B4325692B4365692B43256A2B43E56CD3
:1089B0002B43A5682B43A56C2B43A56D2B43D3609C
:1089C00059B9936823F4C05343F4006393609368E8
:1089D00023F4C06343F480639360136D23F00103B9
:1089E000136528B1D368616D23F000430B43D36056
:1089F00000200123C4F8840084F88130E2E64FF4BB
:108A000085710B48F9F774FD54E7102B8BE70029AB
:108A1000ABD1B6F1805FA8D1106840F480501060EF
:108A2000A3E727F48077ACE700300140001400583A
:108A3000D5CA00082DE9F84F1D46836804460E4646
:108A40001746DDF82890D0F800B0D0F83C8023B16C
:108A500040F25251A248F9F74BFDFBF71FFF94F883
:108A600081308246012BD8B240F08C81002E00F07C
:108A70009B80002F00F09880002D00F0958094F8E6
:108A80008030012B00F07E81052384F880004FEABE
:108A90005818676684F881300023A4F8685008F1FC
:108AA0000108C4F88430A4F86A501FFA88F8A4F8C2
:108AB0006250E665A4F86050C4E91C332368DA68A4
:108AC00022F4C022DA60874A93423DD0A2F5784270
:108AD000934239D0844FBB420CBF102708275A68F5
:108AE0006FF30F022A435A601A6842F001021A60BB
:108AF0006268B2F5800F03D11A6842F400721A60FE
:108B0000E3680F2B52D9BF082E4645EA06039BB2F5
:108B1000002B55D023685A69920724D51DB3EA1952
:108B2000964213D35A695969C80720D51A6B636EE8
:108B300043F8042B6366B4F86A30013BA4F86A304A
:108B4000B4F86A60B6B2E0E71027C8E7E26D52F801
:108B5000041B1962E265B4F86220013AA4F86220AD
:108B6000B4F86250ADB25A69002ECED0DBE746456C
:108B700001D21104DAD4FBF791FEA0EB0A004845BC
:108B8000C8D3B9F1FF3FC5D02046FFF7BFFDD4F8E9
:108B90008430032043F48073C4F88430012384F8C4
:108BA0008130002384F88030BDE8F88F072B40F235
:108BB000D5807F082E4645EA06039BB2002B49D19B
:108BC00023685B691B0740F1CB802046FFF79EFDC1
:108BD000012384F881300023D4F8840084F88030A5
:108BE000C01A18BF0120DFE7E26D32F8021BABF8B4
:108BF0002010E265B4F86220013AA4F86220B4F8CB
:108C00006250ADB25A69002ED5D02DE0464514D23F
:108C1000100412D5BBF83020636E1A800433BBF801
:108C2000302023F8022C6366B4F86A30023BA4F8C3
:108C30006A30B4F86A60B6B2BDE7012E01D1910482
:108C400015D4FBF72BFEA0EB0A00484502D3B9F17F
:108C5000FF3F99D123685A699207D3D5002DD1D00F
:108C6000EA199642C0D35A695B69DB07CED5BBF8D7
:108C70003020636E23F8022B6366B4F86A30013B40
:108C8000D5E7464532D2110430D593F83030626EC4
:108C90001370636E5A1C6266226892F830205A7014
:108CA000636E5A1C6266226892F830205A70636EB6
:108CB0005A1C6266226892F830205A70636E013343
:108CC0006366B4F86A30043BA4F86A30B4F86A60AA
:108CD000B6B245EA06039BB2002B3FF471AF14E035
:108CE000D5CA000800300140003C0040032E02D8E5
:108CF00012F4C04F27D1FBF7D1FDA0EB0A00484585
:108D000003D3B9F1FF3F7FF43FAF23685A6992075D
:108D100012D58DB1EA1996420ED2E26D127883F81F
:108D20002020E36D0133E365B4F86230013BA4F821
:108D30006230B4F86250ADB223685A69002EC8D0D0
:108D40005969C8079DD593F83030626E1370636E11
:108D500001336366B4F86A30013BB5E72E46B8E7E5
:108D6000FBF79CFDA0EB0A0081453FF629AFB9F166
:108D7000FF3F3FF425AFD4F8843043F02003C4F81C
:108D8000843022E702200FE7D0F8840070470268A1
:108D900052E8003F23F4907342E800310268002952
:108DA000F5D102F1080353E8003F23F0805302F1AC
:108DB000080C23F001034CE800310029F1D1C36E07
:108DC000012B07D152E8003F23F0100342E80031A5
:108DD0000029F7D12023C0F88C300023C3664367F5
:108DE000704770474268A34B9A42F0B5044687B07B
:108DF00004D940F6D831A048F9F77AFBA368B3F15B
:108E0000805F07D033F4805304D040F6D9319A48BC
:108E1000F9F76EFB2168994AE368914273D133F404
:108E2000005304D040F6DC319348F9F761FB236925
:108E300033F4806207D0B3F5C06F04D040F6E4315C
:108E40008D48F9F755FB636933F00C0200D123B963
:108E500040F6E5318848F9F74BFBA36933F44073DA
:108E600004D040F6E6318448F9F742FBE36933F475
:108E7000004304D040F6E7317F48F9F739FB636AD5
:108E80000B2B04D940F6E8317B48F9F731FB216917
:108E9000A26823680A4361691D68E0690A4378494A
:108EA000024329400A43E1681A605A6822F440529A
:108EB0000A43A1695A60714A93421CBF226A114356
:108EC0009A6822F06E4222F430620A43616A9A6024
:108ED000DA6A22F00F020A43DA626A4A934221D127
:108EE000694B5B6D03F03803182B00F037814BD8CA
:108EF000082B00F02B81102B00F02081002B00F0BC
:108F00001781012078E033F4405304D04FF43E61E0
:108F10005948F9F7EDFA236A33F4006387D040F635
:108F2000E13181E7594A93420DD1574B5B6D03F014
:108F30000703052BE5D8DFE813F07D0009010101E7
:108F400011012E012C00524A9342EED0514A934215
:108F5000EBD0514A9342E8D0504A9342C0D0504A95
:108F60009342E2D04F4A9342DFD0444A9342C8D161
:108F700002F50E32936D03F00703052BC1D8DFE82D
:108F800003F03643484D570F202B00F00481282B67
:108F9000B7D1B0F5004F00F0A9804FF40040EAE0EF
:108FA0004FF40040404B626A656833F8122005EBCD
:108FB0004501B0FBF2F39942A3D8B3EB053FA0D82B
:108FC00000234FF48077194603F0DEFA00230646AB
:108FD000680819462A46E6FB070103F0D5FA334B29
:108FE000A0F540729A428CD82368D86003E0FEF75F
:108FF000E1FF0028D6D100204FF00113A366002323
:10900000C4E91D3307B0F0BD6846FEF7E5FF0198DF
:10901000EFE703A8FFF79CF80498EAE713682448F1
:1090200013F0200FBED01368C3F3C103D840B9E7D3
:109030002048B7E7B0F5004F74D10023082B3FF666
:1090400060AF01A252F823F0B9900008C390000865
:10905000038F0008038F0008C9900008038F0008E1
:10906000038F0008038F0008D39000080823E5E76A
:109070000423E3E720BCBE00FACA0008000C005835
:10908000F369FFCF00100140004402580044004043
:1090900000480040004C00400050004000140140D7
:1090A00000780040007C004008CC0008FFFC0F0066
:1090B0000090D00300093D00FEF71AF800289AD06E
:1090C00014E0FEF727F8F9E76846FEF785FF0198F8
:1090D000F4E703A8FFF73CF80498EFE712F0200F3D
:1090E0002F4803D01B68C3F3C103D8402D4B626ADD
:1090F000616833F812204B08B0FBF2F203EB420335
:109100004FF6EF72B3FBF1F3A3F1100191423FF67A
:10911000F8AE23F00F02C3F34203216813439BB25E
:10912000CB6068E7FDF7E4FF00283FF464AF22E07E
:10913000B0F5004FC5D0FDF7EDFFF5E7B0F5004FF6
:1091400094D003A8FFF704F80498EDE7B0F5004FBA
:109150008ED06846FEF740FF0198E5E7124BB0F568
:10916000004F1A68BAD012F0200F0D4803D01B68C8
:10917000C3F3C103D840616A0A4A636832F8112018
:10918000B0FBF2F000EB5300B0FBF3F04FF6EF73DF
:10919000A0F1100226E7B0F5004F0448EBD1A5E797
:1091A0000090D00308CC00080044025800093D009C
:1091B000836AFF2B10B5044604D940F6D6416A48AD
:1091C000F9F796F9A36A18070FD5A36B33F4004398
:1091D00004D040F6DB416448F9F78AF92268A16BB4
:1091E000536823F400430B435360A36AD9070FD598
:1091F000E36A33F4003304D040F6E2415A48F9F709
:1092000077F92268E16A536823F400330B43536013
:10921000A36A9A070FD5236B33F4803304D040F64A
:10922000E9415148F9F764F92268216B536823F446
:1092300080330B435360A36A5B070FD5636B33F432
:10924000802304D04FF44F614748F9F751F9226861
:10925000616B536823F480230B435360A36AD806E1
:109260000FD5E36B33F4805304D040F6F7413E480A
:10927000F9F73EF92268E16B936823F480530B43BE
:109280009360A36A99060FD5236C33F4005304D07E
:1092900040F6FE413448F9F72BF92268216C9368B7
:1092A00023F400530B439360A36A5A0648D52368FE
:1092B0002E4A934220D0A2F54C4293421CD002F594
:1092C0008062934218D002F58062934214D002F576
:1092D0008062934210D002F5444293420CD0A2F532
:1092E0001C42934208D002F58062934204D040F6BB
:1092F00005511D48F9F7FCF8636C33F4801304D072
:1093000040F606511848F9F7F3F82168626C4B688B
:10931000B2F5801F23F4801343EA02034B600FD1A0
:10932000A36C33F4C00304D040F60B510E48F9F798
:10933000DFF82268A16C536823F4C0030B43536029
:10934000A36A1B060FD5E36C33F4002304D040F668
:1093500013510548F9F7CCF82268E16C536823F4FF
:1093600000230B43536010BDFACA000800100140EF
:109370002DE9F843089F04460E4690469946226818
:10938000D36936EA03030CBF01230023434501D010
:1093900000201FE0791CF3D0FBF780FAA0EB090056
:1093A000B84227D837B3206803685A07E7D5802E1C
:1093B000E5D0402EE3D0C56915F008050CD008258E
:1093C00005622046FFF7E3FC00230120C4F890501B
:1093D00084F88430BDE8F883C3691B05CFD54FF40A
:1093E000006303622046FFF7D2FC202384F88450F8
:1093F000C4F890300320EDE773B500260446C0F8AA
:109400009060FBF74BFA236805461B681A071CD5CA
:109410006FF07E4332464FF400110093034620461E
:10942000FFF7A6FF88B1226852E8003F23F08003CF
:1094300042E800310029F6D12023C4F88830032007
:10944000002384F8843002B070BD23681B685B077A
:1094500024D56FF07E4300224FF480012046009314
:109460002B46FFF785FFC8B1226852E8003F23F47E
:10947000907342E8003122680029F5D102F1080317
:1094800053E8003F23F0010302F1080040E80031F7
:109490000029F3D12023C4F88C30D0E7202300200A
:1094A000C4F88830C4F88C30E0662067C8E7000054
:1094B00010B50446002879D0816903683C4A002928
:1094C00051D0934223D0A2F54C4293421FD002F5D3
:1094D000806293421BD002F58062934217D002F55E
:1094E0008062934213D002F5444293420FD0A2F51A
:1094F0001C4293420BD002F58062934207D02D4A62
:10950000934204D04FF49F712B48F8F7F1FFD4F841
:10951000883023B9204684F88430FFF762FC242386
:109520002268C4F88830136823F001031360A36A2B
:1095300013B12046FFF73CFE2046FFF753FC0128FD
:1095400034D0236820465A6822F490425A609A68C0
:1095500022F02A029A601A6842F00102BDE8104027
:109560001A60FFF749BF9342D1D0144A9342CED03C
:1095700002F580629342CAD002F580629342C6D05F
:1095800002F580629342C2D002F544429342BED0BB
:10959000A2F51C429342BAD002F580629342B6D043
:1095A000044A9342B3D040F24311ADE7012010BD0D
:1095B00000100140000C0058FACA000800440040A6
:1095C000436E30B52BB90123A0F86A30A0F868309B
:1095D00030BD0368094D9A689968094CC2F342622C
:1095E000490F6B5C615C1B01B3FBF1F3A0F86A30BF
:1095F000AB5CA25C1B01B3FBF2F3E7E728CC0008ED
:1096000020CC00080368234A934210B5044620D0BA
:10961000A2F54C4293421CD002F58062934218D0CE
:1096200002F58062934214D002F58062934210D01A
:1096300002F5444293420CD0A2F51C42934208D05A
:1096400002F58062934204D040F20B211248F8F7F1
:109650004FFF94F88430012B19D024232046C4F8FE
:10966000883023681A68196842F0005221F001011D
:1096700019604FF0005161661A60FFF7A1FF2023C7
:10968000C4F888300023184684F8843010BD0220C6
:10969000FCE700BF0010014020CB0008817821B119
:1096A000437813B9007800F00DBE0020704737B53D
:1096B000457802460B468DB98468917800782CB9BC
:1096C0000C32009400F0B4FE03B030BD002B0095C6
:1096D00014BF2246002200F011FEF5E70020F3E758
:1096E00043781BB98178007800F0FABD704700001C
:1096F00013B599B90124084601A9ADF8044000F05A
:10970000EFFB40B94FF0E023D3F8F03DDA0700D586
:1097100000BE02B010BD0D4B1C70FAE7012801D845
:109720000B7843B94FF0E023D3F8F03DDB0700D5C9
:1097300000BE0020EDE7054C012B235401D0012091
:10974000E7E700F0CDFB0028F9D1EBE7106100203E
:10975000012805D8034A135C012B01D102F04EB950
:10976000704700BF106100200378024613F0050027
:1097700009D1137813F0050F06D11378012043F0B7
:10978000040313707047002070470278034602F00C
:109790000502042A0CBF0120002003D11A7802F030
:1097A000FB021A707047F0B5059CBDF818502544AF
:1097B000AC4223D226782644B5421FD36678052EC4
:1097C00009D1A67806F00F07F60901EB4707B8554F
:1097D00026783444ECE7042EFAD1E678002EF7D14F
:1097E000A6789E4208D34FF0E023D3F8F03DDB0784
:1097F00000D500BE0020F0BD9055E9E70120FAE752
:1098000010B5044608460299BDF80C2049B152B182
:10981000607004F10C0000F0F5F8049B0120A360D7
:1098200010BD0846FCE71046FAE7828A38B5C38ABD
:1098300092B204469BB29A4201D0002038BD002962
:10984000FBD08388013B13EA0105F6D1FFF726FF21
:109850000028F2D029462046FFF729FF0028EDD145
:109860004FF0E023D3F8F03DDB07E6D500BEE4E798
:1098700038B5838A0446C28A9BB2018A92B2934267
:10988000B6BFC2EB41029B1A9B189BB2994228BFFC
:10989000194601B3FFF702FFE8B1A168E9B9A38A4D
:1098A000E28A9BB2258A92B29342B6BFC2EB4502CE
:1098B0009B1A9B189BB29D4228BF1D46BDB12946ED
:1098C0002046FFF7F4FE80B94FF0E023D3F8F03DD7
:1098D000DB0700D500BE002038BD0023E28804F17C
:1098E0000C0000F067F90546E8E72846F4E7204653
:1098F000FFF7F6FEEFE738B504461046F2B1002355
:1099000092B204F10C0000F06AF9A38AE28A0546DB
:109910009BB2218A92B29342B6BFC2EB41029B1A1C
:109920009B18A2889BB28B4228BF0B469A4201D952
:109930008A4202D92046FFF79BFF284638BD38B53A
:10994000838A0546C18A9BB2028A89B28B42B6BF1E
:10995000C1EB42015B1A5B189BB29A428CBFD21AD0
:109960000022838888BF92B293422AD8FFF796FEDE
:1099700038B3AB8AEA8A9BB2298A92B29342B6BFC5
:10998000C2EB41029B1A9B189BB299428CBFC91A29
:109990000021AB8888BF89B28B4216D85B4228462B
:1099A00001EA0304EB889C4228BF1C462146FFF7CE
:1099B0007EFE40B94FF0E023D3F8F03DDB0700D541
:1099C00000BE002038BD2046FCE72846FFF788FE91
:1099D000F7E738B592B2044600230C3000F0EAF8FD
:1099E00005462046FFF7ABFF284638BD0A4492B231
:1099F000914202D8B2EB400F02DBA2EB400292B2DE
:109A000010467047B2F5004F10B54FF0000406D86D
:109A100044810160828083710481012010BD204651
:109A2000FCE7002343810381704783798B4218BF91
:109A30008171704713B5044693B11B78934209D9DD
:109A400032B1002301A8019302F00AFB019B2360BD
:109A500002B010BD0868D21A194492B22060EDE736
:109A60000423EBE713B50446084683B11B78934201
:109A700007D922B1236801A9019302F0F1FA02B0DB
:109A800010BD2168D21A016092B21844EFE7042396
:109A9000EDE72DE9F04F85B00F4684888046BDF88C
:109AA0003810DDF83C90581A85B200EB440080B2C3
:109AB0008B42B8BF05461DB3AC4207D29C42254637
:109AC00094BF1B1B1B1999B2A8F80A10AA4228BF01
:109AD0002A4695B28C4217D9661A2C1BD8F800A0DA
:109AE0000C44B6B20AEB010BA4B2B9F1000F4FD08F
:109AF000B5420CD84B462A4659463846FFF79AFFDE
:109B0000284605B0BDE8F08F091B89B2E2E799F855
:109B1000008038464B465946C8F100023240019257
:109B2000FFF788FF08F1FF30304010F0FF0024D02D
:109B3000A8EB0008019A03A900231FFA88F85A44E9
:109B40000E46A04528BFA046013312F801CBDBB278
:109B500006F801CB9842F7D15FFA88F253464618CF
:109B60005AFA88F843450ED196B24B46024438461D
:109B7000A41BB244FFF75EFFA4B2002CC0D04B463A
:109B800022465146B9E713F801CB06F801CBE9E7C5
:109B9000B54205D82A465946384602F061FAAFE781
:109BA00032465946384602F05BFA2246D8F8001091
:109BB000B819F2E773B5068904464589ADB2CDE917
:109BC0000053B3B2FFF765FF61890346024689B2CD
:109BD000A088FFF70BFF6081184602B070BD2DE929
:109BE000F04F074687B088461546002A31D00689CF
:109BF00082794189B6B2848889B272BB8E42B6BF7F
:109C0000C1EB4401711A891989B2A14280F0A48084
:109C1000611A89B28D4228BF0D463246A2423AD21D
:109C2000A4EB020B2C1B396814441FFA8BFB01EBCD
:109C3000020AA4B2002B7DD05D452FD82A4651469A
:109C40004046FFF70FFF2A463146B888FFF7CEFEA1
:109C50003881284607B0BDE8F08FA54209D32D1BF7
:109C60004544002B08BFA846002C77D00E46254659
:109C7000D3E78E42B6BFC1EB4402721A921992B278
:109C80002A44B2EB440FC8DB621B204692B2FFF7B6
:109C9000ADFE0646C1E7121B92B2BFE793F80090F3
:109CA00051464046C9F100020BEA0202CDE9012308
:109CB000FFF7D8FE09F1FF32029B02EA0B0B1BF003
:109CC000FF0B35D0A9EB0B024046039392B2A242A0
:109CD00028BF2246D1B25BFA82F20291894605A9D9
:109CE000FFF7C0FE019B05A900229A44039B08468A
:109CF000013210F801CBD2B20AF801CB9345F7D16B
:109D0000594400205FFA80FCDDF808E03A68F44529
:109D100008D3A4EB090402EB0901A4B2002C92D0F1
:109D200022468DE711F801CB02F800C00130E9E7C7
:109D30003968F3E75D4505D82A464146504602F0AA
:109D40008FF980E75A464146504602F089F922468B
:109D500008EB0B013868F2E700257AE7254678E73B
:109D600070B504894389A4B285889BB29C42B6BF72
:109D7000C3EB4502E21A121992B2954205D2A542EE
:109D80000AD8631B2A469BB24381BAB90A800A816A
:109D90004A600020C86070BD2B192A469BB24381DF
:109DA0009D420ED90068A34200EB03064E600BD221
:109DB00000230A800B81ECE7641BA4B2A542FBD907
:109DC000EEE75B1B9BB2EBE7521BEC1A13440C80D3
:109DD0000B81DFE700207047F8B506460024184DD8
:109DE000184F2978E2B24B1CDBB2934210D85022B4
:109DF0000021154802F0B5F81022FF21134802F0A7
:109E0000B0F81222FF211248BDE8F84002F0A9B8CC
:109E100091420BD93B68242101FB023343B94FF037
:109E2000E023D3F8F03DDB0707D4F8BDF7D1094BA9
:109E3000DB68304601349847D3E700BEF5E700BF42
:109E4000D8610020DC610020246200203F620020F5
:109E50004F62002030CC00080346034A10780BB153
:109E600001F0B6BB01F0CABB30000020024A0B462D
:109E700011610121184700BF24620020704770471C
:109E800000207047002070470020704700230370B7
:109E900018467047024B187E003818BF01207047E3
:109EA00024620020024B987D003818BF01207047C3
:109EB0002462002008B5034B187801F0CBFB012089
:109EC00008BD00BF30000020024B1878FF3818BFD3
:109ED000012070473000002008B501F06DFB08BD7F
:109EE0002DE9F047DFF8A08005460F4698F80030CE
:109EF000FF2B44D149B94FF0E023D3F8F03DDB0705
:109F000000D500BE0020BDE8F087502200211F4888
:109F1000002402F026F81E4B1E481F4E1C70FFF74F
:109F200080FD1E4B30461E4ADFF878901A60FFF71E
:109F3000ADFF3378C9F80000FF2BDCD04FF0240AC6
:109F40000CE091421DD9D9F800300AFB0233002BF6
:109F5000D1D05B68002BCED0013498473178E2B283
:109F60004B1CDBB29342ECD83946284688F80050A7
:109F700001F080FB0028BED0284601F029FB01201B
:109F8000C1E7B8D1084BE4E730000020246200208C
:109F9000206200201C000020D861002014610020F5
:109FA00014000020DC61002030CC00082DE9F041D5
:109FB000214C06462378FF2B2FD0204B1D7E01F02D
:109FC0001DFB304601F046FB304601F0D3FB68BB79
:109FD0004FF0E023D3F8F03DDB0700D500BEBDE82D
:109FE000F08191421BD9D8F80030242101FB0233C3
:109FF000BBB901363978F2B24B1CDBB29342F0D8D0
:10A00000502200210D4801F0ACFF0D4B00221A60D8
:10A01000FF2323700DB1F9F7C3FE0120DFE7E8D17C
:10A02000084B9B68002BE4D09847E2E70026064FD8
:10A03000DFF81880DEE700BF300000202462002037
:10A040001461002030CC0008D8610020DC610020C1
:10A05000704700002DE9FF41437804460D46023B5E
:10A06000052B0DD8DFE813F006009B0024002A0022
:10A07000B000B500724B00221A751A765A759A759F
:10A08000704B1E6815B93368284698470023B2887C
:10A09000214606F10800FFF7A2FD074615B933680F
:10A0A00001209847002F67D02A466178207888E001
:10A0B000634B1A7D002A66D00122E0E7604B1A7DCF
:10A0C000002A60D00022DAE791425FD9D8F8003048
:10A0D000242101FB0233002B5AD101363978F2B228
:10A0E0004B1CDBB29342EFD8554FBB7D33B30023FB
:10A0F000CDE90133BB75039323788DF80430052334
:10A100008DF805304F4B1E6815B9336828469847BF
:10A110000023B28801A906F10800FFF760FD804620
:10A1200015B9336801209847B8F1000F3CD14FF0C2
:10A13000E023D3F8F03DD90700D500BEBB7EDA0797
:10A1400021D523788DF8043003238DF8053063681A
:10A1500002933C4B1C6815B9236828469847002396
:10A16000A28801A904F10800FFF739FD064615B9D8
:10A17000236801209847FEB94FF0E023D3F8F03D63
:10A18000DB0700D500BE04B0BDE8F081A5D12E4BA1
:10A190001B6A002BA1D06168207898479DE70026B4
:10A1A0002A4FDFF8AC8099E72A469DF805109DF804
:10A1B0000400FFF763FEC1E72A469DF805109DF8ED
:10A1C0000400FFF75BFEDEE7224A137801331370C9
:10A1D00056E7017911F00F023FF452AF184E06EB2B
:10A1E000420303EBD11393F82B00184B1B789842D2
:10A1F00022D2174B24271B6807FB0033002B3FF4A8
:10A200003FAFDF69002F3FF43BAF06EB420606EBA2
:10A21000D11696F83D3003F0FA0386F83D30A36876
:10A2200062792078B8470028ADD196F83D3043F0E8
:10A23000050386F83D3023E77FF422AF024BE0E7C9
:10A24000246200201461002030CC0008D861002076
:10A25000DC6100202062002010B5054C18B963684D
:10A260000BB92368984763680133636010BD00BF72
:10A2700028000020054A536833B1013B536018B9E8
:10A2800013B9136801201847704700BF2800002049
:10A290008B7803F00F03082B08D94FF0E023D3F895
:10A2A000F03DDB0700D500BE002070478B88C3F36C
:10A2B0000A03002BF1D0024B187801F07FBA00BFDF
:10A2C00030000020CB0901F00F02044800213D338B
:10A2D00003EB42031844FFF747BA00BF2462002093
:10A2E000CB0901F00F02044800213D3303EB420388
:10A2F0001844FFF74ABA00BF2462002013B501F0EA
:10A300000F00144C04EB400404EBD11494F83D000E
:10A31000C00709D54FF0E023D3F8F03DDB0700D5A7
:10A3200000BE002002B010BD94F83D0040F00100D6
:10A3300084F83D009DF8100000900748007801F077
:10A34000ADFA0028EED194F83D3003F0FA0384F81A
:10A350003D30DFE72462002030000020084B07B5C5
:10A36000DA885AB1197881F0FF0101F080010023E9
:10A370001A460093FFF7C2FF03B000BD8021F6E745
:10A3800024620020164B37B599890546DA8993F97E
:10A3900000008C1AA4B2402C28BF402400280BDAFD
:10A3A00091420FD099680F48814203D0B1B1224643
:10A3B00001F056FE802103E091424FF000010BD0E6
:10A3C000084A01E08021002200232846009323460A
:10A3D000FFF794FF03B030BD0A46F5E70846F9E7FA
:10A3E00024620020E061002013B5104CE188A260D7
:10A3F0008B4228BF0B46A38189B14BB142B94FF0C4
:10A40000E023D3F8F03DDB0700D500BE002004E0D8
:10A41000FFF7B8FF0028F2D0012002B010BD0B46B4
:10A420000A4600918021FFF769FFF3E724620020CC
:10A4300013B501F00F00144C04EB400404EBD114ED
:10A4400094F83D00C00709D54FF0E023D3F8F03D64
:10A45000DB0700D500BE002002B010BD94F83D001F
:10A4600040F0010084F83D009DF81000009007487E
:10A47000007801F063FA0028EED194F83D3003F043
:10A48000FA0384F83D30DFE724620020300000202A
:10A49000094B10B50C46187801F07EFA074B04F012
:10A4A0000F0203EB420303EBD41191F83D3043F06C
:10A4B000030381F83D3010BD3000002024620020ED
:10A4C000094B10B50C46187801F078FA074B04F0E8
:10A4D0000F0203EB420303EBD41191F83D3003F07C
:10A4E000FC0381F83D3010BD3000002024620020C4
:10A4F00001F00F02044B03EB420303EBD11393F87B
:10A500003D00C0F34000704724620020A64B2DE9B7
:10A51000F04F1B7889B0FF2B00F0C1824FF0080A82
:10A52000A24B00201C68236898470023A28805A935
:10A5300004F10800FFF73EFB054623680120984719
:10A54000002D00F0AC829DF81530013B072B00F286
:10A550003D82DFE813F008001400D502BB02C602FA
:10A560001B001D02CE029DF81400FFF735FC9DF87C
:10A5700018208F4B5A76BAF1010AD1D18FE29DF89B
:10A580001400FFF729FCF9F70BFCF4E7894B1A7864
:10A59000002AF0D01A78013A1A701A7802F0FF03F4
:10A5A000002AE8D1824C01269DF8145026752361BB
:10A5B00084F83D3084F83E30DDE90601C4E9023319
:10A5C00084E80300227802F06003602B07D14FF08B
:10A5D000E023D3F8F03DD80728D500BE26E0402B75
:10A5E00009D1754B2246314628462361FFF7F2FB1D
:10A5F0000028C0D11AE002F01F02012A00F05481A5
:10A60000022A00F07C81002AE1D1202B20D123797D
:10A610000F2B0BD82344DA7E684B1B789A4210D25A
:10A62000674B24211B6801FB023363B900219DF8AD
:10A63000140001F0B1F980219DF8140001F0ACF98B
:10A6400099E7F3D15F4B59692846FFF70FFCCFE735
:10A65000002BBCD16378092BB9D801A252F823F0A2
:10A660009FA800088FA80008CFA500087DA80008B3
:10A67000CFA5000889A60008D7A70008CFA5000825
:10A6800097A60008ADA60008A178284601F03CF97D
:10A69000012363756FE7237E8DF8123001230DF1DE
:10A6A000120243492846FFF79FFE64E7A678237EFF
:10A6B0009E4210D05BB10021284601F065F8284683
:10A6C00001F09CF8677E2846FFF786FB67762676C2
:10A6D00036B9F9F765FB36492846FFF73FFE4AE7EA
:10A6E000701EC0B2F9F7AEF910B14378022B08D052
:10A6F0004FF0E023D3F8F03DDD0767D40023237645
:10A7000065E7C37900F10907E27D9B1163F300025D
:10A71000E2754388C618BE425AD93B783B449E42F4
:10A7200056D37A780B2A01D11F46F4E7042ADFD1E9
:10A73000F21B0023DFF884B092B29BF800005FFAAE
:10A7400083F8411CC9B24145D2D9404526D91C499C
:10A750002420096800FB08110029C9D0D1F8109005
:10A760002846394603930292C84708288146DDE906
:10A77000022316D9824214D31023134ACDE9007064
:10A78000D1184046FFF70FF80028B1D09BF80030F1
:10A790004F440133DBB24345BDD8A9E7A8D10949ED
:10A7A000DCE70133C9E700BF30000020146100205E
:10A7B0002462002020620020D59D0008D86100207E
:10A7C000DC61002030CC00083F62002000BE95E72D
:10A7D000F9F7DCFA7FE76088030AC0B25A1E0E2A36
:10A7E0003FF624AF01A151F822F000BF29A80008CC
:10A7F0004BA8000865A800082DA600082DA6000893
:10A8000077A800084BA800082DA600082DA6000870
:10A810002DA600082DA600082DA600082DA60008CC
:10A820002DA6000841A80008F9F708F902460028FB
:10A830003FF4CDAE1223A0492846FFF7D5FDD7E659
:10A84000FFF71EFB024640B9F0E6022B07D1F9F7ED
:10A85000F9F8024600283FF4BAAE5388EBE7FFF759
:10A8600013FBEFE7A188F9F7F5F8024600283FF45B
:10A87000DDAE0378DFE7FFF705FBF6E76388012B22
:10A880007FF4D4AEE37D43F00203E37523E76388EE
:10A89000012B7FF4CBAEE37D23F00203F5E7E37DEC
:10A8A000ADF812300223FAE623790F2B3FF6BEAE45
:10A8B0002344DA7E814B1B789A421CD2804B2421A0
:10A8C0001B6801FB0233002B3FF4B0AE59692846E8
:10A8D000FFF7CCFA00287FF44EAE237813F0600324
:10A8E0007FF4A4AE627823610A2A3FF4D5AE0B2A26
:10A8F0003FF4F1AE9AE67FF499AE724BE6E7217928
:10A9000001F00F02082A3FF662AE04EB42026B48E8
:10A9100002EBD112007892F82B20824213D26848C1
:10A920000668242000FB0266A3B9637803F0FD02E9
:10A93000012A14D0002B7FF44AAE2846FFF7D8FD39
:10A94000ADF81200AEE700F0E480002B7FF46EAEAD
:10A950001E46EAE7002E3FF469AE716974E662882C
:10A9600022B9012B284610D1FFF7AAFD002E3FF493
:10A9700002AE71692846FFF779FA0023236194F843
:10A980003E30DC073FF5F7ADA5E6FFF781FDEDE7CB
:10A990009DF81810484C01F00F0004EB400303EB46
:10A9A000D11393F83D2002F0FA0283F83D200028ED
:10A9B00062D1E3889DF81450079F83B1267886F012
:10A9C000FF0606F08006B14218D157B14FF0E023E0
:10A9D000D3F8F03DDB077FF5CEAD00BECBE580269A
:10A9E000F1E735492846FFF733FB2369002B3FF495
:10A9F000C2AD314A032128469847BCE594F900309E
:10AA0000002B0FDBA06800283FF4B5ADA389E289D5
:10AA10002D499B1A9F4228BF1F46884202D03A46C2
:10AA200001F01EFBE389A2683B443A449BB2A2605A
:10AA3000E288E3819A4201D03F2F19D8236953B9A4
:10AA40000023314628461A460093FFF757FC00289A
:10AA50007FF491ADBAE70221174A2846984701468C
:10AA60000028EDD1284600F097FF80212846E5E533
:10AA70002846FFF787FCEAE793F82B200F4B1B785B
:10AA80009A420FD20E4B24201B6800FB02335BB9A5
:10AA90004FF0E023D3F8F03DD90700D500BE09B050
:10AAA000BDE8F08FF4D1074B9C699DF81920079BF6
:10AAB0009DF81400A0475EE524620020D8610020C4
:10AAC000DC61002030CC0008E0610020134B1A7DCF
:10AAD000002A3FF450ADD87DC0F34000F9F76AF981
:10AAE00049E50E4B1B7D002B3FF445ADF9F76CF9A2
:10AAF00041E5069B002B3FF43EAD079898473AE5A9
:10AB0000064B9B7EDA077FF536AD0698FFF7B7F95F
:10AB100031E5034E002B7FF420AF06E724620020CE
:10AB200030CC0008704770477047704770477047D7
:10AB300010B508B1002010BDFFF7ACF90446FFF7CF
:10AB4000B1F9002CF6D00028F4D1024BD87800F0EF
:10AB50000100F0E77462002080B909490B8F4A8F29
:10AB60009BB2888E92B29342B6BFC2EB40029B1A50
:10AB70009B189BB2984228BF184670470020704728
:10AB80007462002010B90248FEF723BF002070470E
:10AB90009862002008B538B90448FEF742FF04481F
:10ABA000BDE80840FEF7CBBE08BD00BFA462002090
:10ABB0009862002010B90248FEF79DBE0020704741
:10ABC0008062002010B90248FEF752BE0020704794
:10ABD0008062002008B520B90348FEF722FF01205B
:10ABE00008BD0020FCE700BF8C6200207FB540F26A
:10ABF0003C4200211348002401F0B3F911484FF4FE
:10AC0000E1334FF400750646224643604FF6087361
:10AC10002146438100F50F73243000932346CDE98C
:10AC20000154FEF7EDFD06F13C03214606F10C0050
:10AC3000009301231A46CDE90154FEF7E1FD04B06B
:10AC400070BD00BF746200200120704738B5064C0B
:10AC500000250121204640F8185BFEF7E6FE84F847
:10AC60002650A57338BD00BF746200202DE9F0475F
:10AC70004B7981460E46022B0FD18B79022B0CD1DA
:10AC80003B4D95F826305BB1AB7B4BB14FF0E023E9
:10AC9000D3F8F03DDB0700D500BE0020BDE8F0870B
:10ACA000B37806EB020885F800906B703478344472
:10ACB0004445627805D223782344984501D3242A59
:10ACC00015D0052A09D121464846FFF7E1FA0028A8
:10ACD000DCD0A378AB7023781C446378042B34D188
:10ACE00063790A2B31D123464FF0000A26E01C4637
:10ACF000DEE7434528D29F18B84525D37B78052B3E
:10AD0000C4D1FB7803F00303022BBFD13946484678
:10AD1000FFF7BEFA0028B9D0BA78BB88D109C3F3CF
:10AD20000A0315D02B824023124885F80C90AA7391
:10AD30006B82FEF776FE0AF1010A3B465FFA8AF261
:10AD4000217991421A78D4D89C18A01B80B2A5E72B
:10AD5000094885F8249085F826202B856B85FEF719
:10AD600060FE0648FEF7EBFD0028E4D18EE700BF49
:10AD7000746200208C620020A4620020986200208F
:10AD80000B461146127802F06002202A70B53ED1BF
:10AD9000204E8A887478944239D14A78203A032A1E
:10ADA00035D8DFE802F00211142B012B05D107235F
:10ADB000194AFFF719FB012070BD032BFBD116497F
:10ADC0000020FFF7B3FEF6E7012BF4D1EFE7012BEC
:10ADD00002D1FFF7C3FAEEE7032BECD14C880F4802
:10ADE00004F00105F47085F00101FEF71EFEC4F3C6
:10ADF000400229460020F8F7F1FFDCE7012BE8D0FC
:10AE0000032BD8D149880020FFF791FED3E700201B
:10AE1000D2E700BF74620020786200208C620020BC
:10AE2000F0B53B4C1E4685B00D4694F826308B425B
:10AE300011D0A37B8B4246D0A3788B4201D100294D
:10AE40004CD14FF0E023D3F8F03DDB0700D500BE36
:10AE5000002005B0F0BDE16A29B10023B2B204F1CF
:10AE60003000FEF7BCFEE37AFF2B1DD0694629486F
:10AE7000FEF776FFBDF80820002A34D0013A039B84
:10AE800013448BB1BDF800200020019F013AE17A04
:10AE9000DDF80CC03A44B04206D093F800E08E458D
:10AEA00028D10020FFF73FFE228F638F92B29BB222
:10AEB0009A4202D00020FFF735FE1748FEF73FFD0B
:10AEC000A37BAB420AD10020FFF72EFE1348FEF70A
:10AED000CFFC18B931461148FEF7A7FCA378AB4266
:10AEE00011D00120B5E7BDF80020002ADCD0013ADE
:10AEF000019BC5E79C4504D09F42D5D0013B013062
:10AF0000C9E71346FBE70020FFF70FFEE9E700BFA4
:10AF100074620020A46200209862002080620020F9
:10AF20000369002BFCDA036C02699BB242F0010258
:10AF3000026144F20922934206D80369DA07FCD47D
:10AF40000369002BFCDA704703699B00FCD5036999
:10AF500023F0005323F0010343F000530361EFE7B4
:10AF6000836BB1B943F4803383630C4B984207D1B0
:10AF70000B4AD2F8003123F08053C2F800317047F9
:10AF8000084B984208D1064AD2F8003123F080637A
:10AF9000F3E723F480338363704700BF0000084069
:10AFA00000440258000004401D4B1E4A1B68934297
:10AFB00026D21D4A934225D81C4A934224D21C4AC9
:10AFC000934223D8A2F5DB12A2F5BA5293421FD8BE
:10AFD000A2F5B712A2F5587293421BD8154A9342B4
:10AFE0001AD2154A934219D2144A934234BF0F23FE
:10AFF0000E23C26822F4705242EA8323C360704772
:10B000000623F6E70723F4E70823F2E70923F0E72E
:10B010000A23EEE70B23ECE70C23EAE70D23E8E72E
:10B02000080000200048E801DF9DA30100366E0102
:10B030003FA44C01807306010024F400C0E1E40049
:10B04000836CD8B23F2894BF0020012029B913F4A3
:10B05000407F00F0010018BF00207047F8B5441E83
:10B060000C231646454A604260415843444B1C58E5
:10B07000236C6FF30F03934214D0424A934211D0D2
:10B0800002F5803293420DD04FF0E023D3F8F02D3B
:10B09000D10700D500BED3F8F03DDA0700D500BED9
:10B0A0000020F8BDA36823F00103A360E568002930
:10B0B00051D0A16C236DC3F30723402B01F0C003D3
:10B0C00034BF08271027802B3CD125F4681525F0C4
:10B0D000C80545F010052046E560C1F3811125F44F
:10B0E0007055FFF73DFFFFF71BFF102F14BF4FF404
:10B0F00010534FF4A0531D43E56009B9FFF754FF07
:10B10000E36843F00703E360D4F8003E23F00F0345
:10B11000C4F8003E4FF48463236123699B06FCD48A
:10B1200010232361236913F01003FBD14FF0FF328A
:10B1300062616260A361E6B1A36843F02603A36085
:10B140000120AEE7102F0ABF25F0500525F0580565
:10B1500045F00805BFE745F0400325F4705520464B
:10B1600045F4A255E360FFF7FBFEFFF7D9FEE5606B
:10B17000C4E7A36943F01003A361E1E70000544F63
:10B1800054CC00080000315508B5431E58425841C0
:10B190000C2358430C4B1858836823F00103836039
:10B1A000FFF7BEFED0F8003E43F00303C0F8003EB8
:10B1B000836CC268520602D413F0C00F03D1836BB4
:10B1C00023F48033836308BD54CC0008F0B54FF0FE
:10B1D0000C0C2A4D01F00F060CFB00573C7AB442D0
:10B1E00008D84FF0E023D3F8F03DD80700D500BED3
:10B1F0000020F0BD012802F1030214BF002001204D
:10B20000C9094FEA92020CFB00F02D5810D1C2F38D
:10B210000D030834696A2344B1EB430F4FEA43023C
:10B2200004D2174B9B889342DBD36A620120E0E78C
:10B23000797A134821B18479A142D2D90134847139
:10B24000104909883141C90705D526B1510089B295
:10B25000002B18BF0A46696A838811448B42C0D309
:10B260009B1A9BB2838043EA02430EB9AB62DDE7CF
:10B2700006F13F0105EB81025360D7E76CCC000873
:10B28000BC660020B0660020411E0D4B4A4210B43F
:10B290004A410C246243995804FB00331A7A5B89B3
:10B2A000183252004A628A6C064A938003EB0343C9
:10B2B0004022CB650023802110BCFFF787BF00BF71
:10B2C0006CCC0008BC660020431E584258410C2339
:10B2D000F0B558438D781E4B1E4E1C5805F00F00DC
:10B2E0008B884200D4F808C8C3F30A0302EBD512D6
:10B2F0001CF0060F06EB02164FF00102738143F4B7
:10B3000000438F7907F1FF3E02FA0EF2D2B208BF76
:10B3100017463773CA7802F003014A1E43EA814395
:10B3200018BF012243EA0273EA0982F0010218BF42
:10B3300065F3995300EB021202F148014901635091
:10B340000123D4F81C1893400B43C4F81C38F0BDFB
:10B350006CCC0008C466002000F1FF3C0C23DCF13B
:10B36000000040EB0C0058433A4B30B5185801F040
:10B370000F04C90900EB441331D0D3F80059002D54
:10B38000D3F8005911DB45EA425545F00065C3F892
:10B390000059A30143F02003036103699B06FCD419
:10B3A000002A55D1002C53D046E045F00065C3F883
:10B3B0000059D3F808596D06FBD5D3F8005945EA72
:10B3C000425545F08045C3F8005900EB4413D3F8CB
:10B3D0000859AD07FBD50225C3F80859D9E7D3F8BA
:10B3E000005B002D00DA34B9D3F8005B45EA425522
:10B3F000C3F8005BD4E7D0F8045845F40075C0F8F2
:10B40000045845692D06FCD5D3F8005B45EA425542
:10B4100045F08045C3F8005B00EB4413D3F8085BAC
:10B42000AD07FBD50225C3F8085BD0F8043843F418
:10B430008063C0F804385AB981F0010304EB0313A8
:10B4400000EB4313D3F8002922F40042C3F800298B
:10B4500030BD00BF6CCC000800EB41132DE9F04F6C
:10B46000D3F810394F1C00261E4C85B08246884602
:10B47000C3F3C94900EB0737354604EB4114DFF845
:10B4800068B0B3B2994503D8284605B0BDE8F08F3F
:10B490000AEB4811628BD1F810399BB29A4228BF4F
:10B4A0001A46D1F818390BEA83039A42ECD81544AE
:10B4B0006069ADB258B100233946CDE902330423A7
:10B4C0008DF8083002ABFEF775FB0136D9E703466D
:10B4D000216938460192FEF7ADFA2369019A1344B7
:10B4E0002361F2E7C4660020FCFF0300F8B5451EA7
:10B4F0000C2314460E46684282F00102684158430C
:10B500002A4B1D58002941D1294830F81430402BCE
:10B51000194628BF40215B1A20F814300123C3F3D9
:10B52000090306EB021241EAC34305EB4212C2F8DB
:10B530001039D2F80039C3F30740C3F3076700F0AE
:10B540000C0067F07B07042867F31F6307D1D5F869
:10B550000808C0054CBF43F0805343F00053012C52
:10B56000C2F8003911D181B131462846FFF774FF86
:10B570005EB1104B03EB46131B8B834205DDD5F800
:10B580003438B4401C43C5F83448F8BD04EB4101DD
:10B59000084B03EB0113588919890B18013BB3FBC6
:10B5A000F0F39BB2012B38BF0123B8E76CCC000845
:10B5B000BC660020C4660020642905D122B112684F
:10B5C0000120024B1A60704700207047B0660020CF
:10B5D000084B0C2202FB0033B3F90430002B08DBCC
:10B5E0000122590903F01F0302FA03F3024A42F849
:10B5F000213070476CCC000800E100E00B4B0C22BE
:10B6000002FB0033B3F90430002B0DDB5A09012192
:10B6100003F01F03994002F12003054A42F823106A
:10B62000BFF34F8FBFF36F8F704700BF6CCC000824
:10B6300000E100E0431E584258410C235843044B9C
:10B640001A58D2F8043823F00203C2F804387047BD
:10B650006CCC0008431E584258410C235843044BFD
:10B660001A58D2F8043843F00203C2F8043870477D
:10B670006CCC0008F8B5421E00263A4B0546314610
:10B680001E605E60534253410C225343364AD458E5
:10B690002046FFF7D5FC3246014607462846A36CF4
:10B6A000FFF7DCFC064640B94FF0E023D3F8F03D4D
:10B6B000DB0700D500BE3046F8BDD4F80038002FB7
:10B6C00035D0A26C23F0030302F0C002802A01D11E
:10B6D00043F4804343F004032846C4F80038FFF7DE
:10B6E000B9FFE368214A23F0C043927843F08043D6
:10B6F000E360236823F010030AB943F0C00323601A
:10B70000A36BE16BB1F5005F19D29AB123F400137A
:10B7100043F40023A3632846A269154B1343A36196
:10B72000A36843F00103A360FFF784FFC3E743F07E
:10B730000303CFE723F4402343F40013EAE7E16B6C
:10B74000B1F5A04F04D2002AF6D123F40013E1E7AB
:10B7500012B123F06073EFE723F0087343F0C07376
:10B76000D8E700BFBC6600206CCC0008B0660020A3
:10B7700004300080014608B5FFF76CFF0846FFF76C
:10B7800003FD012008BD0000431E0A4A5842D17142
:10B7900058410C235843084B1B5831B108225A61B9
:10B7A0009A6942F008029A6170479A6922F0080289
:10B7B000F9E700BFBC6600206CCC0008CB7803F032
:10B7C000030370B50C468A88991E0646C2F30A0226
:10B7D0004B424B41A178FFF7F9FC054640B94FF0C9
:10B7E000E023D3F8F03DDB0700D500BE284670BD4E
:10B7F00021463046FFF768FDF8E70000411E4A4247
:10B800004A410C21F8B54A43214B06469C5801FB9E
:10B81000003300201F7AFEF71FFD1E4B00201E4A3A
:10B82000012198714FF00113C4F81C38CBB29F422C
:10B830001AD904EB4113D3F80059002D05DAD3F8D7
:10B84000005945F09045C3F80059D3F8005B508784
:10B85000002D05DAD3F8005B45F09045C3F8005B96
:10B86000508501312032E1E74FF48463236123697D
:10B870009B06FCD410232361256915F01005FBD12C
:10B880003046FFF701FD2846BDE8F840FEF7F2BC60
:10B890006CCC0008BC660020C46600202DE9F84F7F
:10B8A00001F00F0ACD099DF82870804605EB4A0487
:10B8B000134E38469B469146FEF7CEFC230106EB1D
:10B8C00004146089C8B146F803900023A4F808B0B6
:10B8D0006360237B6373BAF1000F02D1094B23F835
:10B8E00015B001242A4651464046FFF7FFFD384671
:10B8F000FEF7C0FC2046BDE8F88F0446F7E700BF1E
:10B90000C4660020BC66002007B5421E5342534166
:10B910000C225343084AD258D2F8003823F4FE636D
:10B9200043EA01138021C2F8003800231A4600932D
:10B93000FFF7B4FF03B000BD6CCC00082DE9F04761
:10B940009DF8206001F00F07CD09804630469246F1
:10B95000994605EB4704FEF77FFC0E4B220103EBF3
:10B960000414608998B10021C4F804A0A4F80890D8
:10B97000404699502A46237B394663730124FFF7DA
:10B98000B5FD3046FEF776FC2046BDE8F08704465C
:10B99000F7E700BFC4660020421E38B553420D468B
:10B9A00053410C225343044AD4580122FFF7D4FCDC
:10B9B000290700D1A36C38BD6CCC0008431E584247
:10B9C00058410C235843CB0901F00F0183F00103C8
:10B9D00001EB0311084B1B5803EB4113D3F800296B
:10B9E00022F40012C3F80029D3F8002942F0805253
:10B9F000C3F80029704700BF6CCC0008421E5342B8
:10BA000053410C225343B04A2DE9F04FD45887B02C
:10BA10000546A36966691E40F10475D54FF480534D
:10BA200001206361FEF718FCA76C4FF490720021AF
:10BA3000C7F38327A54800F094FA0023A44A0137EE
:10BA4000D38004EB43110133D1F8002B42F00062A4
:10BA5000C1F8002BDAB2BA42F3D3002304EB43124D
:10BA6000D2F80019002905DAD2F8001941F0904106
:10BA7000C2F800190133DAB29742EFD84FF0011340
:10BA8000C4F81C380923C4F81438C4F810384FF42B
:10BA90008463236123699B06FCD4102323612769F7
:10BAA00017F01007FBD12846FFF7EEFBD4F800385B
:10BAB0004022012067F30A13C4F80038D4F8003993
:10BAC00023F00303C4F80039D4F8003B23F0030348
:10BAD000C4F8003BD4F80039C4F80039D4F8003B6E
:10BAE000C4F8003B794B5A835A81A36CD4F8103BBD
:10BAF00043F0C043C4F8103BA36943F4A01343F0E0
:10BB00000403A361FEF7B6FBB7041ED54FF4005340
:10BB100063614FF400636361A36943F40063A3614D
:10BB2000D4F8082812F0060FC2F3410300F0C980D0
:10BB3000981E43424341012103A88DF80C508DF813
:10BB40000D108DF81030FEF785FA31050FD54FF442
:10BB50000063012103A86361A36923F40063A36167
:10BB600004238DF80C508DF80D30FEF773FA002E7B
:10BB70000FDA4FF00043012103A86361A36943F486
:10BB80000063A36105238DF80C508DF80D30FEF78E
:10BB900061FA720710D567687B070CD5A36901218C
:10BBA00003A823F00403A36102238DF80C508DF841
:10BBB0000D30FEF74FFA676030071DD5A3691907EE
:10BBC0001AD50823424A6361A369D27943F400631A
:10BBD000A361D4F80838C3F30D231AB9A26922F07F
:10BBE0000802A2610322012103A88DF80C508DF8F0
:10BBF0000D200493FEF72EFA720347D5A36C04F5CB
:10BC00001068A36C0027DFF8C490C3F383230133CB
:10BC10000193D4F81838FB40DB072ED5D8F808B0CC
:10BC20005FFA87FA1BF0010FC8F808B00AD0002F9E
:10BC300050D1274B5A88002A4CD001223946284639
:10BC4000FFF754FC1BF0800F17D0D4F83438FB40BA
:10BC5000D80712D551462046FFF7FEFB04EB4713E9
:10BC6000D3F81039C3F312033BB90122D4F83438A6
:10BC7000BA4023EA0203C4F834380137019A08F1C4
:10BC8000200809F12009FBB29A42C2D8F10645D535
:10BC9000A369DFF8388023F01003DFF834A0A36134
:10BCA000D4F840C0226AC2F34343C2F3030102F056
:10BCB0000F07023B042B2AD8DFE803F09CD3782936
:10BCC0002200022337E700BF6CCC0008C4660020C6
:10BCD000BC6600204FF007036AF07F01B9F8182016
:10BCE00003A88DF80D304FF000038DF810100121DE
:10BCF0008DF80C5005928DF81130FEF7ABF9A1E7E5
:10BD000004F580527D4B1168126819605A606369AE
:10BD1000DA06C5D4A36943F01003A361F30242D548
:10BD20004FF48013764E4FF000086361D4F8083862
:10BD3000A76CC3F3002AC7F38327013704EB481924
:10BD4000D9F80019002927DAC1F3074303F00C03DF
:10BD5000042B21D1C1F3004353451DD196F81DB0EA
:10BD6000BBF1000F00F0AA80738B0BF1FF3B308B0F
:10BD700086F81DB0C218013AB2FBF3F2614B03EA38
:10BD8000C2430343C9F81039BAF1000F00F09380A1
:10BD900041F08051C9F8001908F1010820365FFA16
:10BDA00088F39F42CAD807B0BDE8F08F04EB47176D
:10BDB000D7F8103B43F0C043C7F8103B48F20803E4
:10BDC000C7F8083BD4F80039002B04DA00228021A0
:10BDD0002846FFF7C1FA06238DF80C508DF80D3078
:10BDE000464B93E80300CDE90401012103A8FEF7C7
:10BDF00031F98CE7C2F30A194FEA471BB9F1000F7A
:10BE00000FD008EB0B035868E8B100234A4604F54D
:10BE10008051CDE9033304238DF80C3003ABFDF7DB
:10BE2000DEFE08EB0B03598949457FF670AFA3444A
:10BE30001A89DBF8101B521A1A81002F7FF467AFA2
:10BE4000314B1F8063E703464A4658F80B1004F550
:10BE50008050FDF707FE58F80B304B4448F80B3084
:10BE6000DFE704EB47130122D3F8080BC3F8082BD4
:10BE7000264A944506D148F22002104202D0C3F867
:10BE8000082B44E747B9BAF800302BB13A46394697
:10BE90002846FFF72BFB3AE708EB471707228DF8F8
:10BEA0000C503B898DF80D20059300238DF8101060
:10BEB0008DF8113099E741F000516BE768F07F0190
:10BEC00028465A46C9B20191FFF746FAD9F8003917
:10BED00003A8019943F40043C9F8003907238DF8FA
:10BEE000101001218DF80C508DF80D30CDF814B0E4
:10BEF0008DF81110FEF7AEF84EE700BFB4660020D3
:10BF0000C46600200000F81FBC6600200A31544FB0
:10BF100010B501390244904201D1002005E00378B8
:10BF200011F8014FA34201D0181B10BD0130F2E7F8
:10BF3000884210B501EB020402D98442234607D897
:10BF4000431EA14207D011F8012B03F8012FF8E797
:10BF50000244824200D110BD13F8011D02F8011DF8
:10BF6000F7E702440346934200D1704703F8011BF0
:10BF7000F9E7000070B50D4B0D4C00261D1BB6EB0C
:10BF8000A50F09D1F6F7B3FA0A4C0B4B00261D1B7F
:10BF9000B6EBA50F05D170BD54F8043B98470136A8
:10BFA000EDE754F8043B98470136F1E78CCC0008E4
:10BFB0008CCC00088CCC00088CCC00080000000061
:10BFC00001F0FF01102A2BDB10F0070F08D010F84A
:10BFD000013B013A8B422DD010F0070F42B3F6D14E
:10BFE000F0B441EA012141EA014122F007047FF067
:10BFF00000070023F0E80256083C85EA010586EABE
:10C00000010685FA47F5A3FA87F586FA47F6A5FAF9
:10C0100087F68EB9EED1F0BC01F0FF0102F0070205
:10C0200032B110F8013B013A83EA010313B1F8D1B0
:10C030000020704701387047002D06BF3546033891
:10C04000073815F0010F07D1013015F4807F02BFCA
:10C05000013015F4C03F0130F0BC0138704700BF1B
:10C060000A44914200F1FF3300D1704710B511F836
:10C07000014B03F8014F9142F9D110BD034613F86B
:10C08000012B002AFBD1181A0138704780F00040BC
:10C0900002E000BF81F0004142001FBF5FEA4103A0
:10C0A00092EA030F7FEA226C7FEA236C6AD04FEAA0
:10C0B0001262D2EB1363C1BFD218414048404140E5
:10C0C000B8BF5B42192B88BF704710F0004F40F497
:10C0D000000020F07F4018BF404211F0004F41F4B3
:10C0E000000121F07F4118BF494292EA030F3FD07F
:10C0F000A2F1010241FA03FC10EB0C00C3F1200392
:10C1000001FA03F100F0004302D5494260EB400020
:10C11000B0F5000F13D3B0F1807F06D340084FEA8B
:10C12000310102F10102FE2A51D2B1F1004F40EB80
:10C13000C25008BF20F0010040EA030070474900E8
:10C1400040EB0000013A28BFB0F5000FEDD2B0FA85
:10C1500080FCACF1080CB2EB0C0200FA0CF0AABFA8
:10C1600000EBC25052421843BCBFD0401843704746
:10C1700092F0000F81F4000106BF80F4000001324C
:10C18000013BB5E74FEA41037FEA226C18BF7FEA23
:10C19000236C21D092EA030F04D092F0000F08BF65
:10C1A0000846704790EA010F1CBF0020704712F04C
:10C1B0007F4F04D1400028BF40F00040704712F18B
:10C1C00000723CBF00F50000704700F0004343F0F0
:10C1D000FE4040F4000070477FEA226216BF084626
:10C1E0007FEA23630146420206BF5FEA412390EAE9
:10C1F000010F40F4800070474FF0000304E000BFDF
:10C2000010F0004348BF40425FEA000C08BF70478F
:10C2100043F0964301464FF000001CE050EA010253
:10C2200008BF70474FF000030AE000BF50EA010268
:10C2300008BF704711F0004302D5404261EB410155
:10C240005FEA010C02BF84460146002043F0B6437A
:10C2500008BFA3F18053A3F50003BCFA8CF2083A9F
:10C26000A3EBC25310DB01FA02FC634400FA02FCA8
:10C27000C2F12002BCF1004F20FA02F243EB0200AF
:10C2800008BF20F00100704702F1200201FA02FC11
:10C29000C2F1200250EA4C0021FA02F243EB020004
:10C2A00008BF20EADC7070474FF0FF0C1CEAD05248
:10C2B0001EBF1CEAD15392EA0C0F93EA0C0F6FD009
:10C2C0001A4480EA010C400218BF5FEA41211ED0E7
:10C2D0004FF0006343EA501043EA5111A0FB0131D3
:10C2E0000CF00040B1F5000F3EBF490041EAD371A8
:10C2F0005B0040EA010062F17F02FD2A1DD8B3F124
:10C30000004F40EBC25008BF20F00100704790F092
:10C31000000F0CF0004C08BF49024CEA502040EAE4
:10C3200051207F3AC2BFD2F1FF0340EAC2507047AA
:10C3300040F400004FF00003013A5DDC12F1190FE8
:10C34000DCBF00F000407047C2F10002410021FA5A
:10C3500002F1C2F1200200FA02FC5FEA310040F172
:10C36000000053EA4C0308BF20EADC70704792F0EB
:10C37000000F00F0004C02BF400010F4000F013A23
:10C38000F9D040EA0C0093F0000F01F0004C02BF1E
:10C39000490011F4000F013BF9D041EA0C018FE78D
:10C3A0000CEAD15392EA0C0F18BF93EA0C0F0AD093
:10C3B00030F0004C18BF31F0004CD8D180EA0100B9
:10C3C00000F00040704790F0000F17BF90F0004F52
:10C3D000084691F0000F91F0004F14D092EA0C0F34
:10C3E00001D142020FD193EA0C0F03D14B0218BFC7
:10C3F000084608D180EA010000F0004040F0FE400D
:10C4000040F40000704740F0FE4040F440007047A8
:10C410004FF0FF0C1CEAD0521EBF1CEAD15392EA27
:10C420000C0F93EA0C0F69D0A2EB030280EA010C17
:10C4300049024FEA402037D04FF0805343EA1111B0
:10C4400043EA10130CF000408B4238BF5B0042F10E
:10C450007D024FF4000C8B4224BF5B1A40EA0C00B3
:10C46000B3EB510F24BFA3EB510340EA5C00B3EBE5
:10C47000910F24BFA3EB910340EA9C00B3EBD10FD3
:10C4800024BFA3EBD10340EADC001B0118BF5FEA25
:10C490001C1CE0D1FD2A3FF650AF8B4240EBC2504E
:10C4A00008BF20F0010070470CF0004C4CEA50200F
:10C4B0007F32C2BFD2F1FF0340EAC250704740F45E
:10C4C00000004FF00003013A37E792F0000F00F050
:10C4D000004C02BF400010F4000F013AF9D040EACE
:10C4E0000C0093F0000F01F0004C02BF490011F462
:10C4F000000F013BF9D041EA0C0195E70CEAD1535A
:10C5000092EA0C0F08D142027FF47DAF93EA0C0F40
:10C510007FF470AF084676E793EA0C0F04D14B0224
:10C520003FF44CAF08466EE730F0004C18BF31F0D6
:10C53000004CCAD130F000427FF45CAF31F00043D0
:10C540007FF43CAF5FE700BF42000ED2B2F1FE4F76
:10C550000BD34FF09E03B3EB126209D44FEA0023D2
:10C5600043F0004323FA02F070474FF00000704799
:10C5700012F1610F01D1420202D14FF0FF3070473A
:10C580004FF00000704700BF53B94AB9002908BFF7
:10C5900000281CBF4FF0FF314FF0FF3000F094B97E
:10C5A000ADF1080C6DE904CE00F006F8DDF804E00A
:10C5B000DDE9022304B070472DE9F0470646DDF8B7
:10C5C00020E00846B4460D46002B4DD18A42144661
:10C5D0006BD9B2FA82F242B1C2F12003954026FA39
:10C5E00003F394401D4306FA02FC260CA7B2B5FBE8
:10C5F000F6F14FEA1C4306FB115543EA054301FBE4
:10C6000007F0984209D9E31801F1FF3580F0FC806A
:10C61000984240F2F980023923441B1A1FFA8CFC1D
:10C62000B3FBF6F006FB10334CEA034C00FB07F3B8
:10C6300063450AD914EB0C0C00F1FF3580F0E6805D
:10C64000634540F2E380A444023840EA0140ACEB89
:10C65000030C0021BEF1000F04D02CFA02F30022DB
:10C66000CEE90032BDE8F0878B4208D9BEF1000F59
:10C6700001D0CEE9006100210846BDE8F087B3FA99
:10C6800083F1174600294CD1834202D3B24200F213
:10C690000A81B6EB070C60EB030301201D46BEF1D7
:10C6A000000FDFD0CEE900C5DCE7002A00F094805F
:10C6B0001A46B4FA84F3002B40F0AA800B1B270C17
:10C6C000A6B201214FEA1C40B3FBF7F507FB153377
:10C6D00040EA034306FB05F0984207D9E31805F149
:10C6E000FF3802D2984200F2E38045461B1A1FFA37
:10C6F0008CFCB3FBF7F007FB10334CEA034C06FB52
:10C7000000F3634508D914EB0C0C00F1FF3602D29C
:10C71000634500F2CA803046ACEB030C40EA0540AA
:10C7200098E7C1F120058B4022FA05FC4CEA030C86
:10C7300000FA01F426FA05F3E84002FA01F923436E
:10C740004FEA1C4206FA01FAB0FBF2F71FFA8CF628
:10C7500002FB17001C0C44EA004407FB06F0A04251
:10C760000AD91CEB040407F1FF3880F09A80A0423C
:10C7700040F29780023F6444241A9BB2B4FBF2F06B
:10C7800002FB104443EA044300FB06F69E4209D92B
:10C790001CEB030300F1FF3480F081809E427ED9C0
:10C7A0000238634440EA0740A0FB09749B1BA34284
:10C7B0003E46A04663D360D0BEF1000F0AD0BAEB6C
:10C7C000060263EB080303FA05F5CA401543CB40A4
:10C7D000CEE90053002145E7730843EAC1734A08D4
:10C7E000190C41EA02414FEAC67C9BB2B2FBF4F05D
:10C7F0002646254627461F2243EA0143B1FBF4F1B2
:10C800005B1B41EA00415DE7294606E728461CE735
:10C810001A46C3F120019C4026FA01F320FA01F1E7
:10C8200090400343270C06FA02FCB1FBF7F0A6B2D6
:10C8300007FB1015190C41EA054100FB06F58D4276
:10C840003BD9611801D28D4220D8491B0138B1FB78
:10C85000F7F5A84605FB06F507FB18119BB243EA5E
:10C860000143AB4227D2E31808F1FF31C8D2AB42F3
:10C87000C6D2A8F102012344C2E7BA459CD2B7EB65
:10C88000090664EB0C040138A04695E7651B2944B2
:10C890000238B1FBF7F5A84605FB06F5DCE72046B4
:10C8A00080E7474668E70846F9E6A444023833E7DC
:10C8B000023D23441AE74146A2E7491BB1FBF7F5C5
:10C8C000A84605FB06F5C7E7704700BFCC0060002F
:10C8D00000000000DD070008950600086D0600084E
:10C8E00045060008E10700080508000815060008CD
:10C8F0002508000850524F545645523D004D4F44B4
:10C900003D00524F4D2053504720352E31300050BE
:10C91000524F545645523D33342E3130004D4F4422
:10C920003D53414D2D4D31305100E432D3436D50D4
:10C9300029DE0A74A4B0EBCD02EC092DEDF6D42566
:10C940002CE310F7BE301558627F18470B37A8B993
:10C95000FA9C69DFF35275C7296351B3806F7BABD3
:10C960004B978465DD0D3F3777BE0053464450003A
:10C970003031323334353637383941424344454615
:10C98000004D332062656E636820646576656C6F68
:10C99000706D656E74004D3320555342206469619B
:10C9A000676E6F73746963732076302E360052653C
:10C9B00061642D6F6E6C7920646961676E6F73744A
:10C9C000696373004D335251004D335253002E2F83
:10C9D00076656E646F722F68616C2F5372632F736C
:10C9E000746D3332683778785F68616C2E63002E1F
:10C9F0002F76656E646F722F68616C2F5372632F90
:10CA000073746D3332683778785F68616C5F616426
:10CA1000632E63002E2F76656E646F722F68616CD3
:10CA20002F5372632F73746D3332683778785F6871
:10CA3000616C5F636F727465782E63002E2F76656C
:10CA40006E646F722F68616C2F5372632F73746DF5
:10CA50003332683778785F68616C5F6770696F2E12
:10CA600063002E2F76656E646F722F68616C2F5392
:10CA700072632F73746D3332683778785F68616CD6
:10CA80005F717370692E63002E2F76656E646F720E
:10CA90002F68616C2F5372632F73746D3332683754
:10CAA00078785F68616C5F7263632E63002E2F7607
:10CAB000656E646F722F68616C2F5372632F73748D
:10CAC0006D3332683778785F68616C5F7263635F7B
:10CAD00065782E63002E2F76656E646F722F686105
:10CAE0006C2F5372632F73746D3332683778785FAD
:10CAF00068616C5F7370692E63002E2F76656E64BB
:10CB00006F722F68616C2F5372632F73746D3332A1
:10CB1000683778785F68616C5F756172742E630046
:10CB20002E2F76656E646F722F68616C2F5372635F
:10CB30002F73746D3332683778785F68616C5F7516
:10CB40006172745F65782E630000000000000000D1
:10CB5000132000080D2000086D1E0008ED1D0008C0
:10CB6000060007000A001700000000005737000801
:10CB700051370008993500085D3700081D35000859
:10CB80001535000809024B0002010080FA080B006D
:10CB90000202020000090400000102020004052450
:10CBA00000200105240100010424020605240600DA
:10CBB000010705810308000109040100020A0000C1
:10CBC0000007050202400000070582024000001233
:10CBD000010002EF020140FECA014006000102030B
:10CBE000010000001CC9000881C9000896C900089E
:10CBF0001CC90008AEC900080000000001020304BF
:10CC000001020304060708090100020004000600EF
:10CC100008000A000C001000200040008000000105
:10CC200008040204080101010101010307010000D9
:10CC300000000000EDAB000849AC00084DAC000856
:10CC40006DAC000881AD000821AE000800000000B6
:10CC5000000000000000084065000000090000041A
:10CC6000000004404D0000000900000400000840DE
:10CC70006500000009000004000004404D000000B1
:04CC800009000004A3
:08CC84003CF3FF7F01000000FA
:10CC8C00080000000090D0030090D00301000000C9
:10CC9C0010000000599E00080C00000018610020D4
:10CCAC00C000000000000000599E000800000000B9
:04CCBC00FF00000075
:040000050800478523
:00000001FF
