#VRML V2.0 utf8
# 3D model generated by easyeda2kicad.py (https://github.com/uPesy/easyeda2kicad.py)

Shape{
    appearance Appearance {
        material  Material 	{
            diffuseColor 0.8509803921568627 0.8509803921568627 0.8509803921568627
            specularColor 0.4235294117647059 0.4235294117647059 0.4235294117647059
            ambientIntensity 0.851
            transparency 0.0
            shininess 0.5
        }
    }
    geometry IndexedFaceSet {
        ccw TRUE
        solid FALSE
        coord DEF co Coordinate {
            point [
                0.4864 1.4969 3.937, 0.3541 1.5345 3.937, 0.3526 1.5279 3.988, 0.0549 1.5733 3.937, 0.0426 1.5742 3.937, 0.0425 1.5675 3.988, -0.1644 1.5645 3.937, -0.2706 1.5514 3.937, -0.2694 1.5448 3.988, -0.5896 1.4594 3.937, -0.7164 1.4024 3.937, -0.7133 1.3965 3.988, -0.9692 1.2405 3.937, -0.9804 1.2324 3.937, -0.9762 1.2272 3.988, -1.1316 1.0928 3.937, -1.2054 1.0134 3.937, -1.2003 1.0091 3.988, -1.3898 0.739 3.937, -1.4508 0.6125 3.937, -1.4446 0.6099 3.988, -1.5397 0.3272 3.937, -1.5435 0.3125 3.937, -1.5369 0.3111 3.988, -1.5693 0.1098 3.937, -1.5748 0.0 3.937, -1.5681 0.0 3.988, -1.5397 -0.3272 3.937, -1.5047 -0.4648 3.937, -1.4982 -0.4628 3.988, -1.478 -0.5379 3.937, -1.4508 -0.6125 3.937, -1.4446 -0.6099 3.988, -1.3898 -0.739 3.937, -1.3825 -0.7541 3.937, -1.3766 -0.7509 3.988, -1.2728 -0.9247 3.937, -1.2054 -1.0134 3.937, -1.2003 -1.0091 3.988, -0.9692 -1.2405 3.937, -0.8526 -1.324 3.937, -0.849 -1.3184 3.988, -0.7864 -1.3621 3.937, -0.7164 -1.4024 3.937, -0.7133 -1.3965 3.988, -0.5896 -1.4594 3.937, -0.573 -1.4669 3.937, -0.5705 -1.4606 3.988, -0.3806 -1.5265 3.937, -0.2706 -1.5514 3.937, -0.2694 -1.5448 3.988, 0.0549 -1.5733 3.937, 0.1994 -1.5621 3.937, 0.1985 -1.5555 3.988, 0.2731 -1.549 3.937, 0.3541 -1.5345 3.937, 0.3526 -1.5279 3.988, 0.4864 -1.4969 3.937, 0.5054 -1.4915 3.937, 0.5032 -1.4852 3.988, 0.7783 -1.3655 3.9715, 0.7783 -1.3605 3.9878, 0.6488 -1.4276 3.988, 0.7783 -1.1423 4.1338, 0.7783 -1.1371 4.1339, 0.6923 -1.1914 4.1339, 0.7783 1.3654 3.9722, 0.7783 1.369 3.937, 0.6488 1.4276 3.988, 0.6897 1.4142 3.937, 0.6515 1.4337 3.937, 0.7783 1.3394 4.0331, 0.7783 1.3446 4.0259, 0.6406 1.4097 4.0354, 0.7783 1.3554 4.0043, 0.7783 1.3605 3.9878, 0.7783 1.338 4.0351, 0.7775 1.3383 4.0351, 0.7783 1.3241 4.0545, 0.7623 1.3117 4.0762, 0.7783 1.3066 4.0724, 0.7418 1.2765 4.1075, 0.7783 1.2768 4.0951, 0.7783 1.302 4.0759, 0.7783 1.1981 4.1266, 0.7783 1.2139 4.1232, 0.7179 1.2355 4.1272, 0.7783 1.2516 4.1089, 0.7783 1.2544 4.1073, 0.7783 1.1794 4.1307, 0.6923 1.1914 4.1339, 0.7783 1.1371 4.1339, 0.7418 -1.2765 4.1075, 0.7783 -1.2541 4.1069, 0.7179 -1.2355 4.1272, 0.7783 -1.2391 4.1144, 0.7783 -1.2226 4.1205, 0.7783 -1.198 4.1265, 0.7783 -1.1833 4.1301, 0.7783 -1.3473 4.021, 0.7783 -1.3394 4.0328, 0.7774 -1.3383 4.0351, 0.7783 -1.3379 4.0351, 0.7623 -1.3117 4.0762, 0.7783 -1.3281 4.0496, 0.7783 -1.3038 4.0749, 0.7783 -1.3022 4.0761, 0.7783 -1.273 4.0974, 0.6406 -1.4097 4.0354, 0.7783 -1.3558 4.0034, 0.7783 -1.3505 4.0148, 0.6897 -1.4142 3.937, 0.7783 -1.369 3.937, 0.7783 -1.3688 3.9467, 0.6515 -1.4337 3.937, 0.5701 -1.2545 4.1339, 0.5912 -1.3009 4.1272, 0.6108 -1.3441 4.1075, 0.6277 -1.3812 4.0762, 0.5701 1.2545 4.1339, 0.5912 1.3009 4.1272, 0.6108 1.3441 4.1075, 0.6277 1.3812 4.0762, -0.1002 -1.3743 4.1339, -0.2367 -1.3575 4.1339, -0.1039 -1.4251 4.1272, -0.2455 -1.4077 4.1272, -0.1074 -1.4725 4.1075, -0.2536 -1.4544 4.1075, -0.1103 -1.5131 4.0762, -0.2606 -1.4946 4.0762, -0.1126 -1.5443 4.0354, -0.266 -1.5254 4.0354, -0.114 -1.5639 3.988, -0.9611 -0.9875 4.1339, -1.0547 -0.8867 4.1339, -0.9966 -1.024 4.1272, -1.0937 -0.9195 4.1272, -1.0297 -1.058 4.1075, -1.1301 -0.9501 4.1075, -1.0582 -1.0872 4.0762, -1.1613 -0.9763 4.0762, -1.08 -1.1096 4.0354, -1.1852 -0.9964 4.0354, -1.0937 -1.1237 3.988, -1.3711 -0.1374 4.1339, -1.378 0.0 4.1339, -1.4218 -0.1425 4.1272, -1.4289 0.0 4.1272, -1.469 -0.1472 4.1075, -1.4764 0.0 4.1075, -1.5096 -0.1513 4.0762, -1.5171 0.0 4.0762, -1.5407 -0.1544 4.0354, -1.5484 0.0 4.0354, -1.5603 -0.1563 3.988, -1.3166 0.4067 4.1339, -1.2695 0.5359 4.1339, -1.3652 0.4217 4.1272, -1.3164 0.5557 4.1272, -1.4106 0.4357 4.1075, -1.3601 0.5742 4.1075, -1.4496 0.4478 4.0762, -1.3977 0.5901 4.0762, -1.4795 0.457 4.0354, -1.4265 0.6022 4.0354, -1.4982 0.4628 3.988, -1.1379 0.7771 4.1339, -1.0547 0.8867 4.1339, -1.18 0.8059 4.1272, -1.0937 0.9195 4.1272, -1.2192 0.8327 4.1075, -1.1301 0.9501 4.1075, -1.2528 0.8556 4.0762, -1.1613 0.9763 4.0762, -1.2787 0.8733 4.0354, -1.1852 0.9964 4.0354, -1.2949 0.8844 3.988, -0.7461 1.1585 4.1339, -0.6268 1.2271 4.1339, -0.7736 1.2014 4.1272, -0.65 1.2725 4.1272, -0.7993 1.2413 4.1075, -0.6716 1.3148 4.1075, -0.8214 1.2755 4.0762, -0.6901 1.3511 4.0762, -0.8384 1.3018 4.0354, -0.7044 1.3789 4.0354, -0.849 1.3184 3.988, -0.3709 1.3271 4.1339, -0.2367 1.3575 4.1339, -0.3846 1.3762 4.1272, -0.2455 1.4077 4.1272, -0.3974 1.4219 4.1075, -0.2536 1.4544 4.1075, -0.4084 1.4612 4.0762, -0.2606 1.4946 4.0762, -0.4168 1.4913 4.0354, -0.266 1.5254 4.0354, -0.4221 1.5102 3.988, 0.1745 1.3669 4.1339, 0.3099 1.3427 4.1339, 0.1809 1.4174 4.1272, 0.3213 1.3923 4.1272, 0.1869 1.4645 4.1075, 0.332 1.4386 4.1075, 0.1921 1.5049 4.0762, 0.3412 1.4783 4.0762, 0.196 1.536 4.0354, 0.3482 1.5088 4.0354, 0.1985 1.5555 3.988, 0.4422 -1.3051 4.1339, 0.4585 -1.3533 4.1272, 0.4738 -1.3983 4.1075, 0.4868 -1.4369 4.0762, 0.4969 -1.4665 4.0354, 0.3482 -1.5088 4.0354, 0.3412 -1.4783 4.0762, 0.332 -1.4386 4.1075, 0.3213 -1.3923 4.1272, 0.3099 -1.3427 4.1339, 0.196 -1.536 4.0354, 0.1921 -1.5049 4.0762, 0.1869 -1.4645 4.1075, 0.1809 -1.4174 4.1272, 0.1745 -1.3669 4.1339, 0.0426 -1.5742 3.937, 0.0425 -1.5675 3.988, 0.0419 -1.5479 4.0354, 0.0411 -1.5166 4.0762, 0.04 -1.4758 4.1075, 0.0387 -1.4284 4.1272, 0.0373 -1.3774 4.1339, -0.1145 -1.5706 3.937, -0.1644 -1.5645 3.937, -0.4239 -1.5167 3.937, -0.4221 -1.5102 3.988, -0.4168 -1.4913 4.0354, -0.4084 -1.4612 4.0762, -0.3974 -1.4219 4.1075, -0.3846 -1.3762 4.1272, -0.3709 -1.3271 4.1339, -0.5014 -1.2835 4.1339, -0.5199 -1.331 4.1272, -0.5372 -1.3752 4.1075, -0.552 -1.4132 4.0762, -0.5634 -1.4423 4.0354, -0.7044 -1.3789 4.0354, -0.6901 -1.3511 4.0762, -0.6716 -1.3148 4.1075, -0.65 -1.2725 4.1272, -0.6268 -1.2271 4.1339, -0.8384 -1.3018 4.0354, -0.8214 -1.2755 4.0762, -0.7993 -1.2413 4.1075, -0.7736 -1.2014 4.1272, -0.7461 -1.1585 4.1339, -0.9804 -1.2324 3.937, -0.9762 -1.2272 3.988, -0.964 -1.2118 4.0354, -0.9445 -1.1873 4.0762, -0.9191 -1.1554 4.1075, -0.8896 -1.1182 4.1272, -0.8578 -1.0784 4.1339, -1.0984 -1.1285 3.937, -1.1316 -1.0928 3.937, -1.3005 -0.8882 3.937, -1.2949 -0.8844 3.988, -1.2787 -0.8733 4.0354, -1.2528 -0.8556 4.0762, -1.2192 -0.8327 4.1075, -1.18 -0.8059 4.1272, -1.1379 -0.7771 4.1339, -1.2097 -0.6598 4.1339, -1.2544 -0.6842 4.1272, -1.2961 -0.707 4.1075, -1.3319 -0.7265 4.0762, -1.3594 -0.7415 4.0354, -1.4265 -0.6022 4.0354, -1.3977 -0.5901 4.0762, -1.3601 -0.5742 4.1075, -1.3164 -0.5557 4.1272, -1.2695 -0.5359 4.1339, -1.4795 -0.457 4.0354, -1.4496 -0.4478 4.0762, -1.4106 -0.4357 4.1075, -1.3652 -0.4217 4.1272, -1.3166 -0.4067 4.1339, -1.5435 -0.3125 3.937, -1.5369 -0.3111 3.988, -1.5176 -0.3072 4.0354, -1.487 -0.301 4.0762, -1.447 -0.2929 4.1075, -1.4005 -0.2835 4.1272, -1.3506 -0.2734 4.1339, -1.567 -0.157 3.937, -1.5693 -0.1098 3.937, -1.567 0.157 3.937, -1.5603 0.1563 3.988, -1.5407 0.1544 4.0354, -1.5096 0.1513 4.0762, -1.469 0.1472 4.1075, -1.4218 0.1425 4.1272, -1.3711 0.1374 4.1339, -1.3506 0.2734 4.1339, -1.4005 0.2835 4.1272, -1.447 0.2929 4.1075, -1.487 0.301 4.0762, -1.5176 0.3072 4.0354, -1.5047 0.4648 3.937, -1.478 0.5379 3.937, -1.3825 0.7541 3.937, -1.3766 0.7509 3.988, -1.3594 0.7415 4.0354, -1.3319 0.7265 4.0762, -1.2961 0.707 4.1075, -1.2544 0.6842 4.1272, -1.2097 0.6598 4.1339, -1.3005 0.8882 3.937, -1.2728 0.9247 3.937, -1.0984 1.1285 3.937, -1.0937 1.1237 3.988, -1.08 1.1096 4.0354, -1.0582 1.0872 4.0762, -1.0297 1.058 4.1075, -0.9966 1.024 4.1272, -0.9611 0.9875 4.1339, -0.8578 1.0784 4.1339, -0.8896 1.1182 4.1272, -0.9191 1.1554 4.1075, -0.9445 1.1873 4.0762, -0.964 1.2118 4.0354, -0.8526 1.324 3.937, -0.7864 1.3621 3.937, -0.573 1.4669 3.937, -0.5705 1.4606 3.988, -0.5634 1.4423 4.0354, -0.552 1.4132 4.0762, -0.5372 1.3752 4.1075, -0.5199 1.331 4.1272, -0.5014 1.2835 4.1339, -0.4239 1.5167 3.937, -0.3806 1.5265 3.937, -0.1145 1.5706 3.937, -0.114 1.5639 3.988, -0.1126 1.5443 4.0354, -0.1103 1.5131 4.0762, -0.1074 1.4725 4.1075, -0.1039 1.4251 4.1272, -0.1002 1.3743 4.1339, 0.0373 1.3774 4.1339, 0.0387 1.4284 4.1272, 0.04 1.4758 4.1075, 0.0411 1.5166 4.0762, 0.0419 1.5479 4.0354, 0.1994 1.5621 3.937, 0.2731 1.549 3.937, 0.5054 1.4915 3.937, 0.5032 1.4852 3.988, 0.4969 1.4665 4.0354, 0.4868 1.4369 4.0762, 0.4738 1.3983 4.1075, 0.4585 1.3533 4.1272, 0.4422 1.3051 4.1339
            ]
        }
        coordIndex [
            0,1,2,-1,3,4,5,-1,6,7,8,-1,9,10,11,-1,12,13,14,-1,15,16,17,-1,18,19,20,-1,21,22,23,-1,24,25,26,-1,27,28,29,-1,30,31,32,-1,33,34,35,-1,36,37,38,-1,39,40,41,-1,42,43,44,-1,45,46,47,-1,48,49,50,-1,51,52,53,-1,54,55,56,-1,57,58,59,-1,60,61,62,-1,63,64,65,-1,66,67,68,-1,68,67,69,-1,68,69,70,-1,71,72,73,-1,73,72,74,-1,73,74,68,-1,68,74,75,-1,68,75,66,-1,76,77,78,-1,78,77,79,-1,78,79,80,-1,81,82,79,-1,79,82,83,-1,79,83,80,-1,84,85,86,-1,86,85,87,-1,86,87,81,-1,81,87,88,-1,81,88,82,-1,84,86,89,-1,89,86,90,-1,89,90,91,-1,92,93,94,-1,94,93,95,-1,95,96,94,-1,94,96,97,-1,94,97,65,-1,65,97,98,-1,65,98,63,-1,99,100,101,-1,101,100,102,-1,101,102,103,-1,103,102,104,-1,104,105,103,-1,103,105,106,-1,103,106,92,-1,92,106,107,-1,92,107,93,-1,62,61,108,-1,108,61,109,-1,108,109,110,-1,111,112,113,-1,60,62,113,-1,113,62,114,-1,113,114,111,-1,65,115,94,-1,94,115,116,-1,94,116,92,-1,92,116,117,-1,92,117,103,-1,103,117,118,-1,103,118,101,-1,101,118,108,-1,101,108,99,-1,99,108,110,-1,119,90,120,-1,120,90,86,-1,120,86,121,-1,121,86,81,-1,121,81,122,-1,122,81,79,-1,122,79,73,-1,73,79,77,-1,73,77,71,-1,71,77,76,-1,123,124,125,-1,125,124,126,-1,125,126,127,-1,127,126,128,-1,127,128,129,-1,129,128,130,-1,129,130,131,-1,131,130,132,-1,131,132,133,-1,133,132,50,-1,134,135,136,-1,136,135,137,-1,136,137,138,-1,138,137,139,-1,138,139,140,-1,140,139,141,-1,140,141,142,-1,142,141,143,-1,142,143,144,-1,144,143,38,-1,145,146,147,-1,147,146,148,-1,147,148,149,-1,149,148,150,-1,149,150,151,-1,151,150,152,-1,151,152,153,-1,153,152,154,-1,153,154,155,-1,155,154,26,-1,156,157,158,-1,158,157,159,-1,158,159,160,-1,160,159,161,-1,160,161,162,-1,162,161,163,-1,162,163,164,-1,164,163,165,-1,164,165,166,-1,166,165,20,-1,167,168,169,-1,169,168,170,-1,169,170,171,-1,171,170,172,-1,171,172,173,-1,173,172,174,-1,173,174,175,-1,175,174,176,-1,175,176,177,-1,177,176,17,-1,178,179,180,-1,180,179,181,-1,180,181,182,-1,182,181,183,-1,182,183,184,-1,184,183,185,-1,184,185,186,-1,186,185,187,-1,186,187,188,-1,188,187,11,-1,189,190,191,-1,191,190,192,-1,191,192,193,-1,193,192,194,-1,193,194,195,-1,195,194,196,-1,195,196,197,-1,197,196,198,-1,197,198,199,-1,199,198,8,-1,200,201,202,-1,202,201,203,-1,202,203,204,-1,204,203,205,-1,204,205,206,-1,206,205,207,-1,206,207,208,-1,208,207,209,-1,208,209,210,-1,210,209,2,-1,115,211,116,-1,116,211,212,-1,116,212,117,-1,117,212,213,-1,117,213,118,-1,118,213,214,-1,118,214,108,-1,108,214,215,-1,108,215,62,-1,62,215,59,-1,62,59,114,-1,114,59,58,-1,55,57,56,-1,56,57,59,-1,56,59,216,-1,216,59,215,-1,216,215,217,-1,217,215,214,-1,217,214,218,-1,218,214,213,-1,218,213,219,-1,219,213,212,-1,219,212,220,-1,220,212,211,-1,52,54,53,-1,53,54,56,-1,53,56,221,-1,221,56,216,-1,221,216,222,-1,222,216,217,-1,222,217,223,-1,223,217,218,-1,223,218,224,-1,224,218,219,-1,224,219,225,-1,225,219,220,-1,226,51,227,-1,227,51,53,-1,227,53,228,-1,228,53,221,-1,228,221,229,-1,229,221,222,-1,229,222,230,-1,230,222,223,-1,230,223,231,-1,231,223,224,-1,231,224,232,-1,232,224,225,-1,232,123,231,-1,231,123,125,-1,231,125,230,-1,230,125,127,-1,230,127,229,-1,229,127,129,-1,229,129,228,-1,228,129,131,-1,228,131,227,-1,227,131,133,-1,227,133,226,-1,226,133,233,-1,50,49,133,-1,133,49,234,-1,133,234,233,-1,235,48,236,-1,236,48,50,-1,236,50,237,-1,237,50,132,-1,237,132,238,-1,238,132,130,-1,238,130,239,-1,239,130,128,-1,239,128,240,-1,240,128,126,-1,240,126,241,-1,241,126,124,-1,241,242,240,-1,240,242,243,-1,240,243,239,-1,239,243,244,-1,239,244,238,-1,238,244,245,-1,238,245,237,-1,237,245,246,-1,237,246,236,-1,236,246,47,-1,236,47,235,-1,235,47,46,-1,43,45,44,-1,44,45,47,-1,44,47,247,-1,247,47,246,-1,247,246,248,-1,248,246,245,-1,248,245,249,-1,249,245,244,-1,249,244,250,-1,250,244,243,-1,250,243,251,-1,251,243,242,-1,40,42,41,-1,41,42,44,-1,41,44,252,-1,252,44,247,-1,252,247,253,-1,253,247,248,-1,253,248,254,-1,254,248,249,-1,254,249,255,-1,255,249,250,-1,255,250,256,-1,256,250,251,-1,257,39,258,-1,258,39,41,-1,258,41,259,-1,259,41,252,-1,259,252,260,-1,260,252,253,-1,260,253,261,-1,261,253,254,-1,261,254,262,-1,262,254,255,-1,262,255,263,-1,263,255,256,-1,263,134,262,-1,262,134,136,-1,262,136,261,-1,261,136,138,-1,261,138,260,-1,260,138,140,-1,260,140,259,-1,259,140,142,-1,259,142,258,-1,258,142,144,-1,258,144,257,-1,257,144,264,-1,38,37,144,-1,144,37,265,-1,144,265,264,-1,266,36,267,-1,267,36,38,-1,267,38,268,-1,268,38,143,-1,268,143,269,-1,269,143,141,-1,269,141,270,-1,270,141,139,-1,270,139,271,-1,271,139,137,-1,271,137,272,-1,272,137,135,-1,272,273,271,-1,271,273,274,-1,271,274,270,-1,270,274,275,-1,270,275,269,-1,269,275,276,-1,269,276,268,-1,268,276,277,-1,268,277,267,-1,267,277,35,-1,267,35,266,-1,266,35,34,-1,31,33,32,-1,32,33,35,-1,32,35,278,-1,278,35,277,-1,278,277,279,-1,279,277,276,-1,279,276,280,-1,280,276,275,-1,280,275,281,-1,281,275,274,-1,281,274,282,-1,282,274,273,-1,28,30,29,-1,29,30,32,-1,29,32,283,-1,283,32,278,-1,283,278,284,-1,284,278,279,-1,284,279,285,-1,285,279,280,-1,285,280,286,-1,286,280,281,-1,286,281,287,-1,287,281,282,-1,288,27,289,-1,289,27,29,-1,289,29,290,-1,290,29,283,-1,290,283,291,-1,291,283,284,-1,291,284,292,-1,292,284,285,-1,292,285,293,-1,293,285,286,-1,293,286,294,-1,294,286,287,-1,294,145,293,-1,293,145,147,-1,293,147,292,-1,292,147,149,-1,292,149,291,-1,291,149,151,-1,291,151,290,-1,290,151,153,-1,290,153,289,-1,289,153,155,-1,289,155,288,-1,288,155,295,-1,26,25,155,-1,155,25,296,-1,155,296,295,-1,297,24,298,-1,298,24,26,-1,298,26,299,-1,299,26,154,-1,299,154,300,-1,300,154,152,-1,300,152,301,-1,301,152,150,-1,301,150,302,-1,302,150,148,-1,302,148,303,-1,303,148,146,-1,303,304,302,-1,302,304,305,-1,302,305,301,-1,301,305,306,-1,301,306,300,-1,300,306,307,-1,300,307,299,-1,299,307,308,-1,299,308,298,-1,298,308,23,-1,298,23,297,-1,297,23,22,-1,309,21,166,-1,166,21,23,-1,166,23,164,-1,164,23,308,-1,164,308,162,-1,162,308,307,-1,162,307,160,-1,160,307,306,-1,160,306,158,-1,158,306,305,-1,158,305,156,-1,156,305,304,-1,20,19,166,-1,166,19,310,-1,166,310,309,-1,311,18,312,-1,312,18,20,-1,312,20,313,-1,313,20,165,-1,313,165,314,-1,314,165,163,-1,314,163,315,-1,315,163,161,-1,315,161,316,-1,316,161,159,-1,316,159,317,-1,317,159,157,-1,317,167,316,-1,316,167,169,-1,316,169,315,-1,315,169,171,-1,315,171,314,-1,314,171,173,-1,314,173,313,-1,313,173,175,-1,313,175,312,-1,312,175,177,-1,312,177,311,-1,311,177,318,-1,17,16,177,-1,177,16,319,-1,177,319,318,-1,320,15,321,-1,321,15,17,-1,321,17,322,-1,322,17,176,-1,322,176,323,-1,323,176,174,-1,323,174,324,-1,324,174,172,-1,324,172,325,-1,325,172,170,-1,325,170,326,-1,326,170,168,-1,326,327,325,-1,325,327,328,-1,325,328,324,-1,324,328,329,-1,324,329,323,-1,323,329,330,-1,323,330,322,-1,322,330,331,-1,322,331,321,-1,321,331,14,-1,321,14,320,-1,320,14,13,-1,332,12,188,-1,188,12,14,-1,188,14,186,-1,186,14,331,-1,186,331,184,-1,184,331,330,-1,184,330,182,-1,182,330,329,-1,182,329,180,-1,180,329,328,-1,180,328,178,-1,178,328,327,-1,11,10,188,-1,188,10,333,-1,188,333,332,-1,334,9,335,-1,335,9,11,-1,335,11,336,-1,336,11,187,-1,336,187,337,-1,337,187,185,-1,337,185,338,-1,338,185,183,-1,338,183,339,-1,339,183,181,-1,339,181,340,-1,340,181,179,-1,340,189,339,-1,339,189,191,-1,339,191,338,-1,338,191,193,-1,338,193,337,-1,337,193,195,-1,337,195,336,-1,336,195,197,-1,336,197,335,-1,335,197,199,-1,335,199,334,-1,334,199,341,-1,8,7,199,-1,199,7,342,-1,199,342,341,-1,343,6,344,-1,344,6,8,-1,344,8,345,-1,345,8,198,-1,345,198,346,-1,346,198,196,-1,346,196,347,-1,347,196,194,-1,347,194,348,-1,348,194,192,-1,348,192,349,-1,349,192,190,-1,349,350,348,-1,348,350,351,-1,348,351,347,-1,347,351,352,-1,347,352,346,-1,346,352,353,-1,346,353,345,-1,345,353,354,-1,345,354,344,-1,344,354,5,-1,344,5,343,-1,343,5,4,-1,355,3,210,-1,210,3,5,-1,210,5,208,-1,208,5,354,-1,208,354,206,-1,206,354,353,-1,206,353,204,-1,204,353,352,-1,204,352,202,-1,202,352,351,-1,202,351,200,-1,200,351,350,-1,2,1,210,-1,210,1,356,-1,210,356,355,-1,357,0,358,-1,358,0,2,-1,358,2,359,-1,359,2,209,-1,359,209,360,-1,360,209,207,-1,360,207,361,-1,361,207,205,-1,361,205,362,-1,362,205,203,-1,362,203,363,-1,363,203,201,-1,363,119,362,-1,362,119,120,-1,362,120,361,-1,361,120,121,-1,361,121,360,-1,360,121,122,-1,360,122,359,-1,359,122,73,-1,359,73,358,-1,358,73,68,-1,358,68,357,-1,357,68,70,-1,64,91,65,-1,65,91,90,-1,65,90,119,-1,190,189,65,-1,146,145,179,-1,211,115,179,-1,179,115,65,-1,179,65,340,-1,340,65,189,-1,178,327,304,-1,304,327,326,-1,282,273,179,-1,179,273,272,-1,179,272,135,-1,135,134,179,-1,179,134,263,-1,179,263,256,-1,256,251,179,-1,179,251,242,-1,179,242,241,-1,119,363,65,-1,65,363,201,-1,65,201,200,-1,167,317,157,-1,178,304,179,-1,179,304,303,-1,179,303,146,-1,145,294,179,-1,179,294,287,-1,179,287,282,-1,241,124,179,-1,179,124,123,-1,179,123,232,-1,232,225,179,-1,179,225,220,-1,179,220,211,-1,200,350,65,-1,65,350,349,-1,65,349,190,-1,326,168,304,-1,304,168,167,-1,304,167,156,-1,156,167,157,-1,
        ]
    }
}
Shape{
    appearance Appearance {
        material  Material 	{
            diffuseColor 0.25098039215686274 0.25098039215686274 0.25098039215686274
            specularColor 0.12549019607843137 0.12549019607843137 0.12549019607843137
            ambientIntensity 0.251
            transparency 0.0
            shininess 0.5
        }
    }
    geometry IndexedFaceSet {
        ccw TRUE
        solid FALSE
        coord DEF co Coordinate {
            point [
                1.6339 1.0928 0.5059, 1.6339 1.0928 0.4421, 1.6339 1.1215 0.4421, 1.6339 1.3059 0.4121, 1.6339 1.3286 0.4121, 1.6339 1.3286 0.4332, 1.6339 1.5484 0.0, 1.6339 1.6339 0.0, 1.6339 1.6339 0.2904, 1.6339 0.9915 0.4497, 1.6339 1.0054 0.438, 1.6339 1.054 0.5065, 1.6339 1.054 0.4332, 1.6339 0.9232 0.514, 1.6339 0.9343 0.5065, 1.6339 0.9461 0.4986, 1.6339 0.9631 0.4789, 1.6339 0.9737 0.4581, 1.6339 0.9762 0.4573, 1.6339 0.8274 0.513, 1.6339 0.8511 0.5221, 1.6339 0.5906 0.7874, 1.6339 1.054 0.7874, 1.6339 0.8764 0.5252, 1.6339 0.8975 0.523, 1.6339 0.8169 0.5065, 1.6339 0.5906 0.5065, 1.6339 0.8149 0.5053, 1.6339 0.5906 0.4332, 1.6339 0.7049 0.4332, 1.6339 0.7093 0.4433, 1.6339 0.7217 0.4591, 1.6339 0.7604 0.4812, 1.6339 0.7806 0.4837, 1.6339 0.8029 0.4949, 1.6339 0.7865 0.4834, 1.6339 0.7924 0.4827, 1.6339 0.7251 0.4624, 1.6339 0.7414 0.4739, 1.6339 0.7351 0.3313, 1.6339 0.7191 0.3449, 1.6339 0.5906 0.3189, 1.6339 0.7536 0.3222, 1.6339 0.7074 0.3616, 1.6339 0.7001 0.3806, 1.6339 0.5906 0.4121, 1.6339 0.6976 0.4007, 1.6339 0.6977 0.4056, 1.6339 0.6989 0.4121, 1.6339 0.7012 0.4249, 1.6339 0.7601 0.3203, 1.6339 0.7607 0.3189, 1.6339 0.7653 0.3093, 1.6339 0.5906 0.2904, 1.6339 0.7729 0.2999, 1.6339 0.7829 0.2923, 1.6339 1.054 0.0, 1.6339 1.054 0.2904, 1.6339 0.83 0.2904, 1.6339 -0.5906 0.1969, 1.6339 -1.6339 0.0, 1.6339 -0.2657 0.0, 1.6339 -1.6339 0.2904, 1.6339 0.5906 0.1969, 1.6339 0.7947 0.2874, 1.6339 0.7876 0.2904, 1.6339 0.2657 0.0, 1.6339 0.2657 0.1181, 1.6339 0.8212 0.287, 1.6339 0.8088 0.2855, 1.6339 0.8068 0.2855, 1.6339 -0.2657 0.1181, 1.6339 -0.1772 0.1181, 1.6339 0.1772 0.1181, 1.6339 1.054 0.3189, 1.6339 0.8568 0.3189, 1.6339 0.8567 0.3186, 1.6339 0.8506 0.3072, 1.6339 0.8428 0.2985, 1.6339 0.8326 0.2914, 1.6339 1.0221 0.4078, 1.6339 1.0245 0.391, 1.6339 1.054 0.4121, 1.6339 0.9222 0.3491, 1.6339 0.9257 0.3505, 1.6339 0.9317 0.3797, 1.6339 1.0055 0.3423, 1.6339 0.9916 0.3305, 1.6339 0.8472 0.371, 1.6339 0.9159 0.4069, 1.6339 0.8382 0.3792, 1.6339 0.8273 0.385, 1.6339 0.919 0.3469, 1.6339 1.0157 0.3565, 1.6339 1.0221 0.3728, 1.6339 0.9297 0.351, 1.6339 0.9302 0.351, 1.6339 0.9317 0.3507, 1.6339 0.7342 0.3812, 1.6339 0.7402 0.371, 1.6339 0.7662 0.3656, 1.6339 0.7494 0.3615, 1.6339 0.7606 0.3546, 1.6339 0.7852 0.3826, 1.6339 0.7311 0.4121, 1.6339 0.7747 0.3753, 1.6339 0.7299 0.4018, 1.6339 0.7305 0.3938, 1.6339 0.7965 0.3869, 1.6339 0.8088 0.3884, 1.6339 0.815 0.3881, 1.6339 0.9138 0.3352, 1.6339 0.9139 0.3372, 1.6339 0.86 0.3418, 1.6339 0.915 0.3411, 1.6339 0.9169 0.3446, 1.6339 0.9328 0.3505, 1.6339 0.9558 0.3505, 1.6339 0.9607 0.3512, 1.6339 0.9258 0.3197, 1.6339 0.9224 0.3211, 1.6339 0.9191 0.3234, 1.6339 0.9179 0.3246, 1.6339 0.9156 0.3279, 1.6339 0.9143 0.3313, 1.6339 0.8597 0.3312, 1.6339 0.86 0.3367, 1.6339 0.976 0.3229, 1.6339 0.9589 0.3193, 1.6339 0.9287 0.3193, 1.6339 0.9832 0.3645, 1.6339 0.9886 0.3726, 1.6339 0.9918 0.3819, 1.6339 0.9927 0.3905, 1.6339 0.9924 0.3952, 1.6339 0.9702 0.3544, 1.6339 0.9785 0.3597, 1.6339 0.9527 0.4305, 1.6339 0.9486 0.4305, 1.6339 0.9861 0.4121, 1.6339 0.9612 0.4295, 1.6339 0.99 0.405, 1.6339 0.7314 0.4142, 1.6339 0.7358 0.4256, 1.6339 0.9851 0.4139, 1.6339 0.9784 0.4211, 1.6339 0.9703 0.4264, 1.6339 0.9375 0.4613, 1.6339 0.9259 0.4751, 1.6339 0.8083 0.4453, 1.6339 0.9248 0.4762, 1.6339 0.9104 0.4862, 1.6339 0.8161 0.4615, 1.6339 0.7411 0.4332, 1.6339 0.8047 0.4472, 1.6339 0.948 0.4332, 1.6339 0.9455 0.4448, 1.6339 0.7933 0.4515, 1.6339 0.7811 0.453, 1.6339 0.7756 0.4527, 1.6339 0.8276 0.4753, 1.6339 0.8943 0.4924, 1.6339 0.8413 0.4853, 1.6339 0.8769 0.4945, 1.6339 0.858 0.4921, 1.6339 0.763 0.4497, 1.6339 0.7516 0.4436, 1.6339 0.7429 0.4358, 1.6339 1.0088 0.4332, 1.6339 1.0158 0.4234, 1.6339 1.0204 0.4121, 1.6339 1.3202 0.3916, 1.6339 1.3059 0.3916, 1.6339 1.2831 0.3916, 1.6339 1.2924 0.352, 1.6339 1.2924 0.3277, 1.6339 1.3059 0.352, 1.6339 1.3059 0.3277, 1.6339 1.3181 0.352, 1.6339 1.3218 0.3277, 1.6339 1.3181 0.3602, 1.6339 1.3202 0.3833, 1.6339 1.3059 0.3602, 1.6339 1.3059 0.3833, 1.6339 1.2924 0.3602, 1.6339 1.2924 0.3833, 1.6339 1.264 0.371, 1.6339 1.2733 0.371, 1.6339 1.2384 0.4121, 1.6339 1.2384 0.3585, 1.6339 1.2475 0.3323, 1.6339 1.2499 0.3322, 1.6339 1.3286 0.3189, 1.6339 1.3218 0.3195, 1.6339 1.3059 0.3189, 1.6339 1.3059 0.3195, 1.6339 1.2831 0.3195, 1.6339 1.2486 0.3281, 1.6339 1.2488 0.3281, 1.6339 1.2492 0.3298, 1.6339 1.1845 0.3306, 1.6339 1.1753 0.4121, 1.6339 1.1753 0.3189, 1.6339 1.188 0.3285, 1.6339 1.1886 0.3282, 1.6339 1.1886 0.3474, 1.6339 1.1871 0.349, 1.6339 1.1859 0.3508, 1.6339 1.1849 0.3536, 1.6339 1.1845 0.3571, 1.6339 1.1849 0.3603, 1.6339 1.1886 0.3474, 1.6339 1.1925 0.3189, 1.6339 1.1909 0.3191, 1.6339 1.1886 0.3189, 1.6339 1.1886 0.3199, 1.6339 1.1845 0.3213, 1.6339 1.1984 0.3183, 1.6339 1.1886 0.2904, 1.6339 1.2036 0.3189, 1.6339 1.2216 0.2904, 1.6339 1.2162 0.342, 1.6339 1.2179 0.3395, 1.6339 1.2168 0.3611, 1.6339 1.1903 0.3681, 1.6339 1.1929 0.3697, 1.6339 1.1886 0.4121, 1.6339 1.186 0.3632, 1.6339 1.1876 0.3657, 1.6339 1.1886 0.3666, 1.6339 1.2189 0.3369, 1.6339 1.2192 0.3335, 1.6339 1.2216 0.3189, 1.6339 1.2188 0.3299, 1.6339 1.2177 0.327, 1.6339 1.216 0.3247, 1.6339 1.1979 0.3714, 1.6339 1.2046 0.3722, 1.6339 1.2216 0.4121, 1.6339 1.2168 0.3699, 1.6339 1.2097 0.3718, 1.6339 1.2134 0.3224, 1.6339 1.2112 0.3211, 1.6339 1.2065 0.3192, 1.6339 1.2037 0.3648, 1.6339 1.201 0.3646, 1.6339 1.1938 0.3579, 1.6339 1.1986 0.364, 1.6339 1.1966 0.3629, 1.6339 1.1939 0.3567, 1.6339 1.1943 0.3553, 1.6339 1.1949 0.3541, 1.6339 1.1958 0.3531, 1.6339 1.199 0.3511, 1.6339 1.2096 0.3642, 1.6339 1.2046 0.3487, 1.6339 1.2147 0.3623, 1.6339 1.2081 0.3473, 1.6339 1.2141 0.344, 1.6339 1.1952 0.3617, 1.6339 1.1944 0.3606, 1.6339 1.194 0.3594, 1.6339 1.1937 0.3263, 1.6339 1.1982 0.3421, 1.6339 1.1928 0.3446, 1.6339 1.1993 0.3257, 1.6339 1.1997 0.3257, 1.6339 1.2041 0.3397, 1.6339 1.2043 0.3262, 1.6339 1.21 0.3326, 1.6339 1.2099 0.3338, 1.6339 1.2067 0.327, 1.6339 1.2075 0.3275, 1.6339 1.2085 0.3285, 1.6339 1.2093 0.3296, 1.6339 1.2098 0.3309, 1.6339 1.2095 0.3352, 1.6339 1.2088 0.3364, 1.6339 1.2076 0.3375, 1.6339 1.3961 0.4332, 1.6339 1.3727 0.4338, 1.6339 1.3624 0.4338, 1.6339 1.3452 0.5059, 1.6339 1.3961 0.5065, 1.6339 1.3286 0.5065, 1.6339 1.3181 0.4338, 1.6339 1.3079 0.4338, 1.6339 1.3059 0.4332, 1.6339 1.3286 0.4536, 1.6339 1.3251 0.4536, 1.6339 1.3059 0.5065, 1.6339 1.3286 0.4884, 1.6339 1.3353 0.5059, 1.6339 1.2316 0.4421, 1.6339 1.2316 0.4338, 1.6339 1.2384 0.4332, 1.6339 1.2299 0.4976, 1.6339 1.2384 0.5065, 1.6339 1.2299 0.5059, 1.6339 1.2216 0.5065, 1.6339 1.2216 0.5059, 1.6339 1.2021 0.4663, 1.6339 1.2021 0.4421, 1.6339 1.2216 0.4663, 1.6339 1.2216 0.4421, 1.6339 1.2279 0.4663, 1.6339 1.2279 0.4746, 1.6339 1.2021 0.4976, 1.6339 1.2021 0.4746, 1.6339 1.2216 0.4976, 1.6339 1.2216 0.4746, 1.6339 1.1928 0.4338, 1.6339 1.1886 0.4332, 1.6339 1.2216 0.4332, 1.6339 1.2216 0.4338, 1.6339 1.1928 0.5059, 1.6339 1.1886 0.5065, 1.6339 -0.5906 0.2904, 1.6339 -0.5906 0.3189, 1.6339 -1.6339 0.3189, 1.6339 -0.5906 0.4121, 1.6339 -1.6339 0.4121, 1.6339 -0.5906 0.4332, 1.6339 -1.6339 0.4332, 1.6339 -0.5906 0.5065, 1.6339 -1.6339 0.5065, 1.6339 -0.5906 0.7874, 1.6339 -1.6339 0.7874, 1.6339 1.1351 0.478, 1.6339 1.1753 0.4444, 1.6339 1.1374 0.4844, 1.6339 1.1408 0.4896, 1.6339 1.1342 0.4691, 1.6339 1.1342 0.4684, 1.6339 1.1715 0.4426, 1.6339 1.1634 0.4411, 1.6339 1.1698 0.4978, 1.6339 1.1614 0.4987, 1.6339 1.1582 0.4986, 1.6339 1.152 0.4973, 1.6339 1.1353 0.4595, 1.6339 1.1376 0.4537, 1.6339 1.1413 0.4485, 1.6339 1.1784 0.4944, 1.6339 1.1784 0.4457, 1.6339 1.1772 0.4951, 1.6339 1.1753 0.4958, 1.6339 1.1464 0.4946, 1.6339 1.1418 0.4907, 1.6339 1.1426 0.4472, 1.6339 1.1472 0.4439, 1.6339 1.1523 0.4418, 1.6339 1.1598 0.4409, 1.6339 1.1687 0.5065, 1.6339 1.1713 0.5063, 1.6339 1.1753 0.5065, 1.6339 1.1753 0.5051, 1.6339 1.1784 0.5042, 1.6339 1.162 0.5071, 1.6339 1.1753 0.7874, 1.6339 1.1613 0.5071, 1.6339 1.1277 0.7874, 1.6339 1.1555 0.5065, 1.6339 1.1277 0.5065, 1.6339 1.1445 0.5035, 1.6339 1.1522 0.5062, 1.6339 1.1299 0.4901, 1.6339 1.1348 0.4965, 1.6339 1.1373 0.4988, 1.6339 1.1233 0.5065, 1.6339 1.1264 0.4822, 1.6339 1.1277 0.4851, 1.6339 1.1277 0.4521, 1.6339 1.1258 0.457, 1.6339 1.1233 0.4332, 1.6339 1.1244 0.4685, 1.6339 1.1246 0.4729, 1.6339 1.1463 0.4344, 1.6339 1.1395 0.4376, 1.6339 1.1277 0.4332, 1.6339 1.1337 0.4425, 1.6339 1.133 0.4432, 1.6339 1.1287 0.4494, 1.6339 1.1521 0.4332, 1.6339 1.1277 0.4121, 1.6339 1.1541 0.4328, 1.6339 1.1584 0.4326, 1.6339 1.1648 0.4332, 1.6339 1.1784 0.4368, 1.6339 1.1772 0.4362, 1.6339 1.1753 0.4332, 1.6339 1.1753 0.4356, 1.6339 1.1694 0.4337, 1.6339 1.1345 0.344, 1.6339 1.1359 0.3586, 1.6339 1.1327 0.3415, 1.6339 1.1315 0.3383, 1.6339 1.1277 0.3189, 1.6339 1.1324 0.3262, 1.6339 1.1313 0.3292, 1.6339 1.1558 0.3645, 1.6339 1.1528 0.3648, 1.6339 1.148 0.3501, 1.6339 1.159 0.3717, 1.6339 1.1628 0.3705, 1.6339 1.1658 0.3688, 1.6339 1.1682 0.3666, 1.6339 1.1701 0.3637, 1.6339 1.1373 0.3464, 1.6339 1.1411 0.3484, 1.6339 1.1423 0.3626, 1.6339 1.148 0.3644, 1.6339 1.1383 0.3202, 1.6339 1.1353 0.3224, 1.6339 1.1343 0.3234, 1.6339 1.1632 0.3275, 1.6339 1.163 0.3275, 1.6339 1.1632 0.3195, 1.6339 1.1616 0.3253, 1.6339 1.1587 0.3223, 1.6339 1.1309 0.3333, 1.6339 1.1309 0.3344, 1.6339 1.1359 0.3674, 1.6339 1.1384 0.3688, 1.6339 1.1452 0.3712, 1.6339 1.1536 0.3722, 1.6339 1.1715 0.3596, 1.6339 1.1722 0.3526, 1.6339 1.1722 0.3195, 1.6339 1.1632 0.3522, 1.6339 1.1629 0.3562, 1.6339 1.162 0.3594, 1.6339 1.1609 0.3613, 1.6339 1.1595 0.3628, 1.6339 1.1579 0.3638, 1.6339 1.1521 0.3189, 1.6339 1.1519 0.3188, 1.6339 1.1753 0.2904, 1.6339 1.1277 0.2904, 1.6339 1.1472 0.3183, 1.6339 1.142 0.3189, 1.6339 1.1418 0.3189, 1.6339 1.234 0.371, 1.6339 1.2239 0.371, 1.6339 1.2438 0.3189, 1.6339 1.2441 0.3196, 1.6339 1.2384 0.3342, 1.6339 1.2402 0.3103, 1.6339 1.2384 0.3189, 1.6339 1.2384 0.307, 1.6339 1.2384 0.307, 1.6339 1.2258 0.304, 1.6339 1.2258 0.296, 1.6339 1.2276 0.3034, 1.6339 1.2309 0.303, 1.6339 1.2331 0.3033, 1.6339 1.2384 0.2969, 1.6339 1.2353 0.2957, 1.6339 1.2384 0.2904, 1.6339 1.2316 0.2953, 1.6339 1.2296 0.2954, 1.6339 1.2351 0.304, 1.6339 1.2367 0.3052, 1.6339 1.25 0.3117, 1.6339 1.2459 0.3038, 1.6339 1.3059 0.2904, 1.6339 1.2528 0.3189, 1.6339 1.2426 0.2998, 1.6339 1.242 0.2993, 1.6339 1.2388 0.2971, 1.6339 1.5484 0.2904, 1.6339 1.3961 0.0, 1.6339 1.3961 0.2904, 1.6339 1.3286 0.0, 1.6339 1.3286 0.2904, 1.6339 1.3059 0.0, 1.6339 1.2384 0.0, 1.6339 1.2216 0.0, 1.6339 1.1886 0.0, 1.6339 1.1753 0.0, 1.6339 1.1277 0.0, 1.6339 1.1555 0.3201, 1.6339 1.0835 0.3916, 1.6339 1.0835 0.3195, 1.6339 1.1233 0.3189, 1.6339 1.1233 0.2904, 1.6339 1.1233 0.0, 1.6339 1.1206 0.3916, 1.6339 1.1233 0.4121, 1.6339 1.1206 0.3833, 1.6339 1.1222 0.3277, 1.6339 1.1222 0.3195, 1.6339 1.0928 0.352, 1.6339 1.0928 0.3277, 1.6339 1.1186 0.352, 1.6339 1.1186 0.3602, 1.6339 1.0928 0.3602, 1.6339 1.0928 0.3833, 1.6339 1.392 0.3431, 1.6339 1.3884 0.3357, 1.6339 1.3961 0.3189, 1.6339 1.3756 0.3241, 1.6339 1.3673 0.321, 1.6339 1.3553 0.3195, 1.6339 1.3354 0.3195, 1.6339 1.3354 0.3916, 1.6339 1.356 0.3916, 1.6339 1.3961 0.4121, 1.6339 1.3678 0.3902, 1.6339 1.3764 0.3868, 1.6339 1.3907 0.3724, 1.6339 1.3932 0.3653, 1.6339 1.3941 0.3565, 1.6339 1.3938 0.3515, 1.6339 1.3832 0.3296, 1.6339 1.3825 0.329, 1.6339 1.3832 0.382, 1.6339 1.3864 0.3789, 1.6339 1.4084 0.3195, 1.6339 1.3981 0.3195, 1.6339 1.4527 0.3195, 1.6339 1.4453 0.3392, 1.6339 1.4153 0.3392, 1.6339 1.4255 0.3916, 1.6339 1.4355 0.3916, 1.6339 1.5484 0.3189, 1.6339 1.3551 0.4536, 1.6339 1.0835 0.4338, 1.6339 1.0835 0.5059, 1.6339 1.1215 0.4338, 1.6339 1.3018 0.4574, 1.6339 1.2982 0.45, 1.6339 1.265 0.4338, 1.6339 1.2452 0.4338, 1.6339 1.2853 0.4385, 1.6339 1.2771 0.4353, 1.6339 1.2452 0.5059, 1.6339 1.2657 0.5059, 1.6339 1.2776 0.5045, 1.6339 1.2862 0.5011, 1.6339 1.3004 0.4867, 1.6339 1.3029 0.4797, 1.6339 1.3039 0.4708, 1.6339 1.3036 0.4658, 1.6339 1.293 0.4439, 1.6339 1.2923 0.4433, 1.6339 1.293 0.4964, 1.6339 1.2961 0.4932, 1.6339 1.4629 0.3195, 1.6339 1.5484 0.4121, 1.6339 1.5484 0.4332, 1.6339 1.5484 0.5065, 1.6339 1.6339 0.3189, 1.6339 1.6339 0.4121, 1.6339 1.6339 0.4332, 1.6339 1.6339 0.5065, 1.6339 1.1233 0.7874, 1.6339 1.6339 0.7874, 1.6339 1.5484 0.7874, 1.6339 1.3961 0.7874, 1.6339 1.3286 0.7874, 1.6339 1.3059 0.7874, 1.6339 1.2384 0.7874, 1.6339 1.2216 0.7874, 1.6339 1.1886 0.7874, 0.5946 -0.0886 0.1181, 0.6228 -0.1253 0.1181, 0.3543 -0.2657 0.1181, 0.6594 -0.1534 0.1181, 0.5946 0.0886 0.1181, 0.5769 0.0459 0.1181, 0.3543 0.2657 0.1181, 0.5709 -0.0 0.1181, 0.5769 -0.0459 0.1181, 0.7022 0.1711 0.1181, 0.6594 0.1534 0.1181, 0.6228 0.1253 0.1181, 0.748 0.1772 0.1181, 0.748 -0.1772 0.1181, 0.7022 -0.1711 0.1181, -0.5946 0.0886 0.1181, -0.6228 0.1253 0.1181, -0.3543 0.2657 0.1181, -0.6594 0.1534 0.1181, -0.7022 -0.1711 0.1181, -0.3543 -0.2657 0.1181, -0.748 -0.1772 0.1181, -1.6339 -0.2657 0.1181, -1.6339 -0.1772 0.1181, -0.6594 -0.1534 0.1181, -0.6228 -0.1253 0.1181, -0.5946 -0.0886 0.1181, -0.5769 -0.0459 0.1181, -0.5709 0.0 0.1181, -0.5769 0.0459 0.1181, -1.6339 0.1772 0.1181, -1.6339 0.2657 0.1181, -0.748 0.1772 0.1181, -0.7022 0.1711 0.1181, -1.0433 1.6339 0.3937, -0.5906 1.6339 0.3937, -1.0433 1.6339 0.0, -0.5906 1.6339 0.1969, 0.5906 1.6339 0.1969, 0.5906 1.6339 0.7874, -0.5906 -1.6339 0.3937, -1.0433 -1.6339 0.3937, -0.5906 -1.6339 0.1969, -1.0433 -1.6339 0.0, 0.5906 -1.6339 0.1969, 0.5906 -1.6339 0.7874, -1.5023 -0.5906 0.1969, -1.5023 -0.5906 0.3937, -1.4076 -0.7901 0.1969, -1.4076 -0.7901 0.3937, -1.2865 -0.9749 0.1969, -1.2865 -0.9749 0.3937, -1.1414 -1.1414 0.1969, -1.1414 -1.1414 0.3937, -0.9749 -1.2865 0.1969, -0.9749 -1.2865 0.3937, -0.7901 -1.4076 0.1969, -0.7901 -1.4076 0.3937, -0.5906 -1.5023 0.1969, -0.5906 -1.5023 0.3937, -0.5906 1.5023 0.1969, -0.5906 1.5023 0.3937, -0.7901 1.4076 0.1969, -0.7901 1.4076 0.3937, -0.9749 1.2865 0.1969, -0.9749 1.2865 0.3937, -1.1414 1.1414 0.1969, -1.1414 1.1414 0.3937, -1.2865 0.9749 0.1969, -1.2865 0.9749 0.3937, -1.4076 0.7901 0.1969, -1.4076 0.7901 0.3937, -1.5023 0.5906 0.1969, -1.5023 0.5906 0.3937, -1.6339 -0.5906 0.1969, -1.6339 0.5906 0.3937, -1.6339 1.0433 0.3937, -1.6339 0.5906 0.1969, -1.6339 1.0433 0.0, -1.6339 -0.2657 0.0, -1.6339 -1.0433 0.0, -1.6339 -0.5906 0.3937, -1.6339 -1.0433 0.3937, -1.6339 0.2657 0.0, 1.5023 -0.5906 0.7874, 1.4076 -0.7901 0.7874, 1.2865 -0.9749 0.7874, 1.1414 -1.1414 0.7874, 0.5906 -1.5023 0.7874, 0.7901 -1.4076 0.7874, 0.9749 -1.2865 0.7874, 0.5906 1.5023 0.7874, 0.7901 1.4076 0.7874, 1.1414 1.1414 0.7874, 1.5023 0.5906 0.7874, 1.4076 0.7901 0.7874, 1.2865 0.9749 0.7874, 0.9749 1.2865 0.7874, 0.5906 -1.5023 0.1969, 0.7901 -1.4076 0.1969, 0.9749 -1.2865 0.1969, 1.1414 -1.1414 0.1969, 1.2865 -0.9749 0.1969, 1.4076 -0.7901 0.1969, 1.5023 -0.5906 0.1969, 1.5023 0.5906 0.1969, 1.4076 0.7901 0.1969, 1.2865 0.9749 0.1969, 1.1414 1.1414 0.1969, 0.9749 1.2865 0.1969, 0.7901 1.4076 0.1969, 0.5906 1.5023 0.1969, 0.3543 -0.2657 0.0, -0.3543 -0.2657 0.0, 0.3543 0.2657 0.0, -0.3543 0.2657 0.0, -1.3353 -0.34 0.1969, -1.3626 -0.2054 0.1969, 1.3167 0.4062 0.1969, 1.3506 0.273 0.1969, 0.5034 -1.2827 0.1969, 0.3732 -1.3265 0.1969, 1.3506 -0.273 0.1969, 1.3711 -0.1372 0.1969, 1.378 0.0 0.1969, 1.3711 0.1372 0.1969, -0.3066 -1.3434 0.1969, -0.1713 -1.3673 0.1969, -0.0344 -1.3775 0.1969, -0.1713 1.3673 0.1969, -0.0344 1.3775 0.1969, 0.103 1.3741 0.1969, 0.2393 1.357 0.1969, -0.3066 1.3434 0.1969, -0.4389 1.3062 0.1969, 0.2393 -1.357 0.1969, 0.103 -1.3741 0.1969, 1.3167 -0.4062 0.1969, 1.2698 -0.5352 0.1969, 1.2101 -0.659 0.1969, 1.1385 -0.7762 0.1969, 1.0556 -0.8857 0.1969, 0.9621 -0.9864 0.1969, 0.8591 -1.0773 0.1969, 0.7476 -1.1575 0.1969, 0.6286 -1.2262 0.1969, -1.3626 0.2054 0.1969, -0.4389 -1.3062 0.1969, -0.5667 -1.256 0.1969, -0.689 -1.1933 0.1969, -0.8044 -1.1188 0.1969, 1.1385 0.7762 0.1969, 1.2101 0.659 0.1969, 1.2698 0.5352 0.1969, -1.3353 0.34 0.1969, -1.2949 0.4713 0.1969, -1.3762 -0.0687 0.1969, -1.3762 0.0687 0.1969, -0.9118 -1.0332 0.1969, -1.0101 -0.9372 0.1969, -1.0984 -0.832 0.1969, 0.3732 1.3265 0.1969, 0.5034 1.2827 0.1969, -1.2415 0.5979 0.1969, -1.1758 0.7185 0.1969, -1.0984 0.832 0.1969, -1.1758 -0.7185 0.1969, -1.2415 -0.5979 0.1969, -1.2949 -0.4713 0.1969, 0.6286 1.2262 0.1969, 0.7476 1.1575 0.1969, 0.8591 1.0773 0.1969, 0.9621 0.9864 0.1969, 1.0556 0.8857 0.1969, -1.0101 0.9372 0.1969, -0.9118 1.0332 0.1969, -0.8044 1.1188 0.1969, -0.689 1.1933 0.1969, -0.5667 1.256 0.1969
            ]
        }
        coordIndex [
            0,1,2,-1,3,4,5,-1,6,7,8,-1,9,10,11,-1,11,10,12,-1,13,14,11,-1,11,14,15,-1,11,15,16,-1,16,17,11,-1,11,17,18,-1,11,18,9,-1,19,20,21,-1,21,20,22,-1,22,20,23,-1,22,23,24,-1,19,21,25,-1,25,21,26,-1,25,26,27,-1,28,29,26,-1,26,29,30,-1,26,30,31,-1,26,32,27,-1,27,32,33,-1,27,33,34,-1,34,33,35,-1,34,35,36,-1,31,37,26,-1,26,37,38,-1,26,38,32,-1,39,40,41,-1,39,41,42,-1,40,43,41,-1,41,43,44,-1,41,44,45,-1,45,44,46,-1,46,47,45,-1,45,47,48,-1,45,48,28,-1,28,48,49,-1,28,49,29,-1,50,42,51,-1,51,42,41,-1,51,41,52,-1,52,41,53,-1,52,53,54,-1,54,53,55,-1,56,57,58,-1,59,60,61,-1,60,59,62,-1,63,64,53,-1,53,64,65,-1,53,65,55,-1,66,56,67,-1,67,56,63,-1,58,68,56,-1,56,68,69,-1,56,69,63,-1,63,69,70,-1,63,70,64,-1,61,71,59,-1,59,71,72,-1,59,72,63,-1,63,72,73,-1,63,73,67,-1,74,75,57,-1,57,75,76,-1,57,76,77,-1,77,78,57,-1,57,78,79,-1,57,79,58,-1,80,81,82,-1,83,84,85,-1,86,87,74,-1,88,89,90,-1,90,89,91,-1,83,85,92,-1,86,74,93,-1,82,81,74,-1,74,81,94,-1,74,94,93,-1,84,95,85,-1,85,95,96,-1,85,96,97,-1,98,99,100,-1,100,99,101,-1,100,101,102,-1,103,104,105,-1,105,104,106,-1,105,106,100,-1,100,106,107,-1,100,107,98,-1,103,108,104,-1,104,108,109,-1,104,109,89,-1,89,109,110,-1,89,110,91,-1,111,112,113,-1,113,112,114,-1,113,114,85,-1,85,114,115,-1,85,115,92,-1,97,116,85,-1,85,116,117,-1,85,117,118,-1,119,120,75,-1,75,120,121,-1,75,121,122,-1,122,123,75,-1,75,123,124,-1,75,124,125,-1,125,124,111,-1,125,111,126,-1,126,111,113,-1,87,127,74,-1,74,127,128,-1,74,128,75,-1,75,128,129,-1,75,129,119,-1,130,131,85,-1,85,131,132,-1,85,132,89,-1,89,132,133,-1,89,133,134,-1,118,135,85,-1,85,135,136,-1,85,136,130,-1,137,138,139,-1,137,139,140,-1,134,141,89,-1,89,141,139,-1,89,139,104,-1,104,139,138,-1,104,138,142,-1,142,138,143,-1,144,145,139,-1,139,145,146,-1,139,146,140,-1,147,148,149,-1,148,150,149,-1,149,150,151,-1,149,151,152,-1,153,149,154,-1,143,138,153,-1,153,138,155,-1,153,155,149,-1,149,155,156,-1,149,156,147,-1,154,157,153,-1,153,157,158,-1,153,158,159,-1,152,151,160,-1,160,151,161,-1,160,161,162,-1,162,161,163,-1,162,163,164,-1,165,166,159,-1,159,166,167,-1,159,167,153,-1,10,168,12,-1,12,168,169,-1,12,169,82,-1,82,169,170,-1,82,170,80,-1,171,4,172,-1,172,4,3,-1,172,3,173,-1,174,175,176,-1,176,175,177,-1,176,177,178,-1,178,177,179,-1,178,179,180,-1,180,179,181,-1,180,181,182,-1,182,181,183,-1,182,183,184,-1,184,183,185,-1,186,187,188,-1,189,190,191,-1,171,181,4,-1,4,181,179,-1,4,179,192,-1,192,179,193,-1,192,193,194,-1,194,193,195,-1,194,195,196,-1,197,198,190,-1,190,198,199,-1,190,199,191,-1,200,201,202,-1,203,204,205,-1,206,207,200,-1,207,208,200,-1,200,208,209,-1,200,209,201,-1,201,209,210,-1,203,205,200,-1,200,205,211,-1,200,211,206,-1,212,213,214,-1,214,213,215,-1,214,215,202,-1,202,215,216,-1,202,216,200,-1,217,218,219,-1,219,218,220,-1,221,222,223,-1,224,225,226,-1,210,227,201,-1,201,227,228,-1,201,228,226,-1,226,228,229,-1,226,229,224,-1,230,231,232,-1,231,233,232,-1,232,233,234,-1,232,234,235,-1,225,236,226,-1,226,236,237,-1,226,237,238,-1,222,230,223,-1,223,230,232,-1,223,232,239,-1,239,232,238,-1,239,238,240,-1,240,238,237,-1,235,241,232,-1,232,241,242,-1,232,242,243,-1,244,245,246,-1,246,245,247,-1,246,247,248,-1,246,249,244,-1,244,249,250,-1,244,250,251,-1,251,252,244,-1,244,252,253,-1,244,253,254,-1,254,253,255,-1,254,255,256,-1,256,255,257,-1,256,257,223,-1,223,257,258,-1,223,258,221,-1,259,260,248,-1,248,260,261,-1,248,261,246,-1,262,263,204,-1,204,263,264,-1,204,264,205,-1,262,265,263,-1,263,265,266,-1,263,266,267,-1,267,266,268,-1,267,269,270,-1,268,271,267,-1,267,271,272,-1,267,272,273,-1,273,274,267,-1,267,274,275,-1,267,275,269,-1,270,276,267,-1,267,276,277,-1,267,277,278,-1,279,280,281,-1,280,279,282,-1,282,279,283,-1,282,283,284,-1,285,286,287,-1,5,288,289,-1,287,286,290,-1,290,286,291,-1,290,291,284,-1,284,291,292,-1,284,292,282,-1,293,294,295,-1,296,297,298,-1,298,297,299,-1,298,299,300,-1,301,302,303,-1,303,302,304,-1,303,304,305,-1,305,304,293,-1,305,293,306,-1,307,308,309,-1,309,308,310,-1,309,310,296,-1,311,312,313,-1,295,294,313,-1,313,294,314,-1,313,314,311,-1,300,299,315,-1,315,299,316,-1,315,316,311,-1,59,317,62,-1,62,317,318,-1,62,318,319,-1,319,318,320,-1,319,320,321,-1,321,320,322,-1,321,322,323,-1,323,322,324,-1,323,324,325,-1,325,324,326,-1,325,326,327,-1,328,329,330,-1,330,329,331,-1,328,332,329,-1,329,332,333,-1,329,333,334,-1,334,333,335,-1,336,337,329,-1,329,337,338,-1,329,338,339,-1,340,341,342,-1,311,316,312,-1,312,316,343,-1,312,343,344,-1,344,343,345,-1,344,345,329,-1,329,345,346,-1,329,346,336,-1,339,347,329,-1,329,347,348,-1,329,348,331,-1,340,342,333,-1,333,342,349,-1,333,349,350,-1,350,351,333,-1,333,351,352,-1,333,352,335,-1,353,354,355,-1,355,354,356,-1,355,356,316,-1,316,356,357,-1,316,357,343,-1,358,359,360,-1,360,359,361,-1,360,361,362,-1,363,364,365,-1,366,367,363,-1,363,367,368,-1,363,368,364,-1,369,370,363,-1,363,370,371,-1,363,371,366,-1,372,373,374,-1,374,373,375,-1,374,375,369,-1,369,375,376,-1,369,376,370,-1,377,378,379,-1,379,378,380,-1,380,381,379,-1,379,381,382,-1,379,382,372,-1,377,379,383,-1,383,379,384,-1,383,384,385,-1,385,384,386,-1,386,384,201,-1,386,201,387,-1,344,388,312,-1,312,388,389,-1,312,389,390,-1,390,389,391,-1,390,391,392,-1,393,394,395,-1,395,394,396,-1,397,398,399,-1,400,401,402,-1,403,404,201,-1,404,405,201,-1,201,405,406,-1,201,406,407,-1,393,408,394,-1,394,408,409,-1,394,409,410,-1,410,409,402,-1,410,402,411,-1,411,402,401,-1,412,413,397,-1,397,413,414,-1,397,414,398,-1,415,416,417,-1,417,416,418,-1,417,418,419,-1,399,420,397,-1,397,420,421,-1,397,421,384,-1,384,421,396,-1,384,396,422,-1,422,396,394,-1,422,423,384,-1,384,423,424,-1,384,424,201,-1,201,424,425,-1,201,425,403,-1,407,426,201,-1,201,426,427,-1,201,427,202,-1,202,427,428,-1,202,428,417,-1,429,430,402,-1,402,430,431,-1,402,431,432,-1,432,433,402,-1,402,433,434,-1,402,434,400,-1,435,436,437,-1,437,436,438,-1,436,439,438,-1,438,439,440,-1,438,440,397,-1,397,440,441,-1,397,441,412,-1,191,186,189,-1,189,186,188,-1,189,188,442,-1,442,188,443,-1,444,445,446,-1,447,448,449,-1,449,448,450,-1,448,232,451,-1,243,219,232,-1,232,219,220,-1,232,220,451,-1,451,220,452,-1,451,453,448,-1,448,453,454,-1,448,454,455,-1,456,457,458,-1,458,457,459,-1,458,459,220,-1,220,459,460,-1,220,460,452,-1,455,461,448,-1,448,461,462,-1,448,462,450,-1,463,464,465,-1,463,465,466,-1,464,467,465,-1,465,467,468,-1,465,468,458,-1,458,468,469,-1,458,469,456,-1,6,470,471,-1,471,470,472,-1,471,472,473,-1,473,472,474,-1,473,474,475,-1,475,474,465,-1,475,465,476,-1,476,465,458,-1,476,458,477,-1,477,458,220,-1,477,220,478,-1,478,220,218,-1,478,218,479,-1,479,218,437,-1,479,437,480,-1,480,437,438,-1,217,212,218,-1,218,212,214,-1,218,214,437,-1,437,214,202,-1,437,202,435,-1,435,202,417,-1,435,417,481,-1,481,417,419,-1,482,82,483,-1,483,82,74,-1,483,74,484,-1,484,74,57,-1,484,57,485,-1,485,57,56,-1,485,56,486,-1,482,487,488,-1,487,489,488,-1,488,489,490,-1,488,490,484,-1,484,490,491,-1,484,491,483,-1,492,493,494,-1,494,493,490,-1,494,490,495,-1,495,490,489,-1,495,489,496,-1,496,489,497,-1,498,499,500,-1,501,502,500,-1,500,502,503,-1,500,503,192,-1,192,503,504,-1,192,504,4,-1,4,504,505,-1,4,505,506,-1,507,508,509,-1,510,511,507,-1,507,511,512,-1,507,512,500,-1,500,512,513,-1,500,513,498,-1,499,514,500,-1,500,514,515,-1,500,515,501,-1,509,516,507,-1,507,516,517,-1,507,517,510,-1,518,519,500,-1,520,521,522,-1,500,519,507,-1,507,519,523,-1,507,523,524,-1,372,374,379,-1,379,374,488,-1,379,488,384,-1,384,488,484,-1,384,484,397,-1,397,484,485,-1,397,485,438,-1,438,485,486,-1,438,486,480,-1,392,387,390,-1,390,387,201,-1,390,201,312,-1,312,201,226,-1,312,226,313,-1,313,226,238,-1,313,238,295,-1,470,525,472,-1,472,525,500,-1,472,500,474,-1,474,500,192,-1,474,192,465,-1,465,192,194,-1,465,194,466,-1,466,194,196,-1,466,196,187,-1,187,196,173,-1,187,173,188,-1,188,173,3,-1,188,3,287,-1,287,3,5,-1,287,5,285,-1,285,5,289,-1,526,288,281,-1,281,288,5,-1,281,5,279,-1,279,5,4,-1,279,4,507,-1,507,4,506,-1,507,506,508,-1,482,488,82,-1,82,488,374,-1,82,374,12,-1,12,374,527,-1,12,527,11,-1,527,528,11,-1,11,528,0,-1,11,0,369,-1,369,0,2,-1,369,2,374,-1,374,2,529,-1,374,529,527,-1,530,531,287,-1,532,533,295,-1,295,533,297,-1,295,297,293,-1,293,297,296,-1,293,296,306,-1,306,296,310,-1,534,535,287,-1,535,532,287,-1,287,532,295,-1,287,295,188,-1,188,295,238,-1,188,238,443,-1,443,238,232,-1,443,232,446,-1,446,232,448,-1,446,448,444,-1,444,448,447,-1,533,536,297,-1,297,536,537,-1,297,537,290,-1,290,537,538,-1,290,538,539,-1,540,541,290,-1,290,541,542,-1,290,542,287,-1,287,542,543,-1,287,543,530,-1,531,544,287,-1,287,544,545,-1,287,545,534,-1,539,546,290,-1,290,546,547,-1,290,547,540,-1,522,518,520,-1,520,518,500,-1,520,500,548,-1,548,500,525,-1,548,525,524,-1,524,525,549,-1,524,549,507,-1,507,549,550,-1,507,550,279,-1,279,550,551,-1,279,551,283,-1,6,8,470,-1,470,8,552,-1,470,552,525,-1,525,552,553,-1,525,553,549,-1,549,553,554,-1,549,554,550,-1,550,554,555,-1,550,555,551,-1,365,362,363,-1,363,362,361,-1,363,361,369,-1,369,361,556,-1,369,556,11,-1,11,556,22,-1,11,22,13,-1,13,22,24,-1,555,557,551,-1,551,557,558,-1,551,558,283,-1,283,558,559,-1,283,559,284,-1,284,559,560,-1,284,560,290,-1,290,560,561,-1,290,561,297,-1,297,561,562,-1,297,562,299,-1,299,562,563,-1,299,563,316,-1,316,563,564,-1,316,564,355,-1,355,564,359,-1,355,359,353,-1,353,359,358,-1,565,566,567,-1,567,566,568,-1,569,570,571,-1,571,570,572,-1,571,572,567,-1,567,572,573,-1,567,573,565,-1,574,575,571,-1,571,575,576,-1,571,576,569,-1,574,571,577,-1,577,571,67,-1,577,67,73,-1,72,71,578,-1,578,71,567,-1,578,567,579,-1,579,567,568,-1,580,581,582,-1,582,581,583,-1,584,585,586,-1,586,585,587,-1,586,587,588,-1,584,589,585,-1,585,589,590,-1,585,590,591,-1,591,592,585,-1,585,592,593,-1,585,593,582,-1,582,593,594,-1,582,594,580,-1,595,596,597,-1,597,596,582,-1,597,582,598,-1,598,582,583,-1,599,600,601,-1,601,600,602,-1,601,602,603,-1,604,557,555,-1,604,555,603,-1,555,554,603,-1,603,554,553,-1,603,553,552,-1,552,8,603,-1,603,8,7,-1,603,7,601,-1,605,606,607,-1,607,606,608,-1,607,608,609,-1,609,608,60,-1,60,62,609,-1,609,62,319,-1,609,319,321,-1,327,610,325,-1,325,610,609,-1,325,609,323,-1,323,609,321,-1,611,612,613,-1,613,612,614,-1,613,614,615,-1,615,614,616,-1,615,616,617,-1,617,616,618,-1,617,618,619,-1,619,618,620,-1,619,620,621,-1,621,620,622,-1,621,622,623,-1,623,622,624,-1,625,626,627,-1,627,626,628,-1,627,628,629,-1,629,628,630,-1,629,630,631,-1,631,630,632,-1,631,632,633,-1,633,632,634,-1,633,634,635,-1,635,634,636,-1,635,636,637,-1,637,636,638,-1,588,587,639,-1,640,641,642,-1,642,641,643,-1,587,644,639,-1,639,644,645,-1,639,645,646,-1,646,645,647,-1,588,639,595,-1,595,639,642,-1,595,642,596,-1,596,642,643,-1,596,643,648,-1,605,607,624,-1,624,607,623,-1,626,625,600,-1,600,625,602,-1,642,637,640,-1,640,637,638,-1,612,611,646,-1,646,611,639,-1,327,326,649,-1,649,650,327,-1,327,650,651,-1,327,651,652,-1,653,610,654,-1,654,610,327,-1,654,327,655,-1,655,327,652,-1,604,656,557,-1,557,656,657,-1,658,560,559,-1,659,21,660,-1,660,21,22,-1,660,22,661,-1,661,22,556,-1,657,662,557,-1,557,662,658,-1,557,658,558,-1,558,658,559,-1,556,361,661,-1,661,361,359,-1,661,359,564,-1,564,563,661,-1,661,563,562,-1,661,562,658,-1,658,562,561,-1,658,561,560,-1,663,653,664,-1,664,653,654,-1,664,654,665,-1,665,654,655,-1,665,655,666,-1,666,655,652,-1,666,652,667,-1,667,652,651,-1,667,651,668,-1,668,651,650,-1,668,650,669,-1,669,650,649,-1,670,659,671,-1,671,659,660,-1,671,660,672,-1,672,660,661,-1,672,661,673,-1,673,661,658,-1,673,658,674,-1,674,658,662,-1,674,662,675,-1,675,662,657,-1,675,657,676,-1,676,657,656,-1,677,61,60,-1,645,644,608,-1,608,644,678,-1,60,608,677,-1,677,608,678,-1,677,678,679,-1,679,678,680,-1,648,643,680,-1,680,643,601,-1,680,601,7,-1,7,6,680,-1,680,6,471,-1,680,471,473,-1,473,475,680,-1,680,475,476,-1,680,476,477,-1,477,478,680,-1,680,478,479,-1,680,479,480,-1,66,679,56,-1,56,679,680,-1,56,680,486,-1,486,680,480,-1,681,682,611,-1,683,684,670,-1,670,684,63,-1,607,609,663,-1,663,685,686,-1,687,669,688,-1,688,669,59,-1,688,59,689,-1,689,59,63,-1,689,63,690,-1,690,63,684,-1,691,623,692,-1,692,623,607,-1,692,607,693,-1,693,607,663,-1,694,695,676,-1,676,695,696,-1,676,696,697,-1,676,603,694,-1,694,603,602,-1,694,602,698,-1,698,602,625,-1,698,625,699,-1,686,700,663,-1,663,700,701,-1,663,701,693,-1,687,702,669,-1,669,702,703,-1,669,703,668,-1,668,703,704,-1,668,704,667,-1,704,705,667,-1,667,705,706,-1,667,706,666,-1,666,706,707,-1,666,707,665,-1,665,707,708,-1,665,708,664,-1,664,708,709,-1,664,709,663,-1,663,709,710,-1,663,710,685,-1,637,642,711,-1,691,712,623,-1,623,712,713,-1,623,713,621,-1,621,713,714,-1,621,714,619,-1,619,714,715,-1,619,715,617,-1,672,716,671,-1,671,716,717,-1,671,717,670,-1,670,717,718,-1,670,718,683,-1,711,719,637,-1,637,719,720,-1,637,720,635,-1,611,682,639,-1,639,682,721,-1,639,721,642,-1,642,721,722,-1,642,722,711,-1,715,723,617,-1,617,723,724,-1,617,724,615,-1,615,724,725,-1,615,725,613,-1,697,726,676,-1,676,726,727,-1,676,727,675,-1,720,728,635,-1,635,728,729,-1,635,729,633,-1,633,729,730,-1,633,730,631,-1,725,731,613,-1,613,731,732,-1,613,732,611,-1,611,732,733,-1,611,733,681,-1,727,734,675,-1,675,734,735,-1,675,735,674,-1,674,735,736,-1,674,736,673,-1,673,736,737,-1,673,737,672,-1,672,737,738,-1,672,738,716,-1,730,739,631,-1,631,739,740,-1,631,740,629,-1,629,740,741,-1,629,741,627,-1,627,741,742,-1,627,742,625,-1,625,742,743,-1,625,743,699,-1,663,609,653,-1,653,609,610,-1,603,676,604,-1,604,676,656,-1,63,53,670,-1,670,53,41,-1,41,45,670,-1,670,45,28,-1,670,28,659,-1,659,28,26,-1,659,26,21,-1,649,326,324,-1,649,324,669,-1,669,324,322,-1,669,322,320,-1,320,318,669,-1,669,318,317,-1,669,317,59,-1,605,624,606,-1,606,624,622,-1,622,620,606,-1,606,620,618,-1,606,618,647,-1,612,646,614,-1,614,646,647,-1,614,647,616,-1,616,647,618,-1,626,600,628,-1,628,600,599,-1,640,638,641,-1,641,638,636,-1,636,634,641,-1,641,634,632,-1,641,632,599,-1,599,632,630,-1,599,630,628,-1,645,608,647,-1,647,608,606,-1,601,643,599,-1,599,643,641,-1,582,596,680,-1,680,596,648,-1,678,644,585,-1,585,644,587,-1,585,582,678,-1,678,582,680,-1,567,71,677,-1,677,71,61,-1,679,66,571,-1,571,66,67,-1,571,567,679,-1,679,567,677,-1,
        ]
    }
}
Shape{
    appearance Appearance {
        material  Material 	{
            diffuseColor 1.0 0.027450980392156862 0.06274509803921569
            specularColor 0.5019607843137255 0.011764705882352941 0.03137254901960784
            ambientIntensity 0.3223
            transparency 0.0
            shininess 0.5
        }
    }
    geometry IndexedFaceSet {
        ccw TRUE
        solid FALSE
        coord DEF co Coordinate {
            point [
                0.7783 1.1371 4.1339, 0.7783 -1.1371 4.1339, 0.7795 1.1363 4.1339, 0.7795 -1.1363 4.1339, 0.8858 -1.0555 4.1339, 0.9838 -0.9648 4.1339, 1.0726 -0.865 4.1339, 1.1513 -0.7571 4.1339, 1.2192 -0.6421 4.1339, 1.2756 -0.5211 4.1339, 1.2192 0.6421 4.1339, 1.3715 0.1334 4.1339, 1.3521 0.2655 4.1339, 1.3201 0.3952 4.1339, 1.0726 0.865 4.1339, 0.9838 0.9648 4.1339, 0.8858 1.0555 4.1339, 1.3201 -0.3952 4.1339, 1.3521 -0.2655 4.1339, 1.2756 0.5211 4.1339, 1.378 0.0 4.1339, 1.1513 0.7571 4.1339, 1.3715 -0.1334 4.1339, 1.0526 -1.1691 3.937, 1.1244 -1.1026 3.937, 1.1196 -1.0979 3.988, 1.3343 -0.8338 3.937, 1.3934 -0.7339 3.937, 1.3874 -0.7307 3.988, 1.513 -0.4339 3.937, 1.5453 -0.3035 3.937, 1.5387 -0.3022 3.988, 1.5577 0.2189 3.937, 1.5453 0.3035 3.937, 1.5387 0.3022 3.988, 1.513 0.4339 3.937, 1.5087 0.4516 3.937, 1.5022 0.4497 3.988, 1.4372 0.6398 3.937, 1.3934 0.7339 3.937, 1.3874 0.7307 3.988, 1.2055 1.0115 3.937, 1.1244 1.1026 3.937, 1.1196 1.0979 3.988, 0.7783 -1.3281 4.0496, 0.7783 -1.3379 4.0351, 0.8759 -1.2769 4.0354, 0.8804 -1.3052 3.937, 0.8908 -1.2986 3.937, 0.887 -1.2931 3.988, 0.7783 1.1794 4.1307, 0.8083 1.1783 4.1272, 0.7783 1.2544 4.1073, 0.7783 1.2516 4.1089, 0.8352 1.2175 4.1075, 0.7783 1.2139 4.1232, 0.7783 1.1981 4.1266, 0.7783 1.2768 4.0951, 0.8582 1.2511 4.0762, 0.7783 1.302 4.0759, 0.7783 1.3066 4.0724, 0.8759 1.2769 4.0354, 0.7783 1.3241 4.0545, 0.887 1.2931 3.988, 0.7783 1.3605 3.9878, 0.7783 1.3554 4.0043, 0.7783 1.3446 4.0259, 0.7783 1.3394 4.0331, 0.7783 1.338 4.0351, 0.8908 1.2986 3.937, 0.8804 1.3052 3.937, 0.7783 1.3654 3.9722, 0.7783 1.369 3.937, 0.7783 -1.3655 3.9715, 0.7783 -1.3688 3.9467, 0.7783 -1.369 3.937, 0.7783 -1.3473 4.021, 0.7783 -1.3505 4.0148, 0.7783 -1.3394 4.0328, 0.7783 -1.3558 4.0034, 0.7783 -1.3605 3.9878, 0.7783 -1.2391 4.1144, 0.7783 -1.2541 4.1069, 0.8352 -1.2175 4.1075, 0.7783 -1.273 4.0974, 0.8582 -1.2511 4.0762, 0.7783 -1.3022 4.0761, 0.7783 -1.3038 4.0749, 0.8083 -1.1783 4.1272, 0.7783 -1.1423 4.1338, 0.7783 -1.1833 4.1301, 0.7783 -1.198 4.1265, 0.7783 -1.2226 4.1205, 0.9186 1.0945 4.1272, 1.0202 1.0005 4.1272, 0.9491 1.1309 4.1075, 1.0541 1.0337 4.1075, 0.9753 1.1621 4.0762, 1.0832 1.0623 4.0762, 0.9954 1.1861 4.0354, 1.1055 1.0842 4.0354, 1.008 1.2012 3.988, 1.1939 0.7851 4.1272, 1.2643 0.6659 4.1272, 1.2335 0.8112 4.1075, 1.3063 0.688 4.1075, 1.2676 0.8336 4.0762, 1.3423 0.707 4.0762, 1.2937 0.8508 4.0354, 1.37 0.7216 4.0354, 1.3102 0.8616 3.988, 1.4222 -0.1383 4.1272, 1.4021 -0.2753 4.1272, 1.4694 -0.1429 4.1075, 1.4487 -0.2845 4.1075, 1.51 -0.1469 4.0762, 1.4887 -0.2923 4.0762, 1.5412 -0.1499 4.0354, 1.5194 -0.2984 4.0354, 1.5607 -0.1518 3.988, 1.3228 -0.5404 4.1272, 1.2643 -0.6659 4.1272, 1.3667 -0.5583 4.1075, 1.3063 -0.688 4.1075, 1.4045 -0.5737 4.0762, 1.3423 -0.707 4.0762, 1.4334 -0.5856 4.0354, 1.37 -0.7216 4.0354, 1.4516 -0.593 3.988, 1.1123 -0.897 4.1272, 1.0202 -1.0005 4.1272, 1.1492 -0.9268 4.1075, 1.0541 -1.0337 4.1075, 1.1809 -0.9524 4.0762, 1.0832 -1.0623 4.0762, 1.2053 -0.9721 4.0354, 1.1055 -1.0842 4.0354, 1.2206 -0.9844 3.988, 1.0124 1.2063 3.937, 1.0526 1.1691 3.937, 1.2258 0.9886 3.937, 1.2206 0.9844 3.988, 1.2053 0.9721 4.0354, 1.1809 0.9524 4.0762, 1.1492 0.9268 4.1075, 1.1123 0.897 4.1272, 1.3158 0.8653 3.937, 1.3343 0.8338 3.937, 1.4579 0.5955 3.937, 1.4516 0.593 3.988, 1.4334 0.5856 4.0354, 1.4045 0.5737 4.0762, 1.3667 0.5583 4.1075, 1.3228 0.5404 4.1272, 1.3689 0.4098 4.1272, 1.4144 0.4234 4.1075, 1.4534 0.4351 4.0762, 1.4834 0.4441 4.0354, 1.5194 0.2984 4.0354, 1.4887 0.2923 4.0762, 1.4487 0.2845 4.1075, 1.4021 0.2753 4.1272, 1.5674 0.1524 3.937, 1.5607 0.1518 3.988, 1.5412 0.1499 4.0354, 1.51 0.1469 4.0762, 1.4694 0.1429 4.1075, 1.4222 0.1383 4.1272, 1.4289 -0.0 4.1272, 1.4764 -0.0 4.1075, 1.5171 -0.0 4.0762, 1.5484 -0.0 4.0354, 1.5681 -0.0 3.988, 1.5748 -0.0 3.937, 1.5674 -0.1524 3.937, 1.5577 -0.2189 3.937, 1.5087 -0.4516 3.937, 1.5022 -0.4497 3.988, 1.4834 -0.4441 4.0354, 1.4534 -0.4351 4.0762, 1.4144 -0.4234 4.1075, 1.3689 -0.4098 4.1272, 1.4579 -0.5955 3.937, 1.4372 -0.6398 3.937, 1.3158 -0.8653 3.937, 1.3102 -0.8616 3.988, 1.2937 -0.8508 4.0354, 1.2676 -0.8336 4.0762, 1.2335 -0.8112 4.1075, 1.1939 -0.7851 4.1272, 1.2258 -0.9886 3.937, 1.2055 -1.0115 3.937, 1.0124 -1.2063 3.937, 1.008 -1.2012 3.988, 0.9954 -1.1861 4.0354, 0.9753 -1.1621 4.0762, 0.9491 -1.1309 4.1075, 0.9186 -1.0945 4.1272
            ]
        }
        coordIndex [
            0,1,2,-1,2,1,3,-1,2,3,4,-1,4,5,2,-1,2,5,6,-1,2,6,7,-1,8,9,10,-1,11,12,13,-1,14,15,7,-1,7,15,16,-1,7,16,2,-1,9,17,10,-1,10,17,18,-1,10,18,19,-1,11,13,20,-1,8,10,7,-1,7,10,21,-1,7,21,14,-1,19,18,13,-1,13,18,22,-1,13,22,20,-1,23,24,25,-1,26,27,28,-1,29,30,31,-1,32,33,34,-1,35,36,37,-1,38,39,40,-1,41,42,43,-1,44,45,46,-1,47,48,49,-1,0,2,50,-1,50,2,51,-1,52,53,54,-1,54,53,55,-1,54,55,51,-1,51,55,56,-1,51,56,50,-1,52,54,57,-1,57,54,58,-1,57,58,59,-1,59,58,60,-1,60,58,61,-1,60,61,62,-1,63,64,65,-1,65,66,63,-1,63,66,67,-1,63,67,61,-1,61,67,68,-1,61,68,62,-1,63,69,70,-1,64,63,71,-1,71,63,70,-1,71,70,72,-1,49,73,47,-1,47,73,74,-1,47,74,75,-1,76,77,49,-1,46,45,49,-1,49,45,78,-1,49,78,76,-1,77,79,49,-1,49,79,80,-1,49,80,73,-1,81,82,83,-1,83,82,84,-1,83,84,85,-1,85,84,86,-1,85,86,46,-1,46,86,87,-1,46,87,44,-1,3,1,88,-1,88,1,89,-1,89,90,88,-1,88,90,91,-1,88,91,83,-1,83,91,92,-1,83,92,81,-1,16,15,93,-1,93,15,94,-1,93,94,95,-1,95,94,96,-1,95,96,97,-1,97,96,98,-1,97,98,99,-1,99,98,100,-1,99,100,101,-1,101,100,43,-1,21,10,102,-1,102,10,103,-1,102,103,104,-1,104,103,105,-1,104,105,106,-1,106,105,107,-1,106,107,108,-1,108,107,109,-1,108,109,110,-1,110,109,40,-1,22,18,111,-1,111,18,112,-1,111,112,113,-1,113,112,114,-1,113,114,115,-1,115,114,116,-1,115,116,117,-1,117,116,118,-1,117,118,119,-1,119,118,31,-1,9,8,120,-1,120,8,121,-1,120,121,122,-1,122,121,123,-1,122,123,124,-1,124,123,125,-1,124,125,126,-1,126,125,127,-1,126,127,128,-1,128,127,28,-1,6,5,129,-1,129,5,130,-1,129,130,131,-1,131,130,132,-1,131,132,133,-1,133,132,134,-1,133,134,135,-1,135,134,136,-1,135,136,137,-1,137,136,25,-1,2,16,51,-1,51,16,93,-1,51,93,54,-1,54,93,95,-1,54,95,58,-1,58,95,97,-1,58,97,61,-1,61,97,99,-1,61,99,63,-1,63,99,101,-1,63,101,69,-1,69,101,138,-1,43,42,101,-1,101,42,139,-1,101,139,138,-1,140,41,141,-1,141,41,43,-1,141,43,142,-1,142,43,100,-1,142,100,143,-1,143,100,98,-1,143,98,144,-1,144,98,96,-1,144,96,145,-1,145,96,94,-1,145,94,14,-1,14,94,15,-1,14,21,145,-1,145,21,102,-1,145,102,144,-1,144,102,104,-1,144,104,143,-1,143,104,106,-1,143,106,142,-1,142,106,108,-1,142,108,141,-1,141,108,110,-1,141,110,140,-1,140,110,146,-1,40,39,110,-1,110,39,147,-1,110,147,146,-1,148,38,149,-1,149,38,40,-1,149,40,150,-1,150,40,109,-1,150,109,151,-1,151,109,107,-1,151,107,152,-1,152,107,105,-1,152,105,153,-1,153,105,103,-1,153,103,19,-1,19,103,10,-1,19,13,153,-1,153,13,154,-1,153,154,152,-1,152,154,155,-1,152,155,151,-1,151,155,156,-1,151,156,150,-1,150,156,157,-1,150,157,149,-1,149,157,37,-1,149,37,148,-1,148,37,36,-1,33,35,34,-1,34,35,37,-1,34,37,158,-1,158,37,157,-1,158,157,159,-1,159,157,156,-1,159,156,160,-1,160,156,155,-1,160,155,161,-1,161,155,154,-1,161,154,12,-1,12,154,13,-1,162,32,163,-1,163,32,34,-1,163,34,164,-1,164,34,158,-1,164,158,165,-1,165,158,159,-1,165,159,166,-1,166,159,160,-1,166,160,167,-1,167,160,161,-1,167,161,11,-1,11,161,12,-1,11,20,167,-1,167,20,168,-1,167,168,166,-1,166,168,169,-1,166,169,165,-1,165,169,170,-1,165,170,164,-1,164,170,171,-1,164,171,163,-1,163,171,172,-1,163,172,162,-1,162,172,173,-1,20,22,168,-1,168,22,111,-1,168,111,169,-1,169,111,113,-1,169,113,170,-1,170,113,115,-1,170,115,171,-1,171,115,117,-1,171,117,172,-1,172,117,119,-1,172,119,173,-1,173,119,174,-1,31,30,119,-1,119,30,175,-1,119,175,174,-1,176,29,177,-1,177,29,31,-1,177,31,178,-1,178,31,118,-1,178,118,179,-1,179,118,116,-1,179,116,180,-1,180,116,114,-1,180,114,181,-1,181,114,112,-1,181,112,17,-1,17,112,18,-1,17,9,181,-1,181,9,120,-1,181,120,180,-1,180,120,122,-1,180,122,179,-1,179,122,124,-1,179,124,178,-1,178,124,126,-1,178,126,177,-1,177,126,128,-1,177,128,176,-1,176,128,182,-1,28,27,128,-1,128,27,183,-1,128,183,182,-1,184,26,185,-1,185,26,28,-1,185,28,186,-1,186,28,127,-1,186,127,187,-1,187,127,125,-1,187,125,188,-1,188,125,123,-1,188,123,189,-1,189,123,121,-1,189,121,7,-1,7,121,8,-1,7,6,189,-1,189,6,129,-1,189,129,188,-1,188,129,131,-1,188,131,187,-1,187,131,133,-1,187,133,186,-1,186,133,135,-1,186,135,185,-1,185,135,137,-1,185,137,184,-1,184,137,190,-1,25,24,137,-1,137,24,191,-1,137,191,190,-1,192,23,193,-1,193,23,25,-1,193,25,194,-1,194,25,136,-1,194,136,195,-1,195,136,134,-1,195,134,196,-1,196,134,132,-1,196,132,197,-1,197,132,130,-1,197,130,4,-1,4,130,5,-1,4,3,197,-1,197,3,88,-1,197,88,196,-1,196,88,83,-1,196,83,195,-1,195,83,85,-1,195,85,194,-1,194,85,46,-1,194,46,193,-1,193,46,49,-1,193,49,192,-1,192,49,48,-1,
        ]
    }
}
Shape{
    appearance Appearance {
        material  Material 	{
            diffuseColor 0.8509803921568627 0.8509803921568627 0.8509803921568627
            specularColor 0.4235294117647059 0.4235294117647059 0.4235294117647059
            ambientIntensity 0.851
            transparency 0.0
            shininess 0.5
        }
    }
    geometry IndexedFaceSet {
        ccw TRUE
        solid FALSE
        coord DEF co Coordinate {
            point [
                1.3012 -0.8871 1.5027, 1.2258 -0.9886 3.937, 1.2064 -1.0123 1.5027, 1.2055 -1.0115 3.937, 1.0996 -1.1273 1.5027, 1.1244 -1.1026 3.937, 1.0525 -1.1689 1.5027, 1.0526 -1.1691 3.937, 0.9819 -1.2312 1.5027, 1.0124 -1.2063 3.937, 0.8908 -1.2986 3.937, 0.8799 -1.3046 1.5027, 0.8804 -1.3052 3.937, 0.8544 -1.3229 1.5027, 0.7783 -1.369 3.937, 0.7184 -1.4014 1.5027, 0.6897 -1.4142 3.937, 0.6898 -1.4143 1.5027, 0.6515 -1.4337 3.937, 0.5753 -1.4659 1.5027, 0.5054 -1.4915 3.937, 0.486 -1.4959 1.5027, 0.4864 -1.4969 3.937, 0.4265 -1.5159 1.5027, 0.3541 -1.5345 3.937, 0.2735 -1.5509 1.5027, 0.2731 -1.549 3.937, 0.1994 -1.5621 3.937, 0.1177 -1.5704 1.5027, 0.0549 -1.5733 3.937, 0.0549 -1.572 1.5027, 0.0426 -1.5742 3.937, -0.0393 -1.5743 1.5027, -0.1145 -1.5706 3.937, -0.1645 -1.5649 1.5027, -0.1644 -1.5645 3.937, -0.1958 -1.5626 1.5027, -0.2706 -1.5514 3.937, -0.3504 -1.5353 1.5027, -0.3806 -1.5265 3.937, -0.3806 -1.5268 1.5027, -0.4239 -1.5167 3.937, -0.5016 -1.4928 1.5027, -0.573 -1.4669 3.937, -0.5892 -1.4584 1.5027, -0.5896 -1.4594 3.937, -0.6477 -1.4354 1.5027, -0.7164 -1.4024 3.937, -0.7874 -1.3638 1.5027, -0.7864 -1.3621 3.937, -0.8526 -1.324 3.937, -0.9193 -1.2786 1.5027, -0.9692 -1.2405 3.937, -0.9684 -1.2395 1.5027, -0.9804 -1.2324 3.937, -1.042 -1.1808 1.5027, -1.0984 -1.1285 3.937, -1.1319 -1.0931 1.5027, -1.1316 -1.0928 3.937, -1.1544 -1.0711 1.5027, -1.2054 -1.0134 3.937, -1.2553 -0.9509 1.5027, -1.2728 -0.9247 3.937, -1.273 -0.9249 1.5027, -1.3005 -0.8882 3.937, -1.3438 -0.8212 1.5027, -1.3825 -0.7541 3.937, -1.3888 -0.7384 1.5027, -1.3898 -0.739 3.937, -1.4188 -0.6833 1.5027, -1.4508 -0.6125 3.937, -1.4798 -0.5386 1.5027, -1.5572 0.2347 1.5027, -1.5697 0.1097 1.5027, -1.5693 0.1098 3.937, -1.5728 0.0785 1.5027, -1.5748 0.0 3.937, -1.5728 -0.0785 1.5027, -1.5693 -0.1098 3.937, -1.5697 -0.1097 1.5027, -1.567 -0.157 3.937, -1.5572 -0.2347 1.5027, -1.5435 -0.3125 3.937, -1.5385 -0.327 1.5027, -1.5397 -0.3272 3.937, -1.5261 -0.3886 1.5027, -1.5047 -0.4648 3.937, -1.478 -0.5379 3.937, -1.567 0.157 3.937, -1.5435 0.3125 3.937, -1.5385 0.327 1.5027, -1.5397 0.3272 3.937, -1.5261 0.3886 1.5027, -1.5047 0.4648 3.937, -1.4798 0.5386 1.5027, -1.3438 0.8212 1.5027, -1.3888 0.7384 1.5027, -1.3898 0.739 3.937, -1.4188 0.6833 1.5027, -1.4508 0.6125 3.937, -1.478 0.5379 3.937, -1.042 1.1808 1.5027, -1.1319 1.0931 1.5027, -1.1316 1.0928 3.937, -1.1544 1.0711 1.5027, -1.2054 1.0134 3.937, -1.2553 0.9509 1.5027, -1.2728 0.9247 3.937, -1.273 0.9249 1.5027, -1.3005 0.8882 3.937, -1.3825 0.7541 3.937, -1.0984 1.1285 3.937, -0.9804 1.2324 3.937, -0.9684 1.2395 1.5027, -0.9692 1.2405 3.937, -0.9193 1.2786 1.5027, -0.8526 1.324 3.937, -0.7874 1.3638 1.5027, -0.5016 1.4928 1.5027, -0.5892 1.4584 1.5027, -0.5896 1.4594 3.937, -0.6477 1.4354 1.5027, -0.7164 1.4024 3.937, -0.7864 1.3621 3.937, -0.0393 1.5743 1.5027, -0.1645 1.5649 1.5027, -0.1644 1.5645 3.937, -0.1958 1.5626 1.5027, -0.2706 1.5514 3.937, -0.3504 1.5353 1.5027, -0.3806 1.5265 3.937, -0.3806 1.5268 1.5027, -0.4239 1.5167 3.937, -0.573 1.4669 3.937, -0.1145 1.5706 3.937, 0.0426 1.5742 3.937, 0.0549 1.572 1.5027, 0.0549 1.5733 3.937, 0.1177 1.5704 1.5027, 0.1994 1.5621 3.937, 0.2735 1.5509 1.5027, 0.5753 1.4659 1.5027, 0.486 1.4959 1.5027, 0.4864 1.4969 3.937, 0.4265 1.5159 1.5027, 0.3541 1.5345 3.937, 0.2731 1.549 3.937, 0.5054 1.4915 3.937, 0.6515 1.4337 3.937, 0.6898 1.4143 1.5027, 0.6897 1.4142 3.937, 0.7184 1.4014 1.5027, 0.7783 1.369 3.937, 0.8544 1.3229 1.5027, 0.8804 1.3052 3.937, 0.8799 1.3046 1.5027, 0.8908 1.2986 3.937, 0.9819 1.2312 1.5027, 1.0124 1.2063 3.937, 1.0525 1.1689 1.5027, 1.0526 1.1691 3.937, 1.0996 1.1273 1.5027, 1.1244 1.1026 3.937, 1.2064 1.0123 1.5027, 1.2055 1.0115 3.937, 1.2258 0.9886 3.937, 1.3012 0.8871 1.5027, 1.3158 0.8653 3.937, 1.3339 0.8335 1.5027, 1.3343 0.8338 3.937, 1.383 0.7532 1.5027, 1.3934 0.7339 3.937, 1.4375 0.64 1.5027, 1.4372 0.6398 3.937, 1.4511 0.6117 1.5027, 1.4579 0.5955 3.937, 1.5048 0.4642 1.5027, 1.5087 0.4516 3.937, 1.5126 0.4338 1.5027, 1.513 0.4339 3.937, 1.5436 0.312 1.5027, 1.5453 0.3035 3.937, 1.5576 0.2189 1.5027, 1.5577 0.2189 3.937, 1.567 0.1568 1.5027, 1.5674 0.1524 3.937, 1.5748 0.0 1.5027, 1.5748 -0.0 3.937, 1.567 -0.1568 1.5027, 1.5674 -0.1524 3.937, 1.5576 -0.2189 1.5027, 1.5577 -0.2189 3.937, 1.5436 -0.312 1.5027, 1.5453 -0.3035 3.937, 1.5126 -0.4338 1.5027, 1.513 -0.4339 3.937, 1.5048 -0.4642 1.5027, 1.5087 -0.4516 3.937, 1.4511 -0.6117 1.5027, 1.4579 -0.5955 3.937, 1.4375 -0.64 1.5027, 1.4372 -0.6398 3.937, 1.383 -0.7532 1.5027, 1.3934 -0.7339 3.937, 1.3339 -0.8335 1.5027, 1.3343 -0.8338 3.937, 1.3158 -0.8653 3.937, 1.3815 0.1452 1.1684, 1.3609 0.2751 1.1684, 1.4138 0.2858 1.2082, 1.3588 0.2888 1.1684, 1.3265 0.4092 1.1684, 1.3783 0.4252 1.2082, 1.3211 0.4293 1.1684, 1.2789 0.5392 1.1684, 1.3291 0.5603 1.2082, 1.269 0.565 1.1684, 1.2187 0.6637 1.1684, 1.2667 0.6898 1.2082, 1.203 0.6946 1.1684, 1.1464 0.7817 1.1684, 1.1918 0.8125 1.2082, 1.1238 0.8165 1.1684, 1.0628 0.8918 1.1684, 1.1049 0.9271 1.2082, 1.0323 0.9295 1.1684, 0.9687 0.9932 1.1684, 1.0071 1.0326 1.2082, 0.9295 1.0323 1.1684, 0.8649 1.0846 1.1684, 0.8993 1.1277 1.2082, 0.8165 1.1238 1.1684, 0.7526 1.1653 1.1684, 0.7826 1.2116 1.2082, 0.2888 1.3588 1.1684, 0.241 1.3663 1.1684, 0.2505 1.4205 1.2082, 0.1452 1.3815 1.1684, 0.1037 1.3837 1.1684, 0.1078 1.4384 1.2082, 0.0 1.3891 1.1684, -0.0346 1.3873 1.1684, -0.036 1.4419 1.2082, -0.1452 1.3815 1.1684, -0.1725 1.3772 1.1684, -0.1794 1.4312 1.2082, -0.2888 1.3588 1.1684, -0.3089 1.3534 1.1684, -0.321 1.4062 1.2082, -0.4293 1.3211 1.1684, -0.4422 1.3162 1.1684, -0.4594 1.3673 1.2082, -0.565 1.269 1.1684, -0.5712 1.2659 1.1684, -0.5932 1.3147 1.2082, -0.8165 1.1238 1.1684, -0.9187 1.041 1.1684, -0.9544 1.0815 1.2082, -0.9295 1.0323 1.1684, -1.0176 0.9442 1.1684, -1.0573 0.9811 1.2082, -1.0323 0.9295 1.1684, -1.1064 0.838 1.1684, -1.1498 0.8709 1.2082, -1.1238 0.8165 1.1684, -1.1842 0.7236 1.1684, -1.2308 0.7521 1.2082, -1.203 0.6946 1.1684, -1.2502 0.602 1.1684, -1.2995 0.6258 1.2082, -1.269 0.565 1.1684, -1.3038 0.4745 1.1684, -1.3554 0.4933 1.2082, -1.3211 0.4293 1.1684, -1.3444 0.3423 1.1684, -1.3978 0.3559 1.2082, -1.3588 0.2888 1.1684, -1.3718 0.2067 1.1684, -1.4263 0.215 1.2082, -1.3815 0.1452 1.1684, -1.3855 0.0691 1.1684, -1.4406 0.0719 1.2082, -1.3211 -0.4293 1.1684, -1.3038 -0.4745 1.1684, -1.3554 -0.4933 1.2082, -1.269 -0.565 1.1684, -1.2502 -0.602 1.1684, -1.2995 -0.6258 1.2082, -1.203 -0.6946 1.1684, -1.1842 -0.7236 1.1684, -1.2308 -0.7521 1.2082, -1.1238 -0.8165 1.1684, -1.1064 -0.838 1.1684, -1.1498 -0.8709 1.2082, -1.0323 -0.9295 1.1684, -1.0176 -0.9442 1.1684, -1.0573 -0.9811 1.2082, -0.9295 -1.0323 1.1684, -0.9187 -1.041 1.1684, -0.9544 -1.0815 1.2082, -0.8165 -1.1238 1.1684, -0.8107 -1.1276 1.1684, -0.842 -1.1711 1.2082, -0.565 -1.269 1.1684, -0.4422 -1.3162 1.1684, -0.4594 -1.3673 1.2082, -0.4293 -1.3211 1.1684, -0.3089 -1.3534 1.1684, -0.321 -1.4062 1.2082, -0.2888 -1.3588 1.1684, -0.1725 -1.3772 1.1684, -0.1794 -1.4312 1.2082, -0.1452 -1.3815 1.1684, -0.0346 -1.3873 1.1684, -0.036 -1.4419 1.2082, 0.0 -1.3891 1.1684, 0.1037 -1.3837 1.1684, 0.1078 -1.4384 1.2082, 0.1452 -1.3815 1.1684, 0.241 -1.3663 1.1684, 0.2505 -1.4205 1.2082, 0.2888 -1.3588 1.1684, 0.3758 -1.3355 1.1684, 0.3907 -1.3885 1.2082, 0.4293 -1.3211 1.1684, 0.5068 -1.2914 1.1684, 0.527 -1.3427 1.2082, 0.565 -1.269 1.1684, 0.6329 -1.2344 1.1684, 0.658 -1.2835 1.2082, 1.0323 -0.9295 1.1684, 1.0628 -0.8918 1.1684, 1.1049 -0.9271 1.2082, 1.1238 -0.8165 1.1684, 1.1464 -0.7817 1.1684, 1.1918 -0.8125 1.2082, 1.203 -0.6946 1.1684, 1.2187 -0.6637 1.1684, 1.2667 -0.6898 1.2082, 1.269 -0.565 1.1684, 1.2789 -0.5392 1.1684, 1.3291 -0.5603 1.2082, 1.3211 -0.4293 1.1684, 1.3265 -0.4092 1.1684, 1.3783 -0.4252 1.2082, 1.3588 -0.2888 1.1684, 1.3609 -0.2751 1.1684, 1.4138 -0.2858 1.2082, 1.3815 -0.1452 1.1684, 1.3819 -0.1383 1.1684, 1.4352 -0.1436 1.2082, -0.193 1.5405 1.3721, -0.1951 1.557 1.4365, -0.0391 1.5687 1.4365, -1.2376 -0.9374 1.3721, -1.2509 -0.9475 1.4365, -1.339 -0.8182 1.4365, 1.4306 -0.6031 1.3721, 1.446 -0.6095 1.4365, 1.3781 -0.7505 1.4365, 1.5614 0.1562 1.4365, 1.446 0.6095 1.4365, 1.3781 0.7505 1.4365, 1.0957 1.1233 1.4365, 0.7159 1.3964 1.4365, 0.5733 1.4607 1.4365, 0.2725 1.5454 1.4365, -0.3492 1.5298 1.4365, -0.4998 1.4875 1.4365, -0.916 1.2741 1.4365, -1.2509 0.9475 1.4365, -1.339 0.8182 1.4365, -1.5207 0.3872 1.4365, -1.5672 -0.0782 1.4365, -1.5517 -0.2339 1.4365, -1.4746 -0.5367 1.4365, -1.1503 -1.0673 1.4365, -1.0383 -1.1766 1.4365, -0.6454 -1.4303 1.4365, -0.1951 -1.557 1.4365, -0.0391 -1.5687 1.4365, 0.425 -1.5105 1.4365, 0.8514 -1.3182 1.4365, 0.9784 -1.2268 1.4365, 1.2021 -1.0087 1.4365, 1.4995 -0.4625 1.4365, 1.5381 -0.3109 1.4365, 1.2965 -0.884 1.4365, 1.0957 -1.1233 1.4365, -1.4138 -0.6808 1.4365, -1.5207 -0.3872 1.4365, 0.1173 1.5648 1.4365, 0.425 1.5105 1.4365, 1.4835 -0.4576 1.3721, 1.4575 -0.4496 1.3115, -1.1381 -1.056 1.3721, -1.1181 -1.0374 1.3115, -0.3455 1.5136 1.3721, -0.3394 1.487 1.3115, 1.5217 -0.3076 1.3721, 1.495 -0.3022 1.3115, 1.4587 -0.2949 1.2563, -1.0273 -1.1641 1.3721, -1.0092 -1.1436 1.3115, -0.9847 -1.1158 1.2563, -0.4945 1.4717 1.3721, -0.4858 1.4458 1.3115, -0.474 1.4107 1.2563, 1.5614 -0.1562 1.4365, 1.5448 -0.1546 1.3721, 1.5177 -0.1519 1.3115, 1.4808 -0.1482 1.2563, -0.916 -1.2741 1.4365, -0.9063 -1.2606 1.3721, -0.8904 -1.2384 1.3115, -0.8687 -1.2083 1.2563, -0.6454 1.4303 1.4365, -0.6385 1.4151 1.3721, -0.6273 1.3903 1.3115, -0.6121 1.3565 1.2563, 0.9279 -1.1635 1.2563, 0.8993 -1.1277 1.2082, 1.0071 -1.0326 1.2082, -1.4716 -0.2218 1.2563, -1.4263 -0.215 1.2082, -1.3978 -0.3559 1.2082, 0.5437 1.3853 1.2563, 0.527 1.3427 1.2082, 0.3907 1.3885 1.2082, 1.5692 0.0 1.4365, 1.5525 0.0 1.3721, 1.5253 0.0 1.3115, 1.4882 0.0 1.2563, 1.4424 0.0 1.2082, 1.3891 0.0 1.1684, 1.3635 -0.7425 1.3721, 1.4055 -0.5925 1.3115, 1.4221 -0.4387 1.2563, 1.2828 -0.8746 1.3721, 1.3395 -0.7295 1.3115, 1.3713 -0.5781 1.2563, 1.1893 -0.9979 1.3721, 1.2602 -0.8592 1.3115, 1.307 -0.7117 1.2563, 1.084 -1.1114 1.3721, 1.1684 -0.9804 1.3115, 1.2296 -0.8383 1.2563, 0.968 -1.2138 1.3721, 1.065 -1.0919 1.3115, 1.14 -0.9566 1.2563, 0.951 -1.1925 1.3115, 1.0391 -1.0654 1.2563, 0.9687 -0.9932 1.1684, 0.6946 -1.203 1.1684, 0.7526 -1.1653 1.1684, 0.7826 -1.2116 1.2082, 0.8074 -1.2501 1.2563, 0.8275 -1.2813 1.3115, 0.8423 -1.3042 1.3721, 0.8165 -1.1238 1.1684, 0.8649 -1.0846 1.1684, 0.9295 -1.0323 1.1684, 0.6789 -1.3243 1.2563, 0.6958 -1.3573 1.3115, 0.7083 -1.3815 1.3721, 0.7159 -1.3964 1.4365, 0.5437 -1.3853 1.2563, 0.5572 -1.4198 1.3115, 0.5672 -1.4452 1.3721, 0.5733 -1.4607 1.4365, 0.4031 -1.4326 1.2563, 0.4131 -1.4683 1.3115, 0.4205 -1.4945 1.3721, 0.2584 -1.4656 1.2563, 0.2649 -1.5021 1.3115, 0.2696 -1.5289 1.3721, 0.2725 -1.5454 1.4365, 0.1112 -1.484 1.2563, 0.114 -1.521 1.3115, 0.116 -1.5482 1.3721, 0.1173 -1.5648 1.4365, -0.0371 -1.4877 1.2563, -0.038 -1.5248 1.3115, -0.0387 -1.552 1.3721, -0.185 -1.4767 1.2563, -0.1897 -1.5134 1.3115, -0.193 -1.5405 1.3721, -0.3312 -1.4509 1.2563, -0.3394 -1.487 1.3115, -0.3455 -1.5136 1.3721, -0.3492 -1.5298 1.4365, -0.474 -1.4107 1.2563, -0.4858 -1.4458 1.3115, -0.4945 -1.4717 1.3721, -0.4998 -1.4875 1.4365, -0.5712 -1.2659 1.1684, -0.5932 -1.3147 1.2082, -0.6121 -1.3565 1.2563, -0.6273 -1.3903 1.3115, -0.6385 -1.4151 1.3721, -0.7846 -1.359 1.4365, -0.7763 -1.3445 1.3721, -0.7626 -1.3209 1.3115, -0.7441 -1.2888 1.2563, -0.7212 -1.2491 1.2082, -0.6946 -1.203 1.1684, -1.3248 -0.8095 1.3721, -1.2158 -0.921 1.3115, -1.0909 -1.0122 1.2563, -1.3988 -0.6736 1.3721, -1.3015 -0.7953 1.3115, -1.1863 -0.8986 1.2563, -1.4589 -0.531 1.3721, -1.3742 -0.6618 1.3115, -1.2699 -0.776 1.2563, -1.5045 -0.3831 1.3721, -1.4333 -0.5217 1.3115, -1.3408 -0.6457 1.2563, -1.5352 -0.2314 1.3721, -1.4781 -0.3764 1.3115, -1.3985 -0.509 1.2563, -1.5082 -0.2273 1.3115, -1.4422 -0.3672 1.2563, -1.3444 -0.3423 1.1684, -1.3891 -0.0 1.1684, -1.3855 -0.0691 1.1684, -1.4406 -0.0719 1.2082, -1.4864 -0.0742 1.2563, -1.5234 -0.076 1.3115, -1.5506 -0.0774 1.3721, -1.3815 -0.1452 1.1684, -1.3718 -0.2067 1.1684, -1.3588 -0.2888 1.1684, -1.4864 0.0742 1.2563, -1.5234 0.076 1.3115, -1.5506 0.0774 1.3721, -1.5672 0.0782 1.4365, -1.4716 0.2218 1.2563, -1.5082 0.2273 1.3115, -1.5352 0.2314 1.3721, -1.5517 0.2339 1.4365, -1.4422 0.3672 1.2563, -1.4781 0.3764 1.3115, -1.5045 0.3831 1.3721, -1.3985 0.509 1.2563, -1.4333 0.5217 1.3115, -1.4589 0.531 1.3721, -1.4746 0.5367 1.4365, -1.3408 0.6457 1.2563, -1.3742 0.6618 1.3115, -1.3988 0.6736 1.3721, -1.4138 0.6808 1.4365, -1.2699 0.776 1.2563, -1.3015 0.7953 1.3115, -1.3248 0.8095 1.3721, -1.1863 0.8986 1.2563, -1.2158 0.921 1.3115, -1.2376 0.9374 1.3721, -1.0909 1.0122 1.2563, -1.1181 1.0374 1.3115, -1.1381 1.056 1.3721, -1.1503 1.0673 1.4365, -0.9847 1.1158 1.2563, -1.0092 1.1436 1.3115, -1.0273 1.1641 1.3721, -1.0383 1.1766 1.4365, -0.8107 1.1276 1.1684, -0.842 1.1711 1.2082, -0.8687 1.2083 1.2563, -0.8904 1.2384 1.3115, -0.9063 1.2606 1.3721, -0.7846 1.359 1.4365, -0.7763 1.3445 1.3721, -0.7626 1.3209 1.3115, -0.7441 1.2888 1.2563, -0.7212 1.2491 1.2082, -0.6946 1.203 1.1684, -0.0387 1.552 1.3721, -0.1897 1.5134 1.3115, -0.3312 1.4509 1.2563, 0.116 1.5482 1.3721, -0.038 1.5248 1.3115, -0.185 1.4767 1.2563, 0.2696 1.5289 1.3721, 0.114 1.521 1.3115, -0.0371 1.4877 1.2563, 0.4205 1.4945 1.3721, 0.2649 1.5021 1.3115, 0.1112 1.484 1.2563, 0.5672 1.4452 1.3721, 0.4131 1.4683 1.3115, 0.2584 1.4656 1.2563, 0.5572 1.4198 1.3115, 0.4031 1.4326 1.2563, 0.3758 1.3355 1.1684, 0.6946 1.203 1.1684, 0.6329 1.2344 1.1684, 0.658 1.2835 1.2082, 0.6789 1.3243 1.2563, 0.6958 1.3573 1.3115, 0.7083 1.3815 1.3721, 0.565 1.269 1.1684, 0.5068 1.2914 1.1684, 0.4293 1.3211 1.1684, 0.8074 1.2501 1.2563, 0.8275 1.2813 1.3115, 0.8423 1.3042 1.3721, 0.8514 1.3182 1.4365, 0.9279 1.1635 1.2563, 0.951 1.1925 1.3115, 0.968 1.2138 1.3721, 0.9784 1.2268 1.4365, 1.0391 1.0654 1.2563, 1.065 1.0919 1.3115, 1.084 1.1114 1.3721, 1.14 0.9566 1.2563, 1.1684 0.9804 1.3115, 1.1893 0.9979 1.3721, 1.2021 1.0087 1.4365, 1.2296 0.8383 1.2563, 1.2602 0.8592 1.3115, 1.2828 0.8746 1.3721, 1.2965 0.884 1.4365, 1.307 0.7117 1.2563, 1.3395 0.7295 1.3115, 1.3635 0.7425 1.3721, 1.3713 0.5781 1.2563, 1.4055 0.5925 1.3115, 1.4306 0.6031 1.3721, 1.4221 0.4387 1.2563, 1.4575 0.4496 1.3115, 1.4835 0.4576 1.3721, 1.4995 0.4625 1.4365, 1.4587 0.2949 1.2563, 1.495 0.3022 1.3115, 1.5217 0.3076 1.3721, 1.5381 0.3109 1.4365, 1.3819 0.1383 1.1684, 1.4352 0.1436 1.2082, 1.4808 0.1482 1.2563, 1.5177 0.1519 1.3115, 1.5448 0.1546 1.3721, 1.3822 0.1383 0.7673, 1.3812 0.1452 0.7673, 1.3355 0.1404 0.805, 1.3616 0.2752 0.7673, 1.3582 0.2887 0.7673, 1.3135 0.2792 0.805, 1.3274 0.4095 0.7673, 1.3203 0.429 0.7673, 1.2771 0.415 0.805, 1.28 0.5396 0.7673, 1.268 0.5645 0.7673, 1.2267 0.5462 0.805, 0.9699 0.9944 0.7673, 0.9284 1.0311 0.7673, 0.8985 0.9979 0.805, 0.8661 1.0861 0.7673, 0.8155 1.1224 0.7673, 0.7893 1.0864 0.805, 0.7537 1.1669 0.7673, 0.6937 1.2015 0.7673, 0.6714 1.1629 0.805, 0.6337 1.2361 0.7673, 0.5643 1.2675 0.7673, 0.5462 1.2267 0.805, 0.5075 1.2931 0.7673, 0.4287 1.3196 0.7673, 0.415 1.2771 0.805, 0.3762 1.3372 0.7673, 0.2885 1.3572 0.7673, 0.2792 1.3135 0.805, 0.2412 1.368 0.7673, 0.145 1.3801 0.7673, 0.1404 1.3355 0.805, 0.1038 1.3852 0.7673, -0.0 1.3878 0.7673, 0.0 1.3428 0.805, -0.0346 1.3887 0.7673, -0.1451 1.3804 0.7673, -0.1404 1.3355 0.805, -0.1727 1.3783 0.7673, -0.2887 1.3579 0.7673, -0.2792 1.3135 0.805, -0.3091 1.3543 0.7673, -0.4291 1.3205 0.7673, -0.415 1.2771 0.805, -0.4424 1.3168 0.7673, -0.5649 1.2687 0.7673, -0.5462 1.2267 0.805, -0.5713 1.2662 0.7673, -0.6946 1.203 0.7673, -0.6714 1.1629 0.805, -0.8109 1.1279 0.7673, -0.8163 1.1236 0.7673, -0.7893 1.0864 0.805, -0.9192 1.0415 0.7673, -0.9291 1.0319 0.7673, -0.8985 0.9979 0.805, -1.0183 0.9448 0.7673, -1.0316 0.9289 0.7673, -0.9979 0.8985 0.805, -1.1073 0.8388 0.7673, -1.1229 0.8159 0.7673, -1.0864 0.7893 0.805, -1.3462 0.3428 0.7673, -1.3571 0.2885 0.7673, -1.3135 0.2792 0.805, -1.3736 0.207 0.7673, -1.3798 0.145 0.7673, -1.3355 0.1404 0.805, -1.3874 0.0692 0.7673, -1.3874 0.0 0.7673, -1.3428 0.0 0.805, -1.3874 -0.0692 0.7673, -1.3798 -0.145 0.7673, -1.3355 -0.1404 0.805, -1.3736 -0.207 0.7673, -1.3571 -0.2885 0.7673, -1.3135 -0.2792 0.805, -1.3462 -0.3428 0.7673, -1.3196 -0.4288 0.7673, -1.2771 -0.415 0.805, -1.3053 -0.4751 0.7673, -1.2677 -0.5644 0.7673, -1.2267 -0.5462 0.805, -1.2516 -0.6027 0.7673, -1.2019 -0.6939 0.7673, -1.1629 -0.6714 0.805, -1.1853 -0.7243 0.7673, -1.1229 -0.8159 0.7673, -1.0864 -0.7893 0.805, -1.1073 -0.8388 0.7673, -1.0316 -0.9289 0.7673, -0.9979 -0.8985 0.805, -1.0183 -0.9448 0.7673, -0.9291 -1.0319 0.7673, -0.8985 -0.9979 0.805, -0.9192 -1.0415 0.7673, -0.8163 -1.1236 0.7673, -0.7893 -1.0864 0.805, -0.8109 -1.1279 0.7673, -0.6946 -1.203 0.7673, -0.6714 -1.1629 0.805, -0.5713 -1.2662 0.7673, -0.5649 -1.2687 0.7673, -0.5462 -1.2267 0.805, -0.4424 -1.3168 0.7673, -0.4291 -1.3205 0.7673, -0.415 -1.2771 0.805, -0.3091 -1.3543 0.7673, -0.2887 -1.3579 0.7673, -0.2792 -1.3135 0.805, -0.1727 -1.3783 0.7673, -0.1451 -1.3804 0.7673, -0.1404 -1.3355 0.805, 0.3762 -1.3372 0.7673, 0.4287 -1.3196 0.7673, 0.415 -1.2771 0.805, 0.5075 -1.2931 0.7673, 0.5643 -1.2675 0.7673, 0.5462 -1.2267 0.805, 0.6337 -1.2361 0.7673, 0.6937 -1.2015 0.7673, 0.6714 -1.1629 0.805, 0.7537 -1.1669 0.7673, 0.8155 -1.1224 0.7673, 0.7893 -1.0864 0.805, 0.8661 -1.0861 0.7673, 0.9284 -1.0311 0.7673, 0.8985 -0.9979 0.805, 0.9699 -0.9944 0.7673, 1.0312 -0.9284 0.7673, 0.9979 -0.8985 0.805, 1.0641 -0.8929 0.7673, 1.1227 -0.8156 0.7673, 1.0864 -0.7893 0.805, 1.1477 -0.7825 0.7673, 1.2019 -0.6939 0.7673, 1.1629 -0.6714 0.805, 1.22 -0.6644 0.7673, 1.268 -0.5645 0.7673, 1.2267 -0.5462 0.805, 1.28 -0.5396 0.7673, 1.3203 -0.429 0.7673, 1.2771 -0.415 0.805, 1.3274 -0.4095 0.7673, 1.3582 -0.2887 0.7673, 1.3135 -0.2792 0.805, 1.3616 -0.2752 0.7673, 1.3812 -0.1452 0.7673, 1.3355 -0.1404 0.805, 1.3822 -0.1383 0.7673, 1.3891 0.0 0.7673, 1.3428 0.0 0.805, 1.3428 0.0 1.1307, 1.3355 0.1404 1.1307, 1.3135 0.2792 1.1307, 1.2771 0.415 1.1307, 1.2267 0.5462 1.1307, 1.1629 0.6714 1.1307, 1.0864 0.7893 1.1307, 0.9979 0.8985 1.1307, 0.8985 0.9979 1.1307, 0.7893 1.0864 1.1307, 0.6714 1.1629 1.1307, -0.1404 1.3355 1.1307, -0.2792 1.3135 1.1307, -0.415 1.2771 1.1307, -0.5462 1.2267 1.1307, -0.6714 1.1629 1.1307, -0.7893 1.0864 1.1307, -0.8985 0.9979 1.1307, -0.9979 0.8985 1.1307, -1.0864 0.7893 1.1307, -1.1629 0.6714 1.1307, -1.2267 0.5462 1.1307, -1.2771 0.415 1.1307, -1.3135 0.2792 1.1307, -1.3355 0.1404 1.1307, -1.3428 0.0 1.1307, -1.0864 -0.7893 1.1307, -0.9979 -0.8985 1.1307, -0.8985 -0.9979 1.1307, -0.7893 -1.0864 1.1307, -0.6714 -1.1629 1.1307, -0.5462 -1.2267 1.1307, -0.415 -1.2771 1.1307, -0.2792 -1.3135 1.1307, -0.1404 -1.3355 1.1307, 0.0 -1.3428 1.1307, 0.1404 -1.3355 1.1307, 0.2792 -1.3135 1.1307, 0.415 -1.2771 1.1307, 0.5462 -1.2267 1.1307, 0.6714 -1.1629 1.1307, 1.2267 -0.5462 1.1307, 1.2771 -0.415 1.1307, 1.3135 -0.2792 1.1307, 1.3355 -0.1404 1.1307, 1.0864 -0.7893 1.1307, 0.9979 -0.8985 1.1307, 0.8985 -0.9979 1.1307, 0.7893 -1.0864 1.1307, -1.2267 -0.5462 1.1307, -1.2771 -0.415 1.1307, -1.3135 -0.2792 1.1307, -1.3355 -0.1404 1.1307, 0.1404 1.3355 1.1307, 0.2792 1.3135 1.1307, 0.415 1.2771 1.1307, 0.5462 1.2267 1.1307, 0.8748 -0.9716 1.0826, 0.7685 -1.0577 1.0826, 0.7555 -1.0398 1.0271, 0.6426 -1.1131 1.0271, 0.6389 -1.1065 0.9679, -1.2789 -0.2718 1.0826, -1.3003 -0.1367 1.0826, -1.2782 -0.1343 1.0271, -1.2853 0.0 1.0271, -1.2777 0.0 0.9679, 0.404 1.2434 1.0826, 0.5318 1.1944 1.0826, 0.5228 1.1741 1.0271, 0.6426 1.1131 1.0271, 0.6389 1.1065 0.9679, 0.9716 -0.8748 1.0826, 0.86 -0.9551 1.0271, 0.751 -1.0337 0.9679, 0.6426 -1.1131 0.9086, -1.2434 -0.404 1.0826, -1.2572 -0.2672 1.0271, -1.2707 -0.1336 0.9679, -1.2853 0.0 0.9086, 0.2718 1.2789 1.0826, 0.3972 1.2224 1.0271, 0.5197 1.1672 0.9679, 0.6426 1.1131 0.9086, 1.1629 -0.6714 1.1307, 1.0577 -0.7685 1.0826, 0.9551 -0.86 1.0271, 0.855 -0.9495 0.9679, 0.7555 -1.0398 0.9086, 0.6537 -1.1323 0.8532, -1.1629 -0.6714 1.1307, -1.1944 -0.5318 1.0826, -1.2224 -0.3972 1.0271, -1.2498 -0.2657 0.9679, -1.2782 -0.1343 0.9086, -1.3074 0.0 0.8532, 0.0 1.3428 1.1307, 0.1367 1.3003 1.0826, 0.2672 1.2572 1.0271, 0.3948 1.2152 0.9679, 0.5228 1.1741 0.9086, 0.6537 1.1323 0.8532, 1.1323 -0.6537 1.0826, 1.0398 -0.7555 1.0271, 0.9495 -0.855 0.9679, 0.86 -0.9551 0.9086, 0.7685 -1.0577 0.8532, -1.1323 -0.6537 1.0826, -1.1741 -0.5228 1.0271, -1.2152 -0.3948 0.9679, -1.2572 -0.2672 0.9086, -1.3003 -0.1367 0.8532, 0.0 1.3074 1.0826, 0.1343 1.2782 1.0271, 0.2657 1.2498 0.9679, 0.3972 1.2224 0.9086, 0.5318 1.1944 0.8532, 0.1404 -1.3355 0.805, 0.2792 -1.3135 0.805, 0.2718 -1.2789 0.8532, -1.2267 0.5462 0.805, -1.2771 0.415 0.805, -1.2434 0.404 0.8532, 1.0864 0.7893 0.805, 0.9979 0.8985 0.805, 0.9716 0.8748 0.8532, 1.3074 0.0 0.8532, 1.3003 0.1367 0.8532, 1.2782 0.1343 0.9086, 1.2572 0.2672 0.9086, 1.2498 0.2657 0.9679, 1.2152 0.3948 0.9679, 1.2224 0.3972 1.0271, 1.1741 0.5228 1.0271, 1.1944 0.5318 1.0826, 1.1323 0.6537 1.0826, 1.3003 -0.1367 0.8532, 1.2853 0.0 0.9086, 1.2707 0.1336 0.9679, 1.2572 0.2672 1.0271, 1.2434 0.404 1.0826, 1.2789 -0.2718 0.8532, 1.2782 -0.1343 0.9086, 1.2777 0.0 0.9679, 1.2782 0.1343 1.0271, 1.2789 0.2718 1.0826, 1.2434 -0.404 0.8532, 1.2572 -0.2672 0.9086, 1.2707 -0.1336 0.9679, 1.2853 0.0 1.0271, 1.3003 0.1367 1.0826, 1.1944 -0.5318 0.8532, 1.2224 -0.3972 0.9086, 1.2498 -0.2657 0.9679, 1.2782 -0.1343 1.0271, 1.3074 0.0 1.0826, 1.1323 -0.6537 0.8532, 1.1741 -0.5228 0.9086, 1.2152 -0.3948 0.9679, 1.2572 -0.2672 1.0271, 1.3003 -0.1367 1.0826, 1.0577 -0.7685 0.8532, 1.1131 -0.6426 0.9086, 1.1672 -0.5197 0.9679, 1.2224 -0.3972 1.0271, 1.2789 -0.2718 1.0826, 0.9716 -0.8748 0.8532, 1.0398 -0.7555 0.9086, 1.1065 -0.6389 0.9679, 1.1741 -0.5228 1.0271, 1.2434 -0.404 1.0826, 0.8748 -0.9716 0.8532, 0.9551 -0.86 0.9086, 1.0337 -0.751 0.9679, 1.1131 -0.6426 1.0271, 1.1944 -0.5318 1.0826, 0.5197 -1.1672 0.9679, 0.5228 -1.1741 0.9086, 0.5318 -1.1944 0.8532, 0.3972 -1.2224 0.9086, 0.404 -1.2434 0.8532, 0.2885 -1.3572 0.7673, -0.0346 -1.3887 0.7673, -0.0 -1.3878 0.7673, 0.0 -1.3428 0.805, 0.1367 -1.3003 0.8532, 0.2672 -1.2572 0.9086, 0.3948 -1.2152 0.9679, 0.5228 -1.1741 1.0271, 0.6537 -1.1323 1.0826, 0.1038 -1.3852 0.7673, 0.145 -1.3801 0.7673, 0.2412 -1.368 0.7673, 0.0 -1.3074 0.8532, 0.1343 -1.2782 0.9086, 0.2657 -1.2498 0.9679, 0.3972 -1.2224 1.0271, 0.5318 -1.1944 1.0826, -0.1367 -1.3003 0.8532, 0.0 -1.2853 0.9086, 0.1336 -1.2707 0.9679, 0.2672 -1.2572 1.0271, 0.404 -1.2434 1.0826, -0.2718 -1.2789 0.8532, -0.1343 -1.2782 0.9086, 0.0 -1.2777 0.9679, 0.1343 -1.2782 1.0271, 0.2718 -1.2789 1.0826, -0.404 -1.2434 0.8532, -0.2672 -1.2572 0.9086, -0.1336 -1.2707 0.9679, 0.0 -1.2853 1.0271, 0.1367 -1.3003 1.0826, -0.5318 -1.1944 0.8532, -0.3972 -1.2224 0.9086, -0.2657 -1.2498 0.9679, -0.1343 -1.2782 1.0271, 0.0 -1.3074 1.0826, -0.6537 -1.1323 0.8532, -0.5228 -1.1741 0.9086, -0.3948 -1.2152 0.9679, -0.2672 -1.2572 1.0271, -0.1367 -1.3003 1.0826, -0.7685 -1.0577 0.8532, -0.6426 -1.1131 0.9086, -0.5197 -1.1672 0.9679, -0.3972 -1.2224 1.0271, -0.2718 -1.2789 1.0826, -0.8748 -0.9716 0.8532, -0.7555 -1.0398 0.9086, -0.6389 -1.1065 0.9679, -0.5228 -1.1741 1.0271, -0.404 -1.2434 1.0826, -0.9716 -0.8748 0.8532, -0.86 -0.9551 0.9086, -0.751 -1.0337 0.9679, -0.6426 -1.1131 1.0271, -0.5318 -1.1944 1.0826, -1.0577 -0.7685 0.8532, -0.9551 -0.86 0.9086, -0.855 -0.9495 0.9679, -0.7555 -1.0398 1.0271, -0.6537 -1.1323 1.0826, -1.1323 -0.6537 0.8532, -1.0398 -0.7555 0.9086, -0.9495 -0.855 0.9679, -0.86 -0.9551 1.0271, -0.7685 -1.0577 1.0826, -1.1944 -0.5318 0.8532, -1.1131 -0.6426 0.9086, -1.0337 -0.751 0.9679, -0.9551 -0.86 1.0271, -0.8748 -0.9716 1.0826, -1.2434 -0.404 0.8532, -1.1741 -0.5228 0.9086, -1.1065 -0.6389 0.9679, -1.0398 -0.7555 1.0271, -0.9716 -0.8748 1.0826, -1.2789 -0.2718 0.8532, -1.2224 -0.3972 0.9086, -1.1672 -0.5197 0.9679, -1.1131 -0.6426 1.0271, -1.0577 -0.7685 1.0826, -1.2707 0.1336 0.9679, -1.2782 0.1343 0.9086, -1.3003 0.1367 0.8532, -1.2572 0.2672 0.9086, -1.2789 0.2718 0.8532, -1.3196 0.4288 0.7673, -1.1853 0.7243 0.7673, -1.2019 0.6939 0.7673, -1.1629 0.6714 0.805, -1.1944 0.5318 0.8532, -1.2224 0.3972 0.9086, -1.2498 0.2657 0.9679, -1.2782 0.1343 1.0271, -1.3074 0.0 1.0826, -1.2516 0.6027 0.7673, -1.2677 0.5644 0.7673, -1.3053 0.4751 0.7673, -1.1323 0.6537 0.8532, -1.1741 0.5228 0.9086, -1.2152 0.3948 0.9679, -1.2572 0.2672 1.0271, -1.3003 0.1367 1.0826, -1.0577 0.7685 0.8532, -1.1131 0.6426 0.9086, -1.1672 0.5197 0.9679, -1.2224 0.3972 1.0271, -1.2789 0.2718 1.0826, -0.9716 0.8748 0.8532, -1.0398 0.7555 0.9086, -1.1065 0.6389 0.9679, -1.1741 0.5228 1.0271, -1.2434 0.404 1.0826, -0.8748 0.9716 0.8532, -0.9551 0.86 0.9086, -1.0337 0.751 0.9679, -1.1131 0.6426 1.0271, -1.1944 0.5318 1.0826, -0.7685 1.0577 0.8532, -0.86 0.9551 0.9086, -0.9495 0.855 0.9679, -1.0398 0.7555 1.0271, -1.1323 0.6537 1.0826, -0.6537 1.1323 0.8532, -0.7555 1.0398 0.9086, -0.855 0.9495 0.9679, -0.9551 0.86 1.0271, -1.0577 0.7685 1.0826, -0.5318 1.1944 0.8532, -0.6426 1.1131 0.9086, -0.751 1.0337 0.9679, -0.86 0.9551 1.0271, -0.9716 0.8748 1.0826, -0.404 1.2434 0.8532, -0.5228 1.1741 0.9086, -0.6389 1.1065 0.9679, -0.7555 1.0398 1.0271, -0.8748 0.9716 1.0826, -0.2718 1.2789 0.8532, -0.3972 1.2224 0.9086, -0.5197 1.1672 0.9679, -0.6426 1.1131 1.0271, -0.7685 1.0577 1.0826, -0.1367 1.3003 0.8532, -0.2672 1.2572 0.9086, -0.3948 1.2152 0.9679, -0.5228 1.1741 1.0271, -0.6537 1.1323 1.0826, 0.0 1.3074 0.8532, -0.1343 1.2782 0.9086, -0.2657 1.2498 0.9679, -0.3972 1.2224 1.0271, -0.5318 1.1944 1.0826, 0.1367 1.3003 0.8532, 0.0 1.2853 0.9086, -0.1336 1.2707 0.9679, -0.2672 1.2572 1.0271, -0.404 1.2434 1.0826, 0.2718 1.2789 0.8532, 0.1343 1.2782 0.9086, 0.0 1.2777 0.9679, -0.1343 1.2782 1.0271, -0.2718 1.2789 1.0826, 0.404 1.2434 0.8532, 0.2672 1.2572 0.9086, 0.1336 1.2707 0.9679, 0.0 1.2853 1.0271, -0.1367 1.3003 1.0826, 0.751 1.0337 0.9679, 0.7555 1.0398 0.9086, 0.7685 1.0577 0.8532, 0.86 0.9551 0.9086, 0.8748 0.9716 0.8532, 1.0312 0.9284 0.7673, 1.22 0.6644 0.7673, 1.2019 0.6939 0.7673, 1.1629 0.6714 0.805, 1.0577 0.7685 0.8532, 0.9551 0.86 0.9086, 0.855 0.9495 0.9679, 0.7555 1.0398 1.0271, 0.6537 1.1323 1.0826, 1.1477 0.7825 0.7673, 1.1227 0.8156 0.7673, 1.0641 0.8929 0.7673, 1.1323 0.6537 0.8532, 1.0398 0.7555 0.9086, 0.9495 0.855 0.9679, 0.86 0.9551 1.0271, 0.7685 1.0577 1.0826, 1.1944 0.5318 0.8532, 1.1131 0.6426 0.9086, 1.0337 0.751 0.9679, 0.9551 0.86 1.0271, 0.8748 0.9716 1.0826, 1.2434 0.404 0.8532, 1.1741 0.5228 0.9086, 1.1065 0.6389 0.9679, 1.0398 0.7555 1.0271, 0.9716 0.8748 1.0826, 1.2789 0.2718 0.8532, 1.2224 0.3972 0.9086, 1.1672 0.5197 0.9679, 1.1131 0.6426 1.0271, 1.0577 0.7685 1.0826, 1.5576 0.2189 0.4331, 1.5436 0.312 0.4331, 1.5381 0.3109 0.4993, 1.5126 0.4338 0.4331, 1.5048 0.4642 0.4331, 1.4995 0.4625 0.4993, 1.4375 0.64 0.4331, 1.383 0.7532 0.4331, 1.3781 0.7505 0.4993, 1.0525 1.1689 0.4331, 0.9819 1.2312 0.4331, 0.9784 1.2268 0.4993, 0.8799 1.3046 0.4331, 0.8544 1.3229 0.4331, 0.8514 1.3182 0.4993, 0.6898 1.4143 0.4331, 0.5753 1.4659 0.4331, 0.5733 1.4607 0.4993, 0.0549 1.572 0.4331, -0.0393 1.5743 0.4331, -0.0391 1.5687 0.4993, -0.1645 1.5649 0.4331, -0.1958 1.5626 0.4331, -0.1951 1.557 0.4993, -0.3806 1.5268 0.4331, -0.5016 1.4928 0.4331, -0.4998 1.4875 0.4993, -0.9684 1.2395 0.4331, -1.042 1.1808 0.4331, -1.0383 1.1766 0.4993, -1.1319 1.0931 0.4331, -1.1544 1.0711 0.4331, -1.1503 1.0673 0.4993, -1.273 0.9249 0.4331, -1.3438 0.8212 0.4331, -1.339 0.8182 0.4993, -1.5385 0.327 0.4331, -1.5572 0.2347 0.4331, -1.5517 0.2339 0.4993, -1.5697 0.1097 0.4331, -1.5728 0.0785 0.4331, -1.5672 0.0782 0.4993, -1.5697 -0.1097 0.4331, -1.5572 -0.2347 0.4331, -1.5517 -0.2339 0.4993, -1.3888 -0.7384 0.4331, -1.3438 -0.8212 0.4331, -1.339 -0.8182 0.4993, -1.273 -0.9249 0.4331, -1.2553 -0.9509 0.4331, -1.2509 -0.9475 0.4993, -1.1319 -1.0931 0.4331, -1.042 -1.1808 0.4331, -1.0383 -1.1766 0.4993, -0.5892 -1.4584 0.4331, -0.5016 -1.4928 0.4331, -0.4998 -1.4875 0.4993, -0.3806 -1.5268 0.4331, -0.3504 -1.5353 0.4331, -0.3492 -1.5298 0.4993, -0.1645 -1.5649 0.4331, -0.0393 -1.5743 0.4331, -0.0391 -1.5687 0.4993, 0.486 -1.4959 0.4331, 0.5753 -1.4659 0.4331, 0.5733 -1.4607 0.4993, 0.6898 -1.4143 0.4331, 0.7184 -1.4014 0.4331, 0.7159 -1.3964 0.4993, 0.8799 -1.3046 0.4331, 0.9819 -1.2312 0.4331, 0.9784 -1.2268 0.4993, 1.3339 -0.8335 0.4331, 1.383 -0.7532 0.4331, 1.3781 -0.7505 0.4993, 1.4375 -0.64 0.4331, 1.4511 -0.6117 0.4331, 1.446 -0.6095 0.4993, 1.5126 -0.4338 0.4331, 1.5436 -0.312 0.4331, 1.5381 -0.3109 0.4993, 1.4352 0.1436 0.7276, 1.4138 0.2858 0.7276, 1.3783 0.4252 0.7276, 1.3291 0.5603 0.7276, 1.2667 0.6898 0.7276, 1.1918 0.8125 0.7276, 0.527 1.3427 0.7276, 0.3907 1.3885 0.7276, 0.2505 1.4205 0.7276, 0.1078 1.4384 0.7276, -0.036 1.4419 0.7276, -0.1794 1.4312 0.7276, -0.321 1.4062 0.7276, -0.4594 1.3673 0.7276, -0.842 1.1711 0.7276, -0.9544 1.0815 0.7276, -1.0573 0.9811 0.7276, -1.1498 0.8709 0.7276, -1.2308 0.7521 0.7276, -1.2995 0.6258 0.7276, -1.4263 -0.215 0.7276, -1.3978 -0.3559 0.7276, -1.3554 -0.4933 0.7276, -1.2995 -0.6258 0.7276, -1.2308 -0.7521 0.7276, -1.1498 -0.8709 0.7276, -1.0573 -0.9811 0.7276, -0.9544 -1.0815 0.7276, -0.5932 -1.3147 0.7276, -0.4594 -1.3673 0.7276, -0.321 -1.4062 0.7276, -0.1794 -1.4312 0.7276, -0.036 -1.4419 0.7276, 0.1078 -1.4384 0.7276, 0.8993 -1.1277 0.7276, 1.0071 -1.0326 0.7276, 1.1049 -0.9271 0.7276, 1.1918 -0.8125 0.7276, 1.2667 -0.6898 0.7276, 1.3291 -0.5603 0.7276, 1.3783 -0.4252 0.7276, 1.4138 -0.2858 0.7276, 0.658 -1.2835 0.7276, 0.527 -1.3427 0.7276, 0.3907 -1.3885 0.7276, 0.2505 -1.4205 0.7276, -1.4406 0.0719 0.7276, -1.4263 0.215 0.7276, -1.3978 0.3559 0.7276, -1.3554 0.4933 0.7276, 0.7826 1.2116 0.7276, 0.8993 1.1277 0.7276, 1.0071 1.0326 0.7276, 1.1049 0.9271 0.7276, 1.4352 -0.1436 0.7276, 1.4808 -0.1482 0.6794, 1.4587 -0.2949 0.6794, 1.5177 -0.1519 0.6243, 1.495 -0.3022 0.6243, 1.5448 -0.1546 0.5636, 1.5217 -0.3076 0.5636, 1.5614 -0.1562 0.4993, 1.0391 -1.0654 0.6794, 0.9279 -1.1635 0.6794, 1.065 -1.0919 0.6243, 0.951 -1.1925 0.6243, 1.084 -1.1114 0.5636, 0.968 -1.2138 0.5636, 1.0957 -1.1233 0.4993, 0.1112 -1.484 0.6794, -0.0371 -1.4877 0.6794, 0.114 -1.521 0.6243, -0.038 -1.5248 0.6243, 0.116 -1.5482 0.5636, -0.0387 -1.552 0.5636, 0.1173 -1.5648 0.4993, -0.842 -1.1711 0.7276, -0.8687 -1.2083 0.6794, -0.9847 -1.1158 0.6794, -0.8904 -1.2384 0.6243, -1.0092 -1.1436 0.6243, -0.9063 -1.2606 0.5636, -1.0273 -1.1641 0.5636, -0.916 -1.2741 0.4993, -1.4422 -0.3672 0.6794, -1.4716 -0.2218 0.6794, -1.4781 -0.3764 0.6243, -1.5082 -0.2273 0.6243, -1.5045 -0.3831 0.5636, -1.5352 -0.2314 0.5636, -1.5207 -0.3872 0.4993, -1.3408 0.6457 0.6794, -1.2699 0.776 0.6794, -1.3742 0.6618 0.6243, -1.3015 0.7953 0.6243, -1.3988 0.6736 0.5636, -1.3248 0.8095 0.5636, -1.4138 0.6808 0.4993, -0.5932 1.3147 0.7276, -0.6121 1.3565 0.6794, -0.474 1.4107 0.6794, -0.6273 1.3903 0.6243, -0.4858 1.4458 0.6243, -0.6385 1.4151 0.5636, -0.4945 1.4717 0.5636, -0.6454 1.4303 0.4993, 0.4031 1.4326 0.6794, 0.5437 1.3853 0.6794, 0.4131 1.4683 0.6243, 0.5572 1.4198 0.6243, 0.4205 1.4945 0.5636, 0.5672 1.4452 0.5636, 0.425 1.5105 0.4993, 1.2296 0.8383 0.6794, 1.307 0.7117 0.6794, 1.2602 0.8592 0.6243, 1.3395 0.7295 0.6243, 1.2828 0.8746 0.5636, 1.3635 0.7425 0.5636, 1.2965 0.884 0.4993, 1.4424 0.0 0.7276, 1.4882 0.0 0.6794, 1.5253 0.0 0.6243, 1.5525 0.0 0.5636, 1.5692 0.0 0.4993, 1.5748 0.0 0.4331, 1.567 -0.1568 0.4331, 1.5576 -0.2189 0.4331, 1.5048 -0.4642 0.4331, 1.4995 -0.4625 0.4993, 1.4835 -0.4576 0.5636, 1.4575 -0.4496 0.6243, 1.4221 -0.4387 0.6794, 1.3713 -0.5781 0.6794, 1.4055 -0.5925 0.6243, 1.4306 -0.6031 0.5636, 1.3635 -0.7425 0.5636, 1.3395 -0.7295 0.6243, 1.307 -0.7117 0.6794, 1.3012 -0.8871 0.4331, 1.2965 -0.884 0.4993, 1.2828 -0.8746 0.5636, 1.2602 -0.8592 0.6243, 1.2296 -0.8383 0.6794, 1.14 -0.9566 0.6794, 1.1684 -0.9804 0.6243, 1.1893 -0.9979 0.5636, 1.2021 -1.0087 0.4993, 1.2064 -1.0123 0.4331, 1.0996 -1.1273 0.4331, 1.0525 -1.1689 0.4331, 0.8544 -1.3229 0.4331, 0.8514 -1.3182 0.4993, 0.8423 -1.3042 0.5636, 0.8275 -1.2813 0.6243, 0.8074 -1.2501 0.6794, 0.7826 -1.2116 0.7276, 0.6789 -1.3243 0.6794, 0.6958 -1.3573 0.6243, 0.7083 -1.3815 0.5636, 0.5672 -1.4452 0.5636, 0.5572 -1.4198 0.6243, 0.5437 -1.3853 0.6794, 0.4265 -1.5159 0.4331, 0.425 -1.5105 0.4993, 0.4205 -1.4945 0.5636, 0.4131 -1.4683 0.6243, 0.4031 -1.4326 0.6794, 0.2584 -1.4656 0.6794, 0.2649 -1.5021 0.6243, 0.2696 -1.5289 0.5636, 0.2725 -1.5454 0.4993, 0.2735 -1.5509 0.4331, 0.1177 -1.5704 0.4331, 0.0549 -1.572 0.4331, -0.1958 -1.5626 0.4331, -0.1951 -1.557 0.4993, -0.193 -1.5405 0.5636, -0.1897 -1.5134 0.6243, -0.185 -1.4767 0.6794, -0.3312 -1.4509 0.6794, -0.3394 -1.487 0.6243, -0.3455 -1.5136 0.5636, -0.4945 -1.4717 0.5636, -0.4858 -1.4458 0.6243, -0.474 -1.4107 0.6794, -0.6477 -1.4354 0.4331, -0.6454 -1.4303 0.4993, -0.6385 -1.4151 0.5636, -0.6273 -1.3903 0.6243, -0.6121 -1.3565 0.6794, -0.7212 -1.2491 0.7276, -0.7441 -1.2888 0.6794, -0.7626 -1.3209 0.6243, -0.7763 -1.3445 0.5636, -0.7846 -1.359 0.4993, -0.7874 -1.3638 0.4331, -0.9193 -1.2786 0.4331, -0.9684 -1.2395 0.4331, -1.1544 -1.0711 0.4331, -1.1503 -1.0673 0.4993, -1.1381 -1.056 0.5636, -1.1181 -1.0374 0.6243, -1.0909 -1.0122 0.6794, -1.1863 -0.8986 0.6794, -1.2158 -0.921 0.6243, -1.2376 -0.9374 0.5636, -1.3248 -0.8095 0.5636, -1.3015 -0.7953 0.6243, -1.2699 -0.776 0.6794, -1.4188 -0.6833 0.4331, -1.4138 -0.6808 0.4993, -1.3988 -0.6736 0.5636, -1.3742 -0.6618 0.6243, -1.3408 -0.6457 0.6794, -1.3985 -0.509 0.6794, -1.4333 -0.5217 0.6243, -1.4589 -0.531 0.5636, -1.4746 -0.5367 0.4993, -1.4798 -0.5386 0.4331, -1.5261 -0.3886 0.4331, -1.5385 -0.327 0.4331, -1.5728 -0.0785 0.4331, -1.5672 -0.0782 0.4993, -1.5506 -0.0774 0.5636, -1.5234 -0.076 0.6243, -1.4864 -0.0742 0.6794, -1.4406 -0.0719 0.7276, -1.4864 0.0742 0.6794, -1.5234 0.076 0.6243, -1.5506 0.0774 0.5636, -1.5352 0.2314 0.5636, -1.5082 0.2273 0.6243, -1.4716 0.2218 0.6794, -1.5261 0.3886 0.4331, -1.5207 0.3872 0.4993, -1.5045 0.3831 0.5636, -1.4781 0.3764 0.6243, -1.4422 0.3672 0.6794, -1.3985 0.509 0.6794, -1.4333 0.5217 0.6243, -1.4589 0.531 0.5636, -1.4746 0.5367 0.4993, -1.4798 0.5386 0.4331, -1.4188 0.6833 0.4331, -1.3888 0.7384 0.4331, -1.2553 0.9509 0.4331, -1.2509 0.9475 0.4993, -1.2376 0.9374 0.5636, -1.2158 0.921 0.6243, -1.1863 0.8986 0.6794, -1.0909 1.0122 0.6794, -1.1181 1.0374 0.6243, -1.1381 1.056 0.5636, -1.0273 1.1641 0.5636, -1.0092 1.1436 0.6243, -0.9847 1.1158 0.6794, -0.9193 1.2786 0.4331, -0.916 1.2741 0.4993, -0.9063 1.2606 0.5636, -0.8904 1.2384 0.6243, -0.8687 1.2083 0.6794, -0.7212 1.2491 0.7276, -0.7441 1.2888 0.6794, -0.7626 1.3209 0.6243, -0.7763 1.3445 0.5636, -0.7846 1.359 0.4993, -0.7874 1.3638 0.4331, -0.6477 1.4354 0.4331, -0.5892 1.4584 0.4331, -0.3504 1.5353 0.4331, -0.3492 1.5298 0.4993, -0.3455 1.5136 0.5636, -0.3394 1.487 0.6243, -0.3312 1.4509 0.6794, -0.185 1.4767 0.6794, -0.1897 1.5134 0.6243, -0.193 1.5405 0.5636, -0.0387 1.552 0.5636, -0.038 1.5248 0.6243, -0.0371 1.4877 0.6794, 0.1177 1.5704 0.4331, 0.1173 1.5648 0.4993, 0.116 1.5482 0.5636, 0.114 1.521 0.6243, 0.1112 1.484 0.6794, 0.2584 1.4656 0.6794, 0.2649 1.5021 0.6243, 0.2696 1.5289 0.5636, 0.2725 1.5454 0.4993, 0.2735 1.5509 0.4331, 0.4265 1.5159 0.4331, 0.486 1.4959 0.4331, 0.7184 1.4014 0.4331, 0.7159 1.3964 0.4993, 0.7083 1.3815 0.5636, 0.6958 1.3573 0.6243, 0.6789 1.3243 0.6794, 0.658 1.2835 0.7276, 0.8074 1.2501 0.6794, 0.8275 1.2813 0.6243, 0.8423 1.3042 0.5636, 0.968 1.2138 0.5636, 0.951 1.1925 0.6243, 0.9279 1.1635 0.6794, 1.0996 1.1273 0.4331, 1.0957 1.1233 0.4993, 1.084 1.1114 0.5636, 1.065 1.0919 0.6243, 1.0391 1.0654 0.6794, 1.14 0.9566 0.6794, 1.1684 0.9804 0.6243, 1.1893 0.9979 0.5636, 1.2021 1.0087 0.4993, 1.2064 1.0123 0.4331, 1.3012 0.8871 0.4331, 1.3339 0.8335 0.4331, 1.4511 0.6117 0.4331, 1.446 0.6095 0.4993, 1.4306 0.6031 0.5636, 1.4055 0.5925 0.6243, 1.3713 0.5781 0.6794, 1.4221 0.4387 0.6794, 1.4575 0.4496 0.6243, 1.4835 0.4576 0.5636, 1.5217 0.3076 0.5636, 1.495 0.3022 0.6243, 1.4587 0.2949 0.6794, 1.567 0.1568 0.4331, 1.5614 0.1562 0.4993, 1.5448 0.1546 0.5636, 1.5177 0.1519 0.6243, 1.4808 0.1482 0.6794, 1.567 0.1568 0.3937, 1.5748 0.0 0.3937, 1.567 -0.1568 0.3937, 1.5576 -0.2189 0.3937, 1.5436 -0.312 0.3937, 1.5126 -0.4338 0.3937, 1.5048 -0.4642 0.3937, 1.4511 -0.6117 0.3937, 1.4375 -0.64 0.3937, 1.383 -0.7532 0.3937, 1.3339 -0.8335 0.3937, 1.3012 -0.8871 0.3937, 1.2064 -1.0123 0.3937, 1.0996 -1.1273 0.3937, 1.0525 -1.1689 0.3937, 0.9819 -1.2312 0.3937, 0.8799 -1.3046 0.3937, 0.8544 -1.3229 0.3937, 0.7184 -1.4014 0.3937, 0.6898 -1.4143 0.3937, 0.5753 -1.4659 0.3937, 0.486 -1.4959 0.3937, 0.4265 -1.5159 0.3937, 0.2735 -1.5509 0.3937, 0.1177 -1.5704 0.3937, 0.0549 -1.572 0.3937, -0.0393 -1.5743 0.3937, -0.1645 -1.5649 0.3937, -0.1958 -1.5626 0.3937, -0.3504 -1.5353 0.3937, -0.3806 -1.5268 0.3937, -0.5016 -1.4928 0.3937, -0.5892 -1.4584 0.3937, -0.6477 -1.4354 0.3937, -0.7874 -1.3638 0.3937, -0.9193 -1.2786 0.3937, -0.9684 -1.2395 0.3937, -1.042 -1.1808 0.3937, -1.1319 -1.0931 0.3937, -1.1544 -1.0711 0.3937, -1.2553 -0.9509 0.3937, -1.273 -0.9249 0.3937, -1.3438 -0.8212 0.3937, -1.3888 -0.7384 0.3937, -1.4188 -0.6833 0.3937, -1.4798 -0.5386 0.3937, -1.5261 -0.3886 0.3937, -1.5385 -0.327 0.3937, -1.5572 -0.2347 0.3937, -1.5697 -0.1097 0.3937, -1.5728 -0.0785 0.3937, -1.5728 0.0785 0.3937, -1.5697 0.1097 0.3937, -1.5572 0.2347 0.3937, -1.5385 0.327 0.3937, -1.5261 0.3886 0.3937, -1.4798 0.5386 0.3937, -1.4188 0.6833 0.3937, -1.3888 0.7384 0.3937, -1.3438 0.8212 0.3937, -1.273 0.9249 0.3937, -1.2553 0.9509 0.3937, -1.1544 1.0711 0.3937, -1.1319 1.0931 0.3937, -1.042 1.1808 0.3937, -0.9684 1.2395 0.3937, -0.9193 1.2786 0.3937, -0.7874 1.3638 0.3937, -0.6477 1.4354 0.3937, -0.5892 1.4584 0.3937, -0.5016 1.4928 0.3937, -0.3806 1.5268 0.3937, -0.3504 1.5353 0.3937, -0.1958 1.5626 0.3937, -0.1645 1.5649 0.3937, -0.0393 1.5743 0.3937, 0.0549 1.572 0.3937, 0.1177 1.5704 0.3937, 0.2735 1.5509 0.3937, 0.4265 1.5159 0.3937, 0.486 1.4959 0.3937, 0.5753 1.4659 0.3937, 0.6898 1.4143 0.3937, 0.7184 1.4014 0.3937, 0.8544 1.3229 0.3937, 0.8799 1.3046 0.3937, 0.9819 1.2312 0.3937, 1.0525 1.1689 0.3937, 1.0996 1.1273 0.3937, 1.2064 1.0123 0.3937, 1.3012 0.8871 0.3937, 1.3339 0.8335 0.3937, 1.383 0.7532 0.3937, 1.4375 0.64 0.3937, 1.4511 0.6117 0.3937, 1.5048 0.4642 0.3937, 1.5126 0.4338 0.3937, 1.5436 0.312 0.3937, 1.5576 0.2189 0.3937, 1.2956 -0.8833 0.3428, 1.3771 -0.7499 0.3428, 1.445 -0.6091 0.3428, 1.4984 -0.4622 0.3428, 1.2012 -1.008 0.3428, 1.0949 -1.1225 0.3428, 0.9777 -1.226 0.3428, 0.8508 -1.3172 0.3428, 0.7154 -1.3954 0.3428, 0.5729 -1.4597 0.3428, 0.4247 -1.5095 0.3428, 0.2723 -1.5443 0.3428, 0.1172 -1.5637 0.3428, -0.0391 -1.5676 0.3428, -0.195 -1.5559 0.3428, -0.3489 -1.5288 0.3428, -0.4994 -1.4864 0.3428, -0.6449 -1.4293 0.3428, -0.784 -1.358 0.3428, -0.9154 -1.2732 0.3428, -1.0376 -1.1757 0.3428, -1.1495 -1.0666 0.3428, -1.25 -0.9468 0.3428, -1.338 -0.8177 0.3428, -1.4128 -0.6804 0.3428, -1.4735 -0.5363 0.3428, -1.5196 -0.3869 0.3428, -1.5506 -0.2337 0.3428, -1.5661 -0.0782 0.3428, -1.5661 0.0782 0.3428, -1.5506 0.2337 0.3428, -1.5196 0.3869 0.3428, -1.4735 0.5363 0.3428, -1.4128 0.6804 0.3428, -1.338 0.8177 0.3428, -1.25 0.9468 0.3428, -1.1495 1.0666 0.3428, -1.0376 1.1757 0.3428, -0.9154 1.2732 0.3428, -0.784 1.358 0.3428, -0.6449 1.4293 0.3428, -0.4994 1.4864 0.3428, -0.3489 1.5288 0.3428, -0.195 1.5559 0.3428, -0.0391 1.5676 0.3428, 0.1172 1.5637 0.3428, 0.2723 1.5443 0.3428, 0.4247 1.5095 0.3428, 0.5729 1.4597 0.3428, 0.7154 1.3954 0.3428, 0.8508 1.3172 0.3428, 0.9777 1.226 0.3428, 1.0949 1.1225 0.3428, 1.2012 1.008 0.3428, 1.2956 0.8833 0.3428, 1.3771 0.7499 0.3428, 1.445 0.6091 0.3428, 1.4984 0.4622 0.3428, 1.537 0.3107 0.3428, 1.5603 0.1561 0.3428, 1.5681 0.0 0.3428, 1.5603 -0.1561 0.3428, 1.537 -0.3107 0.3428, 1.5407 0.1542 0.2953, 1.5177 0.3068 0.2953, 1.4796 0.4564 0.2953, 1.4268 0.6015 0.2953, 1.3599 0.7405 0.2953, 1.2794 0.8723 0.2953, 1.1862 0.9953 0.2953, 1.0812 1.1085 0.2953, 0.9654 1.2106 0.2953, 0.8401 1.3007 0.2953, 0.7064 1.3779 0.2953, 0.5657 1.4414 0.2953, 0.4194 1.4906 0.2953, 0.2689 1.5249 0.2953, 0.1157 1.5441 0.2953, -0.0386 1.5479 0.2953, -0.1925 1.5364 0.2953, -0.3446 1.5096 0.2953, -0.4932 1.4678 0.2953, -0.6368 1.4114 0.2953, -0.7742 1.341 0.2953, -0.9039 1.2572 0.2953, -1.0246 1.161 0.2953, -1.1351 1.0532 0.2953, -1.2343 0.9349 0.2953, -1.3213 0.8074 0.2953, -1.3951 0.6718 0.2953, -1.455 0.5296 0.2953, -1.5005 0.3821 0.2953, -1.5311 0.2308 0.2953, -1.5465 0.0772 0.2953, -1.5465 -0.0772 0.2953, -1.5311 -0.2308 0.2953, -1.5005 -0.3821 0.2953, -1.455 -0.5296 0.2953, -1.3951 -0.6718 0.2953, -1.3213 -0.8074 0.2953, -1.2343 -0.9349 0.2953, -1.1351 -1.0532 0.2953, -1.0246 -1.161 0.2953, -0.9039 -1.2572 0.2953, -0.7742 -1.341 0.2953, -0.6368 -1.4114 0.2953, -0.4932 -1.4678 0.2953, -0.3446 -1.5096 0.2953, -0.1925 -1.5364 0.2953, -0.0386 -1.5479 0.2953, 0.1157 -1.5441 0.2953, 0.2689 -1.5249 0.2953, 0.4194 -1.4906 0.2953, 0.5657 -1.4414 0.2953, 0.7064 -1.3779 0.2953, 0.8401 -1.3007 0.2953, 0.9654 -1.2106 0.2953, 1.0812 -1.1085 0.2953, 1.1862 -0.9953 0.2953, 1.2794 -0.8723 0.2953, 1.3599 -0.7405 0.2953, 1.4268 -0.6015 0.2953, 1.4796 -0.4564 0.2953, 1.5177 -0.3068 0.2953, 1.5407 -0.1542 0.2953, 1.5484 0.0 0.2953, 1.5096 0.1511 0.2545, 1.4871 0.3006 0.2545, 1.4497 0.4472 0.2545, 1.398 0.5893 0.2545, 1.3324 0.7256 0.2545, 1.2535 0.8546 0.2545, 1.1622 0.9752 0.2545, 1.0593 1.0861 0.2545, 0.9459 1.1862 0.2545, 0.8231 1.2744 0.2545, 0.6921 1.3501 0.2545, 0.5543 1.4123 0.2545, 0.4109 1.4604 0.2545, 0.2634 1.4941 0.2545, 0.1134 1.5129 0.2545, -0.0378 1.5167 0.2545, -0.1886 1.5054 0.2545, -0.3376 1.4791 0.2545, -0.4832 1.4381 0.2545, -0.624 1.3829 0.2545, -0.7586 1.3139 0.2545, -0.8856 1.2318 0.2545, -1.0039 1.1375 0.2545, -1.1121 1.0319 0.2545, -1.2094 0.9161 0.2545, -1.2946 0.7911 0.2545, -1.3669 0.6583 0.2545, -1.4257 0.5189 0.2545, -1.4702 0.3744 0.2545, -1.5002 0.2261 0.2545, -1.5153 0.0756 0.2545, -1.5153 -0.0756 0.2545, -1.5002 -0.2261 0.2545, -1.4702 -0.3744 0.2545, -1.4257 -0.5189 0.2545, -1.3669 -0.6583 0.2545, -1.2946 -0.7911 0.2545, -1.2094 -0.9161 0.2545, -1.1121 -1.0319 0.2545, -1.0039 -1.1375 0.2545, -0.8856 -1.2318 0.2545, -0.7586 -1.3139 0.2545, -0.624 -1.3829 0.2545, -0.4832 -1.4381 0.2545, -0.3376 -1.4791 0.2545, -0.1886 -1.5054 0.2545, -0.0378 -1.5167 0.2545, 0.1134 -1.5129 0.2545, 0.2634 -1.4941 0.2545, 0.4109 -1.4604 0.2545, 0.5543 -1.4123 0.2545, 0.6921 -1.3501 0.2545, 0.8231 -1.2744 0.2545, 0.9459 -1.1862 0.2545, 1.0593 -1.0861 0.2545, 1.1622 -0.9752 0.2545, 1.2535 -0.8546 0.2545, 1.3324 -0.7256 0.2545, 1.398 -0.5893 0.2545, 1.4497 -0.4472 0.2545, 1.4871 -0.3006 0.2545, 1.5096 -0.1511 0.2545, 1.5171 0.0 0.2545, 1.469 0.147 0.2232, 1.4471 0.2925 0.2232, 1.4108 0.4352 0.2232, 1.3604 0.5735 0.2232, 1.2966 0.7061 0.2232, 1.2198 0.8317 0.2232, 1.131 0.949 0.2232, 1.0309 1.0569 0.2232, 0.9205 1.1543 0.2232, 0.801 1.2402 0.2232, 0.6735 1.3138 0.2232, 0.5394 1.3743 0.2232, 0.3999 1.4212 0.2232, 0.2564 1.4539 0.2232, 0.1103 1.4722 0.2232, -0.0368 1.4759 0.2232, -0.1836 1.4649 0.2232, -0.3285 1.4394 0.2232, -0.4702 1.3995 0.2232, -0.6072 1.3457 0.2232, -0.7382 1.2786 0.2232, -0.8618 1.1987 0.2232, -0.9769 1.107 0.2232, -1.0823 1.0042 0.2232, -1.1769 0.8914 0.2232, -1.2598 0.7698 0.2232, -1.3302 0.6406 0.2232, -1.3873 0.505 0.2232, -1.4307 0.3643 0.2232, -1.4599 0.22 0.2232, -1.4745 0.0736 0.2232, -1.4745 -0.0736 0.2232, -1.4599 -0.22 0.2232, -1.4307 -0.3643 0.2232, -1.3873 -0.505 0.2232, -1.3302 -0.6406 0.2232, -1.2598 -0.7698 0.2232, -1.1769 -0.8914 0.2232, -1.0823 -1.0042 0.2232, -0.9769 -1.107 0.2232, -0.8618 -1.1987 0.2232, -0.7382 -1.2786 0.2232, -0.6072 -1.3457 0.2232, -0.4702 -1.3995 0.2232, -0.3285 -1.4394 0.2232, -0.1836 -1.4649 0.2232, -0.0368 -1.4759 0.2232, 0.1103 -1.4722 0.2232, 0.2564 -1.4539 0.2232, 0.3999 -1.4212 0.2232, 0.5394 -1.3743 0.2232, 0.6735 -1.3138 0.2232, 0.801 -1.2402 0.2232, 0.9205 -1.1543 0.2232, 1.0309 -1.0569 0.2232, 1.131 -0.949 0.2232, 1.2198 -0.8317 0.2232, 1.2966 -0.7061 0.2232, 1.3604 -0.5735 0.2232, 1.4108 -0.4352 0.2232, 1.4471 -0.2925 0.2232, 1.469 -0.147 0.2232, 1.4764 0.0 0.2232, 1.4218 0.1423 0.2036, 1.4006 0.2831 0.2036, 1.3654 0.4212 0.2036, 1.3167 0.555 0.2036, 1.2549 0.6834 0.2036, 1.1806 0.8049 0.2036, 1.0946 0.9185 0.2036, 0.9977 1.0229 0.2036, 0.8909 1.1172 0.2036, 0.7752 1.2003 0.2036, 0.6519 1.2715 0.2036, 0.522 1.3301 0.2036, 0.387 1.3755 0.2036, 0.2481 1.4072 0.2036, 0.1068 1.4249 0.2036, -0.0356 1.4285 0.2036, -0.1777 1.4178 0.2036, -0.318 1.3931 0.2036, -0.4551 1.3545 0.2036, -0.5877 1.3025 0.2036, -0.7145 1.2375 0.2036, -0.8341 1.1602 0.2036, -0.9455 1.0714 0.2036, -1.0475 0.9719 0.2036, -1.139 0.8628 0.2036, -1.2193 0.7451 0.2036, -1.2874 0.62 0.2036, -1.3427 0.4887 0.2036, -1.3847 0.3526 0.2036, -1.4129 0.213 0.2036, -1.4271 0.0712 0.2036, -1.4271 -0.0712 0.2036, -1.4129 -0.213 0.2036, -1.3847 -0.3526 0.2036, -1.3427 -0.4887 0.2036, -1.2874 -0.62 0.2036, -1.2193 -0.7451 0.2036, -1.139 -0.8628 0.2036, -1.0475 -0.9719 0.2036, -0.9455 -1.0714 0.2036, -0.8341 -1.1602 0.2036, -0.7145 -1.2375 0.2036, -0.5877 -1.3025 0.2036, -0.4551 -1.3545 0.2036, -0.318 -1.3931 0.2036, -0.1777 -1.4178 0.2036, -0.0356 -1.4285 0.2036, 0.1068 -1.4249 0.2036, 0.2481 -1.4072 0.2036, 0.387 -1.3755 0.2036, 0.522 -1.3301 0.2036, 0.6519 -1.2715 0.2036, 0.7752 -1.2003 0.2036, 0.8909 -1.1172 0.2036, 0.9977 -1.0229 0.2036, 1.0946 -0.9185 0.2036, 1.1806 -0.8049 0.2036, 1.2549 -0.6834 0.2036, 1.3167 -0.555 0.2036, 1.3654 -0.4212 0.2036, 1.4006 -0.2831 0.2036, 1.4218 -0.1423 0.2036, 1.4289 0.0 0.2036, 1.3711 0.1372 0.1969, 1.3506 0.273 0.1969, 1.3167 0.4062 0.1969, 1.2698 0.5352 0.1969, 1.2101 0.659 0.1969, 1.1385 0.7762 0.1969, 1.0556 0.8857 0.1969, 0.9621 0.9864 0.1969, 0.8591 1.0773 0.1969, 0.7476 1.1575 0.1969, 0.6286 1.2262 0.1969, 0.5034 1.2827 0.1969, 0.3732 1.3265 0.1969, 0.2393 1.357 0.1969, 0.103 1.3741 0.1969, -0.0344 1.3775 0.1969, -0.1713 1.3673 0.1969, -0.3066 1.3434 0.1969, -0.4389 1.3062 0.1969, -0.5667 1.256 0.1969, -0.689 1.1933 0.1969, -0.8044 1.1188 0.1969, -0.9118 1.0332 0.1969, -1.0101 0.9372 0.1969, -1.0984 0.832 0.1969, -1.1758 0.7185 0.1969, -1.2415 0.5979 0.1969, -1.2949 0.4713 0.1969, -1.3353 0.34 0.1969, -1.3626 0.2054 0.1969, -1.3762 0.0687 0.1969, -1.3762 -0.0687 0.1969, -1.3626 -0.2054 0.1969, -1.3353 -0.34 0.1969, -1.2949 -0.4713 0.1969, -1.2415 -0.5979 0.1969, -1.1758 -0.7185 0.1969, -1.0984 -0.832 0.1969, -1.0101 -0.9372 0.1969, -0.9118 -1.0332 0.1969, -0.8044 -1.1188 0.1969, -0.689 -1.1933 0.1969, -0.5667 -1.256 0.1969, -0.4389 -1.3062 0.1969, -0.3066 -1.3434 0.1969, -0.1713 -1.3673 0.1969, -0.0344 -1.3775 0.1969, 0.103 -1.3741 0.1969, 0.2393 -1.357 0.1969, 0.3732 -1.3265 0.1969, 0.5034 -1.2827 0.1969, 0.6286 -1.2262 0.1969, 0.7476 -1.1575 0.1969, 0.8591 -1.0773 0.1969, 0.9621 -0.9864 0.1969, 1.0556 -0.8857 0.1969, 1.1385 -0.7762 0.1969, 1.2101 -0.659 0.1969, 1.2698 -0.5352 0.1969, 1.3167 -0.4062 0.1969, 1.3506 -0.273 0.1969, 1.3711 -0.1372 0.1969, 1.378 0.0 0.1969, -1.6339 0.1772 0.1181, -1.7913 0.1772 0.1181, -1.6339 -0.1772 0.1181, -1.7913 -0.1772 0.1181, -0.748 0.1772 0.1181, -0.748 0.1772 0.0, -1.7913 0.1772 0.0, -1.7913 -0.1772 0.0, -0.748 -0.1772 0.0, -0.748 -0.1772 0.1181, -0.6594 -0.1534 0.0, -0.7022 -0.1711 0.0, -0.7022 0.1711 0.0, -0.6594 0.1534 0.0, -0.6228 0.1253 0.0, -0.5946 0.0886 0.0, -0.5769 0.0459 0.0, -0.5709 0.0 0.0, -0.5769 -0.0459 0.0, -0.5946 -0.0886 0.0, -0.6228 -0.1253 0.0, 1.7913 -0.1772 0.1181, 1.7913 0.1772 0.1181, 1.6339 -0.1772 0.1181, 1.6339 0.1772 0.1181, 1.7913 0.1772 0.0, 1.7913 -0.1772 0.0, 0.748 0.1772 0.0, 0.748 0.1772 0.1181, 0.748 -0.1772 0.1181, 0.748 -0.1772 0.0, 0.7022 0.1711 0.0, 0.5709 0.0 0.0, 0.5769 -0.0459 0.0, 0.7022 -0.1711 0.0, 0.6594 -0.1534 0.0, 0.6228 -0.1253 0.0, 0.5946 -0.0886 0.0, 0.5769 0.0459 0.0, 0.5946 0.0886 0.0, 0.6228 0.1253 0.0, 0.6594 0.1534 0.0, 0.5709 -0.0 0.1181, 0.5769 -0.0459 0.1181, 0.5946 -0.0886 0.1181, 0.6228 -0.1253 0.1181, 0.6594 -0.1534 0.1181, 0.7022 -0.1711 0.1181, 0.7022 0.1711 0.1181, 0.6594 0.1534 0.1181, 0.6228 0.1253 0.1181, 0.5946 0.0886 0.1181, 0.5769 0.0459 0.1181, -0.5709 0.0 0.1181, -0.5769 0.0459 0.1181, -0.5946 0.0886 0.1181, -0.6228 0.1253 0.1181, -0.6594 0.1534 0.1181, -0.7022 0.1711 0.1181, -0.7022 -0.1711 0.1181, -0.6594 -0.1534 0.1181, -0.6228 -0.1253 0.1181, -0.5946 -0.0886 0.1181, -0.5769 -0.0459 0.1181
            ]
        }
        coordIndex [
            0,1,2,-1,2,1,3,-1,2,3,4,-1,4,3,5,-1,4,5,6,-1,6,5,7,-1,6,7,8,-1,7,9,8,-1,8,9,10,-1,8,10,11,-1,11,10,12,-1,11,12,13,-1,13,12,14,-1,13,14,15,-1,15,14,16,-1,15,16,17,-1,17,16,18,-1,17,18,19,-1,19,18,20,-1,19,20,21,-1,21,20,22,-1,21,22,23,-1,23,22,24,-1,23,24,25,-1,24,26,25,-1,25,26,27,-1,25,27,28,-1,28,27,29,-1,28,29,30,-1,30,29,31,-1,30,31,32,-1,32,31,33,-1,32,33,34,-1,34,33,35,-1,34,35,36,-1,36,35,37,-1,36,37,38,-1,38,37,39,-1,38,39,40,-1,40,39,41,-1,40,41,42,-1,42,41,43,-1,42,43,44,-1,44,43,45,-1,44,45,46,-1,46,45,47,-1,46,47,48,-1,47,49,48,-1,48,49,50,-1,48,50,51,-1,51,50,52,-1,51,52,53,-1,53,52,54,-1,53,54,55,-1,55,54,56,-1,55,56,57,-1,57,56,58,-1,57,58,59,-1,59,58,60,-1,59,60,61,-1,61,60,62,-1,61,62,63,-1,63,62,64,-1,63,64,65,-1,65,64,66,-1,65,66,67,-1,67,66,68,-1,67,68,69,-1,69,68,70,-1,69,70,71,-1,72,73,74,-1,74,73,75,-1,74,75,76,-1,76,75,77,-1,76,77,78,-1,78,77,79,-1,78,79,80,-1,80,79,81,-1,80,81,82,-1,82,81,83,-1,82,83,84,-1,84,83,85,-1,84,85,86,-1,86,85,71,-1,86,71,87,-1,87,71,70,-1,74,88,72,-1,72,88,89,-1,72,89,90,-1,90,89,91,-1,90,91,92,-1,92,91,93,-1,92,93,94,-1,95,96,97,-1,97,96,98,-1,97,98,99,-1,99,98,94,-1,99,94,100,-1,100,94,93,-1,101,102,103,-1,103,102,104,-1,103,104,105,-1,105,104,106,-1,105,106,107,-1,107,106,108,-1,107,108,109,-1,109,108,95,-1,109,95,110,-1,110,95,97,-1,103,111,101,-1,101,111,112,-1,101,112,113,-1,113,112,114,-1,113,114,115,-1,115,114,116,-1,115,116,117,-1,118,119,120,-1,120,119,121,-1,120,121,122,-1,122,121,117,-1,122,117,123,-1,123,117,116,-1,124,125,126,-1,126,125,127,-1,126,127,128,-1,128,127,129,-1,128,129,130,-1,130,129,131,-1,130,131,132,-1,132,131,118,-1,132,118,133,-1,133,118,120,-1,126,134,124,-1,124,134,135,-1,124,135,136,-1,136,135,137,-1,136,137,138,-1,138,137,139,-1,138,139,140,-1,141,142,143,-1,143,142,144,-1,143,144,145,-1,145,144,140,-1,145,140,146,-1,146,140,139,-1,143,147,141,-1,141,147,148,-1,141,148,149,-1,149,148,150,-1,149,150,151,-1,151,150,152,-1,151,152,153,-1,153,152,154,-1,153,154,155,-1,155,154,156,-1,155,156,157,-1,157,156,158,-1,157,158,159,-1,159,158,160,-1,159,160,161,-1,161,160,162,-1,161,162,163,-1,162,164,163,-1,163,164,165,-1,163,165,166,-1,166,165,167,-1,166,167,168,-1,168,167,169,-1,168,169,170,-1,170,169,171,-1,170,171,172,-1,172,171,173,-1,172,173,174,-1,174,173,175,-1,174,175,176,-1,176,175,177,-1,176,177,178,-1,178,177,179,-1,178,179,180,-1,180,179,181,-1,180,181,182,-1,182,181,183,-1,182,183,184,-1,184,183,185,-1,184,185,186,-1,186,185,187,-1,186,187,188,-1,188,187,189,-1,188,189,190,-1,190,189,191,-1,190,191,192,-1,192,191,193,-1,192,193,194,-1,194,193,195,-1,194,195,196,-1,196,195,197,-1,196,197,198,-1,198,197,199,-1,198,199,200,-1,200,199,201,-1,200,201,202,-1,202,201,203,-1,202,203,204,-1,204,203,205,-1,204,205,0,-1,0,205,206,-1,0,206,1,-1,207,208,209,-1,210,211,212,-1,213,214,215,-1,216,217,218,-1,219,220,221,-1,222,223,224,-1,225,226,227,-1,228,229,230,-1,231,232,233,-1,234,235,236,-1,237,238,239,-1,240,241,242,-1,243,244,245,-1,246,247,248,-1,249,250,251,-1,252,253,254,-1,255,256,257,-1,258,259,260,-1,261,262,263,-1,264,265,266,-1,267,268,269,-1,270,271,272,-1,273,274,275,-1,276,277,278,-1,279,280,281,-1,282,283,284,-1,285,286,287,-1,288,289,290,-1,291,292,293,-1,294,295,296,-1,297,298,299,-1,300,301,302,-1,303,304,305,-1,306,307,308,-1,309,310,311,-1,312,313,314,-1,315,316,317,-1,318,319,320,-1,321,322,323,-1,324,325,326,-1,327,328,329,-1,330,331,332,-1,333,334,335,-1,336,337,338,-1,339,340,341,-1,342,343,344,-1,345,346,347,-1,348,349,350,-1,351,352,353,-1,354,355,356,-1,357,358,359,-1,182,184,360,-1,172,174,361,-1,168,170,362,-1,159,161,363,-1,149,151,364,-1,142,141,365,-1,366,140,144,-1,131,129,367,-1,119,118,368,-1,113,115,369,-1,108,106,370,-1,96,95,371,-1,90,92,372,-1,79,77,373,-1,83,81,374,-1,375,71,85,-1,57,59,376,-1,53,55,377,-1,44,46,378,-1,34,36,379,-1,30,32,380,-1,21,23,381,-1,11,13,382,-1,6,8,383,-1,384,2,4,-1,194,196,385,-1,190,192,386,-1,202,359,200,-1,200,359,358,-1,200,358,198,-1,202,204,387,-1,387,204,0,-1,387,0,2,-1,388,4,6,-1,21,381,19,-1,44,378,42,-1,65,356,63,-1,63,356,355,-1,63,355,61,-1,65,67,389,-1,389,67,69,-1,389,69,71,-1,390,85,83,-1,90,372,72,-1,113,369,101,-1,124,353,125,-1,125,353,352,-1,125,352,127,-1,124,136,391,-1,391,136,138,-1,391,138,140,-1,392,144,142,-1,159,363,157,-1,182,360,180,-1,196,198,385,-1,385,198,358,-1,385,358,393,-1,393,358,357,-1,393,357,394,-1,59,61,376,-1,376,61,355,-1,376,355,395,-1,395,355,354,-1,395,354,396,-1,129,127,367,-1,367,127,352,-1,367,352,397,-1,397,352,351,-1,397,351,398,-1,192,194,386,-1,386,194,385,-1,386,385,399,-1,399,385,393,-1,399,393,400,-1,400,393,394,-1,400,394,401,-1,55,57,377,-1,377,57,376,-1,377,376,402,-1,402,376,395,-1,402,395,403,-1,403,395,396,-1,403,396,404,-1,118,131,368,-1,368,131,367,-1,368,367,405,-1,405,367,397,-1,405,397,406,-1,406,397,398,-1,406,398,407,-1,188,190,408,-1,408,190,386,-1,408,386,409,-1,409,386,399,-1,409,399,410,-1,410,399,400,-1,410,400,411,-1,411,400,401,-1,411,401,350,-1,51,53,412,-1,412,53,377,-1,412,377,413,-1,413,377,402,-1,413,402,414,-1,414,402,403,-1,414,403,415,-1,415,403,404,-1,415,404,302,-1,121,119,416,-1,416,119,368,-1,416,368,417,-1,417,368,405,-1,417,405,418,-1,418,405,406,-1,418,406,419,-1,419,406,407,-1,419,407,254,-1,420,421,422,-1,423,424,425,-1,426,427,428,-1,186,188,429,-1,429,188,408,-1,429,408,430,-1,430,408,409,-1,430,409,431,-1,431,409,410,-1,431,410,432,-1,432,410,411,-1,432,411,433,-1,433,411,350,-1,433,350,434,-1,434,350,349,-1,202,387,359,-1,359,387,435,-1,359,435,357,-1,357,435,436,-1,357,436,394,-1,394,436,437,-1,394,437,401,-1,401,437,347,-1,401,347,350,-1,350,347,346,-1,350,346,348,-1,2,384,387,-1,387,384,438,-1,387,438,435,-1,435,438,439,-1,435,439,436,-1,436,439,440,-1,436,440,437,-1,437,440,344,-1,437,344,347,-1,347,344,343,-1,347,343,345,-1,4,388,384,-1,384,388,441,-1,384,441,438,-1,438,441,442,-1,438,442,439,-1,439,442,443,-1,439,443,440,-1,440,443,341,-1,440,341,344,-1,344,341,340,-1,344,340,342,-1,6,383,388,-1,388,383,444,-1,388,444,441,-1,441,444,445,-1,441,445,442,-1,442,445,446,-1,442,446,443,-1,443,446,338,-1,443,338,341,-1,341,338,337,-1,341,337,339,-1,383,447,444,-1,444,447,448,-1,444,448,445,-1,445,448,449,-1,445,449,446,-1,446,449,335,-1,446,335,338,-1,338,335,334,-1,338,334,336,-1,447,450,448,-1,448,450,451,-1,448,451,449,-1,449,451,332,-1,449,332,335,-1,335,332,331,-1,335,331,333,-1,450,420,451,-1,451,420,422,-1,451,422,332,-1,332,422,452,-1,332,452,330,-1,453,454,455,-1,455,454,421,-1,455,421,456,-1,456,421,420,-1,456,420,457,-1,457,420,450,-1,457,450,458,-1,458,450,447,-1,458,447,382,-1,382,447,383,-1,382,383,11,-1,11,383,8,-1,454,459,421,-1,421,459,460,-1,421,460,422,-1,422,460,461,-1,422,461,452,-1,328,453,329,-1,329,453,455,-1,329,455,462,-1,462,455,456,-1,462,456,463,-1,463,456,457,-1,463,457,464,-1,464,457,458,-1,464,458,465,-1,465,458,382,-1,465,382,15,-1,15,382,13,-1,325,327,326,-1,326,327,329,-1,326,329,466,-1,466,329,462,-1,466,462,467,-1,467,462,463,-1,467,463,468,-1,468,463,464,-1,468,464,469,-1,469,464,465,-1,469,465,17,-1,17,465,15,-1,322,324,323,-1,323,324,326,-1,323,326,470,-1,470,326,466,-1,470,466,471,-1,471,466,467,-1,471,467,472,-1,472,467,468,-1,472,468,381,-1,381,468,469,-1,381,469,19,-1,19,469,17,-1,319,321,320,-1,320,321,323,-1,320,323,473,-1,473,323,470,-1,473,470,474,-1,474,470,471,-1,474,471,475,-1,475,471,472,-1,475,472,476,-1,476,472,381,-1,476,381,25,-1,25,381,23,-1,316,318,317,-1,317,318,320,-1,317,320,477,-1,477,320,473,-1,477,473,478,-1,478,473,474,-1,478,474,479,-1,479,474,475,-1,479,475,480,-1,480,475,476,-1,480,476,28,-1,28,476,25,-1,313,315,314,-1,314,315,317,-1,314,317,481,-1,481,317,477,-1,481,477,482,-1,482,477,478,-1,482,478,483,-1,483,478,479,-1,483,479,380,-1,380,479,480,-1,380,480,30,-1,30,480,28,-1,310,312,311,-1,311,312,314,-1,311,314,484,-1,484,314,481,-1,484,481,485,-1,485,481,482,-1,485,482,486,-1,486,482,483,-1,486,483,379,-1,379,483,380,-1,379,380,34,-1,34,380,32,-1,307,309,308,-1,308,309,311,-1,308,311,487,-1,487,311,484,-1,487,484,488,-1,488,484,485,-1,488,485,489,-1,489,485,486,-1,489,486,490,-1,490,486,379,-1,490,379,38,-1,38,379,36,-1,304,306,305,-1,305,306,308,-1,305,308,491,-1,491,308,487,-1,491,487,492,-1,492,487,488,-1,492,488,493,-1,493,488,489,-1,493,489,494,-1,494,489,490,-1,494,490,40,-1,40,490,38,-1,495,303,496,-1,496,303,305,-1,496,305,497,-1,497,305,491,-1,497,491,498,-1,498,491,492,-1,498,492,499,-1,499,492,493,-1,499,493,378,-1,378,493,494,-1,378,494,42,-1,42,494,40,-1,46,48,378,-1,378,48,500,-1,378,500,499,-1,499,500,501,-1,499,501,498,-1,498,501,502,-1,498,502,497,-1,497,502,503,-1,497,503,496,-1,496,503,504,-1,496,504,495,-1,495,504,505,-1,48,51,500,-1,500,51,412,-1,500,412,501,-1,501,412,413,-1,501,413,502,-1,502,413,414,-1,502,414,503,-1,503,414,415,-1,503,415,504,-1,504,415,302,-1,504,302,505,-1,505,302,301,-1,65,389,356,-1,356,389,506,-1,356,506,354,-1,354,506,507,-1,354,507,396,-1,396,507,508,-1,396,508,404,-1,404,508,299,-1,404,299,302,-1,302,299,298,-1,302,298,300,-1,71,375,389,-1,389,375,509,-1,389,509,506,-1,506,509,510,-1,506,510,507,-1,507,510,511,-1,507,511,508,-1,508,511,296,-1,508,296,299,-1,299,296,295,-1,299,295,297,-1,85,390,375,-1,375,390,512,-1,375,512,509,-1,509,512,513,-1,509,513,510,-1,510,513,514,-1,510,514,511,-1,511,514,293,-1,511,293,296,-1,296,293,292,-1,296,292,294,-1,83,374,390,-1,390,374,515,-1,390,515,512,-1,512,515,516,-1,512,516,513,-1,513,516,517,-1,513,517,514,-1,514,517,290,-1,514,290,293,-1,293,290,289,-1,293,289,291,-1,374,518,515,-1,515,518,519,-1,515,519,516,-1,516,519,520,-1,516,520,517,-1,517,520,287,-1,517,287,290,-1,290,287,286,-1,290,286,288,-1,518,521,519,-1,519,521,522,-1,519,522,520,-1,520,522,284,-1,520,284,287,-1,287,284,283,-1,287,283,285,-1,521,423,522,-1,522,423,425,-1,522,425,284,-1,284,425,523,-1,284,523,282,-1,524,525,526,-1,526,525,424,-1,526,424,527,-1,527,424,423,-1,527,423,528,-1,528,423,521,-1,528,521,529,-1,529,521,518,-1,529,518,373,-1,373,518,374,-1,373,374,79,-1,79,374,81,-1,525,530,424,-1,424,530,531,-1,424,531,425,-1,425,531,532,-1,425,532,523,-1,280,524,281,-1,281,524,526,-1,281,526,533,-1,533,526,527,-1,533,527,534,-1,534,527,528,-1,534,528,535,-1,535,528,529,-1,535,529,536,-1,536,529,373,-1,536,373,75,-1,75,373,77,-1,277,279,278,-1,278,279,281,-1,278,281,537,-1,537,281,533,-1,537,533,538,-1,538,533,534,-1,538,534,539,-1,539,534,535,-1,539,535,540,-1,540,535,536,-1,540,536,73,-1,73,536,75,-1,274,276,275,-1,275,276,278,-1,275,278,541,-1,541,278,537,-1,541,537,542,-1,542,537,538,-1,542,538,543,-1,543,538,539,-1,543,539,372,-1,372,539,540,-1,372,540,72,-1,72,540,73,-1,271,273,272,-1,272,273,275,-1,272,275,544,-1,544,275,541,-1,544,541,545,-1,545,541,542,-1,545,542,546,-1,546,542,543,-1,546,543,547,-1,547,543,372,-1,547,372,94,-1,94,372,92,-1,268,270,269,-1,269,270,272,-1,269,272,548,-1,548,272,544,-1,548,544,549,-1,549,544,545,-1,549,545,550,-1,550,545,546,-1,550,546,551,-1,551,546,547,-1,551,547,98,-1,98,547,94,-1,265,267,266,-1,266,267,269,-1,266,269,552,-1,552,269,548,-1,552,548,553,-1,553,548,549,-1,553,549,554,-1,554,549,550,-1,554,550,371,-1,371,550,551,-1,371,551,96,-1,96,551,98,-1,262,264,263,-1,263,264,266,-1,263,266,555,-1,555,266,552,-1,555,552,556,-1,556,552,553,-1,556,553,557,-1,557,553,554,-1,557,554,370,-1,370,554,371,-1,370,371,108,-1,108,371,95,-1,259,261,260,-1,260,261,263,-1,260,263,558,-1,558,263,555,-1,558,555,559,-1,559,555,556,-1,559,556,560,-1,560,556,557,-1,560,557,561,-1,561,557,370,-1,561,370,104,-1,104,370,106,-1,256,258,257,-1,257,258,260,-1,257,260,562,-1,562,260,558,-1,562,558,563,-1,563,558,559,-1,563,559,564,-1,564,559,560,-1,564,560,565,-1,565,560,561,-1,565,561,102,-1,102,561,104,-1,566,255,567,-1,567,255,257,-1,567,257,568,-1,568,257,562,-1,568,562,569,-1,569,562,563,-1,569,563,570,-1,570,563,564,-1,570,564,369,-1,369,564,565,-1,369,565,101,-1,101,565,102,-1,115,117,369,-1,369,117,571,-1,369,571,570,-1,570,571,572,-1,570,572,569,-1,569,572,573,-1,569,573,568,-1,568,573,574,-1,568,574,567,-1,567,574,575,-1,567,575,566,-1,566,575,576,-1,117,121,571,-1,571,121,416,-1,571,416,572,-1,572,416,417,-1,572,417,573,-1,573,417,418,-1,573,418,574,-1,574,418,419,-1,574,419,575,-1,575,419,254,-1,575,254,576,-1,576,254,253,-1,124,391,353,-1,353,391,577,-1,353,577,351,-1,351,577,578,-1,351,578,398,-1,398,578,579,-1,398,579,407,-1,407,579,251,-1,407,251,254,-1,254,251,250,-1,254,250,252,-1,140,366,391,-1,391,366,580,-1,391,580,577,-1,577,580,581,-1,577,581,578,-1,578,581,582,-1,578,582,579,-1,579,582,248,-1,579,248,251,-1,251,248,247,-1,251,247,249,-1,144,392,366,-1,366,392,583,-1,366,583,580,-1,580,583,584,-1,580,584,581,-1,581,584,585,-1,581,585,582,-1,582,585,245,-1,582,245,248,-1,248,245,244,-1,248,244,246,-1,142,365,392,-1,392,365,586,-1,392,586,583,-1,583,586,587,-1,583,587,584,-1,584,587,588,-1,584,588,585,-1,585,588,242,-1,585,242,245,-1,245,242,241,-1,245,241,243,-1,365,589,586,-1,586,589,590,-1,586,590,587,-1,587,590,591,-1,587,591,588,-1,588,591,239,-1,588,239,242,-1,242,239,238,-1,242,238,240,-1,589,592,590,-1,590,592,593,-1,590,593,591,-1,591,593,236,-1,591,236,239,-1,239,236,235,-1,239,235,237,-1,592,426,593,-1,593,426,428,-1,593,428,236,-1,236,428,594,-1,236,594,234,-1,595,596,597,-1,597,596,427,-1,597,427,598,-1,598,427,426,-1,598,426,599,-1,599,426,592,-1,599,592,600,-1,600,592,589,-1,600,589,364,-1,364,589,365,-1,364,365,149,-1,149,365,141,-1,596,601,427,-1,427,601,602,-1,427,602,428,-1,428,602,603,-1,428,603,594,-1,232,595,233,-1,233,595,597,-1,233,597,604,-1,604,597,598,-1,604,598,605,-1,605,598,599,-1,605,599,606,-1,606,599,600,-1,606,600,607,-1,607,600,364,-1,607,364,153,-1,153,364,151,-1,229,231,230,-1,230,231,233,-1,230,233,608,-1,608,233,604,-1,608,604,609,-1,609,604,605,-1,609,605,610,-1,610,605,606,-1,610,606,611,-1,611,606,607,-1,611,607,155,-1,155,607,153,-1,226,228,227,-1,227,228,230,-1,227,230,612,-1,612,230,608,-1,612,608,613,-1,613,608,609,-1,613,609,614,-1,614,609,610,-1,614,610,363,-1,363,610,611,-1,363,611,157,-1,157,611,155,-1,223,225,224,-1,224,225,227,-1,224,227,615,-1,615,227,612,-1,615,612,616,-1,616,612,613,-1,616,613,617,-1,617,613,614,-1,617,614,618,-1,618,614,363,-1,618,363,163,-1,163,363,161,-1,220,222,221,-1,221,222,224,-1,221,224,619,-1,619,224,615,-1,619,615,620,-1,620,615,616,-1,620,616,621,-1,621,616,617,-1,621,617,622,-1,622,617,618,-1,622,618,166,-1,166,618,163,-1,217,219,218,-1,218,219,221,-1,218,221,623,-1,623,221,619,-1,623,619,624,-1,624,619,620,-1,624,620,625,-1,625,620,621,-1,625,621,362,-1,362,621,622,-1,362,622,168,-1,168,622,166,-1,214,216,215,-1,215,216,218,-1,215,218,626,-1,626,218,623,-1,626,623,627,-1,627,623,624,-1,627,624,628,-1,628,624,625,-1,628,625,361,-1,361,625,362,-1,361,362,172,-1,172,362,170,-1,211,213,212,-1,212,213,215,-1,212,215,629,-1,629,215,626,-1,629,626,630,-1,630,626,627,-1,630,627,631,-1,631,627,628,-1,631,628,632,-1,632,628,361,-1,632,361,176,-1,176,361,174,-1,208,210,209,-1,209,210,212,-1,209,212,633,-1,633,212,629,-1,633,629,634,-1,634,629,630,-1,634,630,635,-1,635,630,631,-1,635,631,636,-1,636,631,632,-1,636,632,178,-1,178,632,176,-1,637,207,638,-1,638,207,209,-1,638,209,639,-1,639,209,633,-1,639,633,640,-1,640,633,634,-1,640,634,641,-1,641,634,635,-1,641,635,360,-1,360,635,636,-1,360,636,180,-1,180,636,178,-1,184,186,360,-1,360,186,429,-1,360,429,641,-1,641,429,430,-1,641,430,640,-1,640,430,431,-1,640,431,639,-1,639,431,432,-1,639,432,638,-1,638,432,433,-1,638,433,637,-1,637,433,434,-1,642,643,644,-1,645,646,647,-1,648,649,650,-1,651,652,653,-1,654,655,656,-1,657,658,659,-1,660,661,662,-1,663,664,665,-1,666,667,668,-1,669,670,671,-1,672,673,674,-1,675,676,677,-1,678,679,680,-1,681,682,683,-1,684,685,686,-1,687,688,689,-1,690,691,692,-1,693,694,695,-1,696,697,698,-1,699,700,701,-1,702,703,704,-1,705,706,707,-1,708,709,710,-1,711,712,713,-1,714,715,716,-1,717,718,719,-1,720,721,722,-1,723,724,725,-1,726,727,728,-1,729,730,731,-1,732,733,734,-1,735,736,737,-1,738,739,740,-1,741,742,743,-1,744,745,746,-1,747,748,749,-1,750,751,752,-1,753,754,755,-1,756,757,758,-1,759,760,761,-1,762,763,764,-1,765,766,767,-1,768,769,770,-1,771,772,773,-1,774,775,776,-1,777,778,779,-1,780,781,782,-1,783,784,785,-1,786,787,788,-1,789,790,791,-1,792,793,794,-1,637,434,795,-1,208,207,796,-1,211,210,797,-1,214,213,798,-1,217,216,799,-1,220,219,800,-1,223,222,801,-1,226,225,802,-1,229,228,803,-1,232,231,804,-1,596,595,805,-1,244,243,806,-1,247,246,807,-1,250,249,808,-1,253,252,809,-1,566,576,810,-1,256,255,811,-1,259,258,812,-1,262,261,813,-1,265,264,814,-1,268,267,815,-1,271,270,816,-1,274,273,817,-1,277,276,818,-1,280,279,819,-1,525,524,820,-1,292,291,821,-1,295,294,822,-1,298,297,823,-1,301,300,824,-1,495,505,825,-1,304,303,826,-1,307,306,827,-1,310,309,828,-1,313,312,829,-1,316,315,830,-1,319,318,831,-1,322,321,832,-1,325,324,833,-1,328,327,834,-1,454,453,835,-1,340,339,836,-1,343,342,837,-1,346,345,838,-1,349,348,839,-1,336,334,840,-1,333,331,841,-1,330,452,842,-1,461,460,843,-1,454,835,459,-1,288,286,844,-1,285,283,845,-1,282,523,846,-1,532,531,847,-1,525,820,530,-1,240,238,848,-1,237,235,849,-1,234,594,850,-1,603,602,851,-1,596,805,601,-1,331,330,841,-1,841,330,842,-1,841,842,852,-1,852,842,853,-1,852,853,854,-1,854,853,855,-1,854,855,856,-1,283,282,845,-1,845,282,846,-1,845,846,857,-1,857,846,858,-1,857,858,859,-1,859,858,860,-1,859,860,861,-1,235,234,849,-1,849,234,850,-1,849,850,862,-1,862,850,863,-1,862,863,864,-1,864,863,865,-1,864,865,866,-1,334,333,840,-1,840,333,841,-1,840,841,867,-1,867,841,852,-1,867,852,868,-1,868,852,854,-1,868,854,869,-1,869,854,856,-1,869,856,870,-1,286,285,844,-1,844,285,845,-1,844,845,871,-1,871,845,857,-1,871,857,872,-1,872,857,859,-1,872,859,873,-1,873,859,861,-1,873,861,874,-1,238,237,848,-1,848,237,849,-1,848,849,875,-1,875,849,862,-1,875,862,876,-1,876,862,864,-1,876,864,877,-1,877,864,866,-1,877,866,878,-1,337,336,879,-1,879,336,840,-1,879,840,880,-1,880,840,867,-1,880,867,881,-1,881,867,868,-1,881,868,882,-1,882,868,869,-1,882,869,883,-1,883,869,870,-1,883,870,884,-1,289,288,885,-1,885,288,844,-1,885,844,886,-1,886,844,871,-1,886,871,887,-1,887,871,872,-1,887,872,888,-1,888,872,873,-1,888,873,889,-1,889,873,874,-1,889,874,890,-1,241,240,891,-1,891,240,848,-1,891,848,892,-1,892,848,875,-1,892,875,893,-1,893,875,876,-1,893,876,894,-1,894,876,877,-1,894,877,895,-1,895,877,878,-1,895,878,896,-1,339,337,836,-1,836,337,879,-1,836,879,897,-1,897,879,880,-1,897,880,898,-1,898,880,881,-1,898,881,899,-1,899,881,882,-1,899,882,900,-1,900,882,883,-1,900,883,901,-1,901,883,884,-1,901,884,764,-1,291,289,821,-1,821,289,885,-1,821,885,902,-1,902,885,886,-1,902,886,903,-1,903,886,887,-1,903,887,904,-1,904,887,888,-1,904,888,905,-1,905,888,889,-1,905,889,906,-1,906,889,890,-1,906,890,713,-1,243,241,806,-1,806,241,891,-1,806,891,907,-1,907,891,892,-1,907,892,908,-1,908,892,893,-1,908,893,909,-1,909,893,894,-1,909,894,910,-1,910,894,895,-1,910,895,911,-1,911,895,896,-1,911,896,662,-1,912,913,914,-1,915,916,917,-1,918,919,920,-1,790,792,791,-1,791,792,794,-1,791,794,921,-1,921,794,922,-1,921,922,923,-1,923,922,924,-1,923,924,925,-1,925,924,926,-1,925,926,927,-1,927,926,928,-1,927,928,929,-1,929,928,930,-1,929,930,800,-1,800,930,801,-1,800,801,220,-1,220,801,222,-1,787,789,788,-1,788,789,791,-1,788,791,931,-1,931,791,921,-1,931,921,932,-1,932,921,923,-1,932,923,933,-1,933,923,925,-1,933,925,934,-1,934,925,927,-1,934,927,935,-1,935,927,929,-1,935,929,799,-1,799,929,800,-1,799,800,217,-1,217,800,219,-1,784,786,785,-1,785,786,788,-1,785,788,936,-1,936,788,931,-1,936,931,937,-1,937,931,932,-1,937,932,938,-1,938,932,933,-1,938,933,939,-1,939,933,934,-1,939,934,940,-1,940,934,935,-1,940,935,798,-1,798,935,799,-1,798,799,214,-1,214,799,216,-1,781,783,782,-1,782,783,785,-1,782,785,941,-1,941,785,936,-1,941,936,942,-1,942,936,937,-1,942,937,943,-1,943,937,938,-1,943,938,944,-1,944,938,939,-1,944,939,945,-1,945,939,940,-1,945,940,797,-1,797,940,798,-1,797,798,211,-1,211,798,213,-1,778,780,779,-1,779,780,782,-1,779,782,946,-1,946,782,941,-1,946,941,947,-1,947,941,942,-1,947,942,948,-1,948,942,943,-1,948,943,949,-1,949,943,944,-1,949,944,950,-1,950,944,945,-1,950,945,796,-1,796,945,797,-1,796,797,208,-1,208,797,210,-1,775,777,776,-1,776,777,779,-1,776,779,951,-1,951,779,946,-1,951,946,952,-1,952,946,947,-1,952,947,953,-1,953,947,948,-1,953,948,954,-1,954,948,949,-1,954,949,955,-1,955,949,950,-1,955,950,795,-1,795,950,796,-1,795,796,637,-1,637,796,207,-1,772,774,773,-1,773,774,776,-1,773,776,956,-1,956,776,951,-1,956,951,957,-1,957,951,952,-1,957,952,958,-1,958,952,953,-1,958,953,959,-1,959,953,954,-1,959,954,960,-1,960,954,955,-1,960,955,839,-1,839,955,795,-1,839,795,349,-1,349,795,434,-1,769,771,770,-1,770,771,773,-1,770,773,961,-1,961,773,956,-1,961,956,962,-1,962,956,957,-1,962,957,963,-1,963,957,958,-1,963,958,964,-1,964,958,959,-1,964,959,965,-1,965,959,960,-1,965,960,838,-1,838,960,839,-1,838,839,346,-1,346,839,348,-1,766,768,767,-1,767,768,770,-1,767,770,966,-1,966,770,961,-1,966,961,967,-1,967,961,962,-1,967,962,968,-1,968,962,963,-1,968,963,969,-1,969,963,964,-1,969,964,970,-1,970,964,965,-1,970,965,837,-1,837,965,838,-1,837,838,343,-1,343,838,345,-1,763,765,764,-1,764,765,767,-1,764,767,901,-1,901,767,966,-1,901,966,900,-1,900,966,967,-1,900,967,899,-1,899,967,968,-1,899,968,898,-1,898,968,969,-1,898,969,897,-1,897,969,970,-1,897,970,836,-1,836,970,837,-1,836,837,340,-1,340,837,342,-1,855,971,856,-1,856,971,972,-1,856,972,870,-1,870,972,973,-1,870,973,884,-1,884,973,761,-1,884,761,764,-1,764,761,760,-1,764,760,762,-1,971,974,972,-1,972,974,975,-1,972,975,973,-1,973,975,758,-1,973,758,761,-1,761,758,757,-1,761,757,759,-1,974,914,975,-1,975,914,913,-1,975,913,758,-1,758,913,976,-1,758,976,756,-1,977,978,979,-1,979,978,912,-1,979,912,980,-1,980,912,914,-1,980,914,981,-1,981,914,974,-1,981,974,982,-1,982,974,971,-1,982,971,983,-1,983,971,855,-1,983,855,984,-1,984,855,853,-1,984,853,843,-1,843,853,842,-1,843,842,461,-1,461,842,452,-1,978,985,912,-1,912,985,986,-1,912,986,913,-1,913,986,987,-1,913,987,976,-1,754,977,755,-1,755,977,979,-1,755,979,988,-1,988,979,980,-1,988,980,989,-1,989,980,981,-1,989,981,990,-1,990,981,982,-1,990,982,991,-1,991,982,983,-1,991,983,992,-1,992,983,984,-1,992,984,835,-1,835,984,843,-1,835,843,459,-1,459,843,460,-1,751,753,752,-1,752,753,755,-1,752,755,993,-1,993,755,988,-1,993,988,994,-1,994,988,989,-1,994,989,995,-1,995,989,990,-1,995,990,996,-1,996,990,991,-1,996,991,997,-1,997,991,992,-1,997,992,834,-1,834,992,835,-1,834,835,328,-1,328,835,453,-1,748,750,749,-1,749,750,752,-1,749,752,998,-1,998,752,993,-1,998,993,999,-1,999,993,994,-1,999,994,1000,-1,1000,994,995,-1,1000,995,1001,-1,1001,995,996,-1,1001,996,1002,-1,1002,996,997,-1,1002,997,833,-1,833,997,834,-1,833,834,325,-1,325,834,327,-1,745,747,746,-1,746,747,749,-1,746,749,1003,-1,1003,749,998,-1,1003,998,1004,-1,1004,998,999,-1,1004,999,1005,-1,1005,999,1000,-1,1005,1000,1006,-1,1006,1000,1001,-1,1006,1001,1007,-1,1007,1001,1002,-1,1007,1002,832,-1,832,1002,833,-1,832,833,322,-1,322,833,324,-1,742,744,743,-1,743,744,746,-1,743,746,1008,-1,1008,746,1003,-1,1008,1003,1009,-1,1009,1003,1004,-1,1009,1004,1010,-1,1010,1004,1005,-1,1010,1005,1011,-1,1011,1005,1006,-1,1011,1006,1012,-1,1012,1006,1007,-1,1012,1007,831,-1,831,1007,832,-1,831,832,319,-1,319,832,321,-1,739,741,740,-1,740,741,743,-1,740,743,1013,-1,1013,743,1008,-1,1013,1008,1014,-1,1014,1008,1009,-1,1014,1009,1015,-1,1015,1009,1010,-1,1015,1010,1016,-1,1016,1010,1011,-1,1016,1011,1017,-1,1017,1011,1012,-1,1017,1012,830,-1,830,1012,831,-1,830,831,316,-1,316,831,318,-1,736,738,737,-1,737,738,740,-1,737,740,1018,-1,1018,740,1013,-1,1018,1013,1019,-1,1019,1013,1014,-1,1019,1014,1020,-1,1020,1014,1015,-1,1020,1015,1021,-1,1021,1015,1016,-1,1021,1016,1022,-1,1022,1016,1017,-1,1022,1017,829,-1,829,1017,830,-1,829,830,313,-1,313,830,315,-1,733,735,734,-1,734,735,737,-1,734,737,1023,-1,1023,737,1018,-1,1023,1018,1024,-1,1024,1018,1019,-1,1024,1019,1025,-1,1025,1019,1020,-1,1025,1020,1026,-1,1026,1020,1021,-1,1026,1021,1027,-1,1027,1021,1022,-1,1027,1022,828,-1,828,1022,829,-1,828,829,310,-1,310,829,312,-1,730,732,731,-1,731,732,734,-1,731,734,1028,-1,1028,734,1023,-1,1028,1023,1029,-1,1029,1023,1024,-1,1029,1024,1030,-1,1030,1024,1025,-1,1030,1025,1031,-1,1031,1025,1026,-1,1031,1026,1032,-1,1032,1026,1027,-1,1032,1027,827,-1,827,1027,828,-1,827,828,307,-1,307,828,309,-1,727,729,728,-1,728,729,731,-1,728,731,1033,-1,1033,731,1028,-1,1033,1028,1034,-1,1034,1028,1029,-1,1034,1029,1035,-1,1035,1029,1030,-1,1035,1030,1036,-1,1036,1030,1031,-1,1036,1031,1037,-1,1037,1031,1032,-1,1037,1032,826,-1,826,1032,827,-1,826,827,304,-1,304,827,306,-1,724,726,725,-1,725,726,728,-1,725,728,1038,-1,1038,728,1033,-1,1038,1033,1039,-1,1039,1033,1034,-1,1039,1034,1040,-1,1040,1034,1035,-1,1040,1035,1041,-1,1041,1035,1036,-1,1041,1036,1042,-1,1042,1036,1037,-1,1042,1037,825,-1,825,1037,826,-1,825,826,495,-1,495,826,303,-1,721,723,722,-1,722,723,725,-1,722,725,1043,-1,1043,725,1038,-1,1043,1038,1044,-1,1044,1038,1039,-1,1044,1039,1045,-1,1045,1039,1040,-1,1045,1040,1046,-1,1046,1040,1041,-1,1046,1041,1047,-1,1047,1041,1042,-1,1047,1042,824,-1,824,1042,825,-1,824,825,301,-1,301,825,505,-1,718,720,719,-1,719,720,722,-1,719,722,1048,-1,1048,722,1043,-1,1048,1043,1049,-1,1049,1043,1044,-1,1049,1044,1050,-1,1050,1044,1045,-1,1050,1045,1051,-1,1051,1045,1046,-1,1051,1046,1052,-1,1052,1046,1047,-1,1052,1047,823,-1,823,1047,824,-1,823,824,298,-1,298,824,300,-1,715,717,716,-1,716,717,719,-1,716,719,1053,-1,1053,719,1048,-1,1053,1048,1054,-1,1054,1048,1049,-1,1054,1049,1055,-1,1055,1049,1050,-1,1055,1050,1056,-1,1056,1050,1051,-1,1056,1051,1057,-1,1057,1051,1052,-1,1057,1052,822,-1,822,1052,823,-1,822,823,295,-1,295,823,297,-1,712,714,713,-1,713,714,716,-1,713,716,906,-1,906,716,1053,-1,906,1053,905,-1,905,1053,1054,-1,905,1054,904,-1,904,1054,1055,-1,904,1055,903,-1,903,1055,1056,-1,903,1056,902,-1,902,1056,1057,-1,902,1057,821,-1,821,1057,822,-1,821,822,292,-1,292,822,294,-1,860,1058,861,-1,861,1058,1059,-1,861,1059,874,-1,874,1059,1060,-1,874,1060,890,-1,890,1060,710,-1,890,710,713,-1,713,710,709,-1,713,709,711,-1,1058,1061,1059,-1,1059,1061,1062,-1,1059,1062,1060,-1,1060,1062,707,-1,1060,707,710,-1,710,707,706,-1,710,706,708,-1,1061,917,1062,-1,1062,917,916,-1,1062,916,707,-1,707,916,1063,-1,707,1063,705,-1,1064,1065,1066,-1,1066,1065,915,-1,1066,915,1067,-1,1067,915,917,-1,1067,917,1068,-1,1068,917,1061,-1,1068,1061,1069,-1,1069,1061,1058,-1,1069,1058,1070,-1,1070,1058,860,-1,1070,860,1071,-1,1071,860,858,-1,1071,858,847,-1,847,858,846,-1,847,846,532,-1,532,846,523,-1,1065,1072,915,-1,915,1072,1073,-1,915,1073,916,-1,916,1073,1074,-1,916,1074,1063,-1,703,1064,704,-1,704,1064,1066,-1,704,1066,1075,-1,1075,1066,1067,-1,1075,1067,1076,-1,1076,1067,1068,-1,1076,1068,1077,-1,1077,1068,1069,-1,1077,1069,1078,-1,1078,1069,1070,-1,1078,1070,1079,-1,1079,1070,1071,-1,1079,1071,820,-1,820,1071,847,-1,820,847,530,-1,530,847,531,-1,700,702,701,-1,701,702,704,-1,701,704,1080,-1,1080,704,1075,-1,1080,1075,1081,-1,1081,1075,1076,-1,1081,1076,1082,-1,1082,1076,1077,-1,1082,1077,1083,-1,1083,1077,1078,-1,1083,1078,1084,-1,1084,1078,1079,-1,1084,1079,819,-1,819,1079,820,-1,819,820,280,-1,280,820,524,-1,697,699,698,-1,698,699,701,-1,698,701,1085,-1,1085,701,1080,-1,1085,1080,1086,-1,1086,1080,1081,-1,1086,1081,1087,-1,1087,1081,1082,-1,1087,1082,1088,-1,1088,1082,1083,-1,1088,1083,1089,-1,1089,1083,1084,-1,1089,1084,818,-1,818,1084,819,-1,818,819,277,-1,277,819,279,-1,694,696,695,-1,695,696,698,-1,695,698,1090,-1,1090,698,1085,-1,1090,1085,1091,-1,1091,1085,1086,-1,1091,1086,1092,-1,1092,1086,1087,-1,1092,1087,1093,-1,1093,1087,1088,-1,1093,1088,1094,-1,1094,1088,1089,-1,1094,1089,817,-1,817,1089,818,-1,817,818,274,-1,274,818,276,-1,691,693,692,-1,692,693,695,-1,692,695,1095,-1,1095,695,1090,-1,1095,1090,1096,-1,1096,1090,1091,-1,1096,1091,1097,-1,1097,1091,1092,-1,1097,1092,1098,-1,1098,1092,1093,-1,1098,1093,1099,-1,1099,1093,1094,-1,1099,1094,816,-1,816,1094,817,-1,816,817,271,-1,271,817,273,-1,688,690,689,-1,689,690,692,-1,689,692,1100,-1,1100,692,1095,-1,1100,1095,1101,-1,1101,1095,1096,-1,1101,1096,1102,-1,1102,1096,1097,-1,1102,1097,1103,-1,1103,1097,1098,-1,1103,1098,1104,-1,1104,1098,1099,-1,1104,1099,815,-1,815,1099,816,-1,815,816,268,-1,268,816,270,-1,685,687,686,-1,686,687,689,-1,686,689,1105,-1,1105,689,1100,-1,1105,1100,1106,-1,1106,1100,1101,-1,1106,1101,1107,-1,1107,1101,1102,-1,1107,1102,1108,-1,1108,1102,1103,-1,1108,1103,1109,-1,1109,1103,1104,-1,1109,1104,814,-1,814,1104,815,-1,814,815,265,-1,265,815,267,-1,682,684,683,-1,683,684,686,-1,683,686,1110,-1,1110,686,1105,-1,1110,1105,1111,-1,1111,1105,1106,-1,1111,1106,1112,-1,1112,1106,1107,-1,1112,1107,1113,-1,1113,1107,1108,-1,1113,1108,1114,-1,1114,1108,1109,-1,1114,1109,813,-1,813,1109,814,-1,813,814,262,-1,262,814,264,-1,679,681,680,-1,680,681,683,-1,680,683,1115,-1,1115,683,1110,-1,1115,1110,1116,-1,1116,1110,1111,-1,1116,1111,1117,-1,1117,1111,1112,-1,1117,1112,1118,-1,1118,1112,1113,-1,1118,1113,1119,-1,1119,1113,1114,-1,1119,1114,812,-1,812,1114,813,-1,812,813,259,-1,259,813,261,-1,676,678,677,-1,677,678,680,-1,677,680,1120,-1,1120,680,1115,-1,1120,1115,1121,-1,1121,1115,1116,-1,1121,1116,1122,-1,1122,1116,1117,-1,1122,1117,1123,-1,1123,1117,1118,-1,1123,1118,1124,-1,1124,1118,1119,-1,1124,1119,811,-1,811,1119,812,-1,811,812,256,-1,256,812,258,-1,673,675,674,-1,674,675,677,-1,674,677,1125,-1,1125,677,1120,-1,1125,1120,1126,-1,1126,1120,1121,-1,1126,1121,1127,-1,1127,1121,1122,-1,1127,1122,1128,-1,1128,1122,1123,-1,1128,1123,1129,-1,1129,1123,1124,-1,1129,1124,810,-1,810,1124,811,-1,810,811,566,-1,566,811,255,-1,670,672,671,-1,671,672,674,-1,671,674,1130,-1,1130,674,1125,-1,1130,1125,1131,-1,1131,1125,1126,-1,1131,1126,1132,-1,1132,1126,1127,-1,1132,1127,1133,-1,1133,1127,1128,-1,1133,1128,1134,-1,1134,1128,1129,-1,1134,1129,809,-1,809,1129,810,-1,809,810,253,-1,253,810,576,-1,667,669,668,-1,668,669,671,-1,668,671,1135,-1,1135,671,1130,-1,1135,1130,1136,-1,1136,1130,1131,-1,1136,1131,1137,-1,1137,1131,1132,-1,1137,1132,1138,-1,1138,1132,1133,-1,1138,1133,1139,-1,1139,1133,1134,-1,1139,1134,808,-1,808,1134,809,-1,808,809,250,-1,250,809,252,-1,664,666,665,-1,665,666,668,-1,665,668,1140,-1,1140,668,1135,-1,1140,1135,1141,-1,1141,1135,1136,-1,1141,1136,1142,-1,1142,1136,1137,-1,1142,1137,1143,-1,1143,1137,1138,-1,1143,1138,1144,-1,1144,1138,1139,-1,1144,1139,807,-1,807,1139,808,-1,807,808,247,-1,247,808,249,-1,661,663,662,-1,662,663,665,-1,662,665,911,-1,911,665,1140,-1,911,1140,910,-1,910,1140,1141,-1,910,1141,909,-1,909,1141,1142,-1,909,1142,908,-1,908,1142,1143,-1,908,1143,907,-1,907,1143,1144,-1,907,1144,806,-1,806,1144,807,-1,806,807,244,-1,244,807,246,-1,865,1145,866,-1,866,1145,1146,-1,866,1146,878,-1,878,1146,1147,-1,878,1147,896,-1,896,1147,659,-1,896,659,662,-1,662,659,658,-1,662,658,660,-1,1145,1148,1146,-1,1146,1148,1149,-1,1146,1149,1147,-1,1147,1149,656,-1,1147,656,659,-1,659,656,655,-1,659,655,657,-1,1148,920,1149,-1,1149,920,919,-1,1149,919,656,-1,656,919,1150,-1,656,1150,654,-1,1151,1152,1153,-1,1153,1152,918,-1,1153,918,1154,-1,1154,918,920,-1,1154,920,1155,-1,1155,920,1148,-1,1155,1148,1156,-1,1156,1148,1145,-1,1156,1145,1157,-1,1157,1145,865,-1,1157,865,1158,-1,1158,865,863,-1,1158,863,851,-1,851,863,850,-1,851,850,603,-1,603,850,594,-1,1152,1159,918,-1,918,1159,1160,-1,918,1160,919,-1,919,1160,1161,-1,919,1161,1150,-1,652,1151,653,-1,653,1151,1153,-1,653,1153,1162,-1,1162,1153,1154,-1,1162,1154,1163,-1,1163,1154,1155,-1,1163,1155,1164,-1,1164,1155,1156,-1,1164,1156,1165,-1,1165,1156,1157,-1,1165,1157,1166,-1,1166,1157,1158,-1,1166,1158,805,-1,805,1158,851,-1,805,851,601,-1,601,851,602,-1,649,651,650,-1,650,651,653,-1,650,653,1167,-1,1167,653,1162,-1,1167,1162,1168,-1,1168,1162,1163,-1,1168,1163,1169,-1,1169,1163,1164,-1,1169,1164,1170,-1,1170,1164,1165,-1,1170,1165,1171,-1,1171,1165,1166,-1,1171,1166,804,-1,804,1166,805,-1,804,805,232,-1,232,805,595,-1,646,648,647,-1,647,648,650,-1,647,650,1172,-1,1172,650,1167,-1,1172,1167,1173,-1,1173,1167,1168,-1,1173,1168,1174,-1,1174,1168,1169,-1,1174,1169,1175,-1,1175,1169,1170,-1,1175,1170,1176,-1,1176,1170,1171,-1,1176,1171,803,-1,803,1171,804,-1,803,804,229,-1,229,804,231,-1,643,645,644,-1,644,645,647,-1,644,647,1177,-1,1177,647,1172,-1,1177,1172,1178,-1,1178,1172,1173,-1,1178,1173,1179,-1,1179,1173,1174,-1,1179,1174,1180,-1,1180,1174,1175,-1,1180,1175,1181,-1,1181,1175,1176,-1,1181,1176,802,-1,802,1176,803,-1,802,803,226,-1,226,803,228,-1,793,642,794,-1,794,642,644,-1,794,644,922,-1,922,644,1177,-1,922,1177,924,-1,924,1177,1178,-1,924,1178,926,-1,926,1178,1179,-1,926,1179,928,-1,928,1179,1180,-1,928,1180,930,-1,930,1180,1181,-1,930,1181,801,-1,801,1181,802,-1,801,802,223,-1,223,802,225,-1,1182,1183,1184,-1,1185,1186,1187,-1,1188,1189,1190,-1,1191,1192,1193,-1,1194,1195,1196,-1,1197,1198,1199,-1,1200,1201,1202,-1,1203,1204,1205,-1,1206,1207,1208,-1,1209,1210,1211,-1,1212,1213,1214,-1,1215,1216,1217,-1,1218,1219,1220,-1,1221,1222,1223,-1,1224,1225,1226,-1,1227,1228,1229,-1,1230,1231,1232,-1,1233,1234,1235,-1,1236,1237,1238,-1,1239,1240,1241,-1,1242,1243,1244,-1,1245,1246,1247,-1,1248,1249,1250,-1,1251,1252,1253,-1,1254,1255,1256,-1,1257,1258,1259,-1,1260,1261,1262,-1,643,642,1263,-1,646,645,1264,-1,649,648,1265,-1,652,651,1266,-1,1152,1151,1267,-1,1160,1159,1268,-1,667,666,1269,-1,670,669,1270,-1,673,672,1271,-1,676,675,1272,-1,679,678,1273,-1,682,681,1274,-1,685,684,1275,-1,688,687,1276,-1,694,693,1277,-1,697,696,1278,-1,700,699,1279,-1,703,702,1280,-1,1065,1064,1281,-1,1073,1072,1282,-1,718,717,1283,-1,721,720,1284,-1,724,723,1285,-1,727,726,1286,-1,730,729,1287,-1,733,732,1288,-1,736,735,1289,-1,739,738,1290,-1,745,744,1291,-1,748,747,1292,-1,751,750,1293,-1,754,753,1294,-1,978,977,1295,-1,986,985,1296,-1,769,768,1297,-1,772,771,1298,-1,775,774,1299,-1,778,777,1300,-1,781,780,1301,-1,784,783,1302,-1,787,786,1303,-1,790,789,1304,-1,765,763,1305,-1,762,760,1306,-1,759,757,1307,-1,756,976,1308,-1,986,1296,987,-1,714,712,1309,-1,711,709,1310,-1,708,706,1311,-1,705,1063,1312,-1,1073,1282,1074,-1,663,661,1313,-1,660,658,1314,-1,657,655,1315,-1,654,1150,1316,-1,1160,1268,1161,-1,792,790,1317,-1,1317,790,1304,-1,1317,1304,1318,-1,1318,1304,1319,-1,1318,1319,1320,-1,1320,1319,1321,-1,1320,1321,1322,-1,1322,1321,1323,-1,1322,1323,1324,-1,1324,1323,1262,-1,771,769,1298,-1,1298,769,1297,-1,1298,1297,1325,-1,1325,1297,1326,-1,1325,1326,1327,-1,1327,1326,1328,-1,1327,1328,1329,-1,1329,1328,1330,-1,1329,1330,1331,-1,1331,1330,1253,-1,985,978,1296,-1,1296,978,1295,-1,1296,1295,1332,-1,1332,1295,1333,-1,1332,1333,1334,-1,1334,1333,1335,-1,1334,1335,1336,-1,1336,1335,1337,-1,1336,1337,1338,-1,1338,1337,1244,-1,741,739,1339,-1,1339,739,1290,-1,1339,1290,1340,-1,1340,1290,1341,-1,1340,1341,1342,-1,1342,1341,1343,-1,1342,1343,1344,-1,1344,1343,1345,-1,1344,1345,1346,-1,1346,1345,1235,-1,720,718,1284,-1,1284,718,1283,-1,1284,1283,1347,-1,1347,1283,1348,-1,1347,1348,1349,-1,1349,1348,1350,-1,1349,1350,1351,-1,1351,1350,1352,-1,1351,1352,1353,-1,1353,1352,1226,-1,1072,1065,1282,-1,1282,1065,1281,-1,1282,1281,1354,-1,1354,1281,1355,-1,1354,1355,1356,-1,1356,1355,1357,-1,1356,1357,1358,-1,1358,1357,1359,-1,1358,1359,1360,-1,1360,1359,1217,-1,690,688,1361,-1,1361,688,1276,-1,1361,1276,1362,-1,1362,1276,1363,-1,1362,1363,1364,-1,1364,1363,1365,-1,1364,1365,1366,-1,1366,1365,1367,-1,1366,1367,1368,-1,1368,1367,1208,-1,669,667,1270,-1,1270,667,1269,-1,1270,1269,1369,-1,1369,1269,1370,-1,1369,1370,1371,-1,1371,1370,1372,-1,1371,1372,1373,-1,1373,1372,1374,-1,1373,1374,1375,-1,1375,1374,1199,-1,1159,1152,1268,-1,1268,1152,1267,-1,1268,1267,1376,-1,1376,1267,1377,-1,1376,1377,1378,-1,1378,1377,1379,-1,1378,1379,1380,-1,1380,1379,1381,-1,1380,1381,1382,-1,1382,1381,1190,-1,793,792,1383,-1,1383,792,1317,-1,1383,1317,1384,-1,1384,1317,1318,-1,1384,1318,1385,-1,1385,1318,1320,-1,1385,1320,1386,-1,1386,1320,1322,-1,1386,1322,1387,-1,1387,1322,1324,-1,1387,1324,1388,-1,1388,1324,1389,-1,1262,1261,1324,-1,1324,1261,1390,-1,1324,1390,1389,-1,1391,1260,1392,-1,1392,1260,1262,-1,1392,1262,1393,-1,1393,1262,1323,-1,1393,1323,1394,-1,1394,1323,1321,-1,1394,1321,1395,-1,1395,1321,1319,-1,1395,1319,1303,-1,1303,1319,1304,-1,1303,1304,787,-1,787,1304,789,-1,786,784,1303,-1,1303,784,1302,-1,1303,1302,1395,-1,1395,1302,1396,-1,1395,1396,1394,-1,1394,1396,1397,-1,1394,1397,1393,-1,1393,1397,1398,-1,1393,1398,1392,-1,1392,1398,1259,-1,1392,1259,1391,-1,1391,1259,1258,-1,1255,1257,1256,-1,1256,1257,1259,-1,1256,1259,1399,-1,1399,1259,1398,-1,1399,1398,1400,-1,1400,1398,1397,-1,1400,1397,1401,-1,1401,1397,1396,-1,1401,1396,1301,-1,1301,1396,1302,-1,1301,1302,781,-1,781,1302,783,-1,1402,1254,1403,-1,1403,1254,1256,-1,1403,1256,1404,-1,1404,1256,1399,-1,1404,1399,1405,-1,1405,1399,1400,-1,1405,1400,1406,-1,1406,1400,1401,-1,1406,1401,1300,-1,1300,1401,1301,-1,1300,1301,778,-1,778,1301,780,-1,777,775,1300,-1,1300,775,1299,-1,1300,1299,1406,-1,1406,1299,1407,-1,1406,1407,1405,-1,1405,1407,1408,-1,1405,1408,1404,-1,1404,1408,1409,-1,1404,1409,1403,-1,1403,1409,1410,-1,1403,1410,1402,-1,1402,1410,1411,-1,774,772,1299,-1,1299,772,1298,-1,1299,1298,1407,-1,1407,1298,1325,-1,1407,1325,1408,-1,1408,1325,1327,-1,1408,1327,1409,-1,1409,1327,1329,-1,1409,1329,1410,-1,1410,1329,1331,-1,1410,1331,1411,-1,1411,1331,1412,-1,1253,1252,1331,-1,1331,1252,1413,-1,1331,1413,1412,-1,1414,1251,1415,-1,1415,1251,1253,-1,1415,1253,1416,-1,1416,1253,1330,-1,1416,1330,1417,-1,1417,1330,1328,-1,1417,1328,1418,-1,1418,1328,1326,-1,1418,1326,1419,-1,1419,1326,1297,-1,1419,1297,766,-1,766,1297,768,-1,766,765,1419,-1,1419,765,1305,-1,1419,1305,1418,-1,1418,1305,1420,-1,1418,1420,1417,-1,1417,1420,1421,-1,1417,1421,1416,-1,1416,1421,1422,-1,1416,1422,1415,-1,1415,1422,1250,-1,1415,1250,1414,-1,1414,1250,1249,-1,1246,1248,1247,-1,1247,1248,1250,-1,1247,1250,1423,-1,1423,1250,1422,-1,1423,1422,1424,-1,1424,1422,1421,-1,1424,1421,1425,-1,1425,1421,1420,-1,1425,1420,1306,-1,1306,1420,1305,-1,1306,1305,762,-1,762,1305,763,-1,1426,1245,1427,-1,1427,1245,1247,-1,1427,1247,1428,-1,1428,1247,1423,-1,1428,1423,1429,-1,1429,1423,1424,-1,1429,1424,1430,-1,1430,1424,1425,-1,1430,1425,1307,-1,1307,1425,1306,-1,1307,1306,759,-1,759,1306,760,-1,757,756,1307,-1,1307,756,1308,-1,1307,1308,1430,-1,1430,1308,1431,-1,1430,1431,1429,-1,1429,1431,1432,-1,1429,1432,1428,-1,1428,1432,1433,-1,1428,1433,1427,-1,1427,1433,1434,-1,1427,1434,1426,-1,1426,1434,1435,-1,976,987,1308,-1,1308,987,1296,-1,1308,1296,1431,-1,1431,1296,1332,-1,1431,1332,1432,-1,1432,1332,1334,-1,1432,1334,1433,-1,1433,1334,1336,-1,1433,1336,1434,-1,1434,1336,1338,-1,1434,1338,1435,-1,1435,1338,1436,-1,1244,1243,1338,-1,1338,1243,1437,-1,1338,1437,1436,-1,1438,1242,1439,-1,1439,1242,1244,-1,1439,1244,1440,-1,1440,1244,1337,-1,1440,1337,1441,-1,1441,1337,1335,-1,1441,1335,1442,-1,1442,1335,1333,-1,1442,1333,1294,-1,1294,1333,1295,-1,1294,1295,754,-1,754,1295,977,-1,753,751,1294,-1,1294,751,1293,-1,1294,1293,1442,-1,1442,1293,1443,-1,1442,1443,1441,-1,1441,1443,1444,-1,1441,1444,1440,-1,1440,1444,1445,-1,1440,1445,1439,-1,1439,1445,1241,-1,1439,1241,1438,-1,1438,1241,1240,-1,1237,1239,1238,-1,1238,1239,1241,-1,1238,1241,1446,-1,1446,1241,1445,-1,1446,1445,1447,-1,1447,1445,1444,-1,1447,1444,1448,-1,1448,1444,1443,-1,1448,1443,1292,-1,1292,1443,1293,-1,1292,1293,748,-1,748,1293,750,-1,1449,1236,1450,-1,1450,1236,1238,-1,1450,1238,1451,-1,1451,1238,1446,-1,1451,1446,1452,-1,1452,1446,1447,-1,1452,1447,1453,-1,1453,1447,1448,-1,1453,1448,1291,-1,1291,1448,1292,-1,1291,1292,745,-1,745,1292,747,-1,744,742,1291,-1,1291,742,1454,-1,1291,1454,1453,-1,1453,1454,1455,-1,1453,1455,1452,-1,1452,1455,1456,-1,1452,1456,1451,-1,1451,1456,1457,-1,1451,1457,1450,-1,1450,1457,1458,-1,1450,1458,1449,-1,1449,1458,1459,-1,742,741,1454,-1,1454,741,1339,-1,1454,1339,1455,-1,1455,1339,1340,-1,1455,1340,1456,-1,1456,1340,1342,-1,1456,1342,1457,-1,1457,1342,1344,-1,1457,1344,1458,-1,1458,1344,1346,-1,1458,1346,1459,-1,1459,1346,1460,-1,1235,1234,1346,-1,1346,1234,1461,-1,1346,1461,1460,-1,1462,1233,1463,-1,1463,1233,1235,-1,1463,1235,1464,-1,1464,1235,1345,-1,1464,1345,1465,-1,1465,1345,1343,-1,1465,1343,1466,-1,1466,1343,1341,-1,1466,1341,1289,-1,1289,1341,1290,-1,1289,1290,736,-1,736,1290,738,-1,735,733,1289,-1,1289,733,1288,-1,1289,1288,1466,-1,1466,1288,1467,-1,1466,1467,1465,-1,1465,1467,1468,-1,1465,1468,1464,-1,1464,1468,1469,-1,1464,1469,1463,-1,1463,1469,1232,-1,1463,1232,1462,-1,1462,1232,1231,-1,1228,1230,1229,-1,1229,1230,1232,-1,1229,1232,1470,-1,1470,1232,1469,-1,1470,1469,1471,-1,1471,1469,1468,-1,1471,1468,1472,-1,1472,1468,1467,-1,1472,1467,1287,-1,1287,1467,1288,-1,1287,1288,730,-1,730,1288,732,-1,1473,1227,1474,-1,1474,1227,1229,-1,1474,1229,1475,-1,1475,1229,1470,-1,1475,1470,1476,-1,1476,1470,1471,-1,1476,1471,1477,-1,1477,1471,1472,-1,1477,1472,1286,-1,1286,1472,1287,-1,1286,1287,727,-1,727,1287,729,-1,726,724,1286,-1,1286,724,1285,-1,1286,1285,1477,-1,1477,1285,1478,-1,1477,1478,1476,-1,1476,1478,1479,-1,1476,1479,1475,-1,1475,1479,1480,-1,1475,1480,1474,-1,1474,1480,1481,-1,1474,1481,1473,-1,1473,1481,1482,-1,723,721,1285,-1,1285,721,1284,-1,1285,1284,1478,-1,1478,1284,1347,-1,1478,1347,1479,-1,1479,1347,1349,-1,1479,1349,1480,-1,1480,1349,1351,-1,1480,1351,1481,-1,1481,1351,1353,-1,1481,1353,1482,-1,1482,1353,1483,-1,1226,1225,1353,-1,1353,1225,1484,-1,1353,1484,1483,-1,1485,1224,1486,-1,1486,1224,1226,-1,1486,1226,1487,-1,1487,1226,1352,-1,1487,1352,1488,-1,1488,1352,1350,-1,1488,1350,1489,-1,1489,1350,1348,-1,1489,1348,1490,-1,1490,1348,1283,-1,1490,1283,715,-1,715,1283,717,-1,715,714,1490,-1,1490,714,1309,-1,1490,1309,1489,-1,1489,1309,1491,-1,1489,1491,1488,-1,1488,1491,1492,-1,1488,1492,1487,-1,1487,1492,1493,-1,1487,1493,1486,-1,1486,1493,1223,-1,1486,1223,1485,-1,1485,1223,1222,-1,1219,1221,1220,-1,1220,1221,1223,-1,1220,1223,1494,-1,1494,1223,1493,-1,1494,1493,1495,-1,1495,1493,1492,-1,1495,1492,1496,-1,1496,1492,1491,-1,1496,1491,1310,-1,1310,1491,1309,-1,1310,1309,711,-1,711,1309,712,-1,1497,1218,1498,-1,1498,1218,1220,-1,1498,1220,1499,-1,1499,1220,1494,-1,1499,1494,1500,-1,1500,1494,1495,-1,1500,1495,1501,-1,1501,1495,1496,-1,1501,1496,1311,-1,1311,1496,1310,-1,1311,1310,708,-1,708,1310,709,-1,706,705,1311,-1,1311,705,1312,-1,1311,1312,1501,-1,1501,1312,1502,-1,1501,1502,1500,-1,1500,1502,1503,-1,1500,1503,1499,-1,1499,1503,1504,-1,1499,1504,1498,-1,1498,1504,1505,-1,1498,1505,1497,-1,1497,1505,1506,-1,1063,1074,1312,-1,1312,1074,1282,-1,1312,1282,1502,-1,1502,1282,1354,-1,1502,1354,1503,-1,1503,1354,1356,-1,1503,1356,1504,-1,1504,1356,1358,-1,1504,1358,1505,-1,1505,1358,1360,-1,1505,1360,1506,-1,1506,1360,1507,-1,1217,1216,1360,-1,1360,1216,1508,-1,1360,1508,1507,-1,1509,1215,1510,-1,1510,1215,1217,-1,1510,1217,1511,-1,1511,1217,1359,-1,1511,1359,1512,-1,1512,1359,1357,-1,1512,1357,1513,-1,1513,1357,1355,-1,1513,1355,1280,-1,1280,1355,1281,-1,1280,1281,703,-1,703,1281,1064,-1,702,700,1280,-1,1280,700,1279,-1,1280,1279,1513,-1,1513,1279,1514,-1,1513,1514,1512,-1,1512,1514,1515,-1,1512,1515,1511,-1,1511,1515,1516,-1,1511,1516,1510,-1,1510,1516,1214,-1,1510,1214,1509,-1,1509,1214,1213,-1,1210,1212,1211,-1,1211,1212,1214,-1,1211,1214,1517,-1,1517,1214,1516,-1,1517,1516,1518,-1,1518,1516,1515,-1,1518,1515,1519,-1,1519,1515,1514,-1,1519,1514,1278,-1,1278,1514,1279,-1,1278,1279,697,-1,697,1279,699,-1,1520,1209,1521,-1,1521,1209,1211,-1,1521,1211,1522,-1,1522,1211,1517,-1,1522,1517,1523,-1,1523,1517,1518,-1,1523,1518,1524,-1,1524,1518,1519,-1,1524,1519,1277,-1,1277,1519,1278,-1,1277,1278,694,-1,694,1278,696,-1,693,691,1277,-1,1277,691,1525,-1,1277,1525,1524,-1,1524,1525,1526,-1,1524,1526,1523,-1,1523,1526,1527,-1,1523,1527,1522,-1,1522,1527,1528,-1,1522,1528,1521,-1,1521,1528,1529,-1,1521,1529,1520,-1,1520,1529,1530,-1,691,690,1525,-1,1525,690,1361,-1,1525,1361,1526,-1,1526,1361,1362,-1,1526,1362,1527,-1,1527,1362,1364,-1,1527,1364,1528,-1,1528,1364,1366,-1,1528,1366,1529,-1,1529,1366,1368,-1,1529,1368,1530,-1,1530,1368,1531,-1,1208,1207,1368,-1,1368,1207,1532,-1,1368,1532,1531,-1,1533,1206,1534,-1,1534,1206,1208,-1,1534,1208,1535,-1,1535,1208,1367,-1,1535,1367,1536,-1,1536,1367,1365,-1,1536,1365,1537,-1,1537,1365,1363,-1,1537,1363,1275,-1,1275,1363,1276,-1,1275,1276,685,-1,685,1276,687,-1,684,682,1275,-1,1275,682,1274,-1,1275,1274,1537,-1,1537,1274,1538,-1,1537,1538,1536,-1,1536,1538,1539,-1,1536,1539,1535,-1,1535,1539,1540,-1,1535,1540,1534,-1,1534,1540,1205,-1,1534,1205,1533,-1,1533,1205,1204,-1,1201,1203,1202,-1,1202,1203,1205,-1,1202,1205,1541,-1,1541,1205,1540,-1,1541,1540,1542,-1,1542,1540,1539,-1,1542,1539,1543,-1,1543,1539,1538,-1,1543,1538,1273,-1,1273,1538,1274,-1,1273,1274,679,-1,679,1274,681,-1,1544,1200,1545,-1,1545,1200,1202,-1,1545,1202,1546,-1,1546,1202,1541,-1,1546,1541,1547,-1,1547,1541,1542,-1,1547,1542,1548,-1,1548,1542,1543,-1,1548,1543,1272,-1,1272,1543,1273,-1,1272,1273,676,-1,676,1273,678,-1,675,673,1272,-1,1272,673,1271,-1,1272,1271,1548,-1,1548,1271,1549,-1,1548,1549,1547,-1,1547,1549,1550,-1,1547,1550,1546,-1,1546,1550,1551,-1,1546,1551,1545,-1,1545,1551,1552,-1,1545,1552,1544,-1,1544,1552,1553,-1,672,670,1271,-1,1271,670,1270,-1,1271,1270,1549,-1,1549,1270,1369,-1,1549,1369,1550,-1,1550,1369,1371,-1,1550,1371,1551,-1,1551,1371,1373,-1,1551,1373,1552,-1,1552,1373,1375,-1,1552,1375,1553,-1,1553,1375,1554,-1,1199,1198,1375,-1,1375,1198,1555,-1,1375,1555,1554,-1,1556,1197,1557,-1,1557,1197,1199,-1,1557,1199,1558,-1,1558,1199,1374,-1,1558,1374,1559,-1,1559,1374,1372,-1,1559,1372,1560,-1,1560,1372,1370,-1,1560,1370,1561,-1,1561,1370,1269,-1,1561,1269,664,-1,664,1269,666,-1,664,663,1561,-1,1561,663,1313,-1,1561,1313,1560,-1,1560,1313,1562,-1,1560,1562,1559,-1,1559,1562,1563,-1,1559,1563,1558,-1,1558,1563,1564,-1,1558,1564,1557,-1,1557,1564,1196,-1,1557,1196,1556,-1,1556,1196,1195,-1,1192,1194,1193,-1,1193,1194,1196,-1,1193,1196,1565,-1,1565,1196,1564,-1,1565,1564,1566,-1,1566,1564,1563,-1,1566,1563,1567,-1,1567,1563,1562,-1,1567,1562,1314,-1,1314,1562,1313,-1,1314,1313,660,-1,660,1313,661,-1,1568,1191,1569,-1,1569,1191,1193,-1,1569,1193,1570,-1,1570,1193,1565,-1,1570,1565,1571,-1,1571,1565,1566,-1,1571,1566,1572,-1,1572,1566,1567,-1,1572,1567,1315,-1,1315,1567,1314,-1,1315,1314,657,-1,657,1314,658,-1,655,654,1315,-1,1315,654,1316,-1,1315,1316,1572,-1,1572,1316,1573,-1,1572,1573,1571,-1,1571,1573,1574,-1,1571,1574,1570,-1,1570,1574,1575,-1,1570,1575,1569,-1,1569,1575,1576,-1,1569,1576,1568,-1,1568,1576,1577,-1,1150,1161,1316,-1,1316,1161,1268,-1,1316,1268,1573,-1,1573,1268,1376,-1,1573,1376,1574,-1,1574,1376,1378,-1,1574,1378,1575,-1,1575,1378,1380,-1,1575,1380,1576,-1,1576,1380,1382,-1,1576,1382,1577,-1,1577,1382,1578,-1,1190,1189,1382,-1,1382,1189,1579,-1,1382,1579,1578,-1,1580,1188,1581,-1,1581,1188,1190,-1,1581,1190,1582,-1,1582,1190,1381,-1,1582,1381,1583,-1,1583,1381,1379,-1,1583,1379,1584,-1,1584,1379,1377,-1,1584,1377,1266,-1,1266,1377,1267,-1,1266,1267,652,-1,652,1267,1151,-1,651,649,1266,-1,1266,649,1265,-1,1266,1265,1584,-1,1584,1265,1585,-1,1584,1585,1583,-1,1583,1585,1586,-1,1583,1586,1582,-1,1582,1586,1587,-1,1582,1587,1581,-1,1581,1587,1187,-1,1581,1187,1580,-1,1580,1187,1186,-1,1183,1185,1184,-1,1184,1185,1187,-1,1184,1187,1588,-1,1588,1187,1587,-1,1588,1587,1589,-1,1589,1587,1586,-1,1589,1586,1590,-1,1590,1586,1585,-1,1590,1585,1264,-1,1264,1585,1265,-1,1264,1265,646,-1,646,1265,648,-1,1591,1182,1592,-1,1592,1182,1184,-1,1592,1184,1593,-1,1593,1184,1588,-1,1593,1588,1594,-1,1594,1588,1589,-1,1594,1589,1595,-1,1595,1589,1590,-1,1595,1590,1263,-1,1263,1590,1264,-1,1263,1264,643,-1,643,1264,645,-1,642,793,1263,-1,1263,793,1383,-1,1263,1383,1595,-1,1595,1383,1384,-1,1595,1384,1594,-1,1594,1384,1385,-1,1594,1385,1593,-1,1593,1385,1386,-1,1593,1386,1592,-1,1592,1386,1387,-1,1592,1387,1591,-1,1591,1387,1388,-1,1596,1591,1597,-1,1597,1591,1388,-1,1597,1388,1598,-1,1598,1388,1389,-1,1598,1389,1599,-1,1599,1389,1390,-1,1599,1390,1600,-1,1600,1390,1261,-1,1600,1261,1601,-1,1601,1261,1260,-1,1601,1260,1602,-1,1602,1260,1391,-1,1602,1391,1603,-1,1603,1391,1258,-1,1603,1258,1604,-1,1604,1258,1257,-1,1604,1257,1605,-1,1605,1257,1255,-1,1605,1255,1606,-1,1606,1255,1254,-1,1606,1254,1607,-1,1607,1254,1402,-1,1607,1402,1608,-1,1608,1402,1411,-1,1608,1411,1609,-1,1609,1411,1412,-1,1609,1412,1610,-1,1610,1412,1413,-1,1610,1413,1611,-1,1611,1413,1252,-1,1611,1252,1612,-1,1612,1252,1251,-1,1612,1251,1613,-1,1613,1251,1414,-1,1613,1414,1614,-1,1614,1414,1249,-1,1614,1249,1615,-1,1615,1249,1248,-1,1615,1248,1616,-1,1616,1248,1246,-1,1616,1246,1617,-1,1617,1246,1245,-1,1617,1245,1618,-1,1618,1245,1426,-1,1618,1426,1619,-1,1619,1426,1435,-1,1619,1435,1620,-1,1620,1435,1436,-1,1620,1436,1621,-1,1621,1436,1437,-1,1621,1437,1622,-1,1622,1437,1243,-1,1622,1243,1623,-1,1623,1243,1242,-1,1623,1242,1624,-1,1624,1242,1438,-1,1624,1438,1625,-1,1625,1438,1240,-1,1625,1240,1626,-1,1626,1240,1239,-1,1626,1239,1627,-1,1627,1239,1237,-1,1627,1237,1628,-1,1628,1237,1236,-1,1628,1236,1629,-1,1629,1236,1449,-1,1629,1449,1630,-1,1630,1449,1459,-1,1630,1459,1631,-1,1631,1459,1460,-1,1631,1460,1632,-1,1632,1460,1461,-1,1632,1461,1633,-1,1633,1461,1234,-1,1633,1234,1634,-1,1634,1234,1233,-1,1634,1233,1635,-1,1635,1233,1462,-1,1635,1462,1636,-1,1636,1462,1231,-1,1636,1231,1637,-1,1637,1231,1230,-1,1637,1230,1638,-1,1638,1230,1228,-1,1638,1228,1639,-1,1639,1228,1227,-1,1639,1227,1640,-1,1640,1227,1473,-1,1640,1473,1641,-1,1641,1473,1482,-1,1641,1482,1642,-1,1642,1482,1483,-1,1642,1483,1643,-1,1643,1483,1484,-1,1643,1484,1644,-1,1644,1484,1225,-1,1644,1225,1645,-1,1645,1225,1224,-1,1645,1224,1646,-1,1646,1224,1485,-1,1646,1485,1647,-1,1647,1485,1222,-1,1647,1222,1648,-1,1648,1222,1221,-1,1648,1221,1649,-1,1649,1221,1219,-1,1649,1219,1650,-1,1650,1219,1218,-1,1650,1218,1651,-1,1651,1218,1497,-1,1651,1497,1652,-1,1652,1497,1506,-1,1652,1506,1653,-1,1653,1506,1507,-1,1653,1507,1654,-1,1654,1507,1508,-1,1654,1508,1655,-1,1655,1508,1216,-1,1655,1216,1656,-1,1656,1216,1215,-1,1656,1215,1657,-1,1657,1215,1509,-1,1657,1509,1658,-1,1658,1509,1213,-1,1658,1213,1659,-1,1659,1213,1212,-1,1659,1212,1660,-1,1660,1212,1210,-1,1660,1210,1661,-1,1661,1210,1209,-1,1661,1209,1662,-1,1662,1209,1520,-1,1662,1520,1663,-1,1663,1520,1530,-1,1663,1530,1664,-1,1664,1530,1531,-1,1664,1531,1665,-1,1665,1531,1532,-1,1665,1532,1666,-1,1666,1532,1207,-1,1666,1207,1667,-1,1667,1207,1206,-1,1667,1206,1668,-1,1668,1206,1533,-1,1668,1533,1669,-1,1669,1533,1204,-1,1669,1204,1670,-1,1670,1204,1203,-1,1670,1203,1671,-1,1671,1203,1201,-1,1671,1201,1672,-1,1672,1201,1200,-1,1672,1200,1673,-1,1673,1200,1544,-1,1673,1544,1674,-1,1674,1544,1553,-1,1674,1553,1675,-1,1675,1553,1554,-1,1675,1554,1676,-1,1676,1554,1555,-1,1676,1555,1677,-1,1677,1555,1198,-1,1677,1198,1678,-1,1678,1198,1197,-1,1678,1197,1679,-1,1679,1197,1556,-1,1679,1556,1680,-1,1680,1556,1195,-1,1680,1195,1681,-1,1681,1195,1194,-1,1681,1194,1682,-1,1682,1194,1192,-1,1682,1192,1683,-1,1683,1192,1191,-1,1683,1191,1684,-1,1684,1191,1568,-1,1684,1568,1685,-1,1685,1568,1577,-1,1685,1577,1686,-1,1686,1577,1578,-1,1686,1578,1687,-1,1687,1578,1579,-1,1687,1579,1688,-1,1688,1579,1189,-1,1688,1189,1689,-1,1689,1189,1188,-1,1689,1188,1690,-1,1690,1188,1580,-1,1690,1580,1691,-1,1691,1580,1186,-1,1691,1186,1692,-1,1692,1186,1185,-1,1692,1185,1693,-1,1693,1185,1183,-1,1693,1183,1694,-1,1694,1183,1182,-1,1694,1182,1596,-1,1596,1182,1591,-1,1606,1695,1605,-1,1605,1695,1696,-1,1605,1696,1604,-1,1604,1696,1697,-1,1604,1697,1603,-1,1603,1697,1698,-1,1603,1698,1602,-1,1606,1607,1695,-1,1695,1607,1608,-1,1695,1608,1699,-1,1699,1608,1609,-1,1699,1609,1700,-1,1700,1609,1610,-1,1700,1610,1701,-1,1701,1610,1611,-1,1701,1611,1702,-1,1702,1611,1612,-1,1612,1613,1702,-1,1702,1613,1614,-1,1702,1614,1703,-1,1703,1614,1615,-1,1703,1615,1704,-1,1704,1615,1616,-1,1704,1616,1705,-1,1705,1616,1617,-1,1617,1618,1705,-1,1705,1618,1619,-1,1705,1619,1706,-1,1706,1619,1620,-1,1706,1620,1707,-1,1707,1620,1621,-1,1707,1621,1708,-1,1708,1621,1622,-1,1708,1622,1709,-1,1709,1622,1623,-1,1623,1624,1709,-1,1709,1624,1625,-1,1709,1625,1710,-1,1710,1625,1626,-1,1710,1626,1711,-1,1711,1626,1627,-1,1711,1627,1712,-1,1712,1627,1628,-1,1628,1629,1712,-1,1712,1629,1630,-1,1712,1630,1713,-1,1713,1630,1631,-1,1713,1631,1714,-1,1714,1631,1632,-1,1714,1632,1715,-1,1715,1632,1633,-1,1715,1633,1716,-1,1716,1633,1634,-1,1634,1635,1716,-1,1716,1635,1636,-1,1716,1636,1717,-1,1717,1636,1637,-1,1717,1637,1718,-1,1718,1637,1638,-1,1718,1638,1719,-1,1719,1638,1639,-1,1639,1640,1719,-1,1719,1640,1641,-1,1719,1641,1720,-1,1720,1641,1642,-1,1720,1642,1721,-1,1721,1642,1643,-1,1721,1643,1722,-1,1722,1643,1644,-1,1722,1644,1723,-1,1723,1644,1645,-1,1645,1646,1723,-1,1723,1646,1647,-1,1723,1647,1724,-1,1724,1647,1648,-1,1724,1648,1725,-1,1725,1648,1649,-1,1725,1649,1726,-1,1726,1649,1650,-1,1650,1651,1726,-1,1726,1651,1652,-1,1726,1652,1727,-1,1727,1652,1653,-1,1727,1653,1728,-1,1728,1653,1654,-1,1728,1654,1729,-1,1729,1654,1655,-1,1729,1655,1730,-1,1730,1655,1656,-1,1656,1657,1730,-1,1730,1657,1658,-1,1730,1658,1731,-1,1731,1658,1659,-1,1731,1659,1732,-1,1732,1659,1660,-1,1732,1660,1733,-1,1733,1660,1661,-1,1661,1662,1733,-1,1733,1662,1663,-1,1733,1663,1734,-1,1734,1663,1664,-1,1734,1664,1735,-1,1735,1664,1665,-1,1735,1665,1736,-1,1736,1665,1666,-1,1736,1666,1737,-1,1737,1666,1667,-1,1667,1668,1737,-1,1737,1668,1669,-1,1737,1669,1738,-1,1738,1669,1670,-1,1738,1670,1739,-1,1739,1670,1671,-1,1739,1671,1740,-1,1740,1671,1672,-1,1672,1673,1740,-1,1740,1673,1674,-1,1740,1674,1741,-1,1741,1674,1675,-1,1741,1675,1742,-1,1742,1675,1676,-1,1742,1676,1743,-1,1743,1676,1677,-1,1743,1677,1744,-1,1744,1677,1678,-1,1678,1679,1744,-1,1744,1679,1680,-1,1744,1680,1745,-1,1745,1680,1681,-1,1745,1681,1746,-1,1746,1681,1682,-1,1746,1682,1747,-1,1747,1682,1683,-1,1683,1684,1747,-1,1747,1684,1685,-1,1747,1685,1748,-1,1748,1685,1686,-1,1748,1686,1749,-1,1749,1686,1687,-1,1749,1687,1750,-1,1750,1687,1688,-1,1750,1688,1751,-1,1751,1688,1689,-1,1689,1690,1751,-1,1751,1690,1691,-1,1751,1691,1752,-1,1752,1691,1692,-1,1752,1692,1753,-1,1753,1692,1693,-1,1753,1693,1754,-1,1754,1693,1694,-1,1694,1596,1754,-1,1754,1596,1597,-1,1754,1597,1755,-1,1755,1597,1598,-1,1755,1598,1756,-1,1756,1598,1599,-1,1756,1599,1757,-1,1757,1599,1600,-1,1757,1600,1698,-1,1698,1600,1601,-1,1698,1601,1602,-1,1755,1758,1754,-1,1754,1758,1759,-1,1754,1759,1753,-1,1753,1759,1760,-1,1753,1760,1752,-1,1752,1760,1761,-1,1752,1761,1751,-1,1751,1761,1762,-1,1751,1762,1750,-1,1750,1762,1763,-1,1750,1763,1749,-1,1749,1763,1764,-1,1749,1764,1748,-1,1748,1764,1765,-1,1748,1765,1747,-1,1747,1765,1766,-1,1747,1766,1746,-1,1746,1766,1767,-1,1746,1767,1745,-1,1745,1767,1768,-1,1745,1768,1744,-1,1744,1768,1769,-1,1744,1769,1743,-1,1743,1769,1770,-1,1743,1770,1742,-1,1742,1770,1771,-1,1742,1771,1741,-1,1741,1771,1772,-1,1741,1772,1740,-1,1740,1772,1773,-1,1740,1773,1739,-1,1739,1773,1774,-1,1739,1774,1738,-1,1738,1774,1775,-1,1738,1775,1737,-1,1737,1775,1776,-1,1737,1776,1736,-1,1736,1776,1777,-1,1736,1777,1735,-1,1735,1777,1778,-1,1735,1778,1734,-1,1734,1778,1779,-1,1734,1779,1733,-1,1733,1779,1780,-1,1733,1780,1732,-1,1732,1780,1781,-1,1732,1781,1731,-1,1731,1781,1782,-1,1731,1782,1730,-1,1730,1782,1783,-1,1730,1783,1729,-1,1729,1783,1784,-1,1729,1784,1728,-1,1728,1784,1785,-1,1728,1785,1727,-1,1727,1785,1786,-1,1727,1786,1726,-1,1726,1786,1787,-1,1726,1787,1725,-1,1725,1787,1788,-1,1725,1788,1724,-1,1724,1788,1789,-1,1724,1789,1723,-1,1723,1789,1790,-1,1723,1790,1722,-1,1722,1790,1791,-1,1722,1791,1721,-1,1721,1791,1792,-1,1721,1792,1720,-1,1720,1792,1793,-1,1720,1793,1719,-1,1719,1793,1794,-1,1719,1794,1718,-1,1718,1794,1795,-1,1718,1795,1717,-1,1717,1795,1796,-1,1717,1796,1716,-1,1716,1796,1797,-1,1716,1797,1715,-1,1715,1797,1798,-1,1715,1798,1714,-1,1714,1798,1799,-1,1714,1799,1713,-1,1713,1799,1800,-1,1713,1800,1712,-1,1712,1800,1801,-1,1712,1801,1711,-1,1711,1801,1802,-1,1711,1802,1710,-1,1710,1802,1803,-1,1710,1803,1709,-1,1709,1803,1804,-1,1709,1804,1708,-1,1708,1804,1805,-1,1708,1805,1707,-1,1707,1805,1806,-1,1707,1806,1706,-1,1706,1806,1807,-1,1706,1807,1705,-1,1705,1807,1808,-1,1705,1808,1704,-1,1704,1808,1809,-1,1704,1809,1703,-1,1703,1809,1810,-1,1703,1810,1702,-1,1702,1810,1811,-1,1702,1811,1701,-1,1701,1811,1812,-1,1701,1812,1700,-1,1700,1812,1813,-1,1700,1813,1699,-1,1699,1813,1814,-1,1699,1814,1695,-1,1695,1814,1815,-1,1695,1815,1696,-1,1696,1815,1816,-1,1696,1816,1697,-1,1697,1816,1817,-1,1697,1817,1698,-1,1698,1817,1818,-1,1698,1818,1757,-1,1757,1818,1819,-1,1757,1819,1756,-1,1756,1819,1820,-1,1756,1820,1755,-1,1755,1820,1758,-1,1820,1821,1758,-1,1758,1821,1822,-1,1758,1822,1759,-1,1759,1822,1823,-1,1759,1823,1760,-1,1760,1823,1824,-1,1760,1824,1761,-1,1761,1824,1825,-1,1761,1825,1762,-1,1762,1825,1826,-1,1762,1826,1763,-1,1763,1826,1827,-1,1763,1827,1764,-1,1764,1827,1828,-1,1764,1828,1765,-1,1765,1828,1829,-1,1765,1829,1766,-1,1766,1829,1830,-1,1766,1830,1767,-1,1767,1830,1831,-1,1767,1831,1768,-1,1768,1831,1832,-1,1768,1832,1769,-1,1769,1832,1833,-1,1769,1833,1770,-1,1770,1833,1834,-1,1770,1834,1771,-1,1771,1834,1835,-1,1771,1835,1772,-1,1772,1835,1836,-1,1772,1836,1773,-1,1773,1836,1837,-1,1773,1837,1774,-1,1774,1837,1838,-1,1774,1838,1775,-1,1775,1838,1839,-1,1775,1839,1776,-1,1776,1839,1840,-1,1776,1840,1777,-1,1777,1840,1841,-1,1777,1841,1778,-1,1778,1841,1842,-1,1778,1842,1779,-1,1779,1842,1843,-1,1779,1843,1780,-1,1780,1843,1844,-1,1780,1844,1781,-1,1781,1844,1845,-1,1781,1845,1782,-1,1782,1845,1846,-1,1782,1846,1783,-1,1783,1846,1847,-1,1783,1847,1784,-1,1784,1847,1848,-1,1784,1848,1785,-1,1785,1848,1849,-1,1785,1849,1786,-1,1786,1849,1850,-1,1786,1850,1787,-1,1787,1850,1851,-1,1787,1851,1788,-1,1788,1851,1852,-1,1788,1852,1789,-1,1789,1852,1853,-1,1789,1853,1790,-1,1790,1853,1854,-1,1790,1854,1791,-1,1791,1854,1855,-1,1791,1855,1792,-1,1792,1855,1856,-1,1792,1856,1793,-1,1793,1856,1857,-1,1793,1857,1794,-1,1794,1857,1858,-1,1794,1858,1795,-1,1795,1858,1859,-1,1795,1859,1796,-1,1796,1859,1860,-1,1796,1860,1797,-1,1797,1860,1861,-1,1797,1861,1798,-1,1798,1861,1862,-1,1798,1862,1799,-1,1799,1862,1863,-1,1799,1863,1800,-1,1800,1863,1864,-1,1800,1864,1801,-1,1801,1864,1865,-1,1801,1865,1802,-1,1802,1865,1866,-1,1802,1866,1803,-1,1803,1866,1867,-1,1803,1867,1804,-1,1804,1867,1868,-1,1804,1868,1805,-1,1805,1868,1869,-1,1805,1869,1806,-1,1806,1869,1870,-1,1806,1870,1807,-1,1807,1870,1871,-1,1807,1871,1808,-1,1808,1871,1872,-1,1808,1872,1809,-1,1809,1872,1873,-1,1809,1873,1810,-1,1810,1873,1874,-1,1810,1874,1811,-1,1811,1874,1875,-1,1811,1875,1812,-1,1812,1875,1876,-1,1812,1876,1813,-1,1813,1876,1877,-1,1813,1877,1814,-1,1814,1877,1878,-1,1814,1878,1815,-1,1815,1878,1879,-1,1815,1879,1816,-1,1816,1879,1880,-1,1816,1880,1817,-1,1817,1880,1881,-1,1817,1881,1818,-1,1818,1881,1882,-1,1818,1882,1819,-1,1819,1882,1883,-1,1819,1883,1820,-1,1820,1883,1821,-1,1883,1884,1821,-1,1821,1884,1885,-1,1821,1885,1822,-1,1822,1885,1886,-1,1822,1886,1823,-1,1823,1886,1887,-1,1823,1887,1824,-1,1824,1887,1888,-1,1824,1888,1825,-1,1825,1888,1889,-1,1825,1889,1826,-1,1826,1889,1890,-1,1826,1890,1827,-1,1827,1890,1891,-1,1827,1891,1828,-1,1828,1891,1892,-1,1828,1892,1829,-1,1829,1892,1893,-1,1829,1893,1830,-1,1830,1893,1894,-1,1830,1894,1831,-1,1831,1894,1895,-1,1831,1895,1832,-1,1832,1895,1896,-1,1832,1896,1833,-1,1833,1896,1897,-1,1833,1897,1834,-1,1834,1897,1898,-1,1834,1898,1835,-1,1835,1898,1899,-1,1835,1899,1836,-1,1836,1899,1900,-1,1836,1900,1837,-1,1837,1900,1901,-1,1837,1901,1838,-1,1838,1901,1902,-1,1838,1902,1839,-1,1839,1902,1903,-1,1839,1903,1840,-1,1840,1903,1904,-1,1840,1904,1841,-1,1841,1904,1905,-1,1841,1905,1842,-1,1842,1905,1906,-1,1842,1906,1843,-1,1843,1906,1907,-1,1843,1907,1844,-1,1844,1907,1908,-1,1844,1908,1845,-1,1845,1908,1909,-1,1845,1909,1846,-1,1846,1909,1910,-1,1846,1910,1847,-1,1847,1910,1911,-1,1847,1911,1848,-1,1848,1911,1912,-1,1848,1912,1849,-1,1849,1912,1913,-1,1849,1913,1850,-1,1850,1913,1914,-1,1850,1914,1851,-1,1851,1914,1915,-1,1851,1915,1852,-1,1852,1915,1916,-1,1852,1916,1853,-1,1853,1916,1917,-1,1853,1917,1854,-1,1854,1917,1918,-1,1854,1918,1855,-1,1855,1918,1919,-1,1855,1919,1856,-1,1856,1919,1920,-1,1856,1920,1857,-1,1857,1920,1921,-1,1857,1921,1858,-1,1858,1921,1922,-1,1858,1922,1859,-1,1859,1922,1923,-1,1859,1923,1860,-1,1860,1923,1924,-1,1860,1924,1861,-1,1861,1924,1925,-1,1861,1925,1862,-1,1862,1925,1926,-1,1862,1926,1863,-1,1863,1926,1927,-1,1863,1927,1864,-1,1864,1927,1928,-1,1864,1928,1865,-1,1865,1928,1929,-1,1865,1929,1866,-1,1866,1929,1930,-1,1866,1930,1867,-1,1867,1930,1931,-1,1867,1931,1868,-1,1868,1931,1932,-1,1868,1932,1869,-1,1869,1932,1933,-1,1869,1933,1870,-1,1870,1933,1934,-1,1870,1934,1871,-1,1871,1934,1935,-1,1871,1935,1872,-1,1872,1935,1936,-1,1872,1936,1873,-1,1873,1936,1937,-1,1873,1937,1874,-1,1874,1937,1938,-1,1874,1938,1875,-1,1875,1938,1939,-1,1875,1939,1876,-1,1876,1939,1940,-1,1876,1940,1877,-1,1877,1940,1941,-1,1877,1941,1878,-1,1878,1941,1942,-1,1878,1942,1879,-1,1879,1942,1943,-1,1879,1943,1880,-1,1880,1943,1944,-1,1880,1944,1881,-1,1881,1944,1945,-1,1881,1945,1882,-1,1882,1945,1946,-1,1882,1946,1883,-1,1883,1946,1884,-1,1946,1947,1884,-1,1884,1947,1948,-1,1884,1948,1885,-1,1885,1948,1949,-1,1885,1949,1886,-1,1886,1949,1950,-1,1886,1950,1887,-1,1887,1950,1951,-1,1887,1951,1888,-1,1888,1951,1952,-1,1888,1952,1889,-1,1889,1952,1953,-1,1889,1953,1890,-1,1890,1953,1954,-1,1890,1954,1891,-1,1891,1954,1955,-1,1891,1955,1892,-1,1892,1955,1956,-1,1892,1956,1893,-1,1893,1956,1957,-1,1893,1957,1894,-1,1894,1957,1958,-1,1894,1958,1895,-1,1895,1958,1959,-1,1895,1959,1896,-1,1896,1959,1960,-1,1896,1960,1897,-1,1897,1960,1961,-1,1897,1961,1898,-1,1898,1961,1962,-1,1898,1962,1899,-1,1899,1962,1963,-1,1899,1963,1900,-1,1900,1963,1964,-1,1900,1964,1901,-1,1901,1964,1965,-1,1901,1965,1902,-1,1902,1965,1966,-1,1902,1966,1903,-1,1903,1966,1967,-1,1903,1967,1904,-1,1904,1967,1968,-1,1904,1968,1905,-1,1905,1968,1969,-1,1905,1969,1906,-1,1906,1969,1970,-1,1906,1970,1907,-1,1907,1970,1971,-1,1907,1971,1908,-1,1908,1971,1972,-1,1908,1972,1909,-1,1909,1972,1973,-1,1909,1973,1910,-1,1910,1973,1974,-1,1910,1974,1911,-1,1911,1974,1975,-1,1911,1975,1912,-1,1912,1975,1976,-1,1912,1976,1913,-1,1913,1976,1977,-1,1913,1977,1914,-1,1914,1977,1978,-1,1914,1978,1915,-1,1915,1978,1979,-1,1915,1979,1916,-1,1916,1979,1980,-1,1916,1980,1917,-1,1917,1980,1981,-1,1917,1981,1918,-1,1918,1981,1982,-1,1918,1982,1919,-1,1919,1982,1983,-1,1919,1983,1920,-1,1920,1983,1984,-1,1920,1984,1921,-1,1921,1984,1985,-1,1921,1985,1922,-1,1922,1985,1986,-1,1922,1986,1923,-1,1923,1986,1987,-1,1923,1987,1924,-1,1924,1987,1988,-1,1924,1988,1925,-1,1925,1988,1989,-1,1925,1989,1926,-1,1926,1989,1990,-1,1926,1990,1927,-1,1927,1990,1991,-1,1927,1991,1928,-1,1928,1991,1992,-1,1928,1992,1929,-1,1929,1992,1993,-1,1929,1993,1930,-1,1930,1993,1994,-1,1930,1994,1931,-1,1931,1994,1995,-1,1931,1995,1932,-1,1932,1995,1996,-1,1932,1996,1933,-1,1933,1996,1997,-1,1933,1997,1934,-1,1934,1997,1998,-1,1934,1998,1935,-1,1935,1998,1999,-1,1935,1999,1936,-1,1936,1999,2000,-1,1936,2000,1937,-1,1937,2000,2001,-1,1937,2001,1938,-1,1938,2001,2002,-1,1938,2002,1939,-1,1939,2002,2003,-1,1939,2003,1940,-1,1940,2003,2004,-1,1940,2004,1941,-1,1941,2004,2005,-1,1941,2005,1942,-1,1942,2005,2006,-1,1942,2006,1943,-1,1943,2006,2007,-1,1943,2007,1944,-1,1944,2007,2008,-1,1944,2008,1945,-1,1945,2008,2009,-1,1945,2009,1946,-1,1946,2009,1947,-1,2009,2010,1947,-1,1947,2010,2011,-1,1947,2011,1948,-1,1948,2011,2012,-1,1948,2012,1949,-1,1949,2012,2013,-1,1949,2013,1950,-1,1950,2013,2014,-1,1950,2014,1951,-1,1951,2014,2015,-1,1951,2015,1952,-1,1952,2015,2016,-1,1952,2016,1953,-1,1953,2016,2017,-1,1953,2017,1954,-1,1954,2017,2018,-1,1954,2018,1955,-1,1955,2018,2019,-1,1955,2019,1956,-1,1956,2019,2020,-1,1956,2020,1957,-1,1957,2020,2021,-1,1957,2021,1958,-1,1958,2021,2022,-1,1958,2022,1959,-1,1959,2022,2023,-1,1959,2023,1960,-1,1960,2023,2024,-1,1960,2024,1961,-1,1961,2024,2025,-1,1961,2025,1962,-1,1962,2025,2026,-1,1962,2026,1963,-1,1963,2026,2027,-1,1963,2027,1964,-1,1964,2027,2028,-1,1964,2028,1965,-1,1965,2028,2029,-1,1965,2029,1966,-1,1966,2029,2030,-1,1966,2030,1967,-1,1967,2030,2031,-1,1967,2031,1968,-1,1968,2031,2032,-1,1968,2032,1969,-1,1969,2032,2033,-1,1969,2033,1970,-1,1970,2033,2034,-1,1970,2034,1971,-1,1971,2034,2035,-1,1971,2035,1972,-1,1972,2035,2036,-1,1972,2036,1973,-1,1973,2036,2037,-1,1973,2037,1974,-1,1974,2037,2038,-1,1974,2038,1975,-1,1975,2038,2039,-1,1975,2039,1976,-1,1976,2039,2040,-1,1976,2040,1977,-1,1977,2040,2041,-1,1977,2041,1978,-1,1978,2041,2042,-1,1978,2042,1979,-1,1979,2042,2043,-1,1979,2043,1980,-1,1980,2043,2044,-1,1980,2044,1981,-1,1981,2044,2045,-1,1981,2045,1982,-1,1982,2045,2046,-1,1982,2046,1983,-1,1983,2046,2047,-1,1983,2047,1984,-1,1984,2047,2048,-1,1984,2048,1985,-1,1985,2048,2049,-1,1985,2049,1986,-1,1986,2049,2050,-1,1986,2050,1987,-1,1987,2050,2051,-1,1987,2051,1988,-1,1988,2051,2052,-1,1988,2052,1989,-1,1989,2052,2053,-1,1989,2053,1990,-1,1990,2053,2054,-1,1990,2054,1991,-1,1991,2054,2055,-1,1991,2055,1992,-1,1992,2055,2056,-1,1992,2056,1993,-1,1993,2056,2057,-1,1993,2057,1994,-1,1994,2057,2058,-1,1994,2058,1995,-1,1995,2058,2059,-1,1995,2059,1996,-1,1996,2059,2060,-1,1996,2060,1997,-1,1997,2060,2061,-1,1997,2061,1998,-1,1998,2061,2062,-1,1998,2062,1999,-1,1999,2062,2063,-1,1999,2063,2000,-1,2000,2063,2064,-1,2000,2064,2001,-1,2001,2064,2065,-1,2001,2065,2002,-1,2002,2065,2066,-1,2002,2066,2003,-1,2003,2066,2067,-1,2003,2067,2004,-1,2004,2067,2068,-1,2004,2068,2005,-1,2005,2068,2069,-1,2005,2069,2006,-1,2006,2069,2070,-1,2006,2070,2007,-1,2007,2070,2071,-1,2007,2071,2008,-1,2008,2071,2072,-1,2008,2072,2009,-1,2009,2072,2010,-1,2073,2074,2075,-1,2075,2074,2076,-1,2077,2078,2073,-1,2073,2078,2079,-1,2073,2079,2074,-1,2076,2074,2080,-1,2080,2074,2079,-1,2081,2082,2080,-1,2080,2082,2075,-1,2080,2075,2076,-1,2083,2084,2081,-1,2080,2079,2081,-1,2081,2079,2078,-1,2081,2078,2085,-1,2085,2086,2081,-1,2081,2086,2087,-1,2081,2087,2088,-1,2088,2089,2081,-1,2081,2089,2090,-1,2081,2090,2091,-1,2091,2092,2081,-1,2081,2092,2093,-1,2081,2093,2083,-1,2094,2095,2096,-1,2096,2095,2097,-1,2095,2094,2098,-1,2098,2094,2099,-1,2100,2101,2098,-1,2098,2101,2097,-1,2098,2097,2095,-1,2102,2103,2096,-1,2096,2103,2099,-1,2096,2099,2094,-1,2100,2098,2099,-1,2104,2100,2105,-1,2105,2100,2106,-1,2099,2103,2100,-1,2100,2103,2107,-1,2100,2107,2108,-1,2108,2109,2100,-1,2100,2109,2110,-1,2100,2110,2106,-1,2105,2111,2112,-1,2112,2113,2105,-1,2105,2113,2114,-1,2105,2114,2104,-1,2115,2105,2106,-1,2115,2106,2116,-1,2116,2106,2110,-1,2116,2110,2117,-1,2117,2110,2109,-1,2117,2109,2118,-1,2118,2109,2108,-1,2118,2108,2119,-1,2119,2108,2107,-1,2119,2107,2120,-1,2120,2107,2103,-1,2120,2103,2102,-1,2101,2100,2104,-1,2101,2104,2121,-1,2121,2104,2114,-1,2121,2114,2122,-1,2122,2114,2113,-1,2122,2113,2123,-1,2123,2113,2112,-1,2123,2112,2124,-1,2124,2112,2111,-1,2124,2111,2125,-1,2125,2111,2105,-1,2125,2105,2115,-1,2126,2090,2089,-1,2126,2089,2127,-1,2127,2089,2088,-1,2127,2088,2128,-1,2128,2088,2087,-1,2128,2087,2129,-1,2129,2087,2086,-1,2129,2086,2130,-1,2130,2086,2085,-1,2130,2085,2131,-1,2131,2085,2078,-1,2131,2078,2077,-1,2082,2081,2084,-1,2082,2084,2132,-1,2132,2084,2083,-1,2132,2083,2133,-1,2133,2083,2093,-1,2133,2093,2134,-1,2134,2093,2092,-1,2134,2092,2135,-1,2135,2092,2091,-1,2135,2091,2136,-1,2136,2091,2090,-1,2136,2090,2126,-1,
        ]
    }
}
Shape{
    appearance Appearance {
        material  Material 	{
            diffuseColor 1.0 1.0 1.0
            specularColor 0.5019607843137255 0.5019607843137255 0.5019607843137255
            ambientIntensity 1.0
            transparency 0.0
            shininess 0.5
        }
    }
    geometry IndexedFaceSet {
        ccw TRUE
        solid FALSE
        coord DEF co Coordinate {
            point [
                1.6339 1.1215 0.4421, 1.6339 1.1215 0.4338, 1.6339 1.1215 0.4421, 1.6339 1.1215 0.4338, 1.6339 1.0928 0.4421, 1.6339 1.0928 0.4421, 1.6339 1.0928 0.5059, 1.6339 1.0928 0.5059, 1.6339 1.0835 0.5059, 1.6339 1.0835 0.5059, 1.6339 1.0835 0.4338, 1.6339 1.0835 0.4338, 1.6339 1.1784 0.4368, 1.6339 1.1784 0.4368, 1.6339 1.1772 0.4362, 1.6339 1.1694 0.4337, 1.6339 1.1584 0.4326, 1.6339 1.1648 0.4332, 1.6339 1.1584 0.4326, 1.6339 1.1694 0.4337, 1.6339 1.1753 0.4356, 1.6339 1.1772 0.4362, 1.6339 1.1784 0.4457, 1.6339 1.1784 0.4457, 1.6339 1.1753 0.4444, 1.6339 1.1715 0.4426, 1.6339 1.1715 0.4426, 1.6339 1.1634 0.4411, 1.6339 1.1634 0.4411, 1.6339 1.1598 0.4409, 1.6339 1.1598 0.4409, 1.6339 1.1523 0.4418, 1.6339 1.1523 0.4418, 1.6339 1.1472 0.4439, 1.6339 1.1472 0.4439, 1.6339 1.1426 0.4472, 1.6339 1.1426 0.4472, 1.6339 1.1413 0.4485, 1.6339 1.1413 0.4485, 1.6339 1.1376 0.4537, 1.6339 1.1376 0.4537, 1.6339 1.1353 0.4595, 1.6339 1.1353 0.4595, 1.6339 1.1342 0.4684, 1.6339 1.1342 0.4684, 1.6339 1.1342 0.4691, 1.6339 1.1342 0.4691, 1.6339 1.1351 0.478, 1.6339 1.1351 0.478, 1.6339 1.1374 0.4844, 1.6339 1.1374 0.4844, 1.6339 1.1408 0.4896, 1.6339 1.1408 0.4896, 1.6339 1.1418 0.4907, 1.6339 1.1418 0.4907, 1.6339 1.1464 0.4946, 1.6339 1.1464 0.4946, 1.6339 1.152 0.4973, 1.6339 1.152 0.4973, 1.6339 1.1582 0.4986, 1.6339 1.1582 0.4986, 1.6339 1.1614 0.4987, 1.6339 1.1614 0.4987, 1.6339 1.1784 0.4944, 1.6339 1.1784 0.4944, 1.6339 1.1772 0.4951, 1.6339 1.1698 0.4978, 1.6339 1.1698 0.4978, 1.6339 1.1753 0.4958, 1.6339 1.1772 0.4951, 1.6339 1.1784 0.5042, 1.6339 1.1784 0.5042, 1.6339 1.1613 0.5071, 1.6339 1.1613 0.5071, 1.6339 1.162 0.5071, 1.6339 1.1753 0.5051, 1.6339 1.1713 0.5063, 1.6339 1.1713 0.5063, 1.6339 1.1687 0.5065, 1.6339 1.162 0.5071, 1.6339 1.1522 0.5062, 1.6339 1.1555 0.5065, 1.6339 1.1522 0.5062, 1.6339 1.1445 0.5035, 1.6339 1.1445 0.5035, 1.6339 1.1373 0.4988, 1.6339 1.1373 0.4988, 1.6339 1.1348 0.4965, 1.6339 1.1348 0.4965, 1.6339 1.1299 0.4901, 1.6339 1.1299 0.4901, 1.6339 1.1277 0.4851, 1.6339 1.1264 0.4822, 1.6339 1.1264 0.4822, 1.6339 1.1246 0.4729, 1.6339 1.1246 0.4729, 1.6339 1.1244 0.4685, 1.6339 1.1244 0.4685, 1.6339 1.1258 0.457, 1.6339 1.1258 0.457, 1.6339 1.1277 0.4521, 1.6339 1.1287 0.4494, 1.6339 1.1287 0.4494, 1.6339 1.133 0.4432, 1.6339 1.133 0.4432, 1.6339 1.1337 0.4425, 1.6339 1.1337 0.4425, 1.6339 1.1541 0.4328, 1.6339 1.1395 0.4376, 1.6339 1.1395 0.4376, 1.6339 1.1463 0.4344, 1.6339 1.1463 0.4344, 1.6339 1.1521 0.4332, 1.6339 1.1541 0.4328, 1.6339 1.2316 0.4421, 1.6339 1.2316 0.4338, 1.6339 1.2316 0.4421, 1.6339 1.2316 0.4338, 1.6339 1.2021 0.4421, 1.6339 1.2021 0.4421, 1.6339 1.2216 0.4421, 1.6339 1.2021 0.4663, 1.6339 1.2021 0.4663, 1.6339 1.2279 0.4663, 1.6339 1.2279 0.4663, 1.6339 1.2216 0.4663, 1.6339 1.2279 0.4746, 1.6339 1.2279 0.4746, 1.6339 1.2021 0.4746, 1.6339 1.2021 0.4746, 1.6339 1.2216 0.4746, 1.6339 1.2021 0.4976, 1.6339 1.2021 0.4976, 1.6339 1.2299 0.4976, 1.6339 1.2299 0.4976, 1.6339 1.2216 0.4976, 1.6339 1.2299 0.5059, 1.6339 1.2299 0.5059, 1.6339 1.1928 0.5059, 1.6339 1.1928 0.5059, 1.6339 1.2216 0.5059, 1.6339 1.1928 0.4338, 1.6339 1.1928 0.4338, 1.6339 1.2216 0.4338, 1.6339 1.2939 0.4664, 1.6339 1.3036 0.4658, 1.6339 1.2941 0.4705, 1.6339 1.3039 0.4708, 1.6339 1.2931 0.4791, 1.6339 1.3029 0.4797, 1.6339 1.2912 0.4844, 1.6339 1.3004 0.4867, 1.6339 1.2884 0.4886, 1.6339 1.2961 0.4932, 1.6339 1.2862 0.4908, 1.6339 1.293 0.4964, 1.6339 1.2806 0.4945, 1.6339 1.2862 0.5011, 1.6339 1.2743 0.4967, 1.6339 1.2776 0.5045, 1.6339 1.2654 0.4976, 1.6339 1.2657 0.5059, 1.6339 1.2545 0.4976, 1.6339 1.2452 0.5059, 1.6339 1.2545 0.4421, 1.6339 1.2452 0.4338, 1.6339 1.265 0.4421, 1.6339 1.265 0.4338, 1.6339 1.2739 0.443, 1.6339 1.2771 0.4353, 1.6339 1.2801 0.4452, 1.6339 1.2853 0.4385, 1.6339 1.2849 0.4483, 1.6339 1.2923 0.4433, 1.6339 1.2864 0.4496, 1.6339 1.293 0.4439, 1.6339 1.2901 0.4543, 1.6339 1.2982 0.45, 1.6339 1.2926 0.4597, 1.6339 1.3018 0.4574, 1.6339 1.265 0.4338, 1.6339 1.2452 0.4338, 1.6339 1.2771 0.4353, 1.6339 1.2853 0.4385, 1.6339 1.2923 0.4433, 1.6339 1.293 0.4439, 1.6339 1.2982 0.45, 1.6339 1.3018 0.4574, 1.6339 1.3036 0.4658, 1.6339 1.3039 0.4708, 1.6339 1.3029 0.4797, 1.6339 1.3004 0.4867, 1.6339 1.2961 0.4932, 1.6339 1.293 0.4964, 1.6339 1.2862 0.5011, 1.6339 1.2776 0.5045, 1.6339 1.2657 0.5059, 1.6339 1.2452 0.5059, 1.6339 1.2654 0.4976, 1.6339 1.2545 0.4976, 1.6339 1.2545 0.4421, 1.6339 1.265 0.4421, 1.6339 1.2864 0.4496, 1.6339 1.2849 0.4483, 1.6339 1.2801 0.4452, 1.6339 1.2739 0.443, 1.6339 1.2941 0.4705, 1.6339 1.2939 0.4664, 1.6339 1.2926 0.4597, 1.6339 1.2901 0.4543, 1.6339 1.2862 0.4908, 1.6339 1.2884 0.4886, 1.6339 1.2912 0.4844, 1.6339 1.2931 0.4791, 1.6339 1.2743 0.4967, 1.6339 1.2806 0.4945
            ]
        }
        coordIndex [
            0,1,2,-1,2,1,3,-1,4,0,5,-1,5,0,2,-1,6,4,7,-1,7,4,5,-1,8,6,9,-1,9,6,7,-1,10,8,11,-1,11,8,9,-1,1,10,3,-1,3,10,11,-1,6,8,4,-1,4,8,10,-1,4,10,0,-1,0,10,1,-1,12,13,14,-1,15,16,17,-1,17,16,18,-1,17,19,15,-1,15,19,20,-1,15,20,14,-1,14,20,21,-1,14,21,12,-1,22,13,23,-1,23,13,12,-1,22,23,24,-1,22,24,25,-1,24,26,25,-1,25,26,27,-1,25,27,28,-1,28,27,29,-1,28,29,30,-1,30,29,31,-1,30,31,32,-1,32,31,33,-1,32,33,34,-1,34,33,35,-1,34,35,36,-1,36,35,37,-1,36,37,38,-1,38,37,39,-1,38,39,40,-1,40,39,41,-1,40,41,42,-1,42,41,43,-1,42,43,44,-1,44,43,45,-1,44,45,46,-1,46,45,47,-1,46,47,48,-1,48,47,49,-1,48,49,50,-1,50,49,51,-1,50,51,52,-1,52,51,53,-1,52,53,54,-1,54,53,55,-1,54,55,56,-1,56,55,57,-1,56,57,58,-1,58,57,59,-1,58,59,60,-1,60,59,61,-1,60,61,62,-1,63,64,65,-1,62,61,66,-1,62,66,67,-1,67,66,68,-1,67,68,65,-1,65,68,69,-1,65,69,63,-1,70,64,71,-1,71,64,63,-1,72,73,74,-1,70,71,75,-1,70,75,76,-1,75,77,76,-1,76,77,78,-1,76,78,74,-1,74,78,79,-1,74,79,72,-1,80,73,81,-1,81,73,72,-1,81,82,80,-1,80,82,83,-1,80,83,84,-1,84,83,85,-1,84,85,86,-1,86,85,87,-1,86,87,88,-1,88,87,89,-1,88,89,90,-1,90,89,91,-1,90,91,92,-1,91,93,92,-1,92,93,94,-1,92,94,95,-1,95,94,96,-1,95,96,97,-1,97,96,98,-1,97,98,99,-1,99,98,100,-1,99,100,101,-1,100,102,101,-1,101,102,103,-1,101,103,104,-1,104,103,105,-1,104,105,106,-1,18,16,107,-1,106,105,108,-1,106,108,109,-1,109,108,110,-1,109,110,111,-1,111,110,112,-1,111,112,107,-1,107,112,113,-1,107,113,18,-1,65,64,70,-1,13,22,14,-1,14,22,25,-1,14,25,15,-1,15,25,28,-1,15,28,16,-1,16,28,30,-1,16,30,107,-1,107,30,32,-1,107,32,111,-1,48,50,90,-1,106,38,104,-1,104,38,40,-1,104,40,101,-1,111,32,109,-1,109,32,34,-1,109,34,106,-1,106,34,36,-1,106,36,38,-1,101,40,99,-1,99,40,42,-1,99,42,97,-1,90,50,88,-1,65,70,67,-1,67,70,76,-1,67,76,62,-1,62,76,74,-1,62,74,60,-1,60,74,73,-1,60,73,58,-1,58,73,80,-1,58,80,56,-1,80,84,56,-1,56,84,86,-1,56,86,54,-1,54,86,88,-1,54,88,52,-1,52,88,50,-1,42,44,97,-1,97,44,46,-1,97,46,95,-1,95,46,48,-1,95,48,92,-1,92,48,90,-1,114,115,116,-1,116,115,117,-1,118,119,120,-1,120,119,114,-1,120,114,116,-1,121,119,122,-1,122,119,118,-1,123,124,125,-1,125,124,121,-1,125,121,122,-1,126,124,127,-1,127,124,123,-1,128,129,130,-1,130,129,126,-1,130,126,127,-1,131,129,132,-1,132,129,128,-1,133,134,135,-1,135,134,131,-1,135,131,132,-1,136,134,137,-1,137,134,133,-1,138,139,140,-1,140,139,136,-1,140,136,137,-1,141,139,142,-1,142,139,138,-1,117,115,143,-1,143,115,141,-1,143,141,142,-1,141,115,114,-1,114,119,141,-1,141,119,121,-1,141,121,139,-1,134,136,131,-1,131,136,139,-1,131,139,129,-1,129,139,121,-1,129,121,126,-1,126,121,124,-1,144,145,146,-1,146,145,147,-1,146,147,148,-1,148,147,149,-1,148,149,150,-1,150,149,151,-1,150,151,152,-1,152,151,153,-1,152,153,154,-1,154,153,155,-1,154,155,156,-1,156,155,157,-1,156,157,158,-1,158,157,159,-1,158,159,160,-1,160,159,161,-1,160,161,162,-1,162,161,163,-1,162,163,164,-1,164,163,165,-1,164,165,166,-1,166,165,167,-1,166,167,168,-1,168,167,169,-1,168,169,170,-1,170,169,171,-1,170,171,172,-1,172,171,173,-1,172,173,174,-1,174,173,175,-1,174,175,176,-1,176,175,177,-1,176,177,178,-1,178,177,179,-1,178,179,144,-1,144,179,145,-1,167,165,180,-1,180,165,181,-1,167,180,182,-1,167,182,169,-1,169,182,183,-1,169,183,171,-1,171,183,184,-1,171,184,173,-1,173,184,185,-1,173,185,175,-1,175,185,186,-1,175,186,177,-1,177,186,187,-1,177,187,179,-1,179,187,188,-1,179,188,145,-1,145,188,189,-1,145,189,147,-1,147,189,190,-1,147,190,149,-1,149,190,191,-1,149,191,151,-1,151,191,192,-1,151,192,153,-1,153,192,193,-1,153,193,155,-1,155,193,194,-1,155,194,157,-1,157,194,195,-1,157,195,159,-1,159,195,196,-1,159,196,161,-1,163,161,197,-1,197,161,196,-1,165,163,181,-1,181,163,197,-1,160,162,198,-1,198,162,199,-1,162,164,199,-1,199,164,200,-1,164,166,200,-1,200,166,201,-1,174,202,203,-1,174,203,172,-1,172,203,204,-1,172,204,170,-1,170,204,205,-1,170,205,168,-1,168,205,201,-1,168,201,166,-1,146,206,207,-1,146,207,144,-1,144,207,208,-1,144,208,178,-1,178,208,209,-1,178,209,176,-1,176,209,202,-1,176,202,174,-1,154,210,211,-1,154,211,152,-1,152,211,212,-1,152,212,150,-1,150,212,213,-1,150,213,148,-1,148,213,206,-1,148,206,146,-1,160,198,214,-1,160,214,158,-1,158,214,215,-1,158,215,156,-1,156,215,210,-1,156,210,154,-1,
        ]
    }
}
Shape{
    appearance Appearance {
        material  Material 	{
            diffuseColor 0.25098039215686274 0.25098039215686274 0.25098039215686274
            specularColor 0.12549019607843137 0.12549019607843137 0.12549019607843137
            ambientIntensity 0.251
            transparency 0.0
            shininess 0.5
        }
    }
    geometry IndexedFaceSet {
        ccw TRUE
        solid FALSE
        coord DEF co Coordinate {
            point [
                1.6339 1.2545 0.4976, 1.6339 1.2545 0.4421, 1.6339 1.2654 0.4976, 1.6339 1.265 0.4421, 1.6339 1.2739 0.443, 1.6339 1.2801 0.4452, 1.6339 1.2849 0.4483, 1.6339 1.2864 0.4496, 1.6339 1.2901 0.4543, 1.6339 1.2926 0.4597, 1.6339 1.2939 0.4664, 1.6339 1.2941 0.4705, 1.6339 1.2931 0.4791, 1.6339 1.2912 0.4844, 1.6339 1.2884 0.4886, 1.6339 1.2862 0.4908, 1.6339 1.2743 0.4967, 1.6339 1.2806 0.4945
            ]
        }
        coordIndex [
            0,1,2,-1,2,1,3,-1,2,3,4,-1,4,5,2,-1,2,5,6,-1,2,6,7,-1,7,8,2,-1,2,8,9,-1,2,9,10,-1,10,11,2,-1,2,11,12,-1,2,12,13,-1,13,14,2,-1,2,14,15,-1,2,15,16,-1,16,15,17,-1,
        ]
    }
}
Shape{
    appearance Appearance {
        material  Material 	{
            diffuseColor 1.0 1.0 1.0
            specularColor 0.5019607843137255 0.5019607843137255 0.5019607843137255
            ambientIntensity 1.0
            transparency 0.0
            shininess 0.5
        }
    }
    geometry IndexedFaceSet {
        ccw TRUE
        solid FALSE
        coord DEF co Coordinate {
            point [
                1.6339 1.328 0.4617, 1.6339 1.3251 0.4536, 1.6339 1.3522 0.4617, 1.6339 1.3551 0.4536, 1.6339 1.3388 0.4916, 1.6339 1.3353 0.5059, 1.6339 1.3079 0.4338, 1.6339 1.3181 0.4338, 1.6339 1.3394 0.4938, 1.6339 1.34 0.4967, 1.6339 1.3452 0.5059, 1.6339 1.3402 0.4967, 1.6339 1.3408 0.4936, 1.6339 1.3413 0.4916, 1.6339 1.3727 0.4338, 1.6339 1.3624 0.4338, 1.6339 1.3452 0.5059, 1.6339 1.3727 0.4338, 1.6339 1.3353 0.5059, 1.6339 1.3079 0.4338, 1.6339 1.3286 0.4884, 1.6339 1.3181 0.4338, 1.6339 1.3251 0.4536, 1.6339 1.3551 0.4536, 1.6339 1.3286 0.4536, 1.6339 1.3624 0.4338, 1.6339 1.328 0.4617, 1.6339 1.3522 0.4617, 1.6339 1.3413 0.4916, 1.6339 1.3402 0.4967, 1.6339 1.3408 0.4936, 1.6339 1.34 0.4967, 1.6339 1.3388 0.4916, 1.6339 1.3394 0.4938
            ]
        }
        coordIndex [
            0,1,2,-1,2,1,3,-1,4,5,0,-1,0,5,6,-1,0,6,1,-1,1,6,7,-1,4,8,5,-1,5,8,9,-1,5,9,10,-1,10,9,11,-1,10,11,12,-1,12,13,10,-1,10,13,2,-1,10,2,14,-1,14,2,3,-1,14,3,15,-1,10,14,16,-1,16,14,17,-1,5,10,18,-1,18,10,16,-1,19,6,20,-1,20,6,5,-1,20,5,18,-1,7,6,21,-1,21,6,19,-1,1,7,22,-1,22,7,21,-1,23,3,24,-1,24,3,1,-1,24,1,22,-1,15,3,25,-1,25,3,23,-1,14,15,17,-1,17,15,25,-1,0,2,26,-1,26,2,27,-1,2,13,27,-1,27,13,28,-1,11,29,30,-1,11,30,12,-1,12,30,28,-1,12,28,13,-1,11,9,29,-1,29,9,31,-1,4,32,33,-1,4,33,8,-1,8,33,31,-1,8,31,9,-1,4,0,32,-1,32,0,26,-1,
        ]
    }
}
Shape{
    appearance Appearance {
        material  Material 	{
            diffuseColor 0.25098039215686274 0.25098039215686274 0.25098039215686274
            specularColor 0.12549019607843137 0.12549019607843137 0.12549019607843137
            ambientIntensity 0.251
            transparency 0.0
            shininess 0.5
        }
    }
    geometry IndexedFaceSet {
        ccw TRUE
        solid FALSE
        coord DEF co Coordinate {
            point [
                1.6339 1.3402 0.4967, 1.6339 1.34 0.4967, 1.6339 1.3408 0.4936, 1.6339 1.3394 0.4938, 1.6339 1.3413 0.4916, 1.6339 1.3388 0.4916, 1.6339 1.3522 0.4617, 1.6339 1.328 0.4617
            ]
        }
        coordIndex [
            0,1,2,-1,2,1,3,-1,2,3,4,-1,4,3,5,-1,4,5,6,-1,6,5,7,-1,
        ]
    }
}
Shape{
    appearance Appearance {
        material  Material 	{
            diffuseColor 1.0 1.0 1.0
            specularColor 0.5019607843137255 0.5019607843137255 0.5019607843137255
            ambientIntensity 1.0
            transparency 0.0
            shininess 0.5
        }
    }
    geometry IndexedFaceSet {
        ccw TRUE
        solid FALSE
        coord DEF co Coordinate {
            point [
                1.6339 1.1222 0.3277, 1.6339 1.1222 0.3195, 1.6339 1.1222 0.3277, 1.6339 1.1222 0.3195, 1.6339 1.0928 0.3277, 1.6339 1.0928 0.3277, 1.6339 1.0928 0.352, 1.6339 1.0928 0.352, 1.6339 1.1186 0.352, 1.6339 1.1186 0.352, 1.6339 1.1186 0.3602, 1.6339 1.1186 0.3602, 1.6339 1.0928 0.3602, 1.6339 1.0928 0.3602, 1.6339 1.0928 0.3833, 1.6339 1.0928 0.3833, 1.6339 1.1206 0.3833, 1.6339 1.1206 0.3833, 1.6339 1.1206 0.3916, 1.6339 1.1206 0.3916, 1.6339 1.0835 0.3916, 1.6339 1.0835 0.3916, 1.6339 1.0835 0.3195, 1.6339 1.0835 0.3195, 1.6339 1.163 0.3275, 1.6339 1.1632 0.3275, 1.6339 1.1626 0.3358, 1.6339 1.1411 0.3484, 1.6339 1.1437 0.3415, 1.6339 1.146 0.3426, 1.6339 1.1632 0.3398, 1.6339 1.1722 0.3526, 1.6339 1.1632 0.3404, 1.6339 1.1632 0.3453, 1.6339 1.1632 0.3195, 1.6339 1.1722 0.3195, 1.6339 1.148 0.3501, 1.6339 1.1512 0.3437, 1.6339 1.1632 0.3522, 1.6339 1.1613 0.3326, 1.6339 1.1593 0.3299, 1.6339 1.1616 0.3253, 1.6339 1.1582 0.3288, 1.6339 1.1587 0.3223, 1.6339 1.1557 0.3271, 1.6339 1.1555 0.3201, 1.6339 1.1529 0.3261, 1.6339 1.1519 0.3188, 1.6339 1.1495 0.3257, 1.6339 1.1472 0.3183, 1.6339 1.1465 0.3261, 1.6339 1.1418 0.3189, 1.6339 1.1445 0.3268, 1.6339 1.1383 0.3202, 1.6339 1.1427 0.328, 1.6339 1.1353 0.3224, 1.6339 1.1419 0.3288, 1.6339 1.1424 0.3406, 1.6339 1.1373 0.3464, 1.6339 1.1414 0.3392, 1.6339 1.1345 0.344, 1.6339 1.1406 0.3375, 1.6339 1.1327 0.3415, 1.6339 1.1401 0.3355, 1.6339 1.1359 0.3674, 1.6339 1.1359 0.3586, 1.6339 1.1384 0.3688, 1.6339 1.1423 0.3626, 1.6339 1.1452 0.3712, 1.6339 1.148 0.3644, 1.6339 1.1536 0.3722, 1.6339 1.1528 0.3648, 1.6339 1.159 0.3717, 1.6339 1.1558 0.3645, 1.6339 1.1628 0.3705, 1.6339 1.1579 0.3638, 1.6339 1.1658 0.3688, 1.6339 1.1595 0.3628, 1.6339 1.1682 0.3666, 1.6339 1.1609 0.3613, 1.6339 1.1701 0.3637, 1.6339 1.162 0.3594, 1.6339 1.1715 0.3596, 1.6339 1.1629 0.3562, 1.6339 1.1315 0.3383, 1.6339 1.1309 0.3344, 1.6339 1.14 0.334, 1.6339 1.1309 0.3333, 1.6339 1.1403 0.332, 1.6339 1.1313 0.3292, 1.6339 1.1409 0.3303, 1.6339 1.1324 0.3262, 1.6339 1.1343 0.3234, 1.6339 1.1536 0.3722, 1.6339 1.1452 0.3712, 1.6339 1.1384 0.3688, 1.6339 1.1359 0.3674, 1.6339 1.1359 0.3586, 1.6339 1.1423 0.3626, 1.6339 1.148 0.3644, 1.6339 1.1528 0.3648, 1.6339 1.1558 0.3645, 1.6339 1.1579 0.3638, 1.6339 1.1595 0.3628, 1.6339 1.1609 0.3613, 1.6339 1.162 0.3594, 1.6339 1.1629 0.3562, 1.6339 1.1632 0.3522, 1.6339 1.148 0.3501, 1.6339 1.1411 0.3484, 1.6339 1.1373 0.3464, 1.6339 1.1345 0.344, 1.6339 1.1327 0.3415, 1.6339 1.1315 0.3383, 1.6339 1.1309 0.3344, 1.6339 1.1309 0.3333, 1.6339 1.1313 0.3292, 1.6339 1.1324 0.3262, 1.6339 1.1343 0.3234, 1.6339 1.1353 0.3224, 1.6339 1.1472 0.3183, 1.6339 1.142 0.3189, 1.6339 1.1418 0.3189, 1.6339 1.1383 0.3202, 1.6339 1.1519 0.3188, 1.6339 1.1521 0.3189, 1.6339 1.1555 0.3201, 1.6339 1.1587 0.3223, 1.6339 1.1616 0.3253, 1.6339 1.163 0.3275, 1.6339 1.1632 0.3275, 1.6339 1.1632 0.3195, 1.6339 1.1722 0.3195, 1.6339 1.1722 0.3526, 1.6339 1.1715 0.3596, 1.6339 1.1701 0.3637, 1.6339 1.1682 0.3666, 1.6339 1.1658 0.3688, 1.6339 1.1628 0.3705, 1.6339 1.159 0.3717, 1.6339 1.1424 0.3406, 1.6339 1.1437 0.3415, 1.6339 1.146 0.3426, 1.6339 1.1512 0.3437, 1.6339 1.14 0.334, 1.6339 1.1401 0.3355, 1.6339 1.1406 0.3375, 1.6339 1.1414 0.3392, 1.6339 1.1427 0.328, 1.6339 1.1419 0.3288, 1.6339 1.1409 0.3303, 1.6339 1.1403 0.332, 1.6339 1.1495 0.3257, 1.6339 1.1465 0.3261, 1.6339 1.1445 0.3268, 1.6339 1.1593 0.3299, 1.6339 1.1582 0.3288, 1.6339 1.1557 0.3271, 1.6339 1.1529 0.3261, 1.6339 1.1632 0.3404, 1.6339 1.1632 0.3398, 1.6339 1.1626 0.3358, 1.6339 1.1613 0.3326, 1.6339 1.1632 0.3453
            ]
        }
        coordIndex [
            0,1,2,-1,2,1,3,-1,4,0,5,-1,5,0,2,-1,6,4,7,-1,7,4,5,-1,8,6,9,-1,9,6,7,-1,10,8,11,-1,11,8,9,-1,12,10,13,-1,13,10,11,-1,14,12,15,-1,15,12,13,-1,16,14,17,-1,17,14,15,-1,18,16,19,-1,19,16,17,-1,20,18,21,-1,21,18,19,-1,22,20,23,-1,23,20,21,-1,1,22,3,-1,3,22,23,-1,22,1,0,-1,0,4,22,-1,22,4,6,-1,22,6,20,-1,16,18,14,-1,14,18,20,-1,14,20,12,-1,12,20,6,-1,12,6,10,-1,10,6,8,-1,24,25,26,-1,27,28,29,-1,30,31,32,-1,32,31,33,-1,34,35,25,-1,25,35,31,-1,25,31,26,-1,26,31,30,-1,27,29,36,-1,36,29,37,-1,36,37,38,-1,26,39,24,-1,24,39,40,-1,24,40,41,-1,41,40,42,-1,41,42,43,-1,43,42,44,-1,43,44,45,-1,45,44,46,-1,45,46,47,-1,47,46,48,-1,47,48,49,-1,49,48,50,-1,49,50,51,-1,51,50,52,-1,51,52,53,-1,53,52,54,-1,53,54,55,-1,55,54,56,-1,28,27,57,-1,57,27,58,-1,57,58,59,-1,59,58,60,-1,59,60,61,-1,61,60,62,-1,61,62,63,-1,64,65,66,-1,66,65,67,-1,66,67,68,-1,68,67,69,-1,68,69,70,-1,70,69,71,-1,70,71,72,-1,72,71,73,-1,72,73,74,-1,74,73,75,-1,74,75,76,-1,76,75,77,-1,76,77,78,-1,78,77,79,-1,78,79,80,-1,80,79,81,-1,80,81,82,-1,82,81,83,-1,82,83,31,-1,31,83,38,-1,31,38,33,-1,33,38,37,-1,62,84,63,-1,63,84,85,-1,63,85,86,-1,86,85,87,-1,86,87,88,-1,88,87,89,-1,88,89,90,-1,90,89,91,-1,90,91,56,-1,56,91,92,-1,56,92,55,-1,70,93,94,-1,70,94,68,-1,68,94,95,-1,68,95,66,-1,66,95,96,-1,66,96,64,-1,65,64,97,-1,97,64,96,-1,65,97,98,-1,65,98,67,-1,67,98,99,-1,67,99,69,-1,69,99,100,-1,69,100,71,-1,71,100,101,-1,71,101,73,-1,73,101,102,-1,73,102,75,-1,75,102,103,-1,75,103,77,-1,77,103,104,-1,77,104,79,-1,79,104,105,-1,79,105,81,-1,81,105,106,-1,81,106,83,-1,83,106,107,-1,83,107,38,-1,36,38,108,-1,108,38,107,-1,36,108,109,-1,36,109,27,-1,27,109,110,-1,27,110,58,-1,58,110,111,-1,58,111,60,-1,60,111,112,-1,60,112,62,-1,62,112,113,-1,62,113,84,-1,84,113,114,-1,84,114,85,-1,85,114,115,-1,85,115,87,-1,87,115,116,-1,87,116,89,-1,89,116,117,-1,89,117,91,-1,91,117,118,-1,91,118,92,-1,92,118,119,-1,92,119,55,-1,120,49,121,-1,121,49,51,-1,121,51,122,-1,122,51,53,-1,122,53,123,-1,123,53,55,-1,123,55,119,-1,49,120,124,-1,49,124,47,-1,47,124,125,-1,47,125,45,-1,125,126,45,-1,45,126,127,-1,45,127,43,-1,43,127,128,-1,43,128,41,-1,41,128,129,-1,41,129,24,-1,25,24,130,-1,130,24,129,-1,34,25,131,-1,131,25,130,-1,35,34,132,-1,132,34,131,-1,31,35,133,-1,133,35,132,-1,31,133,134,-1,31,134,82,-1,82,134,135,-1,82,135,80,-1,80,135,136,-1,80,136,78,-1,78,136,137,-1,78,137,76,-1,76,137,138,-1,76,138,74,-1,74,138,139,-1,74,139,72,-1,72,139,93,-1,72,93,70,-1,57,140,141,-1,57,141,28,-1,28,141,142,-1,28,142,29,-1,29,142,143,-1,29,143,37,-1,86,144,145,-1,86,145,63,-1,63,145,146,-1,63,146,61,-1,61,146,147,-1,61,147,59,-1,59,147,140,-1,59,140,57,-1,54,148,149,-1,54,149,56,-1,56,149,150,-1,56,150,90,-1,90,150,151,-1,90,151,88,-1,88,151,144,-1,88,144,86,-1,48,152,153,-1,48,153,50,-1,50,153,154,-1,50,154,52,-1,52,154,148,-1,52,148,54,-1,40,155,156,-1,40,156,42,-1,42,156,157,-1,42,157,44,-1,44,157,158,-1,44,158,46,-1,46,158,152,-1,46,152,48,-1,32,159,160,-1,32,160,30,-1,30,160,161,-1,30,161,26,-1,26,161,162,-1,26,162,39,-1,39,162,155,-1,39,155,40,-1,32,33,159,-1,159,33,163,-1,33,37,163,-1,163,37,143,-1,
        ]
    }
}
Shape{
    appearance Appearance {
        material  Material 	{
            diffuseColor 0.25098039215686274 0.25098039215686274 0.25098039215686274
            specularColor 0.12549019607843137 0.12549019607843137 0.12549019607843137
            ambientIntensity 0.251
            transparency 0.0
            shininess 0.5
        }
    }
    geometry IndexedFaceSet {
        ccw TRUE
        solid FALSE
        coord DEF co Coordinate {
            point [
                1.6339 1.1632 0.3453, 1.6339 1.1512 0.3437, 1.6339 1.1632 0.3404, 1.6339 1.146 0.3426, 1.6339 1.1437 0.3415, 1.6339 1.1424 0.3406, 1.6339 1.1632 0.3398, 1.6339 1.1626 0.3358, 1.6339 1.1414 0.3392, 1.6339 1.1613 0.3326, 1.6339 1.1419 0.3288, 1.6339 1.1427 0.328, 1.6339 1.1582 0.3288, 1.6339 1.1409 0.3303, 1.6339 1.1557 0.3271, 1.6339 1.1529 0.3261, 1.6339 1.1495 0.3257, 1.6339 1.1406 0.3375, 1.6339 1.1401 0.3355, 1.6339 1.1593 0.3299, 1.6339 1.14 0.334, 1.6339 1.1403 0.332, 1.6339 1.1445 0.3268, 1.6339 1.1465 0.3261
            ]
        }
        coordIndex [
            0,1,2,-1,2,1,3,-1,3,4,2,-1,2,4,5,-1,2,5,6,-1,6,5,7,-1,7,5,8,-1,7,8,9,-1,10,11,12,-1,10,12,13,-1,14,12,15,-1,15,12,16,-1,8,17,9,-1,9,17,18,-1,9,18,19,-1,19,18,20,-1,19,20,12,-1,12,20,21,-1,12,21,13,-1,11,22,12,-1,12,22,23,-1,12,23,16,-1,
        ]
    }
}
Shape{
    appearance Appearance {
        material  Material 	{
            diffuseColor 1.0 1.0 1.0
            specularColor 0.5019607843137255 0.5019607843137255 0.5019607843137255
            ambientIntensity 1.0
            transparency 0.0
            shininess 0.5
        }
    }
    geometry IndexedFaceSet {
        ccw TRUE
        solid FALSE
        coord DEF co Coordinate {
            point [
                1.6339 1.1845 0.3306, 1.6339 1.1845 0.3306, 1.6339 1.188 0.3285, 1.6339 1.1993 0.3257, 1.6339 1.1993 0.3257, 1.6339 1.1937 0.3263, 1.6339 1.1937 0.3263, 1.6339 1.1886 0.3282, 1.6339 1.188 0.3285, 1.6339 1.1845 0.3213, 1.6339 1.1845 0.3213, 1.6339 1.1909 0.3191, 1.6339 1.1886 0.3199, 1.6339 1.1984 0.3183, 1.6339 1.1984 0.3183, 1.6339 1.1925 0.3189, 1.6339 1.1909 0.3191, 1.6339 1.2065 0.3192, 1.6339 1.2036 0.3189, 1.6339 1.2065 0.3192, 1.6339 1.2112 0.3211, 1.6339 1.2112 0.3211, 1.6339 1.2134 0.3224, 1.6339 1.2134 0.3224, 1.6339 1.216 0.3247, 1.6339 1.216 0.3247, 1.6339 1.2177 0.327, 1.6339 1.2177 0.327, 1.6339 1.2188 0.3299, 1.6339 1.2188 0.3299, 1.6339 1.2192 0.3335, 1.6339 1.2192 0.3335, 1.6339 1.2189 0.3369, 1.6339 1.2189 0.3369, 1.6339 1.2179 0.3395, 1.6339 1.2179 0.3395, 1.6339 1.2162 0.342, 1.6339 1.2162 0.342, 1.6339 1.2141 0.344, 1.6339 1.2141 0.344, 1.6339 1.2081 0.3473, 1.6339 1.2081 0.3473, 1.6339 1.2046 0.3487, 1.6339 1.2046 0.3487, 1.6339 1.199 0.3511, 1.6339 1.199 0.3511, 1.6339 1.1958 0.3531, 1.6339 1.1958 0.3531, 1.6339 1.1949 0.3541, 1.6339 1.1949 0.3541, 1.6339 1.1943 0.3553, 1.6339 1.1943 0.3553, 1.6339 1.1939 0.3567, 1.6339 1.1939 0.3567, 1.6339 1.1938 0.3579, 1.6339 1.1938 0.3579, 1.6339 1.194 0.3594, 1.6339 1.194 0.3594, 1.6339 1.1944 0.3606, 1.6339 1.1944 0.3606, 1.6339 1.1952 0.3617, 1.6339 1.1952 0.3617, 1.6339 1.1966 0.3629, 1.6339 1.1966 0.3629, 1.6339 1.1986 0.364, 1.6339 1.1986 0.364, 1.6339 1.201 0.3646, 1.6339 1.201 0.3646, 1.6339 1.2037 0.3648, 1.6339 1.2037 0.3648, 1.6339 1.2096 0.3642, 1.6339 1.2096 0.3642, 1.6339 1.2147 0.3623, 1.6339 1.2147 0.3623, 1.6339 1.2168 0.3611, 1.6339 1.2168 0.3611, 1.6339 1.2168 0.3699, 1.6339 1.2168 0.3699, 1.6339 1.2097 0.3718, 1.6339 1.2097 0.3718, 1.6339 1.2046 0.3722, 1.6339 1.2046 0.3722, 1.6339 1.1979 0.3714, 1.6339 1.1979 0.3714, 1.6339 1.1929 0.3697, 1.6339 1.1929 0.3697, 1.6339 1.1903 0.3681, 1.6339 1.1903 0.3681, 1.6339 1.1876 0.3657, 1.6339 1.1886 0.3666, 1.6339 1.1876 0.3657, 1.6339 1.186 0.3632, 1.6339 1.186 0.3632, 1.6339 1.1849 0.3603, 1.6339 1.1849 0.3603, 1.6339 1.1845 0.3571, 1.6339 1.1845 0.3571, 1.6339 1.1849 0.3536, 1.6339 1.1849 0.3536, 1.6339 1.1859 0.3508, 1.6339 1.1859 0.3508, 1.6339 1.1871 0.349, 1.6339 1.1871 0.349, 1.6339 1.1982 0.3421, 1.6339 1.1982 0.3421, 1.6339 1.1928 0.3446, 1.6339 1.1886 0.3474, 1.6339 1.1886 0.3474, 1.6339 1.1886 0.3474, 1.6339 1.1928 0.3446, 1.6339 1.2041 0.3397, 1.6339 1.2041 0.3397, 1.6339 1.2076 0.3375, 1.6339 1.2076 0.3375, 1.6339 1.2088 0.3364, 1.6339 1.2088 0.3364, 1.6339 1.2095 0.3352, 1.6339 1.2095 0.3352, 1.6339 1.2099 0.3338, 1.6339 1.2099 0.3338, 1.6339 1.21 0.3326, 1.6339 1.21 0.3326, 1.6339 1.2098 0.3309, 1.6339 1.2098 0.3309, 1.6339 1.2093 0.3296, 1.6339 1.2093 0.3296, 1.6339 1.2085 0.3285, 1.6339 1.2085 0.3285, 1.6339 1.2075 0.3275, 1.6339 1.2075 0.3275, 1.6339 1.2067 0.327, 1.6339 1.2067 0.327, 1.6339 1.2043 0.3262, 1.6339 1.2043 0.3262, 1.6339 1.1997 0.3257, 1.6339 1.1997 0.3257, 1.6339 1.264 0.371, 1.6339 1.2733 0.371, 1.6339 1.264 0.371, 1.6339 1.2733 0.371, 1.6339 1.2499 0.3322, 1.6339 1.2499 0.3322, 1.6339 1.2492 0.3298, 1.6339 1.2492 0.3298, 1.6339 1.2488 0.3281, 1.6339 1.2488 0.3281, 1.6339 1.2486 0.3281, 1.6339 1.2486 0.3281, 1.6339 1.2475 0.3323, 1.6339 1.2475 0.3323, 1.6339 1.234 0.371, 1.6339 1.234 0.371, 1.6339 1.2384 0.3585, 1.6339 1.2239 0.371, 1.6339 1.2239 0.371, 1.6339 1.2441 0.3196, 1.6339 1.2441 0.3196, 1.6339 1.2384 0.3342, 1.6339 1.2402 0.3103, 1.6339 1.2402 0.3103, 1.6339 1.2438 0.3189, 1.6339 1.2384 0.307, 1.6339 1.2384 0.307, 1.6339 1.2384 0.307, 1.6339 1.2367 0.3052, 1.6339 1.2367 0.3052, 1.6339 1.2351 0.304, 1.6339 1.2351 0.304, 1.6339 1.2331 0.3033, 1.6339 1.2331 0.3033, 1.6339 1.2309 0.303, 1.6339 1.2309 0.303, 1.6339 1.2276 0.3034, 1.6339 1.2276 0.3034, 1.6339 1.2258 0.304, 1.6339 1.2258 0.304, 1.6339 1.2258 0.296, 1.6339 1.2258 0.296, 1.6339 1.2296 0.2954, 1.6339 1.2296 0.2954, 1.6339 1.2316 0.2953, 1.6339 1.2316 0.2953, 1.6339 1.2353 0.2957, 1.6339 1.2353 0.2957, 1.6339 1.2384 0.2969, 1.6339 1.2388 0.2971, 1.6339 1.2388 0.2971, 1.6339 1.242 0.2993, 1.6339 1.242 0.2993, 1.6339 1.2426 0.2998, 1.6339 1.2426 0.2998, 1.6339 1.2459 0.3038, 1.6339 1.2459 0.3038, 1.6339 1.25 0.3117, 1.6339 1.25 0.3117, 1.6339 1.2528 0.3189, 1.6339 1.3218 0.3277, 1.6339 1.3218 0.3195, 1.6339 1.3218 0.3277, 1.6339 1.3218 0.3195, 1.6339 1.2924 0.3277, 1.6339 1.2924 0.3277, 1.6339 1.3059 0.3277, 1.6339 1.2924 0.352, 1.6339 1.2924 0.352, 1.6339 1.3181 0.352, 1.6339 1.3181 0.352, 1.6339 1.3059 0.352, 1.6339 1.3181 0.3602, 1.6339 1.3181 0.3602, 1.6339 1.2924 0.3602, 1.6339 1.2924 0.3602, 1.6339 1.3059 0.3602, 1.6339 1.2924 0.3833, 1.6339 1.2924 0.3833, 1.6339 1.3202 0.3833, 1.6339 1.3202 0.3833, 1.6339 1.3059 0.3833, 1.6339 1.3202 0.3916, 1.6339 1.3202 0.3916, 1.6339 1.2831 0.3916, 1.6339 1.2831 0.3916, 1.6339 1.3059 0.3916, 1.6339 1.2831 0.3195, 1.6339 1.2831 0.3195, 1.6339 1.3059 0.3195, 1.6339 1.3841 0.3521, 1.6339 1.3938 0.3515, 1.6339 1.3843 0.3562, 1.6339 1.3941 0.3565, 1.6339 1.3834 0.3647, 1.6339 1.3932 0.3653, 1.6339 1.3814 0.3701, 1.6339 1.3907 0.3724, 1.6339 1.3787 0.3742, 1.6339 1.3864 0.3789, 1.6339 1.3764 0.3765, 1.6339 1.3832 0.382, 1.6339 1.3709 0.3802, 1.6339 1.3764 0.3868, 1.6339 1.3646 0.3823, 1.6339 1.3678 0.3902, 1.6339 1.3556 0.3833, 1.6339 1.356 0.3916, 1.6339 1.3447 0.3833, 1.6339 1.3354 0.3916, 1.6339 1.3447 0.3277, 1.6339 1.3354 0.3195, 1.6339 1.3552 0.3277, 1.6339 1.3553 0.3195, 1.6339 1.3642 0.3287, 1.6339 1.3673 0.321, 1.6339 1.3704 0.3309, 1.6339 1.3756 0.3241, 1.6339 1.3752 0.334, 1.6339 1.3825 0.329, 1.6339 1.3766 0.3353, 1.6339 1.3832 0.3296, 1.6339 1.3804 0.34, 1.6339 1.3884 0.3357, 1.6339 1.3828 0.3454, 1.6339 1.392 0.3431, 1.6339 1.3553 0.3195, 1.6339 1.3354 0.3195, 1.6339 1.3673 0.321, 1.6339 1.3756 0.3241, 1.6339 1.3825 0.329, 1.6339 1.3832 0.3296, 1.6339 1.3884 0.3357, 1.6339 1.392 0.3431, 1.6339 1.3938 0.3515, 1.6339 1.3941 0.3565, 1.6339 1.3932 0.3653, 1.6339 1.3907 0.3724, 1.6339 1.3864 0.3789, 1.6339 1.3832 0.382, 1.6339 1.3764 0.3868, 1.6339 1.3678 0.3902, 1.6339 1.356 0.3916, 1.6339 1.3354 0.3916, 1.6339 1.3556 0.3833, 1.6339 1.3447 0.3833, 1.6339 1.3447 0.3277, 1.6339 1.3552 0.3277, 1.6339 1.3766 0.3353, 1.6339 1.3752 0.334, 1.6339 1.3704 0.3309, 1.6339 1.3642 0.3287, 1.6339 1.3843 0.3562, 1.6339 1.3841 0.3521, 1.6339 1.3828 0.3454, 1.6339 1.3804 0.34, 1.6339 1.3764 0.3765, 1.6339 1.3787 0.3742, 1.6339 1.3814 0.3701, 1.6339 1.3834 0.3647, 1.6339 1.3646 0.3823, 1.6339 1.3709 0.3802
            ]
        }
        coordIndex [
            0,1,2,-1,3,4,5,-1,3,5,6,-1,6,5,7,-1,6,7,2,-1,2,7,8,-1,2,8,0,-1,9,1,10,-1,10,1,0,-1,11,9,12,-1,12,9,10,-1,13,14,15,-1,15,14,11,-1,15,11,16,-1,16,11,12,-1,17,14,18,-1,18,14,13,-1,18,19,17,-1,17,19,20,-1,17,20,21,-1,21,20,22,-1,21,22,23,-1,23,22,24,-1,23,24,25,-1,25,24,26,-1,25,26,27,-1,27,26,28,-1,27,28,29,-1,29,28,30,-1,29,30,31,-1,31,30,32,-1,31,32,33,-1,33,32,34,-1,33,34,35,-1,35,34,36,-1,35,36,37,-1,37,36,38,-1,37,38,39,-1,39,38,40,-1,39,40,41,-1,41,40,42,-1,41,42,43,-1,43,42,44,-1,43,44,45,-1,45,44,46,-1,45,46,47,-1,47,46,48,-1,47,48,49,-1,49,48,50,-1,49,50,51,-1,51,50,52,-1,51,52,53,-1,53,52,54,-1,53,54,55,-1,55,54,56,-1,55,56,57,-1,57,56,58,-1,57,58,59,-1,59,58,60,-1,59,60,61,-1,61,60,62,-1,61,62,63,-1,63,62,64,-1,63,64,65,-1,65,64,66,-1,65,66,67,-1,67,66,68,-1,67,68,69,-1,69,68,70,-1,69,70,71,-1,71,70,72,-1,71,72,73,-1,73,72,74,-1,73,74,75,-1,76,75,77,-1,77,75,74,-1,76,77,78,-1,76,78,79,-1,79,78,80,-1,79,80,81,-1,81,80,82,-1,81,82,83,-1,83,82,84,-1,83,84,85,-1,85,84,86,-1,85,86,87,-1,88,87,89,-1,89,87,86,-1,89,90,88,-1,88,90,91,-1,88,91,92,-1,92,91,93,-1,92,93,94,-1,94,93,95,-1,94,95,96,-1,96,95,97,-1,96,97,98,-1,98,97,99,-1,98,99,100,-1,100,99,101,-1,100,101,102,-1,103,104,105,-1,102,101,106,-1,102,106,107,-1,107,106,108,-1,107,108,105,-1,105,108,109,-1,105,109,103,-1,104,103,110,-1,104,110,111,-1,111,110,112,-1,111,112,113,-1,113,112,114,-1,113,114,115,-1,115,114,116,-1,115,116,117,-1,117,116,118,-1,117,118,119,-1,119,118,120,-1,119,120,121,-1,121,120,122,-1,121,122,123,-1,123,122,124,-1,123,124,125,-1,125,124,126,-1,125,126,127,-1,127,126,128,-1,127,128,129,-1,129,128,130,-1,129,130,131,-1,131,130,132,-1,131,132,133,-1,133,132,134,-1,133,134,135,-1,135,134,4,-1,135,4,3,-1,61,63,85,-1,85,63,83,-1,111,43,104,-1,104,43,45,-1,21,23,127,-1,127,23,25,-1,127,25,125,-1,125,25,27,-1,125,27,123,-1,123,27,29,-1,123,29,121,-1,121,29,31,-1,121,31,119,-1,119,31,33,-1,119,33,117,-1,117,33,35,-1,117,35,115,-1,115,35,37,-1,115,37,113,-1,113,37,39,-1,113,39,111,-1,111,39,41,-1,111,41,43,-1,14,3,11,-1,11,3,6,-1,11,6,9,-1,9,6,2,-1,9,2,1,-1,63,65,83,-1,83,65,67,-1,83,67,81,-1,81,67,69,-1,81,69,79,-1,79,69,71,-1,79,71,76,-1,76,71,73,-1,76,73,75,-1,127,129,21,-1,21,129,131,-1,21,131,17,-1,17,131,133,-1,17,133,14,-1,14,133,135,-1,14,135,3,-1,85,87,61,-1,61,87,88,-1,61,88,59,-1,59,88,92,-1,59,92,57,-1,57,92,94,-1,57,94,55,-1,55,94,96,-1,55,96,53,-1,53,96,98,-1,53,98,51,-1,51,98,100,-1,51,100,49,-1,49,100,102,-1,49,102,47,-1,47,102,107,-1,47,107,45,-1,45,107,105,-1,45,105,104,-1,136,137,138,-1,138,137,139,-1,140,136,141,-1,141,136,138,-1,140,141,142,-1,140,142,143,-1,143,142,144,-1,143,144,145,-1,146,145,147,-1,147,145,144,-1,148,146,149,-1,149,146,147,-1,150,151,152,-1,152,151,148,-1,152,148,149,-1,153,151,154,-1,154,151,150,-1,155,156,157,-1,157,156,153,-1,157,153,154,-1,158,159,160,-1,160,159,156,-1,160,156,155,-1,159,158,161,-1,159,161,162,-1,162,161,163,-1,162,163,164,-1,163,165,164,-1,164,165,166,-1,164,166,167,-1,167,166,168,-1,167,168,169,-1,169,168,170,-1,169,170,171,-1,171,170,172,-1,171,172,173,-1,173,172,174,-1,173,174,175,-1,176,175,177,-1,177,175,174,-1,176,177,178,-1,176,178,179,-1,179,178,180,-1,179,180,181,-1,181,180,182,-1,181,182,183,-1,183,182,184,-1,183,184,185,-1,184,186,185,-1,185,186,187,-1,185,187,188,-1,188,187,189,-1,188,189,190,-1,190,189,191,-1,190,191,192,-1,192,191,193,-1,192,193,194,-1,139,137,195,-1,195,137,194,-1,195,194,193,-1,143,145,194,-1,137,136,194,-1,194,136,140,-1,194,140,143,-1,151,153,148,-1,148,153,156,-1,148,156,146,-1,192,162,190,-1,190,162,164,-1,175,176,173,-1,173,176,179,-1,173,179,171,-1,171,179,181,-1,171,181,169,-1,169,181,183,-1,169,183,167,-1,167,183,185,-1,167,185,164,-1,164,185,188,-1,164,188,190,-1,145,146,194,-1,194,146,156,-1,194,156,192,-1,192,156,159,-1,192,159,162,-1,196,197,198,-1,198,197,199,-1,200,201,202,-1,202,201,196,-1,202,196,198,-1,203,201,204,-1,204,201,200,-1,205,206,207,-1,207,206,203,-1,207,203,204,-1,208,206,209,-1,209,206,205,-1,210,211,212,-1,212,211,208,-1,212,208,209,-1,213,211,214,-1,214,211,210,-1,215,216,217,-1,217,216,213,-1,217,213,214,-1,218,216,219,-1,219,216,215,-1,220,221,222,-1,222,221,218,-1,222,218,219,-1,223,221,224,-1,224,221,220,-1,199,197,225,-1,225,197,223,-1,225,223,224,-1,216,218,213,-1,213,218,221,-1,213,221,211,-1,197,196,223,-1,223,196,201,-1,223,201,203,-1,206,208,203,-1,203,208,211,-1,203,211,223,-1,223,211,221,-1,226,227,228,-1,228,227,229,-1,228,229,230,-1,230,229,231,-1,230,231,232,-1,232,231,233,-1,232,233,234,-1,234,233,235,-1,234,235,236,-1,236,235,237,-1,236,237,238,-1,238,237,239,-1,238,239,240,-1,240,239,241,-1,240,241,242,-1,242,241,243,-1,242,243,244,-1,244,243,245,-1,244,245,246,-1,246,245,247,-1,246,247,248,-1,248,247,249,-1,248,249,250,-1,250,249,251,-1,250,251,252,-1,252,251,253,-1,252,253,254,-1,254,253,255,-1,254,255,256,-1,256,255,257,-1,256,257,258,-1,258,257,259,-1,258,259,260,-1,260,259,261,-1,260,261,226,-1,226,261,227,-1,249,247,262,-1,262,247,263,-1,249,262,264,-1,249,264,251,-1,251,264,265,-1,251,265,253,-1,253,265,266,-1,253,266,255,-1,255,266,267,-1,255,267,257,-1,257,267,268,-1,257,268,259,-1,259,268,269,-1,259,269,261,-1,261,269,270,-1,261,270,227,-1,227,270,271,-1,227,271,229,-1,229,271,272,-1,229,272,231,-1,231,272,273,-1,231,273,233,-1,233,273,274,-1,233,274,235,-1,235,274,275,-1,235,275,237,-1,237,275,276,-1,237,276,239,-1,239,276,277,-1,239,277,241,-1,241,277,278,-1,241,278,243,-1,245,243,279,-1,279,243,278,-1,247,245,263,-1,263,245,279,-1,242,244,280,-1,280,244,281,-1,244,246,281,-1,281,246,282,-1,246,248,282,-1,282,248,283,-1,256,284,285,-1,256,285,254,-1,254,285,286,-1,254,286,252,-1,252,286,287,-1,252,287,250,-1,250,287,283,-1,250,283,248,-1,228,288,289,-1,228,289,226,-1,226,289,290,-1,226,290,260,-1,260,290,291,-1,260,291,258,-1,258,291,284,-1,258,284,256,-1,236,292,293,-1,236,293,234,-1,234,293,294,-1,234,294,232,-1,232,294,295,-1,232,295,230,-1,230,295,288,-1,230,288,228,-1,242,280,296,-1,242,296,240,-1,240,296,297,-1,240,297,238,-1,238,297,292,-1,238,292,236,-1,
        ]
    }
}
Shape{
    appearance Appearance {
        material  Material 	{
            diffuseColor 0.25098039215686274 0.25098039215686274 0.25098039215686274
            specularColor 0.12549019607843137 0.12549019607843137 0.12549019607843137
            ambientIntensity 0.251
            transparency 0.0
            shininess 0.5
        }
    }
    geometry IndexedFaceSet {
        ccw TRUE
        solid FALSE
        coord DEF co Coordinate {
            point [
                1.6339 1.3447 0.3833, 1.6339 1.3447 0.3277, 1.6339 1.3556 0.3833, 1.6339 1.3552 0.3277, 1.6339 1.3642 0.3287, 1.6339 1.3704 0.3309, 1.6339 1.3752 0.334, 1.6339 1.3766 0.3353, 1.6339 1.3804 0.34, 1.6339 1.3828 0.3454, 1.6339 1.3841 0.3521, 1.6339 1.3843 0.3562, 1.6339 1.3834 0.3647, 1.6339 1.3814 0.3701, 1.6339 1.3787 0.3742, 1.6339 1.3764 0.3765, 1.6339 1.3646 0.3823, 1.6339 1.3709 0.3802
            ]
        }
        coordIndex [
            0,1,2,-1,2,1,3,-1,2,3,4,-1,4,5,2,-1,2,5,6,-1,2,6,7,-1,7,8,2,-1,2,8,9,-1,2,9,10,-1,10,11,2,-1,2,11,12,-1,2,12,13,-1,13,14,2,-1,2,14,15,-1,2,15,16,-1,16,15,17,-1,
        ]
    }
}
Shape{
    appearance Appearance {
        material  Material 	{
            diffuseColor 1.0 1.0 1.0
            specularColor 0.5019607843137255 0.5019607843137255 0.5019607843137255
            ambientIntensity 1.0
            transparency 0.0
            shininess 0.5
        }
    }
    geometry IndexedFaceSet {
        ccw TRUE
        solid FALSE
        coord DEF co Coordinate {
            point [
                1.6339 1.4183 0.3474, 1.6339 1.4153 0.3392, 1.6339 1.4424 0.3474, 1.6339 1.4453 0.3392, 1.6339 1.429 0.3773, 1.6339 1.4255 0.3916, 1.6339 1.3981 0.3195, 1.6339 1.4084 0.3195, 1.6339 1.4297 0.3795, 1.6339 1.4302 0.3824, 1.6339 1.4355 0.3916, 1.6339 1.4304 0.3824, 1.6339 1.431 0.3793, 1.6339 1.4316 0.3773, 1.6339 1.4629 0.3195, 1.6339 1.4527 0.3195, 1.6339 1.4355 0.3916, 1.6339 1.4629 0.3195, 1.6339 1.4255 0.3916, 1.6339 1.3981 0.3195, 1.6339 1.4084 0.3195, 1.6339 1.4153 0.3392, 1.6339 1.4453 0.3392, 1.6339 1.4527 0.3195, 1.6339 1.4183 0.3474, 1.6339 1.4424 0.3474, 1.6339 1.4316 0.3773, 1.6339 1.4304 0.3824, 1.6339 1.431 0.3793, 1.6339 1.4302 0.3824, 1.6339 1.429 0.3773, 1.6339 1.4297 0.3795
            ]
        }
        coordIndex [
            0,1,2,-1,2,1,3,-1,4,5,0,-1,0,5,6,-1,0,6,1,-1,1,6,7,-1,4,8,5,-1,5,8,9,-1,5,9,10,-1,10,9,11,-1,10,11,12,-1,12,13,10,-1,10,13,2,-1,10,2,14,-1,14,2,3,-1,14,3,15,-1,10,14,16,-1,16,14,17,-1,5,10,18,-1,18,10,16,-1,6,5,19,-1,19,5,18,-1,7,6,20,-1,20,6,19,-1,1,7,21,-1,21,7,20,-1,3,1,22,-1,22,1,21,-1,15,3,23,-1,23,3,22,-1,14,15,17,-1,17,15,23,-1,0,2,24,-1,24,2,25,-1,2,13,25,-1,25,13,26,-1,11,27,28,-1,11,28,12,-1,12,28,26,-1,12,26,13,-1,11,9,27,-1,27,9,29,-1,4,30,31,-1,4,31,8,-1,8,31,29,-1,8,29,9,-1,4,0,30,-1,30,0,24,-1,
        ]
    }
}
Shape{
    appearance Appearance {
        material  Material 	{
            diffuseColor 0.25098039215686274 0.25098039215686274 0.25098039215686274
            specularColor 0.12549019607843137 0.12549019607843137 0.12549019607843137
            ambientIntensity 0.251
            transparency 0.0
            shininess 0.5
        }
    }
    geometry IndexedFaceSet {
        ccw TRUE
        solid FALSE
        coord DEF co Coordinate {
            point [
                1.6339 1.4304 0.3824, 1.6339 1.4302 0.3824, 1.6339 1.431 0.3793, 1.6339 1.4297 0.3795, 1.6339 1.4316 0.3773, 1.6339 1.429 0.3773, 1.6339 1.4424 0.3474, 1.6339 1.4183 0.3474
            ]
        }
        coordIndex [
            0,1,2,-1,2,1,3,-1,2,3,4,-1,4,3,5,-1,4,5,6,-1,6,5,7,-1,
        ]
    }
}
Shape{
    appearance Appearance {
        material  Material 	{
            diffuseColor 1.0 1.0 1.0
            specularColor 0.5019607843137255 0.5019607843137255 0.5019607843137255
            ambientIntensity 1.0
            transparency 0.0
            shininess 0.5
        }
    }
    geometry IndexedFaceSet {
        ccw TRUE
        solid FALSE
        coord DEF co Coordinate {
            point [
                1.6339 0.7516 0.4436, 1.6339 0.763 0.4497, 1.6339 0.7604 0.4812, 1.6339 0.8506 0.3072, 1.6339 0.8567 0.3186, 1.6339 0.8597 0.3312, 1.6339 0.7924 0.4827, 1.6339 0.8083 0.4453, 1.6339 0.8161 0.4615, 1.6339 0.7893 0.3299, 1.6339 0.7883 0.3347, 1.6339 0.7606 0.3546, 1.6339 0.7601 0.3203, 1.6339 0.7536 0.3222, 1.6339 0.7494 0.3615, 1.6339 0.7806 0.4837, 1.6339 0.9317 0.3797, 1.6339 0.9159 0.4069, 1.6339 0.86 0.3418, 1.6339 0.8472 0.371, 1.6339 0.86 0.3367, 1.6339 0.8326 0.2914, 1.6339 0.8428 0.2985, 1.6339 0.7913 0.3256, 1.6339 0.7729 0.2999, 1.6339 0.7653 0.3093, 1.6339 0.8029 0.4949, 1.6339 0.8276 0.4753, 1.6339 0.8149 0.5053, 1.6339 0.8413 0.4853, 1.6339 0.8274 0.513, 1.6339 0.7756 0.4527, 1.6339 0.7811 0.453, 1.6339 0.7865 0.4834, 1.6339 0.7933 0.4515, 1.6339 0.8047 0.4472, 1.6339 0.8245 0.3246, 1.6339 0.8217 0.3214, 1.6339 0.8178 0.3186, 1.6339 0.8212 0.287, 1.6339 0.8134 0.3169, 1.6339 0.8088 0.2855, 1.6339 0.8083 0.3162, 1.6339 0.8068 0.2855, 1.6339 0.8074 0.3162, 1.6339 0.7947 0.2874, 1.6339 0.8028 0.317, 1.6339 0.7829 0.2923, 1.6339 0.7982 0.319, 1.6339 0.7942 0.322, 1.6339 0.8269 0.3433, 1.6339 0.8281 0.3386, 1.6339 0.8281 0.3339, 1.6339 0.8269 0.329, 1.6339 0.976 0.3229, 1.6339 0.9607 0.3512, 1.6339 0.9589 0.3193, 1.6339 0.9558 0.3505, 1.6339 0.9287 0.3193, 1.6339 0.9328 0.3505, 1.6339 0.9258 0.3197, 1.6339 0.7886 0.3397, 1.6339 0.7901 0.3445, 1.6339 0.7662 0.3656, 1.6339 0.7927 0.3488, 1.6339 0.7747 0.3753, 1.6339 0.7948 0.3509, 1.6339 0.7852 0.3826, 1.6339 0.7988 0.3538, 1.6339 0.7965 0.3869, 1.6339 0.8032 0.3555, 1.6339 0.8088 0.3884, 1.6339 0.8083 0.3562, 1.6339 0.815 0.3881, 1.6339 0.8125 0.3557, 1.6339 0.8273 0.385, 1.6339 0.8173 0.354, 1.6339 0.8382 0.3792, 1.6339 0.8214 0.3512, 1.6339 0.8247 0.3475, 1.6339 0.9486 0.4305, 1.6339 0.9527 0.4305, 1.6339 0.9737 0.4581, 1.6339 0.9612 0.4295, 1.6339 0.9762 0.4573, 1.6339 0.9703 0.4264, 1.6339 0.9915 0.4497, 1.6339 0.9784 0.4211, 1.6339 1.0054 0.438, 1.6339 0.9851 0.4139, 1.6339 1.0158 0.4234, 1.6339 0.99 0.405, 1.6339 1.0221 0.4078, 1.6339 0.9924 0.3952, 1.6339 1.0245 0.391, 1.6339 0.9927 0.3905, 1.6339 1.0221 0.3728, 1.6339 0.9918 0.3819, 1.6339 1.0157 0.3565, 1.6339 0.9886 0.3726, 1.6339 1.0055 0.3423, 1.6339 0.9832 0.3645, 1.6339 0.9916 0.3305, 1.6339 0.9785 0.3597, 1.6339 0.9702 0.3544, 1.6339 0.9461 0.4986, 1.6339 0.9259 0.4751, 1.6339 0.9631 0.4789, 1.6339 0.9375 0.4613, 1.6339 0.9455 0.4448, 1.6339 0.7314 0.4142, 1.6339 0.6977 0.4056, 1.6339 0.7299 0.4018, 1.6339 0.6976 0.4007, 1.6339 0.7305 0.3938, 1.6339 0.7001 0.3806, 1.6339 0.7342 0.3812, 1.6339 0.7074 0.3616, 1.6339 0.7402 0.371, 1.6339 0.7191 0.3449, 1.6339 0.7351 0.3313, 1.6339 0.8511 0.5221, 1.6339 0.858 0.4921, 1.6339 0.8764 0.5252, 1.6339 0.8769 0.4945, 1.6339 0.8975 0.523, 1.6339 0.8943 0.4924, 1.6339 0.9232 0.514, 1.6339 0.9104 0.4862, 1.6339 0.9248 0.4762, 1.6339 0.7414 0.4739, 1.6339 0.7251 0.4624, 1.6339 0.7429 0.4358, 1.6339 0.7217 0.4591, 1.6339 0.7358 0.4256, 1.6339 0.7093 0.4433, 1.6339 0.7012 0.4249, 1.6339 0.9302 0.351, 1.6339 0.9179 0.3246, 1.6339 0.9191 0.3234, 1.6339 0.9317 0.3507, 1.6339 0.9224 0.3211, 1.6339 0.9138 0.3352, 1.6339 0.9143 0.3313, 1.6339 0.9156 0.3279, 1.6339 0.9257 0.3505, 1.6339 0.9222 0.3491, 1.6339 0.9139 0.3372, 1.6339 0.919 0.3469, 1.6339 0.9169 0.3446, 1.6339 0.915 0.3411, 1.6339 0.9297 0.351, 1.6339 1.0245 0.391, 1.6339 1.0221 0.4078, 1.6339 1.0088 0.4332, 1.6339 1.0204 0.4121, 1.6339 1.0158 0.4234, 1.6339 1.0054 0.438, 1.6339 0.9915 0.4497, 1.6339 0.9762 0.4573, 1.6339 0.9737 0.4581, 1.6339 0.9631 0.4789, 1.6339 0.9461 0.4986, 1.6339 0.9343 0.5065, 1.6339 0.9232 0.514, 1.6339 0.8975 0.523, 1.6339 0.8764 0.5252, 1.6339 0.8149 0.5053, 1.6339 0.8169 0.5065, 1.6339 0.8274 0.513, 1.6339 0.8511 0.5221, 1.6339 0.8029 0.4949, 1.6339 0.7924 0.4827, 1.6339 0.7865 0.4834, 1.6339 0.7806 0.4837, 1.6339 0.7604 0.4812, 1.6339 0.7414 0.4739, 1.6339 0.7251 0.4624, 1.6339 0.7217 0.4591, 1.6339 0.6976 0.4007, 1.6339 0.7093 0.4433, 1.6339 0.7049 0.4332, 1.6339 0.7012 0.4249, 1.6339 0.6989 0.4121, 1.6339 0.6977 0.4056, 1.6339 0.7001 0.3806, 1.6339 0.7074 0.3616, 1.6339 0.7191 0.3449, 1.6339 0.7351 0.3313, 1.6339 0.7536 0.3222, 1.6339 0.7601 0.3203, 1.6339 0.7607 0.3189, 1.6339 0.7653 0.3093, 1.6339 0.7729 0.2999, 1.6339 0.7829 0.2923, 1.6339 0.7876 0.2904, 1.6339 0.7947 0.2874, 1.6339 0.8068 0.2855, 1.6339 0.8088 0.2855, 1.6339 0.86 0.3367, 1.6339 0.8212 0.287, 1.6339 0.83 0.2904, 1.6339 0.8326 0.2914, 1.6339 0.8428 0.2985, 1.6339 0.8506 0.3072, 1.6339 0.8567 0.3186, 1.6339 0.8568 0.3189, 1.6339 0.8597 0.3312, 1.6339 0.86 0.3418, 1.6339 0.9317 0.3797, 1.6339 0.9159 0.4069, 1.6339 0.8472 0.371, 1.6339 0.8382 0.3792, 1.6339 0.8273 0.385, 1.6339 0.815 0.3881, 1.6339 0.8088 0.3884, 1.6339 0.7965 0.3869, 1.6339 0.7852 0.3826, 1.6339 0.7747 0.3753, 1.6339 0.7662 0.3656, 1.6339 0.7606 0.3546, 1.6339 0.7494 0.3615, 1.6339 0.7402 0.371, 1.6339 0.7342 0.3812, 1.6339 0.7305 0.3938, 1.6339 0.7299 0.4018, 1.6339 0.7311 0.4121, 1.6339 0.7314 0.4142, 1.6339 0.7358 0.4256, 1.6339 0.7411 0.4332, 1.6339 0.7429 0.4358, 1.6339 0.7516 0.4436, 1.6339 0.763 0.4497, 1.6339 0.7756 0.4527, 1.6339 0.7811 0.453, 1.6339 0.7933 0.4515, 1.6339 0.8047 0.4472, 1.6339 0.8083 0.4453, 1.6339 0.8161 0.4615, 1.6339 0.8276 0.4753, 1.6339 0.8413 0.4853, 1.6339 0.858 0.4921, 1.6339 0.8769 0.4945, 1.6339 0.9486 0.4305, 1.6339 0.948 0.4332, 1.6339 0.9455 0.4448, 1.6339 0.9375 0.4613, 1.6339 0.9259 0.4751, 1.6339 0.9248 0.4762, 1.6339 0.9104 0.4862, 1.6339 0.8943 0.4924, 1.6339 0.9527 0.4305, 1.6339 0.9612 0.4295, 1.6339 0.9703 0.4264, 1.6339 0.9784 0.4211, 1.6339 0.9851 0.4139, 1.6339 0.9861 0.4121, 1.6339 0.99 0.405, 1.6339 0.9924 0.3952, 1.6339 0.9927 0.3905, 1.6339 0.9918 0.3819, 1.6339 0.9886 0.3726, 1.6339 0.9832 0.3645, 1.6339 0.9785 0.3597, 1.6339 0.9702 0.3544, 1.6339 0.9607 0.3512, 1.6339 0.9558 0.3505, 1.6339 0.9328 0.3505, 1.6339 0.9317 0.3507, 1.6339 0.9302 0.351, 1.6339 0.9297 0.351, 1.6339 0.9257 0.3505, 1.6339 0.9222 0.3491, 1.6339 0.919 0.3469, 1.6339 0.9169 0.3446, 1.6339 0.915 0.3411, 1.6339 0.9139 0.3372, 1.6339 0.9138 0.3352, 1.6339 0.9143 0.3313, 1.6339 0.9156 0.3279, 1.6339 0.9179 0.3246, 1.6339 0.9191 0.3234, 1.6339 0.9224 0.3211, 1.6339 0.9258 0.3197, 1.6339 0.9287 0.3193, 1.6339 0.9589 0.3193, 1.6339 0.976 0.3229, 1.6339 0.9916 0.3305, 1.6339 1.0055 0.3423, 1.6339 1.0157 0.3565, 1.6339 1.0221 0.3728, 1.6339 0.8083 0.3562, 1.6339 0.8125 0.3557, 1.6339 0.8173 0.354, 1.6339 0.8214 0.3512, 1.6339 0.8247 0.3475, 1.6339 0.8269 0.3433, 1.6339 0.8281 0.3386, 1.6339 0.8281 0.3339, 1.6339 0.8269 0.329, 1.6339 0.8245 0.3246, 1.6339 0.8217 0.3214, 1.6339 0.8178 0.3186, 1.6339 0.8134 0.3169, 1.6339 0.8083 0.3162, 1.6339 0.8074 0.3162, 1.6339 0.8028 0.317, 1.6339 0.7982 0.319, 1.6339 0.7942 0.322, 1.6339 0.7913 0.3256, 1.6339 0.7893 0.3299, 1.6339 0.7883 0.3347, 1.6339 0.7886 0.3397, 1.6339 0.7901 0.3445, 1.6339 0.7927 0.3488, 1.6339 0.7948 0.3509, 1.6339 0.7988 0.3538, 1.6339 0.8032 0.3555
            ]
        }
        coordIndex [
            0,1,2,-1,3,4,5,-1,6,7,8,-1,9,10,11,-1,12,11,13,-1,13,11,14,-1,2,1,15,-1,16,17,18,-1,18,17,19,-1,18,19,20,-1,20,19,21,-1,20,21,5,-1,5,21,22,-1,5,22,3,-1,23,9,24,-1,24,9,11,-1,24,11,25,-1,25,11,12,-1,6,8,26,-1,26,8,27,-1,26,27,28,-1,28,27,29,-1,28,29,30,-1,1,31,15,-1,15,31,32,-1,15,32,33,-1,33,32,34,-1,33,34,6,-1,6,34,35,-1,6,35,7,-1,36,37,21,-1,21,37,38,-1,21,38,39,-1,39,38,40,-1,39,40,41,-1,41,40,42,-1,41,42,43,-1,43,42,44,-1,43,44,45,-1,45,44,46,-1,45,46,47,-1,47,46,48,-1,47,48,24,-1,24,48,49,-1,24,49,23,-1,50,51,19,-1,19,51,52,-1,19,52,21,-1,21,52,53,-1,21,53,36,-1,54,55,56,-1,56,55,57,-1,56,57,58,-1,58,57,59,-1,58,59,60,-1,10,61,11,-1,11,61,62,-1,11,62,63,-1,63,62,64,-1,63,64,65,-1,65,64,66,-1,65,66,67,-1,67,66,68,-1,67,68,69,-1,69,68,70,-1,69,70,71,-1,71,70,72,-1,71,72,73,-1,73,72,74,-1,73,74,75,-1,75,74,76,-1,75,76,77,-1,77,76,78,-1,77,78,19,-1,19,78,79,-1,19,79,50,-1,80,81,82,-1,82,81,83,-1,82,83,84,-1,84,83,85,-1,84,85,86,-1,86,85,87,-1,86,87,88,-1,88,87,89,-1,88,89,90,-1,90,89,91,-1,90,91,92,-1,92,91,93,-1,92,93,94,-1,94,93,95,-1,94,95,96,-1,96,95,97,-1,96,97,98,-1,98,97,99,-1,98,99,100,-1,100,99,101,-1,100,101,102,-1,102,101,103,-1,102,103,54,-1,54,103,104,-1,54,104,55,-1,105,106,107,-1,107,106,108,-1,107,108,82,-1,82,108,109,-1,82,109,80,-1,110,111,112,-1,112,111,113,-1,112,113,114,-1,114,113,115,-1,114,115,116,-1,116,115,117,-1,116,117,118,-1,118,117,119,-1,118,119,14,-1,14,119,120,-1,14,120,13,-1,30,29,121,-1,121,29,122,-1,121,122,123,-1,123,122,124,-1,123,124,125,-1,125,124,126,-1,125,126,127,-1,127,126,128,-1,127,128,105,-1,105,128,129,-1,105,129,106,-1,2,130,0,-1,0,130,131,-1,0,131,132,-1,132,131,133,-1,132,133,134,-1,134,133,135,-1,134,135,110,-1,110,135,136,-1,110,136,111,-1,137,138,139,-1,59,140,60,-1,60,140,137,-1,60,137,141,-1,141,137,139,-1,142,143,137,-1,137,143,144,-1,137,144,138,-1,145,146,147,-1,146,148,147,-1,147,148,149,-1,147,149,150,-1,142,137,147,-1,147,137,151,-1,147,151,145,-1,94,152,153,-1,154,88,90,-1,94,153,92,-1,92,153,155,-1,92,155,90,-1,90,155,156,-1,90,156,154,-1,154,157,88,-1,88,157,158,-1,88,158,86,-1,86,158,159,-1,86,159,84,-1,84,159,160,-1,84,160,82,-1,82,160,161,-1,82,161,107,-1,107,161,162,-1,107,162,105,-1,105,162,163,-1,105,163,127,-1,163,164,127,-1,127,164,165,-1,127,165,125,-1,125,165,166,-1,125,166,123,-1,167,28,168,-1,168,28,30,-1,168,30,169,-1,169,30,121,-1,169,121,170,-1,170,121,123,-1,170,123,166,-1,28,167,171,-1,28,171,26,-1,26,171,172,-1,26,172,6,-1,6,172,173,-1,6,173,33,-1,33,173,174,-1,33,174,15,-1,15,174,175,-1,15,175,2,-1,2,175,176,-1,2,176,130,-1,130,176,177,-1,130,177,131,-1,131,177,178,-1,131,178,133,-1,179,113,111,-1,133,178,180,-1,133,180,135,-1,135,180,181,-1,135,181,136,-1,181,182,136,-1,136,182,183,-1,136,183,111,-1,111,183,184,-1,111,184,179,-1,113,179,185,-1,113,185,115,-1,115,185,186,-1,115,186,117,-1,117,186,187,-1,117,187,119,-1,119,187,188,-1,119,188,120,-1,120,188,189,-1,120,189,13,-1,13,189,190,-1,13,190,12,-1,12,190,191,-1,12,191,25,-1,191,192,25,-1,25,192,193,-1,25,193,24,-1,24,193,194,-1,24,194,47,-1,47,194,195,-1,47,195,45,-1,195,196,45,-1,45,196,197,-1,45,197,43,-1,43,197,198,-1,43,198,41,-1,199,20,5,-1,41,198,200,-1,41,200,39,-1,39,200,201,-1,39,201,21,-1,201,202,21,-1,21,202,203,-1,21,203,22,-1,22,203,204,-1,22,204,3,-1,3,204,205,-1,3,205,4,-1,4,205,206,-1,4,206,5,-1,5,206,207,-1,5,207,199,-1,18,20,208,-1,208,20,199,-1,16,18,209,-1,209,18,208,-1,17,16,210,-1,210,16,209,-1,19,17,211,-1,211,17,210,-1,19,211,212,-1,19,212,77,-1,77,212,213,-1,77,213,75,-1,75,213,214,-1,75,214,73,-1,73,214,215,-1,73,215,71,-1,71,215,216,-1,71,216,69,-1,69,216,217,-1,69,217,67,-1,67,217,218,-1,67,218,65,-1,65,218,219,-1,65,219,63,-1,63,219,220,-1,63,220,11,-1,11,220,221,-1,11,221,14,-1,14,221,222,-1,14,222,118,-1,118,222,223,-1,118,223,116,-1,116,223,224,-1,116,224,114,-1,114,224,225,-1,114,225,112,-1,110,112,226,-1,226,112,225,-1,226,227,110,-1,110,227,228,-1,110,228,134,-1,134,228,229,-1,134,229,132,-1,229,230,132,-1,132,230,231,-1,132,231,0,-1,0,231,232,-1,0,232,1,-1,1,232,233,-1,1,233,31,-1,31,233,234,-1,31,234,32,-1,32,234,235,-1,32,235,34,-1,34,235,236,-1,34,236,35,-1,35,236,237,-1,35,237,7,-1,7,237,238,-1,7,238,8,-1,8,238,239,-1,8,239,27,-1,27,239,240,-1,27,240,29,-1,29,240,241,-1,29,241,122,-1,122,241,242,-1,122,242,124,-1,243,80,244,-1,244,80,109,-1,244,109,245,-1,245,109,108,-1,245,108,246,-1,246,108,106,-1,246,106,247,-1,247,106,129,-1,247,129,248,-1,248,129,128,-1,248,128,249,-1,249,128,126,-1,249,126,250,-1,250,126,124,-1,250,124,242,-1,81,80,251,-1,251,80,243,-1,81,251,252,-1,81,252,83,-1,83,252,253,-1,83,253,85,-1,85,253,254,-1,85,254,87,-1,87,254,255,-1,87,255,89,-1,89,255,256,-1,89,256,91,-1,256,257,91,-1,91,257,258,-1,91,258,93,-1,93,258,259,-1,93,259,95,-1,95,259,260,-1,95,260,97,-1,97,260,261,-1,97,261,99,-1,99,261,262,-1,99,262,101,-1,101,262,263,-1,101,263,103,-1,103,263,264,-1,103,264,104,-1,104,264,265,-1,104,265,55,-1,55,265,266,-1,55,266,57,-1,59,57,267,-1,267,57,266,-1,59,267,268,-1,59,268,140,-1,140,268,269,-1,140,269,137,-1,137,269,270,-1,137,270,151,-1,151,270,271,-1,151,271,145,-1,145,271,272,-1,145,272,146,-1,146,272,273,-1,146,273,148,-1,148,273,274,-1,148,274,149,-1,149,274,275,-1,149,275,150,-1,150,275,276,-1,150,276,147,-1,147,276,277,-1,147,277,142,-1,142,277,278,-1,142,278,143,-1,143,278,279,-1,143,279,144,-1,144,279,280,-1,144,280,138,-1,138,280,281,-1,138,281,139,-1,139,281,282,-1,139,282,141,-1,141,282,283,-1,141,283,60,-1,60,283,284,-1,60,284,58,-1,56,58,285,-1,285,58,284,-1,56,285,286,-1,56,286,54,-1,54,286,287,-1,54,287,102,-1,102,287,288,-1,102,288,100,-1,100,288,289,-1,100,289,98,-1,98,289,290,-1,98,290,96,-1,96,290,152,-1,96,152,94,-1,72,291,292,-1,72,292,74,-1,74,292,293,-1,74,293,76,-1,76,293,294,-1,76,294,78,-1,78,294,295,-1,78,295,79,-1,79,295,296,-1,79,296,50,-1,50,296,297,-1,50,297,51,-1,51,297,298,-1,51,298,52,-1,52,298,299,-1,52,299,53,-1,53,299,300,-1,53,300,36,-1,36,300,301,-1,36,301,37,-1,37,301,302,-1,37,302,38,-1,38,302,303,-1,38,303,40,-1,40,303,304,-1,40,304,42,-1,42,304,305,-1,42,305,44,-1,44,305,306,-1,44,306,46,-1,46,306,307,-1,46,307,48,-1,48,307,308,-1,48,308,49,-1,49,308,309,-1,49,309,23,-1,23,309,310,-1,23,310,9,-1,9,310,311,-1,9,311,10,-1,10,311,312,-1,10,312,61,-1,61,312,313,-1,61,313,62,-1,62,313,314,-1,62,314,64,-1,64,314,315,-1,64,315,66,-1,66,315,316,-1,66,316,68,-1,68,316,317,-1,68,317,70,-1,70,317,291,-1,70,291,72,-1,
        ]
    }
}
Shape{
    appearance Appearance {
        material  Material 	{
            diffuseColor 0.25098039215686274 0.25098039215686274 0.25098039215686274
            specularColor 0.12549019607843137 0.12549019607843137 0.12549019607843137
            ambientIntensity 0.251
            transparency 0.0
            shininess 0.5
        }
    }
    geometry IndexedFaceSet {
        ccw TRUE
        solid FALSE
        coord DEF co Coordinate {
            point [
                1.6339 0.8074 0.3162, 1.6339 0.7948 0.3509, 1.6339 0.7927 0.3488, 1.6339 0.8134 0.3169, 1.6339 0.8178 0.3186, 1.6339 0.8125 0.3557, 1.6339 0.8083 0.3562, 1.6339 0.8032 0.3555, 1.6339 0.7988 0.3538, 1.6339 0.7893 0.3299, 1.6339 0.7913 0.3256, 1.6339 0.7942 0.322, 1.6339 0.8083 0.3162, 1.6339 0.7901 0.3445, 1.6339 0.7886 0.3397, 1.6339 0.7883 0.3347, 1.6339 0.7982 0.319, 1.6339 0.8028 0.317, 1.6339 0.8217 0.3214, 1.6339 0.8245 0.3246, 1.6339 0.8269 0.329, 1.6339 0.8281 0.3339, 1.6339 0.8281 0.3386, 1.6339 0.8269 0.3433, 1.6339 0.8247 0.3475, 1.6339 0.8214 0.3512, 1.6339 0.8173 0.354, 0.9249 -0.3366 0.1969, 0.9693 -0.1709 0.1969, 0.0 0.0 0.1969, 0.9843 -0.0 0.1969, 0.9693 0.1709 0.1969, 0.6327 -0.754 0.1969, 0.754 -0.6327 0.1969, 0.8524 -0.4921 0.1969, 0.1709 -0.9693 0.1969, 0.3366 -0.9249 0.1969, 0.4921 -0.8524 0.1969, -0.3366 -0.9249 0.1969, -0.1709 -0.9693 0.1969, 0.0 -0.9843 0.1969, -0.754 -0.6327 0.1969, -0.6327 -0.754 0.1969, -0.4921 -0.8524 0.1969, -0.9693 -0.1709 0.1969, -0.9249 -0.3366 0.1969, -0.8524 -0.4921 0.1969, -0.9249 0.3366 0.1969, -0.9693 0.1709 0.1969, -0.9843 0.0 0.1969, -0.6327 0.754 0.1969, -0.754 0.6327 0.1969, -0.8524 0.4921 0.1969, -0.1709 0.9693 0.1969, -0.3366 0.9249 0.1969, -0.4921 0.8524 0.1969, 0.3366 0.9249 0.1969, 0.1709 0.9693 0.1969, 0.0 0.9843 0.1969, 0.754 0.6327 0.1969, 0.6327 0.754 0.1969, 0.4921 0.8524 0.1969, 0.9249 0.3366 0.1969, 0.8524 0.4921 0.1969
            ]
        }
        coordIndex [
            0,1,2,-1,3,4,5,-1,6,7,0,-1,0,7,8,-1,0,8,1,-1,9,10,2,-1,2,10,11,-1,6,0,5,-1,5,0,12,-1,5,12,3,-1,13,14,2,-1,2,14,15,-1,2,15,9,-1,11,16,2,-1,2,16,17,-1,2,17,0,-1,4,18,5,-1,5,18,19,-1,5,19,20,-1,20,21,5,-1,5,21,22,-1,5,22,23,-1,23,24,5,-1,5,24,25,-1,5,25,26,-1,27,28,29,-1,29,28,30,-1,29,30,31,-1,32,33,29,-1,29,33,34,-1,29,34,27,-1,35,36,29,-1,29,36,37,-1,29,37,32,-1,38,39,29,-1,29,39,40,-1,29,40,35,-1,41,42,29,-1,29,42,43,-1,29,43,38,-1,44,45,29,-1,29,45,46,-1,29,46,41,-1,47,48,29,-1,29,48,49,-1,29,49,44,-1,50,51,29,-1,29,51,52,-1,29,52,47,-1,53,54,29,-1,29,54,55,-1,29,55,50,-1,56,57,29,-1,29,57,58,-1,29,58,53,-1,59,60,29,-1,29,60,61,-1,29,61,56,-1,31,62,29,-1,29,62,63,-1,29,63,59,-1,
        ]
    }
}
Shape{
    appearance Appearance {
        material  Material 	{
            diffuseColor 0.8509803921568627 0.8509803921568627 0.8509803921568627
            specularColor 0.4235294117647059 0.4235294117647059 0.4235294117647059
            ambientIntensity 0.851
            transparency 0.0
            shininess 0.5
        }
    }
    geometry IndexedFaceSet {
        ccw TRUE
        solid FALSE
        coord DEF co Coordinate {
            point [
                0.9249 0.3366 0.2362, 0.9693 0.1709 0.2362, 0.0 0.0 0.2362, 0.9843 0.0 0.2362, 0.9693 -0.1709 0.2362, 0.6327 0.754 0.2362, 0.754 0.6327 0.2362, 0.8524 0.4921 0.2362, 0.1709 0.9693 0.2362, 0.3366 0.9249 0.2362, 0.4921 0.8524 0.2362, -0.3366 0.9249 0.2362, -0.1709 0.9693 0.2362, 0.0 0.9843 0.2362, -0.754 0.6327 0.2362, -0.6327 0.754 0.2362, -0.4921 0.8524 0.2362, -0.9693 0.1709 0.2362, -0.9249 0.3366 0.2362, -0.8524 0.4921 0.2362, -0.9249 -0.3366 0.2362, -0.9693 -0.1709 0.2362, -0.9843 0.0 0.2362, -0.6327 -0.754 0.2362, -0.754 -0.6327 0.2362, -0.8524 -0.4921 0.2362, -0.1709 -0.9693 0.2362, -0.3366 -0.9249 0.2362, -0.4921 -0.8524 0.2362, 0.3366 -0.9249 0.2362, 0.1709 -0.9693 0.2362, 0.0 -0.9843 0.2362, 0.754 -0.6327 0.2362, 0.6327 -0.754 0.2362, 0.4921 -0.8524 0.2362, 0.9249 -0.3366 0.2362, 0.8524 -0.4921 0.2362, 0.9843 -0.0 0.1969, 0.9693 0.1709 0.1969, 0.9249 0.3366 0.1969, 0.8524 0.4921 0.1969, 0.754 0.6327 0.1969, 0.6327 0.754 0.1969, 0.4921 0.8524 0.1969, 0.3366 0.9249 0.1969, 0.1709 0.9693 0.1969, 0.0 0.9843 0.1969, -0.1709 0.9693 0.1969, -0.3366 0.9249 0.1969, -0.4921 0.8524 0.1969, -0.6327 0.754 0.1969, -0.754 0.6327 0.1969, -0.8524 0.4921 0.1969, -0.9249 0.3366 0.1969, -0.9693 0.1709 0.1969, -0.9843 0.0 0.1969, -0.9693 -0.1709 0.1969, -0.9249 -0.3366 0.1969, -0.8524 -0.4921 0.1969, -0.754 -0.6327 0.1969, -0.6327 -0.754 0.1969, -0.4921 -0.8524 0.1969, -0.3366 -0.9249 0.1969, -0.1709 -0.9693 0.1969, 0.0 -0.9843 0.1969, 0.1709 -0.9693 0.1969, 0.3366 -0.9249 0.1969, 0.4921 -0.8524 0.1969, 0.6327 -0.754 0.1969, 0.754 -0.6327 0.1969, 0.8524 -0.4921 0.1969, 0.9249 -0.3366 0.1969, 0.9693 -0.1709 0.1969
            ]
        }
        coordIndex [
            0,1,2,-1,2,1,3,-1,2,3,4,-1,5,6,2,-1,2,6,7,-1,2,7,0,-1,8,9,2,-1,2,9,10,-1,2,10,5,-1,11,12,2,-1,2,12,13,-1,2,13,8,-1,14,15,2,-1,2,15,16,-1,2,16,11,-1,17,18,2,-1,2,18,19,-1,2,19,14,-1,20,21,2,-1,2,21,22,-1,2,22,17,-1,23,24,2,-1,2,24,25,-1,2,25,20,-1,26,27,2,-1,2,27,28,-1,2,28,23,-1,29,30,2,-1,2,30,31,-1,2,31,26,-1,32,33,2,-1,2,33,34,-1,2,34,29,-1,4,35,2,-1,2,35,36,-1,2,36,32,-1,37,3,38,-1,38,3,1,-1,38,1,39,-1,39,1,0,-1,39,0,40,-1,40,0,7,-1,40,7,41,-1,41,7,6,-1,41,6,42,-1,42,6,5,-1,42,5,43,-1,43,5,10,-1,43,10,44,-1,44,10,9,-1,44,9,45,-1,45,9,8,-1,45,8,46,-1,46,8,13,-1,46,13,47,-1,47,13,12,-1,47,12,48,-1,48,12,11,-1,48,11,49,-1,49,11,16,-1,49,16,50,-1,50,16,15,-1,50,15,51,-1,51,15,14,-1,51,14,52,-1,52,14,19,-1,52,19,53,-1,53,19,18,-1,53,18,54,-1,54,18,17,-1,54,17,55,-1,55,17,22,-1,55,22,56,-1,56,22,21,-1,56,21,57,-1,57,21,20,-1,57,20,58,-1,58,20,25,-1,58,25,59,-1,59,25,24,-1,59,24,60,-1,60,24,23,-1,60,23,61,-1,61,23,28,-1,61,28,62,-1,62,28,27,-1,62,27,63,-1,63,27,26,-1,63,26,64,-1,64,26,31,-1,64,31,65,-1,65,31,30,-1,65,30,66,-1,66,30,29,-1,66,29,67,-1,67,29,34,-1,67,34,68,-1,68,34,33,-1,68,33,69,-1,69,33,32,-1,69,32,70,-1,70,32,36,-1,70,36,71,-1,71,36,35,-1,71,35,72,-1,72,35,4,-1,72,4,37,-1,37,4,3,-1,
        ]
    }
}