#VRML V2.0 utf8
# 3D model generated by easyeda2kicad.py (https://github.com/uPesy/easyeda2kicad.py)

Shape{
    appearance Appearance {
        material  Material 	{
            diffuseColor 0.8 0.8 0.8
            specularColor 1.0 1.0 1.0
            ambientIntensity 1.0
            transparency 0.0
            shininess 0.5
        }
    }
    geometry IndexedFaceSet {
        ccw TRUE
        solid FALSE
        coord DEF co Coordinate {
            point [
                -3.7205 -1.0433 0.1969, -3.7205 -1.0433 0.6457, -2.7559 -1.0433 0.6457, -3.2749 -1.0433 1.3319, -3.2756 -1.0433 1.3268, -3.7205 -1.0433 1.6929, 3.0243 -1.0433 1.3319, 3.0236 -1.0433 1.3268, 2.7559 -1.0433 1.6929, 3.498 -1.0433 1.6929, 3.7205 -1.0433 1.6929, 3.498 -1.0433 0.6457, 3.7205 -1.0433 0.6457, 3.0263 -1.0433 1.3366, 3.0236 -1.0433 1.1142, 3.0243 -1.0433 1.1091, 2.7559 -1.0433 0.6457, 3.2749 -1.0433 1.3319, 3.273 -1.0433 1.3366, 3.2698 -1.0433 1.3407, 3.2657 -1.0433 1.3438, 3.261 -1.0433 1.0952, 3.2657 -1.0433 1.0971, 3.2698 -1.0433 1.1003, 3.273 -1.0433 1.1043, 3.0382 -1.0433 1.3458, 3.0335 -1.0433 1.3438, 3.0294 -1.0433 1.3407, 3.0263 -1.0433 1.1043, 3.0294 -1.0433 1.1003, 3.0335 -1.0433 1.0971, 3.2749 -1.0433 1.1091, 3.2756 -1.0433 1.1142, 3.2756 -1.0433 1.3268, 3.261 -1.0433 1.3458, 3.2559 -1.0433 1.3465, 3.0433 -1.0433 1.3465, 3.0382 -1.0433 1.0952, 3.0433 -1.0433 1.0945, 3.2559 -1.0433 1.0945, 2.4882 -1.0433 1.3268, 2.4875 -1.0433 1.3319, 2.6575 -1.0433 1.6929, 2.4856 -1.0433 1.3366, 2.2389 -1.0433 1.3366, 2.2369 -1.0433 1.3319, 1.9685 -1.0433 1.8898, 2.2362 -1.0433 1.3268, 1.9685 -1.0433 0.6457, 2.2362 -1.0433 1.1142, 2.2369 -1.0433 1.1091, 2.2389 -1.0433 1.1043, 2.242 -1.0433 1.1003, 2.2461 -1.0433 1.0971, 2.4856 -1.0433 1.1043, 2.4875 -1.0433 1.1091, 2.4824 -1.0433 1.3407, 2.4783 -1.0433 1.3438, 2.6575 -1.0433 1.8898, 2.2508 -1.0433 1.3458, 2.2461 -1.0433 1.3438, 2.242 -1.0433 1.3407, 2.4736 -1.0433 1.0952, 2.4783 -1.0433 1.0971, 2.4824 -1.0433 1.1003, 2.4882 -1.0433 1.1142, 2.4736 -1.0433 1.3458, 2.4685 -1.0433 1.3465, 2.2559 -1.0433 1.3465, 2.2508 -1.0433 1.0952, 2.2559 -1.0433 1.0945, 2.4685 -1.0433 1.0945, -2.4736 -1.0433 1.3458, -2.4783 -1.0433 1.3438, -2.7559 -1.0433 1.6929, -2.4824 -1.0433 1.3407, -2.4856 -1.0433 1.3366, -2.4875 -1.0433 1.3319, -2.4882 -1.0433 1.3268, -2.4882 -1.0433 1.1142, -2.4875 -1.0433 1.1091, -2.4856 -1.0433 1.1043, -2.4824 -1.0433 1.1003, -2.4783 -1.0433 1.0971, -2.2508 -1.0433 1.3458, -2.2559 -1.0433 1.3465, -2.4685 -1.0433 1.3465, -2.2508 -1.0433 1.0952, -2.2461 -1.0433 1.0971, -1.9685 -1.0433 0.6457, -2.242 -1.0433 1.1003, -2.2389 -1.0433 1.1043, -2.2369 -1.0433 1.3319, -2.2389 -1.0433 1.3366, -1.9685 -1.0433 1.8898, -2.242 -1.0433 1.3407, -2.4736 -1.0433 1.0952, -2.4685 -1.0433 1.0945, -2.2559 -1.0433 1.0945, -2.2369 -1.0433 1.1091, -2.2362 -1.0433 1.1142, -2.2362 -1.0433 1.3268, -2.2461 -1.0433 1.3438, -2.6575 -1.0433 1.6929, -2.6575 -1.0433 1.8898, -3.2749 -1.0433 1.1091, -3.273 -1.0433 1.1043, -3.2698 -1.0433 1.1003, -3.2657 -1.0433 1.0971, -3.261 -1.0433 1.3458, -3.2657 -1.0433 1.3438, -3.2756 -1.0433 1.1142, -3.2698 -1.0433 1.3407, -3.273 -1.0433 1.3366, -3.0382 -1.0433 1.0952, -3.0335 -1.0433 1.0971, -3.0294 -1.0433 1.1003, -3.0263 -1.0433 1.1043, -3.0243 -1.0433 1.3319, -3.0263 -1.0433 1.3366, -3.0294 -1.0433 1.3407, -3.0335 -1.0433 1.3438, -3.261 -1.0433 1.0952, -3.2559 -1.0433 1.0945, -3.0433 -1.0433 1.0945, -3.0243 -1.0433 1.1091, -3.0236 -1.0433 1.1142, -3.0236 -1.0433 1.3268, -3.0382 -1.0433 1.3458, -3.0433 -1.0433 1.3465, -3.2559 -1.0433 1.3465, -1.7001 -1.0433 1.1091, -1.6982 -1.0433 1.1043, -1.695 -1.0433 1.1003, -1.6909 -1.0433 1.0971, -1.6982 -1.0433 1.3366, -1.7001 -1.0433 1.3319, -1.7008 -1.0433 1.3268, -1.7008 -1.0433 1.1142, -1.6862 -1.0433 1.3458, -1.6909 -1.0433 1.3438, -1.695 -1.0433 1.3407, -1.4634 -1.0433 1.0952, -1.4587 -1.0433 1.0971, -1.1811 -1.0433 0.6457, -1.4546 -1.0433 1.1003, -1.4515 -1.0433 1.1043, -1.4495 -1.0433 1.3319, -1.4515 -1.0433 1.3366, -1.1811 -1.0433 1.8898, -1.4546 -1.0433 1.3407, -1.4587 -1.0433 1.3438, -1.6862 -1.0433 1.0952, -1.6811 -1.0433 1.0945, -1.4685 -1.0433 1.0945, -1.4634 -1.0433 1.3458, -1.4685 -1.0433 1.3465, -1.6811 -1.0433 1.3465, -1.4495 -1.0433 1.1091, -1.4488 -1.0433 1.1142, -1.4488 -1.0433 1.3268, -0.6672 -1.0433 1.3407, -0.6713 -1.0433 1.3438, -0.3937 -1.0433 1.8898, -0.8988 -1.0433 1.3458, -0.9035 -1.0433 1.3438, -0.9076 -1.0433 1.3407, -0.9107 -1.0433 1.3366, -0.9127 -1.0433 1.1091, -0.9107 -1.0433 1.1043, -0.9076 -1.0433 1.1003, -0.9035 -1.0433 1.0971, -0.676 -1.0433 1.0952, -0.6713 -1.0433 1.0971, -0.3937 -1.0433 0.6457, -0.6672 -1.0433 1.1003, -0.6641 -1.0433 1.1043, -0.6621 -1.0433 1.1091, -0.6614 -1.0433 1.1142, -0.6641 -1.0433 1.3366, -0.9127 -1.0433 1.3319, -0.9134 -1.0433 1.3268, -0.9134 -1.0433 1.1142, -0.6614 -1.0433 1.3268, -0.6621 -1.0433 1.3319, -0.676 -1.0433 1.3458, -0.6811 -1.0433 1.3465, -0.8937 -1.0433 1.3465, -0.8988 -1.0433 1.0952, -0.8937 -1.0433 1.0945, -0.6811 -1.0433 1.0945, -0.126 -1.0433 1.1142, -0.1253 -1.0433 1.1091, -0.126 -1.0433 1.3268, -0.1233 -1.0433 1.1043, -0.1202 -1.0433 1.1003, -0.1161 -1.0433 1.0971, -0.1114 -1.0433 1.3458, -0.1161 -1.0433 1.3438, -0.1202 -1.0433 1.3407, -0.1233 -1.0433 1.3366, -0.1253 -1.0433 1.3319, 0.1114 -1.0433 1.0952, 0.1161 -1.0433 1.0971, 0.3937 -1.0433 0.6457, 0.1202 -1.0433 1.1003, 0.1233 -1.0433 1.1043, -0.1114 -1.0433 1.0952, -0.1063 -1.0433 1.0945, 0.1063 -1.0433 1.0945, 0.1253 -1.0433 1.3319, 0.1233 -1.0433 1.3366, 0.3937 -1.0433 1.8898, 0.1202 -1.0433 1.3407, 0.1161 -1.0433 1.3438, 0.1114 -1.0433 1.3458, 0.1063 -1.0433 1.3465, -0.1063 -1.0433 1.3465, 0.1253 -1.0433 1.1091, 0.126 -1.0433 1.1142, 0.126 -1.0433 1.3268, 0.676 -1.0433 1.3458, 0.6713 -1.0433 1.3438, 0.6672 -1.0433 1.3407, 0.6641 -1.0433 1.3366, 0.6621 -1.0433 1.3319, 0.6614 -1.0433 1.3268, 0.6614 -1.0433 1.1142, 0.6621 -1.0433 1.1091, 0.6641 -1.0433 1.1043, 0.6672 -1.0433 1.1003, 0.6713 -1.0433 1.0971, 0.8988 -1.0433 1.0952, 0.9035 -1.0433 1.0971, 1.1811 -1.0433 0.6457, 0.9076 -1.0433 1.1003, 0.9107 -1.0433 1.1043, 0.9127 -1.0433 1.3319, 0.9107 -1.0433 1.3366, 1.1811 -1.0433 1.8898, 0.9076 -1.0433 1.3407, 0.9035 -1.0433 1.3438, 0.676 -1.0433 1.0952, 0.6811 -1.0433 1.0945, 0.8937 -1.0433 1.0945, 0.8988 -1.0433 1.3458, 0.8937 -1.0433 1.3465, 0.6811 -1.0433 1.3465, 0.9127 -1.0433 1.1091, 0.9134 -1.0433 1.1142, 0.9134 -1.0433 1.3268, 1.6862 -1.0433 1.0952, 1.6909 -1.0433 1.0971, 1.695 -1.0433 1.1003, 1.6982 -1.0433 1.1043, 1.4634 -1.0433 1.3458, 1.4587 -1.0433 1.3438, 1.4546 -1.0433 1.3407, 1.4515 -1.0433 1.3366, 1.4495 -1.0433 1.1091, 1.4515 -1.0433 1.1043, 1.4546 -1.0433 1.1003, 1.4587 -1.0433 1.0971, 1.7001 -1.0433 1.3319, 1.6982 -1.0433 1.3366, 1.695 -1.0433 1.3407, 1.6909 -1.0433 1.3438, 1.7001 -1.0433 1.1091, 1.7008 -1.0433 1.1142, 1.7008 -1.0433 1.3268, 1.4495 -1.0433 1.3319, 1.4488 -1.0433 1.3268, 1.4488 -1.0433 1.1142, 1.6862 -1.0433 1.3458, 1.6811 -1.0433 1.3465, 1.4685 -1.0433 1.3465, 1.4634 -1.0433 1.0952, 1.4685 -1.0433 1.0945, 1.6811 -1.0433 1.0945, -2.7559 -1.0433 0.1969, -1.9685 -1.0433 0.1969, -1.1811 -1.0433 0.1969, -0.3937 -1.0433 0.1969, 0.3937 -1.0433 0.1969, 1.1811 -1.0433 0.1969, 1.9685 -1.0433 0.1969, 2.7559 -1.0433 0.1969, 3.498 -1.0433 0.1969, 3.7205 -1.0433 0.1969, 3.0382 -1.6339 1.0952, 3.0335 -1.6339 1.0971, 2.9528 -1.6339 0.0, 3.0294 -1.6339 1.1003, 3.0263 -1.6339 1.1043, 3.0243 -1.6339 1.3319, 3.0263 -1.6339 1.3366, 2.9528 -1.6339 1.8898, 3.0294 -1.6339 1.3407, 3.0335 -1.6339 1.3438, 3.261 -1.6339 1.3458, 3.2657 -1.6339 1.3438, 3.3465 -1.6339 1.8898, 3.2698 -1.6339 1.3407, 3.273 -1.6339 1.3366, 3.2749 -1.6339 1.3319, 3.2657 -1.6339 1.0971, 3.3465 -1.6339 0.0, 3.2698 -1.6339 1.1003, 3.273 -1.6339 1.1043, 3.261 -1.6339 1.0952, 3.2559 -1.6339 1.0945, 3.0433 -1.6339 1.0945, 3.0243 -1.6339 1.1091, 3.0236 -1.6339 1.1142, 3.0236 -1.6339 1.3268, 3.2756 -1.6339 1.3268, 3.2756 -1.6339 1.1142, 3.2749 -1.6339 1.1091, 3.0382 -1.6339 1.3458, 3.0433 -1.6339 1.3465, 3.2559 -1.6339 1.3465, 2.2508 -1.6339 1.0952, 2.2461 -1.6339 1.0971, 2.1654 -1.6339 0.0, 2.242 -1.6339 1.1003, 2.2389 -1.6339 1.1043, 2.2369 -1.6339 1.3319, 2.2389 -1.6339 1.3366, 2.1654 -1.6339 1.8898, 2.242 -1.6339 1.3407, 2.2461 -1.6339 1.3438, 2.4783 -1.6339 1.0971, 2.4736 -1.6339 1.0952, 2.5591 -1.6339 0.0, 2.4685 -1.6339 1.0945, 2.2559 -1.6339 1.0945, 2.2369 -1.6339 1.1091, 2.2362 -1.6339 1.1142, 2.2362 -1.6339 1.3268, 2.4736 -1.6339 1.3458, 2.4783 -1.6339 1.3438, 2.5591 -1.6339 1.8898, 2.4824 -1.6339 1.3407, 2.4856 -1.6339 1.3366, 2.2508 -1.6339 1.3458, 2.2559 -1.6339 1.3465, 2.4685 -1.6339 1.3465, 2.4875 -1.6339 1.1091, 2.4856 -1.6339 1.1043, 2.4824 -1.6339 1.1003, 2.4875 -1.6339 1.3319, 2.4882 -1.6339 1.3268, 2.4882 -1.6339 1.1142, 1.4634 -1.6339 1.0952, 1.4587 -1.6339 1.0971, 1.378 -1.6339 0.0, 1.4546 -1.6339 1.1003, 1.4515 -1.6339 1.1043, 1.4495 -1.6339 1.1091, 1.4488 -1.6339 1.1142, 1.378 -1.6339 1.8898, 1.4488 -1.6339 1.3268, 1.4495 -1.6339 1.3319, 1.6909 -1.6339 1.0971, 1.6862 -1.6339 1.0952, 1.7717 -1.6339 0.0, 1.6811 -1.6339 1.0945, 1.4685 -1.6339 1.0945, 1.6862 -1.6339 1.3458, 1.6909 -1.6339 1.3438, 1.7717 -1.6339 1.8898, 1.695 -1.6339 1.3407, 1.6982 -1.6339 1.3366, 1.4515 -1.6339 1.3366, 1.4546 -1.6339 1.3407, 1.4587 -1.6339 1.3438, 1.7001 -1.6339 1.1091, 1.6982 -1.6339 1.1043, 1.695 -1.6339 1.1003, 1.4634 -1.6339 1.3458, 1.4685 -1.6339 1.3465, 1.6811 -1.6339 1.3465, 1.7001 -1.6339 1.3319, 1.7008 -1.6339 1.3268, 1.7008 -1.6339 1.1142, 0.9843 -1.6339 0.0, 0.8937 -1.6339 1.0945, 0.5906 -1.6339 0.0, 0.6811 -1.6339 1.0945, 0.676 -1.6339 1.0952, 0.6713 -1.6339 1.0971, 0.6672 -1.6339 1.1003, 0.6641 -1.6339 1.1043, 0.8988 -1.6339 1.3458, 0.9035 -1.6339 1.3438, 0.9843 -1.6339 1.8898, 0.9107 -1.6339 1.1043, 0.9076 -1.6339 1.1003, 0.6621 -1.6339 1.1091, 0.6614 -1.6339 1.1142, 0.5906 -1.6339 1.8898, 0.6614 -1.6339 1.3268, 0.6621 -1.6339 1.3319, 0.9035 -1.6339 1.0971, 0.8988 -1.6339 1.0952, 0.6641 -1.6339 1.3366, 0.6672 -1.6339 1.3407, 0.6713 -1.6339 1.3438, 0.9076 -1.6339 1.3407, 0.9107 -1.6339 1.3366, 0.9127 -1.6339 1.3319, 0.676 -1.6339 1.3458, 0.6811 -1.6339 1.3465, 0.8937 -1.6339 1.3465, 0.9134 -1.6339 1.3268, 0.9134 -1.6339 1.1142, 0.9127 -1.6339 1.1091, -0.1114 -1.6339 1.0952, -0.1161 -1.6339 1.0971, -0.1969 -1.6339 0.0, -0.1202 -1.6339 1.1003, -0.1233 -1.6339 1.1043, -0.1253 -1.6339 1.1091, -0.126 -1.6339 1.1142, -0.1969 -1.6339 1.8898, -0.126 -1.6339 1.3268, -0.1253 -1.6339 1.3319, 0.1161 -1.6339 1.0971, 0.1114 -1.6339 1.0952, 0.1969 -1.6339 0.0, 0.1063 -1.6339 1.0945, -0.1063 -1.6339 1.0945, 0.1114 -1.6339 1.3458, 0.1161 -1.6339 1.3438, 0.1969 -1.6339 1.8898, 0.1202 -1.6339 1.3407, 0.1233 -1.6339 1.3366, -0.1233 -1.6339 1.3366, -0.1202 -1.6339 1.3407, -0.1161 -1.6339 1.3438, 0.1253 -1.6339 1.1091, 0.1233 -1.6339 1.1043, 0.1202 -1.6339 1.1003, 0.1253 -1.6339 1.3319, 0.126 -1.6339 1.3268, 0.126 -1.6339 1.1142, -0.1114 -1.6339 1.3458, -0.1063 -1.6339 1.3465, 0.1063 -1.6339 1.3465, -0.8988 -1.6339 1.0952, -0.9035 -1.6339 1.0971, -0.9843 -1.6339 0.0, -0.9076 -1.6339 1.1003, -0.9107 -1.6339 1.1043, -0.9127 -1.6339 1.1091, -0.9134 -1.6339 1.1142, -0.9843 -1.6339 1.8898, -0.9134 -1.6339 1.3268, -0.9127 -1.6339 1.3319, -0.6713 -1.6339 1.0971, -0.676 -1.6339 1.0952, -0.5906 -1.6339 0.0, -0.6811 -1.6339 1.0945, -0.8937 -1.6339 1.0945, -0.676 -1.6339 1.3458, -0.6713 -1.6339 1.3438, -0.5906 -1.6339 1.8898, -0.6672 -1.6339 1.3407, -0.6641 -1.6339 1.3366, -0.9107 -1.6339 1.3366, -0.9076 -1.6339 1.3407, -0.9035 -1.6339 1.3438, -0.6621 -1.6339 1.1091, -0.6641 -1.6339 1.1043, -0.6672 -1.6339 1.1003, -0.6621 -1.6339 1.3319, -0.6614 -1.6339 1.3268, -0.6614 -1.6339 1.1142, -0.8988 -1.6339 1.3458, -0.8937 -1.6339 1.3465, -0.6811 -1.6339 1.3465, -1.378 -1.6339 0.0, -1.4685 -1.6339 1.0945, -1.7717 -1.6339 0.0, -1.6811 -1.6339 1.0945, -1.6862 -1.6339 1.0952, -1.6909 -1.6339 1.0971, -1.695 -1.6339 1.1003, -1.6982 -1.6339 1.1043, -1.7001 -1.6339 1.3319, -1.6982 -1.6339 1.3366, -1.7717 -1.6339 1.8898, -1.695 -1.6339 1.3407, -1.6909 -1.6339 1.3438, -1.4634 -1.6339 1.3458, -1.4587 -1.6339 1.3438, -1.378 -1.6339 1.8898, -1.4515 -1.6339 1.1043, -1.4546 -1.6339 1.1003, -1.7001 -1.6339 1.1091, -1.7008 -1.6339 1.1142, -1.7008 -1.6339 1.3268, -1.4587 -1.6339 1.0971, -1.4634 -1.6339 1.0952, -1.6862 -1.6339 1.3458, -1.6811 -1.6339 1.3465, -1.4685 -1.6339 1.3465, -1.4546 -1.6339 1.3407, -1.4515 -1.6339 1.3366, -1.4495 -1.6339 1.3319, -1.4488 -1.6339 1.3268, -1.4488 -1.6339 1.1142, -1.4495 -1.6339 1.1091, -2.4736 -1.6339 1.0952, -2.4783 -1.6339 1.0971, -2.5591 -1.6339 0.0, -2.4824 -1.6339 1.1003, -2.4856 -1.6339 1.1043, -2.4875 -1.6339 1.3319, -2.4856 -1.6339 1.3366, -2.5591 -1.6339 1.8898, -2.4824 -1.6339 1.3407, -2.4783 -1.6339 1.3438, -2.2461 -1.6339 1.0971, -2.2508 -1.6339 1.0952, -2.1654 -1.6339 0.0, -2.2559 -1.6339 1.0945, -2.4685 -1.6339 1.0945, -2.4875 -1.6339 1.1091, -2.4882 -1.6339 1.1142, -2.4882 -1.6339 1.3268, -2.2508 -1.6339 1.3458, -2.2461 -1.6339 1.3438, -2.1654 -1.6339 1.8898, -2.242 -1.6339 1.3407, -2.2389 -1.6339 1.3366, -2.4736 -1.6339 1.3458, -2.4685 -1.6339 1.3465, -2.2559 -1.6339 1.3465, -2.2369 -1.6339 1.1091, -2.2389 -1.6339 1.1043, -2.242 -1.6339 1.1003, -2.2369 -1.6339 1.3319, -2.2362 -1.6339 1.3268, -2.2362 -1.6339 1.1142, -2.1654 -1.8307 0.0, -1.7717 -1.8307 0.0, -2.1654 -1.8307 1.8898, -1.7717 -1.8307 1.8898, -1.378 -1.8307 0.0, -0.9843 -1.8307 0.0, -1.378 -1.8307 1.8898, -0.9843 -1.8307 1.8898, -0.1969 -1.8307 1.164, -0.1969 -1.8307 1.8898, -0.2102 -1.8307 1.1726, -0.2355 -1.8307 1.1825, -0.5906 -1.8307 0.7485, -0.5906 -1.8307 0.0, -0.4711 -1.8307 0.7485, -0.1969 -1.8307 0.0, -0.5906 -1.8307 0.7967, -0.4711 -1.8307 0.7967, -0.411 -1.8307 0.8736, -0.5906 -1.8307 1.8898, -0.3735 -1.8307 1.1322, -0.3493 -1.8307 1.1578, -0.3245 -1.8307 1.1742, -0.2979 -1.8307 1.1835, -0.2685 -1.8307 1.1867, -0.1969 -1.8307 0.7685, -0.2207 -1.8307 0.754, -0.2495 -1.8307 0.7452, -0.2711 -1.8307 0.7435, -0.418 -1.8307 0.9511, -0.4113 -1.8307 1.0364, -0.3953 -1.8307 1.0936, -0.3802 -1.8307 0.7993, -0.3964 -1.8307 0.8268, -0.3044 -1.8307 0.7475, -0.3327 -1.8307 0.7585, -0.3574 -1.8307 0.7755, 0.5906 -1.8307 0.0, 0.5906 -1.8307 0.7485, 0.1969 -1.8307 0.0, 0.5394 -1.8307 0.7485, 0.3483 -1.8307 0.7499, 0.3216 -1.8307 0.7485, 0.2354 -1.8307 0.7485, 0.1969 -1.8307 1.8898, 0.4366 -1.8307 1.1515, 0.4588 -1.8307 1.1318, 0.5906 -1.8307 1.8898, 0.4734 -1.8307 0.8221, 0.4552 -1.8307 0.7986, 0.4301 -1.8307 0.7779, 0.3958 -1.8307 0.7606, 0.4075 -1.8307 1.1672, 0.4774 -1.8307 1.1047, 0.4938 -1.8307 1.0601, 0.5906 -1.8307 0.9257, 0.5038 -1.8307 0.9757, 0.5039 -1.8307 0.9638, 0.4997 -1.8307 0.9016, 0.4889 -1.8307 0.856, 0.2354 -1.8307 1.1816, 0.3216 -1.8307 1.1816, 0.3689 -1.8307 1.1778, -2.5591 -1.8307 1.8898, -2.9528 -1.8307 1.8898, -2.5591 -1.8307 0.0, -2.9528 -1.8307 0.0, 0.9843 -1.8307 0.0, 1.378 -1.8307 0.0, 0.9843 -1.8307 1.8898, 1.378 -1.8307 1.8898, 1.7717 -1.8307 0.0, 2.1654 -1.8307 0.0, 1.7717 -1.8307 1.8898, 2.1654 -1.8307 1.8898, 2.5591 -1.8307 0.0, 2.9528 -1.8307 0.0, 2.5591 -1.8307 1.8898, 2.9528 -1.8307 1.8898, 3.9173 -1.8307 1.811, 3.9173 -1.8307 1.8898, 3.7205 -1.8307 1.811, 3.3465 -1.8307 1.8898, 3.7205 -1.8307 0.0, 3.3465 -1.8307 0.0, -3.261 -1.6339 1.0952, -3.2657 -1.6339 1.0971, -3.3465 -1.6339 0.0, -3.2698 -1.6339 1.1003, -3.273 -1.6339 1.1043, -3.2749 -1.6339 1.1091, -3.2756 -1.6339 1.1142, -3.3465 -1.6339 1.8898, -3.2756 -1.6339 1.3268, -3.2749 -1.6339 1.3319, -3.273 -1.6339 1.3366, -3.2698 -1.6339 1.3407, -3.2657 -1.6339 1.3438, -3.0335 -1.6339 1.0971, -3.0382 -1.6339 1.0952, -2.9528 -1.6339 0.0, -3.0433 -1.6339 1.0945, -3.2559 -1.6339 1.0945, -3.0382 -1.6339 1.3458, -3.0335 -1.6339 1.3438, -2.9528 -1.6339 1.8898, -3.0294 -1.6339 1.3407, -3.0263 -1.6339 1.3366, -3.0243 -1.6339 1.1091, -3.0263 -1.6339 1.1043, -3.0294 -1.6339 1.1003, -3.0243 -1.6339 1.3319, -3.0236 -1.6339 1.3268, -3.0236 -1.6339 1.1142, -3.261 -1.6339 1.3458, -3.2559 -1.6339 1.3465, -3.0433 -1.6339 1.3465, -0.328 -1.8307 1.1049, -0.3411 -1.8307 1.0797, -0.1976 -1.8307 1.0271, -0.1976 -1.8307 0.9208, -0.1969 -1.8307 1.0271, -0.1969 -1.8307 0.9208, -0.3519 -1.8307 1.036, -0.3572 -1.8307 0.9562, -0.1996 -1.8307 0.8796, -0.3508 -1.8307 0.8765, -0.2259 -1.8307 0.8122, -0.3413 -1.8307 0.8438, -0.2155 -1.8307 0.8249, -0.2072 -1.8307 0.843, -0.2864 -1.8307 0.7932, -0.2711 -1.8307 0.7916, -0.3006 -1.8307 0.7981, -0.3301 -1.8307 0.8238, -0.3143 -1.8307 0.8069, -0.2009 -1.8307 1.0696, -0.2082 -1.8307 1.0967, -0.2648 -1.8307 1.1384, -0.2153 -1.8307 1.1107, -0.2483 -1.8307 1.1358, -0.2242 -1.8307 1.1219, -0.2354 -1.8307 1.1305, -0.287 -1.8307 1.1361, -0.3016 -1.8307 1.1301, -0.315 -1.8307 1.1202, -0.2553 -1.8307 0.7939, -0.2414 -1.8307 0.8, -0.2685 -1.8307 1.1386, -3.9173 -1.8307 1.8898, -3.9173 -1.8307 1.811, -3.7205 -1.8307 1.811, -3.7205 -1.8307 0.0, -3.3465 -1.8307 0.0, -3.3465 -1.8307 1.8898, -3.7205 0.5315 1.4173, -3.9173 0.5315 1.4173, -3.7205 0.5315 1.6929, -3.9173 0.5315 1.8898, -2.6575 0.5315 1.6929, -2.6575 0.5315 1.8898, 2.6575 0.5315 1.6929, 2.6575 0.5315 1.8898, 3.7205 0.5315 1.6929, 3.9173 0.5315 1.8898, 3.7205 0.5315 1.4173, 3.9173 0.5315 1.4173, -3.9173 0.5301 1.0236, -3.9173 0.5315 1.0236, -3.9173 0.5315 0.0, -3.9173 -0.3145 1.391, -3.9173 -0.3553 1.3597, -3.9173 -0.3866 1.3189, -3.9173 -0.3553 1.0813, -3.9173 -0.3145 1.05, -3.9173 -2.4606 0.0, -3.9173 -0.267 1.0303, -3.9173 -0.2161 1.0236, -3.9173 -0.4062 1.2714, -3.9173 -0.4129 1.2205, -3.9173 -2.4606 1.1811, -3.9173 -0.4062 1.1695, -3.9173 -0.3866 1.122, -3.9173 0.5301 1.4173, -3.9173 -0.2161 1.4173, -3.9173 -0.267 1.4106, 3.9173 0.5301 1.4173, 3.9173 -0.4129 1.2205, 3.9173 -0.4062 1.2714, 3.9173 -0.3866 1.3189, 3.9173 -0.3553 1.3597, 3.9173 -0.3145 1.05, 3.9173 -0.3553 1.0813, 3.9173 -2.4606 0.0, 3.9173 -0.3866 1.122, 3.9173 -0.4062 1.1695, 3.9173 0.5315 1.0236, 3.9173 0.5301 1.0236, 3.9173 0.5315 0.0, 3.9173 -0.2161 1.0236, 3.9173 -0.267 1.0303, 3.9173 -0.3145 1.391, 3.9173 -0.267 1.4106, 3.9173 -0.2161 1.4173, 3.9173 -2.4606 1.1811, 3.7205 0.5315 1.0236, 3.7205 0.5315 0.1969, -3.7205 0.5315 0.1969, -3.7205 0.5315 1.0236, 3.7205 -2.4606 0.0, -3.7205 -2.4606 0.0, -3.7205 -0.2161 1.0236, -3.7205 -0.267 1.0303, -3.7205 -0.3145 1.05, -3.7205 -0.3553 1.0813, -3.7205 0.5301 1.0236, -3.7205 -0.4062 1.2714, -3.7205 -0.3866 1.3189, -3.7205 -0.3553 1.3597, -3.7205 -0.3145 1.391, -3.7205 -0.3866 1.122, -3.7205 -0.4062 1.1695, -3.7205 -0.4129 1.2205, -3.7205 -0.267 1.4106, -3.7205 -0.2161 1.4173, -3.7205 0.5301 1.4173, 3.7205 -0.2161 1.4173, 3.7205 -0.267 1.4106, 3.7205 -0.3145 1.391, 3.7205 -0.3553 1.3597, 3.7205 -0.3866 1.3189, 3.7205 0.5301 1.4173, 3.7205 -0.3866 1.122, 3.7205 -0.3553 1.0813, 3.7205 -0.3145 1.05, 3.7205 -0.4062 1.2714, 3.7205 -0.4129 1.2205, 3.7205 -0.4062 1.1695, 3.7205 -0.267 1.0303, 3.7205 -0.2161 1.0236, 3.7205 0.5301 1.0236, -3.7205 -2.4606 1.1811, 3.7205 -1.8307 1.1841, 3.7205 -2.4606 1.1811
            ]
        }
        coordIndex [
            0,1,2,-1,3,4,5,-1,6,7,8,-1,9,10,11,-1,11,10,12,-1,6,8,13,-1,14,15,16,-1,17,18,9,-1,9,18,19,-1,9,19,20,-1,21,22,11,-1,11,22,23,-1,11,23,24,-1,25,26,8,-1,8,26,27,-1,8,27,13,-1,14,16,7,-1,15,28,16,-1,16,28,29,-1,16,29,30,-1,24,31,11,-1,11,31,32,-1,11,32,9,-1,9,32,33,-1,9,33,17,-1,20,34,9,-1,9,34,35,-1,9,35,8,-1,8,35,36,-1,8,36,25,-1,30,37,16,-1,16,37,38,-1,16,38,11,-1,11,38,39,-1,11,39,21,-1,40,41,42,-1,42,41,43,-1,44,45,46,-1,46,45,47,-1,46,47,48,-1,48,47,49,-1,48,49,50,-1,50,51,48,-1,48,51,52,-1,48,52,53,-1,16,54,55,-1,43,56,42,-1,42,56,57,-1,42,57,58,-1,59,60,46,-1,46,60,61,-1,46,61,44,-1,62,63,16,-1,16,63,64,-1,16,64,54,-1,7,16,8,-1,8,16,55,-1,8,55,42,-1,42,55,65,-1,42,65,40,-1,57,66,58,-1,58,66,67,-1,58,67,46,-1,46,67,68,-1,46,68,59,-1,53,69,48,-1,48,69,70,-1,48,70,16,-1,16,70,71,-1,16,71,62,-1,72,73,74,-1,74,73,75,-1,74,75,76,-1,76,77,74,-1,74,77,78,-1,74,78,2,-1,2,78,79,-1,2,79,80,-1,80,81,2,-1,2,81,82,-1,2,82,83,-1,84,85,74,-1,74,85,86,-1,74,86,72,-1,87,88,89,-1,89,88,90,-1,89,90,91,-1,92,93,94,-1,94,93,95,-1,83,96,2,-1,2,96,97,-1,2,97,89,-1,89,97,98,-1,89,98,87,-1,91,99,89,-1,89,99,100,-1,89,100,94,-1,94,100,101,-1,94,101,92,-1,84,74,102,-1,102,74,103,-1,102,103,95,-1,95,103,104,-1,95,104,94,-1,105,106,1,-1,1,106,107,-1,1,107,108,-1,109,110,5,-1,5,4,1,-1,1,4,111,-1,1,111,105,-1,110,112,5,-1,5,112,113,-1,5,113,3,-1,114,115,2,-1,2,115,116,-1,2,116,117,-1,118,119,74,-1,74,119,120,-1,74,120,121,-1,108,122,1,-1,1,122,123,-1,1,123,2,-1,2,123,124,-1,2,124,114,-1,117,125,2,-1,2,125,126,-1,2,126,74,-1,74,126,127,-1,74,127,118,-1,121,128,74,-1,74,128,129,-1,74,129,5,-1,5,129,130,-1,5,130,109,-1,131,132,89,-1,89,132,133,-1,89,133,134,-1,135,136,94,-1,94,136,137,-1,94,137,89,-1,89,137,138,-1,89,138,131,-1,139,140,94,-1,94,140,141,-1,94,141,135,-1,142,143,144,-1,144,143,145,-1,144,145,146,-1,147,148,149,-1,149,148,150,-1,149,150,151,-1,134,152,89,-1,89,152,153,-1,89,153,144,-1,144,153,154,-1,144,154,142,-1,151,155,149,-1,149,155,156,-1,149,156,94,-1,94,156,157,-1,94,157,139,-1,146,158,144,-1,144,158,159,-1,144,159,149,-1,149,159,160,-1,149,160,147,-1,161,162,163,-1,164,165,149,-1,149,165,166,-1,149,166,167,-1,168,169,144,-1,144,169,170,-1,144,170,171,-1,172,173,174,-1,174,173,175,-1,175,176,174,-1,174,176,177,-1,174,177,178,-1,161,163,179,-1,167,180,149,-1,149,180,181,-1,149,181,144,-1,144,181,182,-1,144,182,168,-1,178,183,163,-1,163,183,184,-1,163,184,179,-1,162,185,163,-1,163,185,186,-1,163,186,149,-1,149,186,187,-1,149,187,164,-1,171,188,144,-1,144,188,189,-1,144,189,174,-1,174,189,190,-1,174,190,172,-1,191,192,174,-1,178,163,174,-1,174,163,193,-1,174,193,191,-1,192,194,174,-1,174,194,195,-1,174,195,196,-1,197,198,163,-1,163,198,199,-1,199,200,163,-1,163,200,201,-1,163,201,193,-1,202,203,204,-1,204,203,205,-1,204,205,206,-1,196,207,174,-1,174,207,208,-1,174,208,204,-1,204,208,209,-1,204,209,202,-1,210,211,212,-1,212,211,213,-1,212,213,214,-1,214,215,212,-1,212,215,216,-1,212,216,163,-1,163,216,217,-1,163,217,197,-1,206,218,204,-1,204,218,219,-1,204,219,212,-1,212,219,220,-1,212,220,210,-1,221,222,212,-1,212,222,223,-1,212,223,224,-1,224,225,212,-1,212,225,226,-1,212,226,204,-1,204,226,227,-1,204,227,228,-1,228,229,204,-1,204,229,230,-1,204,230,231,-1,232,233,234,-1,234,233,235,-1,234,235,236,-1,237,238,239,-1,239,238,240,-1,239,240,241,-1,231,242,204,-1,204,242,243,-1,204,243,234,-1,234,243,244,-1,234,244,232,-1,241,245,239,-1,239,245,246,-1,239,246,212,-1,212,246,247,-1,212,247,221,-1,236,248,234,-1,234,248,249,-1,234,249,239,-1,239,249,250,-1,239,250,237,-1,251,252,48,-1,48,252,253,-1,48,253,254,-1,255,256,239,-1,239,256,257,-1,239,257,258,-1,259,260,234,-1,234,260,261,-1,234,261,262,-1,263,264,46,-1,46,264,265,-1,46,265,266,-1,254,267,48,-1,48,267,268,-1,48,268,46,-1,46,268,269,-1,46,269,263,-1,258,270,239,-1,239,270,271,-1,239,271,234,-1,234,271,272,-1,234,272,259,-1,266,273,46,-1,46,273,274,-1,46,274,239,-1,239,274,275,-1,239,275,255,-1,262,276,234,-1,234,276,277,-1,234,277,48,-1,48,277,278,-1,48,278,251,-1,0,2,279,-1,279,2,89,-1,279,89,280,-1,280,89,144,-1,280,144,281,-1,281,144,174,-1,281,174,282,-1,282,174,204,-1,282,204,283,-1,283,204,234,-1,283,234,284,-1,284,234,48,-1,284,48,285,-1,285,48,16,-1,285,16,286,-1,286,16,11,-1,286,11,287,-1,287,11,12,-1,287,12,288,-1,289,290,291,-1,291,290,292,-1,291,292,293,-1,294,295,296,-1,296,295,297,-1,296,297,298,-1,299,300,301,-1,300,302,301,-1,301,302,303,-1,301,303,304,-1,305,306,307,-1,307,306,308,-1,305,309,306,-1,306,309,310,-1,306,310,291,-1,291,310,311,-1,291,311,289,-1,293,312,291,-1,291,312,313,-1,291,313,296,-1,296,313,314,-1,296,314,294,-1,304,315,301,-1,301,315,316,-1,301,316,306,-1,306,316,317,-1,306,317,308,-1,298,318,296,-1,296,318,319,-1,296,319,301,-1,301,319,320,-1,301,320,299,-1,321,322,323,-1,323,322,324,-1,323,324,325,-1,326,327,328,-1,328,327,329,-1,328,329,330,-1,331,332,333,-1,333,332,334,-1,333,334,323,-1,323,334,335,-1,323,335,321,-1,325,336,323,-1,323,336,337,-1,323,337,328,-1,328,337,338,-1,328,338,326,-1,339,340,341,-1,341,340,342,-1,341,342,343,-1,330,344,328,-1,328,344,345,-1,328,345,341,-1,341,345,346,-1,341,346,339,-1,347,348,333,-1,333,348,349,-1,333,349,331,-1,343,350,341,-1,341,350,351,-1,341,351,333,-1,333,351,352,-1,333,352,347,-1,353,354,355,-1,355,354,356,-1,355,356,357,-1,357,358,355,-1,355,358,359,-1,355,359,360,-1,360,359,361,-1,360,361,362,-1,363,364,365,-1,365,364,366,-1,365,366,355,-1,355,366,367,-1,355,367,353,-1,368,369,370,-1,370,369,371,-1,370,371,372,-1,362,373,360,-1,360,373,374,-1,360,374,375,-1,376,377,365,-1,365,377,378,-1,365,378,363,-1,375,379,360,-1,360,379,380,-1,360,380,370,-1,370,380,381,-1,370,381,368,-1,372,382,370,-1,370,382,383,-1,370,383,365,-1,365,383,384,-1,365,384,376,-1,385,386,387,-1,387,386,388,-1,387,388,389,-1,389,390,387,-1,387,390,391,-1,387,391,392,-1,393,394,395,-1,396,397,385,-1,392,398,387,-1,387,398,399,-1,387,399,400,-1,400,399,401,-1,400,401,402,-1,397,403,385,-1,385,403,404,-1,385,404,386,-1,402,405,400,-1,400,405,406,-1,400,406,407,-1,394,408,395,-1,395,408,409,-1,395,409,410,-1,407,411,400,-1,400,411,412,-1,400,412,395,-1,395,412,413,-1,395,413,393,-1,410,414,395,-1,395,414,415,-1,395,415,385,-1,385,415,416,-1,385,416,396,-1,417,418,419,-1,419,418,420,-1,419,420,421,-1,421,422,419,-1,419,422,423,-1,419,423,424,-1,424,423,425,-1,424,425,426,-1,427,428,429,-1,429,428,430,-1,429,430,419,-1,419,430,431,-1,419,431,417,-1,432,433,434,-1,434,433,435,-1,434,435,436,-1,426,437,424,-1,424,437,438,-1,424,438,439,-1,440,441,429,-1,429,441,442,-1,429,442,427,-1,436,443,434,-1,434,443,444,-1,434,444,429,-1,429,444,445,-1,429,445,440,-1,439,446,424,-1,424,446,447,-1,424,447,434,-1,434,447,448,-1,434,448,432,-1,449,450,451,-1,451,450,452,-1,451,452,453,-1,453,454,451,-1,451,454,455,-1,451,455,456,-1,456,455,457,-1,456,457,458,-1,459,460,461,-1,461,460,462,-1,461,462,451,-1,451,462,463,-1,451,463,449,-1,464,465,466,-1,466,465,467,-1,466,467,468,-1,458,469,456,-1,456,469,470,-1,456,470,471,-1,472,473,461,-1,461,473,474,-1,461,474,459,-1,468,475,466,-1,466,475,476,-1,466,476,461,-1,461,476,477,-1,461,477,472,-1,471,478,456,-1,456,478,479,-1,456,479,466,-1,466,479,480,-1,466,480,464,-1,481,482,483,-1,483,482,484,-1,483,484,485,-1,485,486,483,-1,483,486,487,-1,483,487,488,-1,489,490,491,-1,491,490,492,-1,491,492,493,-1,494,495,496,-1,497,498,481,-1,488,499,483,-1,483,499,500,-1,483,500,491,-1,491,500,501,-1,491,501,489,-1,498,502,481,-1,481,502,503,-1,481,503,482,-1,493,504,491,-1,491,504,505,-1,491,505,496,-1,496,505,506,-1,496,506,494,-1,495,507,496,-1,496,507,508,-1,496,508,509,-1,509,510,496,-1,496,510,511,-1,496,511,481,-1,481,511,512,-1,481,512,497,-1,513,514,515,-1,515,514,516,-1,515,516,517,-1,518,519,520,-1,520,519,521,-1,520,521,522,-1,523,524,525,-1,525,524,526,-1,525,526,515,-1,515,526,527,-1,515,527,513,-1,517,528,515,-1,515,528,529,-1,515,529,520,-1,520,529,530,-1,520,530,518,-1,531,532,533,-1,533,532,534,-1,533,534,535,-1,522,536,520,-1,520,536,537,-1,520,537,533,-1,533,537,538,-1,533,538,531,-1,539,540,525,-1,525,540,541,-1,525,541,523,-1,535,542,533,-1,533,542,543,-1,533,543,525,-1,525,543,544,-1,525,544,539,-1,545,546,547,-1,547,546,548,-1,549,550,551,-1,551,550,552,-1,553,554,555,-1,555,554,556,-1,557,558,559,-1,559,558,560,-1,561,562,563,-1,564,565,566,-1,566,567,564,-1,564,567,568,-1,564,568,554,-1,554,568,569,-1,554,569,556,-1,570,571,560,-1,560,571,572,-1,560,572,573,-1,563,574,561,-1,561,574,575,-1,561,575,564,-1,564,575,576,-1,564,576,565,-1,559,577,562,-1,562,577,578,-1,562,578,563,-1,573,579,560,-1,560,579,580,-1,560,580,559,-1,559,580,581,-1,559,581,577,-1,582,583,584,-1,584,583,585,-1,586,587,584,-1,584,587,588,-1,584,588,589,-1,590,591,592,-1,593,594,585,-1,585,594,595,-1,585,595,584,-1,584,595,596,-1,584,596,586,-1,590,592,597,-1,591,598,592,-1,592,598,599,-1,592,599,600,-1,600,599,601,-1,601,602,600,-1,600,602,603,-1,600,603,585,-1,585,603,604,-1,585,604,593,-1,588,605,589,-1,589,605,606,-1,589,606,592,-1,592,606,607,-1,592,607,597,-1,608,609,610,-1,610,609,611,-1,612,613,614,-1,614,613,615,-1,616,617,618,-1,618,617,619,-1,620,621,622,-1,622,621,623,-1,624,625,626,-1,626,625,627,-1,626,627,628,-1,628,627,629,-1,630,631,632,-1,632,631,633,-1,632,633,634,-1,634,635,632,-1,632,635,636,-1,632,636,637,-1,637,636,638,-1,637,638,639,-1,639,640,637,-1,637,640,641,-1,637,641,642,-1,643,644,645,-1,645,644,646,-1,645,646,632,-1,632,646,647,-1,632,647,630,-1,648,649,650,-1,650,649,651,-1,650,651,652,-1,653,654,645,-1,645,654,655,-1,645,655,643,-1,652,656,650,-1,650,656,657,-1,650,657,645,-1,645,657,658,-1,645,658,653,-1,642,659,637,-1,637,659,660,-1,637,660,650,-1,650,660,661,-1,650,661,648,-1,662,663,664,-1,664,663,665,-1,664,665,666,-1,666,665,667,-1,663,668,665,-1,665,668,669,-1,665,669,670,-1,670,669,671,-1,672,671,673,-1,672,674,671,-1,671,674,675,-1,671,675,670,-1,673,676,677,-1,676,673,678,-1,678,673,679,-1,678,679,680,-1,681,682,683,-1,683,682,684,-1,683,684,685,-1,685,684,686,-1,685,686,687,-1,688,689,664,-1,664,689,690,-1,664,690,662,-1,677,691,673,-1,673,691,692,-1,673,692,672,-1,681,683,664,-1,664,683,693,-1,664,693,688,-1,694,695,696,-1,697,698,696,-1,696,698,699,-1,696,699,694,-1,700,701,702,-1,702,701,703,-1,702,703,704,-1,704,703,705,-1,706,707,708,-1,708,707,709,-1,708,709,710,-1,710,709,711,-1,712,713,714,-1,715,716,694,-1,694,716,717,-1,694,717,695,-1,718,719,720,-1,720,719,721,-1,720,721,714,-1,714,721,722,-1,714,722,712,-1,717,723,695,-1,695,723,724,-1,695,724,725,-1,725,724,726,-1,725,726,720,-1,720,726,727,-1,720,727,718,-1,701,728,703,-1,703,728,729,-1,703,729,694,-1,694,729,730,-1,694,730,715,-1,731,711,709,-1,624,732,733,-1,624,733,625,-1,625,733,734,-1,625,734,735,-1,736,737,738,-1,738,737,739,-1,738,739,740,-1,741,742,743,-1,743,742,744,-1,743,744,738,-1,738,744,745,-1,738,745,736,-1,735,746,625,-1,625,746,747,-1,625,747,709,-1,709,747,748,-1,709,748,731,-1,732,624,740,-1,740,624,749,-1,740,749,738,-1,750,741,751,-1,751,741,743,-1,751,743,752,-1,752,743,714,-1,752,714,753,-1,753,714,713,-1,533,547,548,-1,694,699,637,-1,637,650,104,-1,694,637,703,-1,703,637,104,-1,703,104,705,-1,104,491,94,-1,94,491,496,-1,551,552,496,-1,496,552,456,-1,609,608,520,-1,548,491,533,-1,533,491,104,-1,533,104,520,-1,520,104,650,-1,520,650,609,-1,466,58,46,-1,434,589,592,-1,400,395,58,-1,46,239,466,-1,466,239,212,-1,466,212,456,-1,456,212,163,-1,456,163,496,-1,496,163,149,-1,496,149,94,-1,592,400,434,-1,434,400,58,-1,434,58,424,-1,424,58,466,-1,424,466,554,-1,554,466,564,-1,370,618,619,-1,328,341,58,-1,58,341,709,-1,58,709,707,-1,619,328,370,-1,370,328,58,-1,370,58,360,-1,360,58,395,-1,360,395,615,-1,615,395,614,-1,627,625,301,-1,301,625,709,-1,301,709,296,-1,296,709,341,-1,296,341,623,-1,623,341,622,-1,291,621,620,-1,743,738,628,-1,628,738,754,-1,515,610,611,-1,355,613,612,-1,611,645,515,-1,515,645,714,-1,515,714,525,-1,525,714,743,-1,632,698,697,-1,755,720,697,-1,697,720,714,-1,697,714,632,-1,632,714,645,-1,419,560,558,-1,483,546,545,-1,333,323,743,-1,620,333,291,-1,291,333,743,-1,291,743,306,-1,306,743,628,-1,306,628,629,-1,385,387,743,-1,461,451,743,-1,612,385,355,-1,355,385,743,-1,355,743,365,-1,365,743,323,-1,365,323,616,-1,616,323,617,-1,558,461,419,-1,419,461,743,-1,419,743,429,-1,429,743,387,-1,429,387,584,-1,584,387,582,-1,545,525,483,-1,483,525,743,-1,483,743,481,-1,481,743,451,-1,481,451,549,-1,549,451,550,-1,756,757,0,-1,0,757,758,-1,0,758,759,-1,752,753,0,-1,0,753,760,-1,0,760,756,-1,761,762,5,-1,5,762,763,-1,5,763,764,-1,759,765,0,-1,0,765,766,-1,0,766,5,-1,5,766,767,-1,5,767,761,-1,764,768,5,-1,5,768,769,-1,5,769,702,-1,702,769,770,-1,702,770,700,-1,0,288,752,-1,752,288,751,-1,771,772,10,-1,772,773,10,-1,10,773,774,-1,10,774,775,-1,771,10,776,-1,776,10,708,-1,776,708,710,-1,777,778,288,-1,288,778,779,-1,775,780,10,-1,10,780,781,-1,10,781,288,-1,288,781,782,-1,288,782,777,-1,779,783,288,-1,288,783,784,-1,288,784,751,-1,751,784,785,-1,751,785,750,-1,10,42,708,-1,708,42,706,-1,42,58,706,-1,706,58,707,-1,104,103,705,-1,705,103,704,-1,103,5,704,-1,704,5,702,-1,786,755,696,-1,696,755,697,-1,755,786,720,-1,720,786,725,-1,628,754,787,-1,787,754,788,-1,787,788,626,-1,749,788,738,-1,738,788,754,-1,626,788,624,-1,624,788,749,-1,695,725,696,-1,696,725,786,-1,742,785,744,-1,744,785,784,-1,744,784,745,-1,745,784,783,-1,745,783,736,-1,736,783,779,-1,736,779,737,-1,737,779,778,-1,737,778,739,-1,739,778,777,-1,739,777,740,-1,740,777,782,-1,740,782,732,-1,732,782,781,-1,732,781,733,-1,733,781,780,-1,733,780,734,-1,734,780,775,-1,734,775,735,-1,735,775,774,-1,735,774,746,-1,746,774,773,-1,746,773,747,-1,747,773,772,-1,747,772,748,-1,748,772,771,-1,748,771,731,-1,731,771,776,-1,731,776,711,-1,711,776,710,-1,741,750,742,-1,742,750,785,-1,770,728,700,-1,700,728,701,-1,753,713,760,-1,760,713,712,-1,728,770,729,-1,729,770,769,-1,756,722,757,-1,757,722,721,-1,757,721,758,-1,758,721,719,-1,758,719,759,-1,759,719,718,-1,759,718,765,-1,765,718,727,-1,765,727,766,-1,766,727,726,-1,766,726,767,-1,767,726,724,-1,767,724,761,-1,761,724,723,-1,761,723,762,-1,762,723,717,-1,762,717,763,-1,763,717,716,-1,763,716,764,-1,764,716,715,-1,764,715,768,-1,768,715,730,-1,768,730,769,-1,769,730,729,-1,722,756,712,-1,712,756,760,-1,
        ]
    }
}
Shape{
    appearance Appearance {
        material  Material 	{
            diffuseColor 0.1803921568627451 0.1803921568627451 0.1803921568627451
            specularColor 0.2235294117647059 0.2235294117647059 0.2235294117647059
            ambientIntensity 0.2235
            transparency 0.0
            shininess 0.5
        }
    }
    geometry IndexedFaceSet {
        ccw TRUE
        solid FALSE
        coord DEF co Coordinate {
            point [
                -0.4711 -1.7913 0.7967, -0.4711 -1.7913 0.7485, -0.4711 -1.8307 0.7967, -0.4711 -1.8307 0.7485, -0.5906 -1.8307 0.7485, -0.5906 -1.7913 0.7485, -0.5906 -1.7913 0.7967, -0.5906 -1.8307 0.7967, -0.1976 -1.8307 0.9208, -0.1976 -1.7913 0.9208, -0.1969 -1.8307 0.9208, -0.1969 -1.7913 0.9208, -0.2711 -1.7913 0.7435, -0.2711 -1.8307 0.7435, -0.2495 -1.8307 0.7452, -0.2495 -1.7913 0.7452, -0.2207 -1.8307 0.754, -0.2207 -1.7913 0.754, -0.1969 -1.8307 0.7685, -0.1969 -1.7913 0.7685, -0.418 -1.7913 0.9511, -0.418 -1.8307 0.9511, -0.411 -1.8307 0.8736, -0.411 -1.7913 0.8736, -0.3964 -1.8307 0.8268, -0.3964 -1.7913 0.8268, -0.3802 -1.8307 0.7993, -0.3802 -1.7913 0.7993, -0.3574 -1.8307 0.7755, -0.3574 -1.7913 0.7755, -0.3327 -1.8307 0.7585, -0.3327 -1.7913 0.7585, -0.3044 -1.8307 0.7475, -0.3044 -1.7913 0.7475, -0.2685 -1.8307 1.1867, -0.2919 -1.8307 1.1841, -0.2685 -1.7913 1.1867, -0.2979 -1.7913 1.1835, -0.2979 -1.8307 1.1835, -0.3245 -1.8307 1.1742, -0.3245 -1.7913 1.1742, -0.3493 -1.8307 1.1578, -0.3493 -1.7913 1.1578, -0.3735 -1.8307 1.1322, -0.3735 -1.7913 1.1322, -0.3953 -1.8307 1.0936, -0.3953 -1.7913 1.0936, -0.4113 -1.8307 1.0364, -0.4113 -1.7913 1.0364, -0.1969 -1.7913 1.164, -0.1969 -1.8307 1.164, -0.2102 -1.8307 1.1726, -0.2102 -1.7913 1.1726, -0.2355 -1.8307 1.1825, -0.2355 -1.7913 1.1825, -0.1976 -1.7913 1.0271, -0.1976 -1.8307 1.0271, -0.1969 -1.7913 1.0271, -0.1969 -1.8307 1.0271, -0.2685 -1.7913 1.1386, -0.2685 -1.8307 1.1386, -0.2648 -1.8307 1.1384, -0.2648 -1.7913 1.1384, -0.2483 -1.8307 1.1358, -0.2483 -1.7913 1.1358, -0.2354 -1.8307 1.1305, -0.2354 -1.7913 1.1305, -0.2242 -1.8307 1.1219, -0.2242 -1.7913 1.1219, -0.2153 -1.8307 1.1107, -0.2153 -1.7913 1.1107, -0.2082 -1.8307 1.0967, -0.2082 -1.7913 1.0967, -0.2009 -1.8307 1.0696, -0.2009 -1.7913 1.0696, -0.3572 -1.7913 0.9562, -0.3572 -1.8307 0.9562, -0.3519 -1.8307 1.036, -0.3519 -1.7913 1.036, -0.3411 -1.8307 1.0797, -0.3411 -1.7913 1.0797, -0.328 -1.8307 1.1049, -0.328 -1.7913 1.1049, -0.315 -1.8307 1.1202, -0.315 -1.7913 1.1202, -0.3016 -1.8307 1.1301, -0.3016 -1.7913 1.1301, -0.287 -1.8307 1.1361, -0.287 -1.7913 1.1361, -0.2711 -1.7913 0.7916, -0.2711 -1.8307 0.7916, -0.2864 -1.8307 0.7932, -0.2864 -1.7913 0.7932, -0.3006 -1.8307 0.7981, -0.3006 -1.7913 0.7981, -0.3143 -1.8307 0.8069, -0.3143 -1.7913 0.8069, -0.3301 -1.8307 0.8238, -0.3301 -1.7913 0.8238, -0.3413 -1.8307 0.8438, -0.3413 -1.7913 0.8438, -0.3508 -1.8307 0.8765, -0.3508 -1.7913 0.8765, -0.1996 -1.8307 0.8796, -0.1996 -1.7913 0.8796, -0.2072 -1.8307 0.843, -0.2072 -1.7913 0.843, -0.2155 -1.8307 0.8249, -0.2155 -1.7913 0.8249, -0.2259 -1.8307 0.8122, -0.2259 -1.7913 0.8122, -0.2414 -1.8307 0.8, -0.2414 -1.7913 0.8, -0.2553 -1.8307 0.7939, -0.2553 -1.7913 0.7939, 0.5039 -1.7913 0.9638, 0.5039 -1.8307 0.9638, 0.5038 -1.8307 0.9757, 0.5038 -1.7913 0.9757, 0.4938 -1.8307 1.0601, 0.4938 -1.7913 1.0601, 0.4774 -1.8307 1.1047, 0.4774 -1.7913 1.1047, 0.4588 -1.8307 1.1318, 0.4588 -1.7913 1.1318, 0.4366 -1.8307 1.1515, 0.4366 -1.7913 1.1515, 0.4075 -1.8307 1.1672, 0.4075 -1.7913 1.1672, 0.3689 -1.8307 1.1778, 0.3689 -1.7913 1.1778, 0.3216 -1.8307 1.1816, 0.3216 -1.7913 1.1816, 0.3216 -1.7913 0.7485, 0.3216 -1.8307 0.7485, 0.3483 -1.8307 0.7499, 0.3483 -1.7913 0.7499, 0.3958 -1.8307 0.7606, 0.3958 -1.7913 0.7606, 0.4301 -1.8307 0.7779, 0.4301 -1.7913 0.7779, 0.4552 -1.8307 0.7986, 0.4552 -1.7913 0.7986, 0.4734 -1.8307 0.8221, 0.4734 -1.7913 0.8221, 0.4889 -1.8307 0.856, 0.4889 -1.7913 0.856, 0.4997 -1.8307 0.9016, 0.4997 -1.7913 0.9016, 0.2354 -1.7913 0.7485, 0.2354 -1.8307 0.7485, 0.2354 -1.7913 1.1816, 0.2354 -1.8307 1.1816, 0.2937 -1.7913 1.1335, 0.2937 -1.7913 0.7967, 0.3216 -1.7913 0.7967, 0.3558 -1.7913 0.8, 0.3795 -1.7913 0.8079, 0.3988 -1.7913 0.8197, 0.4138 -1.7913 0.8346, 0.4253 -1.7913 0.8537, 0.4366 -1.7913 0.8893, 0.3216 -1.7913 1.1335, 0.3313 -1.7913 1.1332, 0.3635 -1.7913 1.1279, 0.3856 -1.7913 1.1187, 0.4039 -1.7913 1.1051, 0.4178 -1.7913 1.0884, 0.4294 -1.7913 1.0644, 0.4391 -1.7913 1.0243, 0.4431 -1.7913 0.9638, 0.4431 -1.8307 0.9638, 0.4366 -1.8307 0.8893, 0.4253 -1.8307 0.8537, 0.4138 -1.8307 0.8346, 0.3988 -1.8307 0.8197, 0.3795 -1.8307 0.8079, 0.3558 -1.8307 0.8, 0.3216 -1.8307 0.7967, 0.2937 -1.8307 0.7967, 0.2937 -1.8307 1.1335, 0.3216 -1.8307 1.1335, 0.3313 -1.8307 1.1332, 0.3635 -1.8307 1.1279, 0.3856 -1.8307 1.1187, 0.4039 -1.8307 1.1051, 0.4178 -1.8307 1.0884, 0.4294 -1.8307 1.0644, 0.4391 -1.8307 1.0243
            ]
        }
        coordIndex [
            0,1,2,-1,2,1,3,-1,3,1,4,-1,4,1,5,-1,0,2,6,-1,6,2,7,-1,5,1,6,-1,6,1,0,-1,8,9,10,-1,10,9,11,-1,12,13,14,-1,12,14,15,-1,15,14,16,-1,15,16,17,-1,17,16,18,-1,17,18,19,-1,20,21,22,-1,20,22,23,-1,23,22,24,-1,23,24,25,-1,25,24,26,-1,25,26,27,-1,27,26,28,-1,27,28,29,-1,29,28,30,-1,29,30,31,-1,31,30,32,-1,31,32,33,-1,33,32,13,-1,33,13,12,-1,34,35,36,-1,36,35,37,-1,35,38,37,-1,37,38,39,-1,37,39,40,-1,40,39,41,-1,40,41,42,-1,42,41,43,-1,42,43,44,-1,44,43,45,-1,44,45,46,-1,46,45,47,-1,46,47,48,-1,48,47,21,-1,48,21,20,-1,49,50,51,-1,49,51,52,-1,52,51,53,-1,52,53,54,-1,54,53,34,-1,54,34,36,-1,55,56,57,-1,57,56,58,-1,59,60,61,-1,59,61,62,-1,62,61,63,-1,62,63,64,-1,64,63,65,-1,64,65,66,-1,66,65,67,-1,66,67,68,-1,68,67,69,-1,68,69,70,-1,70,69,71,-1,70,71,72,-1,72,71,73,-1,72,73,74,-1,74,73,56,-1,74,56,55,-1,75,76,77,-1,75,77,78,-1,78,77,79,-1,78,79,80,-1,80,79,81,-1,80,81,82,-1,82,81,83,-1,82,83,84,-1,84,83,85,-1,84,85,86,-1,86,85,87,-1,86,87,88,-1,88,87,60,-1,88,60,59,-1,89,90,91,-1,89,91,92,-1,92,91,93,-1,92,93,94,-1,94,93,95,-1,94,95,96,-1,96,95,97,-1,96,97,98,-1,98,97,99,-1,98,99,100,-1,100,99,101,-1,100,101,102,-1,102,101,76,-1,102,76,75,-1,9,8,103,-1,9,103,104,-1,104,103,105,-1,104,105,106,-1,106,105,107,-1,106,107,108,-1,108,107,109,-1,108,109,110,-1,110,109,111,-1,110,111,112,-1,112,111,113,-1,112,113,114,-1,114,113,90,-1,114,90,89,-1,106,19,104,-1,104,19,11,-1,104,11,9,-1,36,62,54,-1,54,62,64,-1,54,64,52,-1,52,64,66,-1,52,66,49,-1,49,66,68,-1,49,68,70,-1,55,57,74,-1,74,57,49,-1,74,49,72,-1,72,49,70,-1,106,108,19,-1,19,108,110,-1,19,110,17,-1,17,110,112,-1,17,112,15,-1,15,112,114,-1,15,114,12,-1,12,114,89,-1,12,89,33,-1,33,89,92,-1,33,92,31,-1,31,92,94,-1,31,94,29,-1,29,94,96,-1,29,96,27,-1,27,96,98,-1,27,98,25,-1,25,98,100,-1,25,100,23,-1,23,100,102,-1,23,102,20,-1,20,102,75,-1,20,75,48,-1,48,75,78,-1,48,78,46,-1,46,78,80,-1,46,80,44,-1,44,80,82,-1,44,82,42,-1,42,82,84,-1,42,84,40,-1,40,84,86,-1,40,86,37,-1,37,86,88,-1,37,88,36,-1,36,88,59,-1,36,59,62,-1,115,116,117,-1,115,117,118,-1,118,117,119,-1,118,119,120,-1,120,119,121,-1,120,121,122,-1,122,121,123,-1,122,123,124,-1,124,123,125,-1,124,125,126,-1,126,125,127,-1,126,127,128,-1,128,127,129,-1,128,129,130,-1,130,129,131,-1,130,131,132,-1,133,134,135,-1,133,135,136,-1,136,135,137,-1,136,137,138,-1,138,137,139,-1,138,139,140,-1,140,139,141,-1,140,141,142,-1,142,141,143,-1,142,143,144,-1,144,143,145,-1,144,145,146,-1,146,145,147,-1,146,147,148,-1,148,147,116,-1,148,116,115,-1,133,149,134,-1,134,149,150,-1,149,151,150,-1,150,151,152,-1,151,132,152,-1,152,132,131,-1,132,151,153,-1,153,151,154,-1,154,151,149,-1,154,149,155,-1,155,149,133,-1,155,133,156,-1,156,133,136,-1,156,136,157,-1,157,136,138,-1,157,138,158,-1,158,138,140,-1,158,140,159,-1,159,140,142,-1,159,142,160,-1,160,142,144,-1,160,144,161,-1,153,162,132,-1,132,162,163,-1,132,163,130,-1,130,163,164,-1,130,164,128,-1,128,164,165,-1,128,165,126,-1,126,165,166,-1,126,166,124,-1,124,166,167,-1,124,167,122,-1,122,167,168,-1,122,168,120,-1,120,168,169,-1,120,169,118,-1,118,169,170,-1,144,146,161,-1,161,146,148,-1,161,148,170,-1,170,148,115,-1,170,115,118,-1,170,171,172,-1,170,172,161,-1,161,172,173,-1,161,173,160,-1,160,173,174,-1,160,174,159,-1,159,174,175,-1,159,175,158,-1,158,175,176,-1,158,176,157,-1,157,176,177,-1,157,177,156,-1,156,177,178,-1,156,178,155,-1,154,155,179,-1,179,155,178,-1,153,154,180,-1,180,154,179,-1,162,153,181,-1,181,153,180,-1,162,181,182,-1,162,182,163,-1,163,182,183,-1,163,183,164,-1,164,183,184,-1,164,184,165,-1,165,184,185,-1,165,185,166,-1,166,185,186,-1,166,186,167,-1,167,186,187,-1,167,187,168,-1,168,187,188,-1,168,188,169,-1,169,188,171,-1,169,171,170,-1,
        ]
    }
}
Shape{
    appearance Appearance {
        material  Material 	{
            diffuseColor 0.8 0.8 0.8
            specularColor 1.0 1.0 1.0
            ambientIntensity 1.0
            transparency 0.0
            shininess 0.5
        }
    }
    geometry IndexedFaceSet {
        ccw TRUE
        solid FALSE
        coord DEF co Coordinate {
            point [
                0.3635 -1.8307 1.1279, 0.3313 -1.8307 1.1332, 0.4294 -1.8307 1.0644, 0.2937 -1.8307 1.1335, 0.2937 -1.8307 0.7967, 0.3216 -1.8307 1.1335, 0.3216 -1.8307 0.7967, 0.4366 -1.8307 0.8893, 0.4431 -1.8307 0.9638, 0.4391 -1.8307 1.0243, 0.3558 -1.8307 0.8, 0.3795 -1.8307 0.8079, 0.4253 -1.8307 0.8537, 0.3988 -1.8307 0.8197, 0.4138 -1.8307 0.8346, 0.4178 -1.8307 1.0884, 0.4039 -1.8307 1.1051, 0.3856 -1.8307 1.1187
            ]
        }
        coordIndex [
            0,1,2,-1,3,4,5,-1,5,4,6,-1,5,6,1,-1,7,8,6,-1,6,8,1,-1,1,8,9,-1,1,9,2,-1,6,10,7,-1,7,10,11,-1,7,11,12,-1,12,11,13,-1,12,13,14,-1,15,16,2,-1,2,16,17,-1,2,17,0,-1,
        ]
    }
}
Shape{
    appearance Appearance {
        material  Material 	{
            diffuseColor 0.1803921568627451 0.1803921568627451 0.1803921568627451
            specularColor 0.2235294117647059 0.2235294117647059 0.2235294117647059
            ambientIntensity 0.2235
            transparency 0.0
            shininess 0.5
        }
    }
    geometry IndexedFaceSet {
        ccw TRUE
        solid FALSE
        coord DEF co Coordinate {
            point [
                0.5394 -1.7913 0.7485, 0.5394 -1.8307 0.7485, 0.5906 -1.7913 0.7485, 0.5906 -1.8307 0.7485, 0.5906 -1.8307 0.9257, 0.5906 -1.7913 0.9257
            ]
        }
        coordIndex [
            0,1,2,-1,2,1,3,-1,1,0,4,-1,4,0,5,-1,2,5,0,-1,
        ]
    }
}
Shape{
    appearance Appearance {
        material  Material 	{
            diffuseColor 0.8 0.8 0.8
            specularColor 1.0 1.0 1.0
            ambientIntensity 1.0
            transparency 0.0
            shininess 0.5
        }
    }
    geometry IndexedFaceSet {
        ccw TRUE
        solid FALSE
        coord DEF co Coordinate {
            point [
                -2.9528 -1.8307 1.8898, -2.9528 -1.6339 1.8898, -2.9528 -1.8307 1.1841, -2.9528 -1.6339 0.0, -2.9528 -1.8307 0.0, -3.3465 -1.6339 0.0, -3.3465 -1.6339 1.8898, -3.3465 -1.8307 0.0, -3.3465 -1.8307 1.8898
            ]
        }
        coordIndex [
            0,1,2,-1,2,1,3,-1,2,3,4,-1,5,6,7,-1,7,6,8,-1,
        ]
    }
}
Shape{
    appearance Appearance {
        material  Material 	{
            diffuseColor 0.6470588235294118 0.6196078431372549 0.5882352941176471
            specularColor 0.45098039215686275 0.43529411764705883 0.4117647058823529
            ambientIntensity 0.6242
            transparency 0.0
            shininess 0.5
        }
    }
    geometry IndexedFaceSet {
        ccw TRUE
        solid FALSE
        coord DEF co Coordinate {
            point [
                -3.2559 -1.7323 1.3465, -3.0433 -1.7323 1.3465, -3.2559 -1.6339 1.3465, -3.0433 -1.6339 1.3465, -3.0236 -1.6339 1.1142, -3.0236 -1.6339 1.3268, -3.0236 -1.7323 1.1142, -3.0236 -1.7323 1.3268, -3.0433 -1.7323 1.0945, -3.2559 -1.7323 1.0945, -3.0433 -1.6339 1.0945, -3.2559 -1.6339 1.0945, -3.2756 -1.6339 1.3268, -3.2756 -1.6339 1.1142, -3.2756 -1.7323 1.3268, -3.2756 -1.7323 1.1142, -3.2559 -1.8158 1.3355, -3.0433 -1.8158 1.3355, -3.2559 -1.8937 1.3032, -3.0433 -1.8937 1.3032, -3.2559 -1.9606 1.2519, -3.0433 -1.9606 1.2519, -3.2559 -2.0119 1.185, -3.0433 -2.0119 1.185, -3.2559 -2.0441 1.1072, -3.0433 -2.0441 1.1072, -3.2559 -2.0551 1.0236, -3.0433 -2.0551 1.0236, -3.0236 -1.7557 1.1111, -3.0236 -1.8107 1.3164, -3.0236 -1.7776 1.102, -3.0236 -1.8839 1.2862, -3.0236 -1.7963 1.0877, -3.0236 -1.9466 1.238, -3.0236 -1.8107 1.0689, -3.0236 -1.9948 1.1752, -3.0236 -1.8198 1.0471, -3.0236 -2.0251 1.1021, -3.0236 -1.8228 1.0236, -3.0236 -2.0354 1.0236, -3.0433 -1.8032 1.0236, -3.2559 -1.8032 1.0236, -3.0433 -1.8007 1.042, -3.2559 -1.8007 1.042, -3.0433 -1.7937 1.0591, -3.2559 -1.7937 1.0591, -3.0433 -1.7824 1.0737, -3.2559 -1.7824 1.0737, -3.0433 -1.7677 1.085, -3.2559 -1.7677 1.085, -3.0433 -1.7506 1.0921, -3.2559 -1.7506 1.0921, -3.2756 -1.8228 1.0236, -3.2756 -2.0354 1.0236, -3.2756 -1.8198 1.0471, -3.2756 -2.0251 1.1021, -3.2756 -1.8107 1.0689, -3.2756 -1.9948 1.1752, -3.2756 -1.7963 1.0877, -3.2756 -1.9466 1.238, -3.2756 -1.7776 1.102, -3.2756 -1.8839 1.2862, -3.2756 -1.7557 1.1111, -3.2756 -1.8107 1.3164, -3.2559 -2.0551 -1.0827, -3.0433 -2.0551 -1.0827, -3.0236 -1.8228 -1.0827, -3.0236 -2.0354 -1.0827, -3.0433 -1.8032 -1.0827, -3.2559 -1.8032 -1.0827, -3.2756 -2.0354 -1.0827, -3.2756 -1.8228 -1.0827, -3.217 -1.9965 -1.378, -3.217 -1.8618 -1.378, -3.0822 -1.9965 -1.378, -3.0822 -1.8618 -1.378, -3.2756 -0.1502 1.3268, -3.2756 -0.1502 1.1142, -3.2756 -1.0433 1.3268, -3.2756 -1.0433 1.1142, -3.2559 -0.1502 1.0945, -3.0433 -0.1502 1.0945, -3.2559 -1.0433 1.0945, -3.0433 -1.0433 1.0945, -3.0236 -0.1502 1.1142, -3.0236 -0.1502 1.3268, -3.0236 -1.0433 1.1142, -3.0236 -1.0433 1.3268, -3.2559 -1.0433 1.3465, -3.0433 -1.0433 1.3465, -3.2559 -0.1502 1.3465, -3.0433 -0.1502 1.3465, -3.217 0.1451 1.1531, -3.217 0.1451 1.2878, -3.0822 0.1451 1.1531, -3.0822 0.1451 1.2878, -3.2561 -2.0551 -1.0827, -3.217 -2.016 -1.361, -3.0822 -2.016 -1.361, -3.0431 -2.0551 -1.0827, -3.2756 -1.8226 -1.0827, -3.2365 -1.8618 -1.361, -3.2365 -1.9965 -1.361, -3.2756 -2.0356 -1.0827, -3.0236 -2.0356 -1.0827, -3.0627 -1.9965 -1.361, -3.0627 -1.8618 -1.361, -3.0236 -1.8226 -1.0827, -3.0431 -1.8032 -1.0827, -3.0822 -1.8423 -1.361, -3.217 -1.8423 -1.361, -3.2561 -1.8032 -1.0827, -3.2561 -0.1502 1.0945, -3.217 0.1282 1.1336, -3.0822 0.1282 1.1336, -3.0431 -0.1502 1.0945, -3.0236 -0.1502 1.114, -3.0627 0.1282 1.1531, -3.0627 0.1282 1.2878, -3.0236 -0.1502 1.327, -3.2756 -0.1502 1.327, -3.2365 0.1282 1.2878, -3.2365 0.1282 1.1531, -3.2756 -0.1502 1.114, -3.0431 -0.1502 1.3465, -3.0822 0.1282 1.3073, -3.217 0.1282 1.3073, -3.2561 -0.1502 1.3465, -3.261 -1.6339 1.3458, -3.261 -1.7323 1.3458, -3.2657 -1.6339 1.3438, -3.2657 -1.7323 1.3438, -3.2698 -1.6339 1.3407, -3.2698 -1.7323 1.3407, -3.273 -1.6339 1.3366, -3.273 -1.7323 1.3366, -3.2749 -1.6339 1.3319, -3.2749 -1.7323 1.3319, -3.261 -2.0545 1.0236, -3.261 -2.0435 1.107, -3.2657 -2.0525 1.0236, -3.2657 -2.0416 1.1065, -3.2698 -2.0494 1.0236, -3.2698 -2.0386 1.1057, -3.273 -2.0453 1.0236, -3.273 -2.0346 1.1046, -3.2749 -2.0405 1.0236, -3.2749 -2.03 1.1034, -3.261 -2.0113 1.1847, -3.2657 -2.0096 1.1837, -3.2698 -2.0069 1.1822, -3.273 -2.0033 1.1801, -3.2749 -1.9992 1.1777, -3.261 -1.9601 1.2514, -3.2657 -1.9587 1.25, -3.2698 -1.9565 1.2478, -3.273 -1.9536 1.2449, -3.2749 -1.9502 1.2416, -3.261 -1.8934 1.3026, -3.2657 -1.8924 1.3009, -3.2698 -1.8908 1.2982, -3.273 -1.8888 1.2947, -3.2749 -1.8864 1.2906, -3.261 -1.8157 1.3348, -3.2657 -1.8152 1.3329, -3.2698 -1.8143 1.3299, -3.273 -1.8133 1.326, -3.2749 -1.8121 1.3214, -3.2749 -1.6339 1.1091, -3.2749 -1.7323 1.1091, -3.273 -1.6339 1.1043, -3.273 -1.7323 1.1043, -3.2698 -1.6339 1.1003, -3.2698 -1.7323 1.1003, -3.2657 -1.6339 1.0971, -3.2657 -1.7323 1.0971, -3.261 -1.6339 1.0952, -3.261 -1.7323 1.0952, -3.261 -2.0544 -1.083, -3.2611 -2.0544 -1.083, -3.2657 -2.0525 -1.0832, -3.2658 -2.0525 -1.0832, -3.2698 -2.0494 -1.0832, -3.2729 -2.0453 -1.0832, -3.2729 -2.0453 -1.0832, -3.2749 -2.0407 -1.083, -3.2749 -2.0405 -1.083, -3.0243 -1.6339 1.3319, -3.0243 -1.7323 1.3319, -3.0263 -1.6339 1.3366, -3.0263 -1.7323 1.3366, -3.0294 -1.6339 1.3407, -3.0294 -1.7323 1.3407, -3.0335 -1.6339 1.3438, -3.0335 -1.7323 1.3438, -3.0382 -1.6339 1.3458, -3.0382 -1.7323 1.3458, -3.2749 -1.8177 1.0236, -3.2749 -1.8148 1.0457, -3.273 -1.813 1.0236, -3.273 -1.8102 1.0445, -3.2698 -1.8089 1.0236, -3.2698 -1.8063 1.0435, -3.2657 -1.8058 1.0236, -3.2657 -1.8033 1.0426, -3.261 -1.8038 1.0236, -3.261 -1.8014 1.0421, -3.2749 -1.8063 1.0664, -3.273 -1.8022 1.064, -3.2698 -1.7987 1.0619, -3.2657 -1.7959 1.0604, -3.261 -1.7942 1.0594, -3.2749 -1.7927 1.0841, -3.273 -1.7894 1.0807, -3.2698 -1.7865 1.0778, -3.2657 -1.7843 1.0756, -3.261 -1.7829 1.0742, -3.2749 -1.775 1.0976, -3.273 -1.7726 1.0935, -3.2698 -1.7706 1.09, -3.2657 -1.769 1.0873, -3.261 -1.7681 1.0856, -3.2749 -1.7544 1.1062, -3.273 -1.7532 1.1016, -3.2698 -1.7521 1.0976, -3.2657 -1.7513 1.0946, -3.261 -1.7508 1.0927, -3.2357 -2.0015 -1.3616, -3.2357 -2.0015 -1.3616, -3.2337 -2.0062 -1.362, -3.2337 -2.0062 -1.362, -3.2306 -2.0102 -1.3621, -3.2266 -2.0132 -1.362, -3.2266 -2.0133 -1.362, -3.222 -2.0152 -1.3616, -3.222 -2.0153 -1.3616, -3.0382 -1.8157 1.3348, -3.0335 -1.8152 1.3329, -3.0294 -1.8143 1.3299, -3.0263 -1.8133 1.326, -3.0243 -1.8121 1.3214, -3.0382 -1.8934 1.3026, -3.0335 -1.8924 1.3009, -3.0294 -1.8908 1.2982, -3.0263 -1.8888 1.2947, -3.0243 -1.8864 1.2906, -3.0382 -1.9601 1.2514, -3.0335 -1.9587 1.25, -3.0294 -1.9565 1.2478, -3.0263 -1.9536 1.2449, -3.0243 -1.9502 1.2416, -3.0382 -2.0113 1.1847, -3.0335 -2.0096 1.1837, -3.0294 -2.0069 1.1822, -3.0263 -2.0033 1.1801, -3.0243 -1.9992 1.1777, -3.0382 -2.0435 1.107, -3.0335 -2.0416 1.1065, -3.0294 -2.0386 1.1057, -3.0263 -2.0346 1.1046, -3.0243 -2.03 1.1034, -3.0382 -2.0545 1.0236, -3.0335 -2.0525 1.0236, -3.0294 -2.0494 1.0236, -3.0263 -2.0453 1.0236, -3.0243 -2.0405 1.0236, -3.2749 -1.8177 -1.083, -3.2749 -1.8176 -1.083, -3.2729 -1.813 -1.0832, -3.2729 -1.8129 -1.0832, -3.2698 -1.8089 -1.0832, -3.2658 -1.8058 -1.0832, -3.2657 -1.8058 -1.0832, -3.2611 -1.8039 -1.083, -3.261 -1.8038 -1.083, -3.2216 -1.9965 -1.3774, -3.2215 -1.9977 -1.3774, -3.217 -2.0055 -1.3757, -3.217 -2.0056 -1.3757, -3.2193 -2.0053 -1.3757, -3.217 -2.0094 -1.3731, -3.217 -2.0095 -1.3731, -3.2203 -2.009 -1.3731, -3.2212 -2.0121 -1.3696, -3.2217 -2.0142 -1.3654, -3.2262 -2.0124 -1.3654, -3.2353 -1.9965 -1.3654, -3.2347 -2.0013 -1.3654, -3.217 -2.0149 -1.3654, -3.217 -2.0148 -1.3655, -3.217 -2.0126 -1.3696, -3.217 -2.0126 -1.3696, -3.2353 -1.9965 -1.3655, -3.2326 -2.0007 -1.3696, -3.225 -2.0105 -1.3696, -3.23 -2.0095 -1.3654, -3.2331 -1.9965 -1.3696, -3.233 -1.9965 -1.3696, -3.2295 -1.9999 -1.3731, -3.2235 -2.0078 -1.3731, -3.2284 -2.0079 -1.3696, -3.23 -1.9965 -1.3731, -3.2299 -1.9965 -1.3731, -3.2258 -1.9989 -1.3757, -3.2262 -2.0057 -1.3731, -3.2215 -2.0044 -1.3757, -3.2182 -2.001 -1.3774, -3.2329 -2.0057 -1.3654, -3.2309 -2.0046 -1.3696, -3.2282 -2.003 -1.3731, -3.2249 -2.0011 -1.3757, -3.221 -1.9989 -1.3774, -3.217 -2.0012 -1.3774, -3.217 -2.0012 -1.3774, -3.2234 -2.0029 -1.3757, -3.2193 -2.0006 -1.3774, -3.2203 -1.9998 -1.3774, -3.2261 -1.9965 -1.3757, -3.226 -1.9965 -1.3757, -3.2217 -1.9965 -1.3774, -3.0243 -2.0405 -1.083, -3.0243 -2.0407 -1.083, -3.0263 -2.0453 -1.0832, -3.0263 -2.0453 -1.0832, -3.0294 -2.0494 -1.0832, -3.0334 -2.0525 -1.0832, -3.0335 -2.0525 -1.0832, -3.0381 -2.0544 -1.083, -3.0382 -2.0544 -1.083, -3.222 -1.843 -1.3616, -3.222 -1.843 -1.3616, -3.2266 -1.845 -1.362, -3.2266 -1.845 -1.362, -3.2306 -1.8481 -1.3621, -3.2337 -1.8521 -1.362, -3.2337 -1.8521 -1.362, -3.2357 -1.8567 -1.3616, -3.2357 -1.8568 -1.3616, -3.2353 -1.8618 -1.3654, -3.2353 -1.8618 -1.3655, -3.2331 -1.8618 -1.3696, -3.233 -1.8618 -1.3696, -3.23 -1.8618 -1.3731, -3.2299 -1.8618 -1.3731, -3.2261 -1.8618 -1.3757, -3.226 -1.8618 -1.3757, -3.2217 -1.8618 -1.3774, -3.2216 -1.8618 -1.3774, -3.0822 -2.0149 -1.3654, -3.0822 -2.0148 -1.3655, -3.0822 -2.0126 -1.3696, -3.0822 -2.0126 -1.3696, -3.0822 -2.0095 -1.3731, -3.0822 -2.0094 -1.3731, -3.0822 -2.0056 -1.3757, -3.0822 -2.0055 -1.3757, -3.0822 -2.0012 -1.3774, -3.0822 -2.0012 -1.3774, -3.0772 -2.0153 -1.3616, -3.0772 -2.0152 -1.3616, -3.0726 -2.0133 -1.362, -3.0726 -2.0132 -1.362, -3.0686 -2.0102 -1.3621, -3.0655 -2.0062 -1.362, -3.0655 -2.0062 -1.362, -3.0635 -2.0015 -1.3616, -3.0635 -2.0015 -1.3616, -3.217 -1.8571 -1.3774, -3.2182 -1.8572 -1.3774, -3.2258 -1.8594 -1.3757, -3.2295 -1.8584 -1.3731, -3.2326 -1.8576 -1.3696, -3.2347 -1.857 -1.3654, -3.2329 -1.8526 -1.3654, -3.217 -1.8434 -1.3654, -3.2217 -1.844 -1.3654, -3.217 -1.8435 -1.3655, -3.2212 -1.8462 -1.3696, -3.2309 -1.8537 -1.3696, -3.23 -1.8488 -1.3654, -3.217 -1.8456 -1.3696, -3.217 -1.8457 -1.3696, -3.2203 -1.8492 -1.3731, -3.2282 -1.8553 -1.3731, -3.2284 -1.8504 -1.3696, -3.217 -1.8488 -1.3731, -3.217 -1.8489 -1.3731, -3.2193 -1.853 -1.3757, -3.2262 -1.8526 -1.3731, -3.2249 -1.8572 -1.3757, -3.2215 -1.8606 -1.3774, -3.2262 -1.8459 -1.3654, -3.225 -1.8478 -1.3696, -3.2235 -1.8505 -1.3731, -3.2215 -1.8539 -1.3757, -3.2193 -1.8577 -1.3774, -3.2234 -1.8553 -1.3757, -3.221 -1.8594 -1.3774, -3.2203 -1.8585 -1.3774, -3.217 -1.8527 -1.3757, -3.217 -1.8527 -1.3757, -3.217 -1.8571 -1.3774, -3.081 -2.001 -1.3774, -3.0732 -1.9965 -1.3757, -3.0731 -1.9965 -1.3757, -3.0735 -1.9989 -1.3757, -3.0693 -1.9965 -1.3731, -3.0693 -1.9965 -1.3731, -3.0697 -1.9999 -1.3731, -3.0667 -2.0007 -1.3696, -3.0645 -2.0013 -1.3654, -3.0663 -2.0057 -1.3654, -3.0775 -2.0142 -1.3654, -3.0639 -1.9965 -1.3654, -3.064 -1.9965 -1.3655, -3.0661 -1.9965 -1.3696, -3.0662 -1.9965 -1.3696, -3.0781 -2.0121 -1.3696, -3.0683 -2.0046 -1.3696, -3.0693 -2.0095 -1.3654, -3.0789 -2.009 -1.3731, -3.071 -2.003 -1.3731, -3.0708 -2.0079 -1.3696, -3.0799 -2.0053 -1.3757, -3.0731 -2.0057 -1.3731, -3.0744 -2.0011 -1.3757, -3.0777 -1.9977 -1.3774, -3.0731 -2.0124 -1.3654, -3.0742 -2.0105 -1.3696, -3.0757 -2.0078 -1.3731, -3.0777 -2.0044 -1.3757, -3.0799 -2.0006 -1.3774, -3.0776 -1.9965 -1.3774, -3.0776 -1.9965 -1.3774, -3.0758 -2.0029 -1.3757, -3.0782 -1.9989 -1.3774, -3.0789 -1.9998 -1.3774, -3.0822 -1.8434 -1.3654, -3.0822 -1.8435 -1.3655, -3.0822 -1.8456 -1.3696, -3.0822 -1.8457 -1.3696, -3.0822 -1.8488 -1.3731, -3.0822 -1.8489 -1.3731, -3.0822 -1.8527 -1.3757, -3.0822 -1.8527 -1.3757, -3.0822 -1.8571 -1.3774, -3.0822 -1.8571 -1.3774, -3.0639 -1.8618 -1.3654, -3.064 -1.8618 -1.3655, -3.0661 -1.8618 -1.3696, -3.0662 -1.8618 -1.3696, -3.0693 -1.8618 -1.3731, -3.0693 -1.8618 -1.3731, -3.0731 -1.8618 -1.3757, -3.0732 -1.8618 -1.3757, -3.0776 -1.8618 -1.3774, -3.0776 -1.8618 -1.3774, -3.0777 -1.8606 -1.3774, -3.0799 -1.853 -1.3757, -3.0789 -1.8492 -1.3731, -3.0781 -1.8462 -1.3696, -3.0775 -1.844 -1.3654, -3.0731 -1.8459 -1.3654, -3.0635 -1.8568 -1.3616, -3.0655 -1.8521 -1.362, -3.0635 -1.8567 -1.3616, -3.0645 -1.857 -1.3654, -3.0772 -1.843 -1.3616, -3.0772 -1.843 -1.3616, -3.0726 -1.845 -1.362, -3.0726 -1.845 -1.362, -3.0686 -1.8481 -1.3621, -3.0667 -1.8576 -1.3696, -3.0742 -1.8478 -1.3696, -3.0693 -1.8488 -1.3654, -3.0697 -1.8584 -1.3731, -3.0757 -1.8505 -1.3731, -3.0708 -1.8504 -1.3696, -3.0735 -1.8594 -1.3757, -3.0731 -1.8526 -1.3731, -3.0777 -1.8539 -1.3757, -3.081 -1.8572 -1.3774, -3.0655 -1.8521 -1.362, -3.0663 -1.8526 -1.3654, -3.0683 -1.8537 -1.3696, -3.071 -1.8553 -1.3731, -3.0744 -1.8572 -1.3757, -3.0782 -1.8594 -1.3774, -3.0758 -1.8553 -1.3757, -3.0799 -1.8577 -1.3774, -3.0789 -1.8585 -1.3774, -3.0263 -1.8129 -1.0832, -3.0263 -1.813 -1.0832, -3.0243 -1.8176 -1.083, -3.0243 -1.8177 -1.083, -3.0294 -1.8089 -1.0832, -3.0334 -1.8058 -1.0832, -3.0335 -1.8058 -1.0832, -3.0381 -1.8039 -1.083, -3.0382 -1.8038 -1.083, -3.0382 -1.8038 1.0236, -3.0335 -1.8058 1.0236, -3.0294 -1.8089 1.0236, -3.0263 -1.813 1.0236, -3.0243 -1.8177 1.0236, -3.0243 -1.7323 1.1091, -3.0243 -1.7544 1.1062, -3.0263 -1.7323 1.1043, -3.0263 -1.7532 1.1016, -3.0294 -1.7323 1.1003, -3.0294 -1.7521 1.0976, -3.0335 -1.7323 1.0971, -3.0335 -1.7513 1.0946, -3.0382 -1.7323 1.0952, -3.0382 -1.7508 1.0927, -3.0243 -1.775 1.0976, -3.0263 -1.7726 1.0935, -3.0294 -1.7706 1.09, -3.0335 -1.769 1.0873, -3.0382 -1.7681 1.0856, -3.0243 -1.7927 1.0841, -3.0263 -1.7894 1.0807, -3.0294 -1.7865 1.0778, -3.0335 -1.7843 1.0756, -3.0382 -1.7829 1.0742, -3.0243 -1.8063 1.0664, -3.0263 -1.8022 1.064, -3.0294 -1.7987 1.0619, -3.0335 -1.7959 1.0604, -3.0382 -1.7942 1.0594, -3.0243 -1.8148 1.0457, -3.0263 -1.8102 1.0445, -3.0294 -1.8063 1.0435, -3.0335 -1.8033 1.0426, -3.0382 -1.8014 1.0421, -3.0382 -1.6339 1.0952, -3.0335 -1.6339 1.0971, -3.0294 -1.6339 1.1003, -3.0263 -1.6339 1.1043, -3.0243 -1.6339 1.1091, -3.0382 -1.0433 1.3458, -3.0382 -0.1499 1.3458, -3.0381 -0.1499 1.3458, -3.0335 -1.0433 1.3438, -3.0335 -0.1497 1.3438, -3.0334 -0.1497 1.3438, -3.0294 -1.0433 1.3407, -3.0294 -0.1496 1.3407, -3.0263 -0.1497 1.3367, -3.0263 -1.0433 1.3366, -3.0263 -0.1497 1.3366, -3.0243 -0.1499 1.332, -3.0243 -1.0433 1.3319, -3.0243 -0.1499 1.3319, -3.2749 -1.0433 1.3319, -3.2749 -0.1499 1.3319, -3.2749 -0.1499 1.332, -3.273 -1.0433 1.3366, -3.2729 -0.1497 1.3366, -3.2729 -0.1497 1.3367, -3.2698 -1.0433 1.3407, -3.2698 -0.1496 1.3407, -3.2658 -0.1497 1.3438, -3.2657 -1.0433 1.3438, -3.2657 -0.1497 1.3438, -3.2611 -0.1499 1.3458, -3.261 -1.0433 1.3458, -3.261 -0.1499 1.3458, -3.0634 0.1287 1.2925, -3.0635 0.1287 1.2928, -3.0652 0.1291 1.2969, -3.0655 0.1291 1.2975, -3.0686 0.1292 1.3015, -3.0717 0.1292 1.3039, -3.0726 0.1291 1.3046, -3.0727 0.1291 1.3046, -3.0761 0.1288 1.3061, -3.0772 0.1287 1.3066, -3.0774 0.1287 1.3066, -3.0788 0.1286 1.3068, -3.0801 0.1284 1.307, -3.0813 0.1283 1.3072, -3.217 0.1325 1.3062, -3.0822 0.1325 1.3062, -3.217 0.1327 1.3061, -3.0822 0.1327 1.3061, -3.217 0.1367 1.304, -3.0822 0.1367 1.304, -3.217 0.1368 1.3039, -3.0822 0.1368 1.3039, -3.217 0.1402 1.3008, -3.0822 0.1402 1.3008, -3.217 0.1403 1.3008, -3.0822 0.1403 1.3008, -3.217 0.1429 1.2969, -3.0822 0.1429 1.2969, -3.217 0.1429 1.2969, -3.0822 0.1429 1.2969, -3.217 0.1445 1.2925, -3.0822 0.1445 1.2925, -3.217 0.1445 1.2925, -3.0822 0.1445 1.2925, -3.2179 0.1283 1.3072, -3.2191 0.1284 1.307, -3.2205 0.1286 1.3068, -3.2218 0.1287 1.3066, -3.222 0.1287 1.3066, -3.2231 0.1288 1.3061, -3.2265 0.1291 1.3046, -3.2266 0.1291 1.3046, -3.2275 0.1292 1.3039, -3.2306 0.1292 1.3015, -3.2312 0.1292 1.3008, -3.2337 0.1291 1.2975, -3.2357 0.1287 1.2928, -3.2358 0.1287 1.2925, -3.0243 -1.0433 1.1091, -3.0243 -0.1499 1.1091, -3.0243 -0.1499 1.109, -3.0263 -1.0433 1.1043, -3.0263 -0.1497 1.1043, -3.0263 -0.1497 1.1043, -3.0294 -1.0433 1.1003, -3.0294 -0.1496 1.1003, -3.0334 -0.1497 1.0972, -3.0335 -1.0433 1.0971, -3.0335 -0.1497 1.0971, -3.0381 -0.1499 1.0952, -3.0382 -1.0433 1.0952, -3.0382 -0.1499 1.0952, -3.064 0.1327 1.2878, -3.0661 0.1367 1.2878, -3.0666 0.1364 1.2925, -3.0662 0.1368 1.2878, -3.0693 0.1402 1.2878, -3.0696 0.1398 1.2925, -3.0693 0.1403 1.2878, -3.0731 0.1429 1.2878, -3.0734 0.1424 1.2925, -3.0684 0.1308 1.3008, -3.0717 0.1295 1.304, -3.0639 0.1325 1.2878, -3.0644 0.1323 1.2925, -3.066 0.1317 1.2969, -3.0764 0.1295 1.3062, -3.0805 0.1323 1.3062, -3.0795 0.1364 1.304, -3.0787 0.1398 1.3008, -3.0781 0.1424 1.2969, -3.0777 0.144 1.2925, -3.0776 0.1445 1.2878, -3.0776 0.1445 1.2878, -3.0732 0.1429 1.2878, -3.0742 0.1409 1.2969, -3.0754 0.1385 1.3008, -3.077 0.1354 1.304, -3.0789 0.1317 1.3062, -3.0707 0.1385 1.2969, -3.0725 0.1365 1.3008, -3.0748 0.1339 1.304, -3.0775 0.1308 1.3062, -3.0679 0.1354 1.2969, -3.0701 0.1339 1.3008, -3.073 0.1319 1.304, -3.2216 0.1445 1.2878, -3.2217 0.1445 1.2878, -3.2215 0.144 1.2925, -3.226 0.1429 1.2878, -3.2261 0.1429 1.2878, -3.2258 0.1424 1.2925, -3.2299 0.1403 1.2878, -3.23 0.1402 1.2878, -3.2296 0.1398 1.2925, -3.233 0.1368 1.2878, -3.2331 0.1367 1.2878, -3.2326 0.1364 1.2925, -3.2353 0.1327 1.2878, -3.2353 0.1325 1.2878, -3.2348 0.1323 1.2925, -3.2228 0.1295 1.3062, -3.2187 0.1323 1.3062, -3.2262 0.1319 1.304, -3.2275 0.1295 1.304, -3.2308 0.1308 1.3008, -3.2333 0.1317 1.2969, -3.2197 0.1364 1.304, -3.2205 0.1398 1.3008, -3.2211 0.1424 1.2969, -3.2313 0.1354 1.2969, -3.2291 0.1339 1.3008, -3.2285 0.1385 1.2969, -3.2267 0.1365 1.3008, -3.2244 0.1339 1.304, -3.2217 0.1308 1.3062, -3.225 0.1409 1.2969, -3.2238 0.1385 1.3008, -3.2222 0.1354 1.304, -3.2203 0.1317 1.3062, -3.261 -1.0433 1.0952, -3.261 -0.1499 1.0952, -3.2611 -0.1499 1.0952, -3.2657 -1.0433 1.0971, -3.2657 -0.1497 1.0971, -3.2658 -0.1497 1.0972, -3.2698 -1.0433 1.1003, -3.2698 -0.1496 1.1003, -3.2729 -0.1497 1.1043, -3.273 -1.0433 1.1043, -3.2729 -0.1497 1.1043, -3.2749 -0.1499 1.109, -3.2749 -1.0433 1.1091, -3.2749 -0.1499 1.1091, -3.0813 0.1283 1.1337, -3.0801 0.1284 1.1339, -3.0788 0.1286 1.1341, -3.0774 0.1287 1.1343, -3.0772 0.1287 1.1344, -3.0761 0.1288 1.1348, -3.0727 0.1291 1.1363, -3.0726 0.1291 1.1363, -3.0717 0.1292 1.1371, -3.0686 0.1292 1.1394, -3.068 0.1292 1.1402, -3.0655 0.1291 1.1435, -3.0635 0.1287 1.1481, -3.0634 0.1287 1.1484, -3.0639 0.1325 1.1531, -3.064 0.1327 1.1531, -3.0661 0.1367 1.1531, -3.0662 0.1368 1.1531, -3.0693 0.1402 1.1531, -3.0693 0.1403 1.1531, -3.0731 0.1429 1.1531, -3.0732 0.1429 1.1531, -3.0776 0.1445 1.1531, -3.0776 0.1445 1.1531, -3.2353 0.1325 1.1531, -3.2353 0.1327 1.1531, -3.2331 0.1367 1.1531, -3.233 0.1368 1.1531, -3.23 0.1402 1.1531, -3.2299 0.1403 1.1531, -3.2261 0.1429 1.1531, -3.226 0.1429 1.1531, -3.2217 0.1445 1.1531, -3.2216 0.1445 1.1531, -3.2179 0.1283 1.1337, -3.2358 0.1287 1.1484, -3.2357 0.1287 1.1481, -3.234 0.1291 1.144, -3.2337 0.1291 1.1435, -3.2306 0.1292 1.1394, -3.2275 0.1292 1.1371, -3.2266 0.1291 1.1363, -3.2191 0.1284 1.1339, -3.2265 0.1291 1.1363, -3.2231 0.1288 1.1348, -3.222 0.1287 1.1344, -3.2218 0.1287 1.1343, -3.2205 0.1286 1.1341, -3.0644 0.1323 1.1484, -3.0666 0.1364 1.1484, -3.0696 0.1398 1.1484, -3.0734 0.1424 1.1484, -3.0764 0.1295 1.1348, -3.0805 0.1323 1.1348, -3.073 0.1319 1.137, -3.0717 0.1295 1.137, -3.0684 0.1308 1.1401, -3.066 0.1317 1.144, -3.0822 0.1445 1.1485, -3.0777 0.144 1.1484, -3.0781 0.1424 1.144, -3.0822 0.1429 1.1441, -3.0822 0.1445 1.1484, -3.0787 0.1398 1.1401, -3.0822 0.1403 1.1402, -3.0822 0.1429 1.144, -3.0795 0.1364 1.137, -3.0822 0.1368 1.1371, -3.0822 0.1402 1.1401, -3.0679 0.1354 1.144, -3.0701 0.1339 1.1401, -3.0822 0.1325 1.1348, -3.0822 0.1327 1.1348, -3.0822 0.1367 1.137, -3.0742 0.1409 1.144, -3.0754 0.1385 1.1401, -3.077 0.1354 1.137, -3.0789 0.1317 1.1348, -3.0707 0.1385 1.144, -3.0725 0.1365 1.1401, -3.0748 0.1339 1.137, -3.0775 0.1308 1.1348, -3.2348 0.1323 1.1484, -3.2333 0.1317 1.144, -3.2275 0.1295 1.137, -3.2228 0.1295 1.1348, -3.2217 0.1308 1.1348, -3.2203 0.1317 1.1348, -3.2187 0.1323 1.1348, -3.217 0.1325 1.1348, -3.2326 0.1364 1.1484, -3.2296 0.1398 1.1484, -3.2258 0.1424 1.1484, -3.2215 0.144 1.1484, -3.217 0.1445 1.1485, -3.2313 0.1354 1.144, -3.2285 0.1385 1.144, -3.225 0.1409 1.144, -3.2211 0.1424 1.144, -3.217 0.1445 1.1484, -3.217 0.1429 1.1441, -3.217 0.1429 1.144, -3.217 0.1403 1.1402, -3.2205 0.1398 1.1401, -3.2238 0.1385 1.1401, -3.2267 0.1365 1.1401, -3.2291 0.1339 1.1401, -3.2308 0.1308 1.1401, -3.2262 0.1319 1.137, -3.2244 0.1339 1.137, -3.2222 0.1354 1.137, -3.2197 0.1364 1.137, -3.217 0.1402 1.1401, -3.217 0.1368 1.1371, -3.217 0.1367 1.137, -3.217 0.1327 1.1348
            ]
        }
        coordIndex [
            0,1,2,-1,2,1,3,-1,4,5,6,-1,6,5,7,-1,8,9,10,-1,10,9,11,-1,12,13,14,-1,14,13,15,-1,1,0,16,-1,1,16,17,-1,17,16,18,-1,17,18,19,-1,19,18,20,-1,19,20,21,-1,21,20,22,-1,21,22,23,-1,23,22,24,-1,23,24,25,-1,25,24,26,-1,25,26,27,-1,6,7,28,-1,28,7,29,-1,28,29,30,-1,30,29,31,-1,30,31,32,-1,32,31,33,-1,32,33,34,-1,34,33,35,-1,34,35,36,-1,36,35,37,-1,36,37,38,-1,38,37,39,-1,40,41,42,-1,42,41,43,-1,42,43,44,-1,44,43,45,-1,44,45,46,-1,46,45,47,-1,46,47,48,-1,48,47,49,-1,48,49,50,-1,50,49,51,-1,50,51,8,-1,8,51,9,-1,52,53,54,-1,54,53,55,-1,54,55,56,-1,56,55,57,-1,56,57,58,-1,58,57,59,-1,58,59,60,-1,60,59,61,-1,60,61,62,-1,62,61,63,-1,62,63,15,-1,15,63,14,-1,64,65,26,-1,26,65,27,-1,38,39,66,-1,66,39,67,-1,68,69,40,-1,40,69,41,-1,53,52,70,-1,70,52,71,-1,72,73,74,-1,74,73,75,-1,76,77,78,-1,78,77,79,-1,80,81,82,-1,82,81,83,-1,84,85,86,-1,86,85,87,-1,88,89,90,-1,90,89,91,-1,92,93,94,-1,94,93,95,-1,96,97,64,-1,64,97,98,-1,64,98,65,-1,65,98,99,-1,71,100,101,-1,71,101,70,-1,70,101,102,-1,70,102,103,-1,104,105,67,-1,67,105,106,-1,67,106,66,-1,66,106,107,-1,68,108,109,-1,68,109,69,-1,69,109,110,-1,69,110,111,-1,112,113,80,-1,80,113,114,-1,80,114,81,-1,81,114,115,-1,84,116,117,-1,84,117,85,-1,85,117,118,-1,85,118,119,-1,76,120,121,-1,76,121,77,-1,77,121,122,-1,77,122,123,-1,91,124,125,-1,91,125,90,-1,90,125,126,-1,90,126,127,-1,0,2,128,-1,0,128,129,-1,129,128,130,-1,129,130,131,-1,131,130,132,-1,131,132,133,-1,133,132,134,-1,133,134,135,-1,135,134,136,-1,135,136,137,-1,137,136,12,-1,137,12,14,-1,26,24,138,-1,138,24,139,-1,138,139,140,-1,140,139,141,-1,140,141,142,-1,142,141,143,-1,142,143,144,-1,144,143,145,-1,144,145,146,-1,146,145,147,-1,146,147,53,-1,53,147,55,-1,24,22,139,-1,139,22,148,-1,139,148,141,-1,141,148,149,-1,141,149,143,-1,143,149,150,-1,143,150,145,-1,145,150,151,-1,145,151,147,-1,147,151,152,-1,147,152,55,-1,55,152,57,-1,22,20,148,-1,148,20,153,-1,148,153,149,-1,149,153,154,-1,149,154,150,-1,150,154,155,-1,150,155,151,-1,151,155,156,-1,151,156,152,-1,152,156,157,-1,152,157,57,-1,57,157,59,-1,20,18,153,-1,153,18,158,-1,153,158,154,-1,154,158,159,-1,154,159,155,-1,155,159,160,-1,155,160,156,-1,156,160,161,-1,156,161,157,-1,157,161,162,-1,157,162,59,-1,59,162,61,-1,18,16,158,-1,158,16,163,-1,158,163,159,-1,159,163,164,-1,159,164,160,-1,160,164,165,-1,160,165,161,-1,161,165,166,-1,161,166,162,-1,162,166,167,-1,162,167,61,-1,61,167,63,-1,16,0,163,-1,163,0,129,-1,163,129,164,-1,164,129,131,-1,164,131,165,-1,165,131,133,-1,165,133,166,-1,166,133,135,-1,166,135,167,-1,167,135,137,-1,167,137,63,-1,63,137,14,-1,15,13,168,-1,15,168,169,-1,169,168,170,-1,169,170,171,-1,171,170,172,-1,171,172,173,-1,173,172,174,-1,173,174,175,-1,175,174,176,-1,175,176,177,-1,177,176,11,-1,177,11,9,-1,96,64,26,-1,96,26,178,-1,178,26,138,-1,178,138,179,-1,179,138,140,-1,179,140,180,-1,180,140,181,-1,181,140,142,-1,181,142,182,-1,182,142,183,-1,183,142,144,-1,183,144,184,-1,184,144,185,-1,185,144,146,-1,185,146,186,-1,53,70,146,-1,146,70,103,-1,146,103,186,-1,7,5,187,-1,7,187,188,-1,188,187,189,-1,188,189,190,-1,190,189,191,-1,190,191,192,-1,192,191,193,-1,192,193,194,-1,194,193,195,-1,194,195,196,-1,196,195,3,-1,196,3,1,-1,52,54,197,-1,197,54,198,-1,197,198,199,-1,199,198,200,-1,199,200,201,-1,201,200,202,-1,201,202,203,-1,203,202,204,-1,203,204,205,-1,205,204,206,-1,205,206,41,-1,41,206,43,-1,54,56,198,-1,198,56,207,-1,198,207,200,-1,200,207,208,-1,200,208,202,-1,202,208,209,-1,202,209,204,-1,204,209,210,-1,204,210,206,-1,206,210,211,-1,206,211,43,-1,43,211,45,-1,56,58,207,-1,207,58,212,-1,207,212,208,-1,208,212,213,-1,208,213,209,-1,209,213,214,-1,209,214,210,-1,210,214,215,-1,210,215,211,-1,211,215,216,-1,211,216,45,-1,45,216,47,-1,58,60,212,-1,212,60,217,-1,212,217,213,-1,213,217,218,-1,213,218,214,-1,214,218,219,-1,214,219,215,-1,215,219,220,-1,215,220,216,-1,216,220,221,-1,216,221,47,-1,47,221,49,-1,60,62,217,-1,217,62,222,-1,217,222,218,-1,218,222,223,-1,218,223,219,-1,219,223,224,-1,219,224,220,-1,220,224,225,-1,220,225,221,-1,221,225,226,-1,221,226,49,-1,49,226,51,-1,62,15,222,-1,222,15,169,-1,222,169,223,-1,223,169,171,-1,223,171,224,-1,224,171,173,-1,224,173,225,-1,225,173,175,-1,225,175,226,-1,226,175,177,-1,226,177,51,-1,51,177,9,-1,183,184,227,-1,227,184,185,-1,227,185,102,-1,102,185,186,-1,102,186,103,-1,227,228,183,-1,183,228,229,-1,183,229,182,-1,182,229,230,-1,230,231,182,-1,182,231,232,-1,182,232,181,-1,181,232,233,-1,181,233,180,-1,180,233,234,-1,180,234,179,-1,179,234,235,-1,179,235,178,-1,178,235,97,-1,178,97,96,-1,1,17,196,-1,196,17,236,-1,196,236,194,-1,194,236,237,-1,194,237,192,-1,192,237,238,-1,192,238,190,-1,190,238,239,-1,190,239,188,-1,188,239,240,-1,188,240,7,-1,7,240,29,-1,17,19,236,-1,236,19,241,-1,236,241,237,-1,237,241,242,-1,237,242,238,-1,238,242,243,-1,238,243,239,-1,239,243,244,-1,239,244,240,-1,240,244,245,-1,240,245,29,-1,29,245,31,-1,19,21,241,-1,241,21,246,-1,241,246,242,-1,242,246,247,-1,242,247,243,-1,243,247,248,-1,243,248,244,-1,244,248,249,-1,244,249,245,-1,245,249,250,-1,245,250,31,-1,31,250,33,-1,21,23,246,-1,246,23,251,-1,246,251,247,-1,247,251,252,-1,247,252,248,-1,248,252,253,-1,248,253,249,-1,249,253,254,-1,249,254,250,-1,250,254,255,-1,250,255,33,-1,33,255,35,-1,23,25,251,-1,251,25,256,-1,251,256,252,-1,252,256,257,-1,252,257,253,-1,253,257,258,-1,253,258,254,-1,254,258,259,-1,254,259,255,-1,255,259,260,-1,255,260,35,-1,35,260,37,-1,25,27,256,-1,256,27,261,-1,256,261,257,-1,257,261,262,-1,257,262,258,-1,258,262,263,-1,258,263,259,-1,259,263,264,-1,259,264,260,-1,260,264,265,-1,260,265,37,-1,37,265,39,-1,100,71,52,-1,100,52,266,-1,266,52,197,-1,266,197,267,-1,267,197,199,-1,267,199,268,-1,268,199,269,-1,269,199,201,-1,269,201,270,-1,270,201,271,-1,271,201,203,-1,271,203,272,-1,272,203,273,-1,273,203,205,-1,273,205,274,-1,41,69,205,-1,205,69,111,-1,205,111,274,-1,275,72,276,-1,277,278,279,-1,280,281,282,-1,283,284,285,-1,227,102,286,-1,229,228,287,-1,287,228,227,-1,235,234,284,-1,284,234,233,-1,284,233,285,-1,285,233,232,-1,285,232,231,-1,97,235,288,-1,288,235,284,-1,288,284,289,-1,289,284,283,-1,289,283,290,-1,290,283,291,-1,227,286,287,-1,287,286,292,-1,287,292,293,-1,281,291,282,-1,282,291,283,-1,282,283,294,-1,294,283,285,-1,294,285,295,-1,295,285,231,-1,292,296,293,-1,293,296,297,-1,293,297,298,-1,278,280,279,-1,279,280,282,-1,279,282,299,-1,299,282,294,-1,299,294,300,-1,300,294,295,-1,297,301,298,-1,298,301,302,-1,298,302,303,-1,300,304,299,-1,299,304,305,-1,299,305,279,-1,279,305,306,-1,279,306,277,-1,230,229,307,-1,307,229,287,-1,307,287,308,-1,308,287,293,-1,308,293,309,-1,309,293,298,-1,309,298,310,-1,310,298,303,-1,310,303,311,-1,311,303,276,-1,311,276,72,-1,72,312,306,-1,306,312,313,-1,306,313,277,-1,304,314,305,-1,305,314,315,-1,305,315,306,-1,306,315,72,-1,314,316,315,-1,315,316,72,-1,302,317,303,-1,303,317,318,-1,303,318,276,-1,276,318,319,-1,276,319,275,-1,231,230,295,-1,295,230,307,-1,295,307,300,-1,300,307,308,-1,300,308,304,-1,304,308,309,-1,304,309,314,-1,314,309,310,-1,314,310,316,-1,316,310,311,-1,316,311,72,-1,104,67,39,-1,104,39,320,-1,320,39,265,-1,320,265,321,-1,321,265,264,-1,321,264,322,-1,322,264,323,-1,323,264,263,-1,323,263,324,-1,324,263,325,-1,325,263,262,-1,325,262,326,-1,326,262,327,-1,327,262,261,-1,327,261,328,-1,27,65,261,-1,261,65,99,-1,261,99,328,-1,271,272,329,-1,329,272,273,-1,329,273,110,-1,110,273,274,-1,110,274,111,-1,329,330,271,-1,271,330,331,-1,271,331,270,-1,331,332,270,-1,270,332,333,-1,270,333,269,-1,333,334,269,-1,269,334,335,-1,269,335,268,-1,268,335,336,-1,268,336,267,-1,267,336,337,-1,267,337,266,-1,266,337,101,-1,266,101,100,-1,102,101,286,-1,286,101,338,-1,286,338,292,-1,292,338,339,-1,292,339,296,-1,296,339,340,-1,296,340,297,-1,297,340,341,-1,297,341,301,-1,301,341,342,-1,301,342,302,-1,302,342,343,-1,302,343,317,-1,317,343,344,-1,317,344,318,-1,318,344,345,-1,318,345,319,-1,319,345,346,-1,319,346,275,-1,346,347,275,-1,275,347,73,-1,275,73,72,-1,98,97,348,-1,348,97,288,-1,348,288,349,-1,349,288,289,-1,349,289,350,-1,350,289,290,-1,350,290,351,-1,351,290,291,-1,351,291,352,-1,352,291,281,-1,352,281,353,-1,353,281,280,-1,353,280,354,-1,354,280,278,-1,354,278,355,-1,355,278,277,-1,355,277,356,-1,356,277,313,-1,356,313,357,-1,313,312,357,-1,357,312,72,-1,357,72,74,-1,325,326,358,-1,358,326,327,-1,358,327,98,-1,98,327,328,-1,98,328,99,-1,358,359,325,-1,325,359,360,-1,325,360,324,-1,324,360,361,-1,361,362,324,-1,324,362,363,-1,324,363,323,-1,323,363,364,-1,323,364,322,-1,322,364,365,-1,322,365,321,-1,321,365,366,-1,321,366,320,-1,320,366,105,-1,320,105,104,-1,367,73,368,-1,345,344,369,-1,343,342,370,-1,371,372,373,-1,329,110,374,-1,331,330,375,-1,375,330,329,-1,337,336,372,-1,372,336,335,-1,372,335,373,-1,373,335,334,-1,373,334,333,-1,101,337,338,-1,338,337,372,-1,338,372,339,-1,339,372,371,-1,339,371,340,-1,340,371,341,-1,329,374,375,-1,375,374,376,-1,375,376,377,-1,342,341,370,-1,370,341,371,-1,370,371,378,-1,378,371,373,-1,378,373,379,-1,379,373,333,-1,376,380,377,-1,377,380,381,-1,377,381,382,-1,344,343,369,-1,369,343,370,-1,369,370,383,-1,383,370,378,-1,383,378,384,-1,384,378,379,-1,381,385,382,-1,382,385,386,-1,382,386,387,-1,384,388,383,-1,383,388,389,-1,383,389,369,-1,369,389,390,-1,369,390,345,-1,332,331,391,-1,391,331,375,-1,391,375,392,-1,392,375,377,-1,392,377,393,-1,393,377,382,-1,393,382,394,-1,394,382,387,-1,394,387,395,-1,395,387,368,-1,395,368,73,-1,73,347,390,-1,390,347,346,-1,390,346,345,-1,388,396,389,-1,389,396,397,-1,389,397,390,-1,390,397,73,-1,396,398,397,-1,397,398,73,-1,386,399,387,-1,387,399,400,-1,387,400,368,-1,368,400,401,-1,368,401,367,-1,333,332,379,-1,379,332,391,-1,379,391,384,-1,384,391,392,-1,384,392,388,-1,388,392,393,-1,388,393,396,-1,396,393,394,-1,396,394,398,-1,398,394,395,-1,398,395,73,-1,357,74,402,-1,403,404,405,-1,406,407,408,-1,409,410,411,-1,358,98,348,-1,360,359,412,-1,412,359,358,-1,366,365,410,-1,410,365,364,-1,410,364,411,-1,411,364,363,-1,411,363,362,-1,105,366,413,-1,413,366,410,-1,413,410,414,-1,414,410,409,-1,414,409,415,-1,415,409,416,-1,358,348,412,-1,412,348,349,-1,412,349,417,-1,407,416,408,-1,408,416,409,-1,408,409,418,-1,418,409,411,-1,418,411,419,-1,419,411,362,-1,349,350,417,-1,417,350,351,-1,417,351,420,-1,404,406,405,-1,405,406,408,-1,405,408,421,-1,421,408,418,-1,421,418,422,-1,422,418,419,-1,351,352,420,-1,420,352,353,-1,420,353,423,-1,422,424,421,-1,421,424,425,-1,421,425,405,-1,405,425,426,-1,405,426,403,-1,361,360,427,-1,427,360,412,-1,427,412,428,-1,428,412,417,-1,428,417,429,-1,429,417,420,-1,429,420,430,-1,430,420,423,-1,430,423,431,-1,431,423,402,-1,431,402,74,-1,74,432,426,-1,426,432,433,-1,426,433,403,-1,424,434,425,-1,425,434,435,-1,425,435,426,-1,426,435,74,-1,434,436,435,-1,435,436,74,-1,353,354,423,-1,423,354,355,-1,423,355,402,-1,402,355,356,-1,402,356,357,-1,362,361,419,-1,419,361,427,-1,419,427,422,-1,422,427,428,-1,422,428,424,-1,424,428,429,-1,424,429,434,-1,434,429,430,-1,434,430,436,-1,436,430,431,-1,436,431,74,-1,110,109,374,-1,374,109,437,-1,374,437,376,-1,376,437,438,-1,376,438,380,-1,380,438,439,-1,380,439,381,-1,381,439,440,-1,381,440,385,-1,385,440,441,-1,385,441,386,-1,386,441,442,-1,386,442,399,-1,399,442,443,-1,399,443,400,-1,400,443,444,-1,400,444,401,-1,401,444,445,-1,401,445,367,-1,445,446,367,-1,367,446,75,-1,367,75,73,-1,106,105,447,-1,447,105,413,-1,447,413,448,-1,448,413,414,-1,448,414,449,-1,449,414,415,-1,449,415,450,-1,450,415,416,-1,450,416,451,-1,451,416,407,-1,451,407,452,-1,452,407,406,-1,452,406,453,-1,453,406,404,-1,453,404,454,-1,454,404,403,-1,454,403,455,-1,455,403,433,-1,455,433,456,-1,433,432,456,-1,456,432,74,-1,456,74,75,-1,456,75,457,-1,444,443,458,-1,442,441,459,-1,460,461,462,-1,463,106,447,-1,464,465,466,-1,466,465,463,-1,467,468,461,-1,461,468,469,-1,461,469,462,-1,462,469,470,-1,462,470,471,-1,109,467,437,-1,437,467,461,-1,437,461,438,-1,438,461,460,-1,438,460,439,-1,439,460,440,-1,463,447,466,-1,466,447,448,-1,466,448,472,-1,441,440,459,-1,459,440,460,-1,459,460,473,-1,473,460,462,-1,473,462,474,-1,474,462,471,-1,448,449,472,-1,472,449,450,-1,472,450,475,-1,443,442,458,-1,458,442,459,-1,458,459,476,-1,476,459,473,-1,476,473,477,-1,477,473,474,-1,450,451,475,-1,475,451,452,-1,475,452,478,-1,477,479,476,-1,476,479,480,-1,476,480,458,-1,458,480,481,-1,458,481,444,-1,482,464,483,-1,483,464,466,-1,483,466,484,-1,484,466,472,-1,484,472,485,-1,485,472,475,-1,485,475,486,-1,486,475,478,-1,486,478,487,-1,487,478,457,-1,487,457,75,-1,75,446,481,-1,481,446,445,-1,481,445,444,-1,479,488,480,-1,480,488,489,-1,480,489,481,-1,481,489,75,-1,488,490,489,-1,489,490,75,-1,452,453,478,-1,478,453,454,-1,478,454,457,-1,457,454,455,-1,457,455,456,-1,471,482,474,-1,474,482,483,-1,474,483,477,-1,477,483,484,-1,477,484,479,-1,479,484,485,-1,479,485,488,-1,488,485,486,-1,488,486,490,-1,490,486,487,-1,490,487,75,-1,491,492,463,-1,463,492,493,-1,463,493,106,-1,106,493,494,-1,106,494,107,-1,463,465,491,-1,491,465,464,-1,491,464,495,-1,495,464,482,-1,482,471,495,-1,495,471,470,-1,495,470,496,-1,496,470,469,-1,496,469,497,-1,497,469,468,-1,497,468,498,-1,498,468,467,-1,498,467,499,-1,499,467,109,-1,499,109,108,-1,108,68,40,-1,108,40,499,-1,499,40,500,-1,499,500,498,-1,498,500,501,-1,498,501,497,-1,497,501,496,-1,496,501,502,-1,496,502,495,-1,495,502,491,-1,491,502,503,-1,491,503,492,-1,492,503,493,-1,493,503,504,-1,493,504,494,-1,38,66,504,-1,504,66,107,-1,504,107,494,-1,6,28,505,-1,505,28,506,-1,505,506,507,-1,507,506,508,-1,507,508,509,-1,509,508,510,-1,509,510,511,-1,511,510,512,-1,511,512,513,-1,513,512,514,-1,513,514,8,-1,8,514,50,-1,28,30,506,-1,506,30,515,-1,506,515,508,-1,508,515,516,-1,508,516,510,-1,510,516,517,-1,510,517,512,-1,512,517,518,-1,512,518,514,-1,514,518,519,-1,514,519,50,-1,50,519,48,-1,30,32,515,-1,515,32,520,-1,515,520,516,-1,516,520,521,-1,516,521,517,-1,517,521,522,-1,517,522,518,-1,518,522,523,-1,518,523,519,-1,519,523,524,-1,519,524,48,-1,48,524,46,-1,32,34,520,-1,520,34,525,-1,520,525,521,-1,521,525,526,-1,521,526,522,-1,522,526,527,-1,522,527,523,-1,523,527,528,-1,523,528,524,-1,524,528,529,-1,524,529,46,-1,46,529,44,-1,34,36,525,-1,525,36,530,-1,525,530,526,-1,526,530,531,-1,526,531,527,-1,527,531,532,-1,527,532,528,-1,528,532,533,-1,528,533,529,-1,529,533,534,-1,529,534,44,-1,44,534,42,-1,36,38,530,-1,530,38,504,-1,530,504,531,-1,531,504,503,-1,531,503,532,-1,532,503,502,-1,532,502,533,-1,533,502,501,-1,533,501,534,-1,534,501,500,-1,534,500,42,-1,42,500,40,-1,8,10,535,-1,8,535,513,-1,513,535,536,-1,513,536,511,-1,511,536,537,-1,511,537,509,-1,509,537,538,-1,509,538,507,-1,507,538,539,-1,507,539,505,-1,505,539,4,-1,505,4,6,-1,91,89,124,-1,124,89,540,-1,124,540,541,-1,541,540,542,-1,542,540,543,-1,542,543,544,-1,544,543,545,-1,545,543,546,-1,545,546,547,-1,547,546,548,-1,548,546,549,-1,548,549,550,-1,550,549,551,-1,551,549,552,-1,551,552,553,-1,87,85,552,-1,552,85,119,-1,552,119,553,-1,76,78,120,-1,120,78,554,-1,120,554,555,-1,555,554,556,-1,556,554,557,-1,556,557,558,-1,558,557,559,-1,559,557,560,-1,559,560,561,-1,561,560,562,-1,562,560,563,-1,562,563,564,-1,564,563,565,-1,565,563,566,-1,565,566,567,-1,88,90,566,-1,566,90,127,-1,566,127,567,-1,119,118,553,-1,553,118,568,-1,553,568,551,-1,551,568,569,-1,551,569,550,-1,550,569,570,-1,550,570,548,-1,570,571,548,-1,548,571,572,-1,548,572,547,-1,547,572,573,-1,547,573,545,-1,545,573,574,-1,545,574,544,-1,574,575,544,-1,544,575,576,-1,544,576,542,-1,542,576,577,-1,542,577,541,-1,541,577,578,-1,578,579,541,-1,541,579,580,-1,541,580,124,-1,124,580,581,-1,124,581,125,-1,126,125,582,-1,582,125,583,-1,582,583,584,-1,584,583,585,-1,584,585,586,-1,586,585,587,-1,586,587,588,-1,588,587,589,-1,588,589,590,-1,590,589,591,-1,590,591,592,-1,592,591,593,-1,592,593,594,-1,594,593,595,-1,594,595,596,-1,596,595,597,-1,596,597,598,-1,598,597,599,-1,598,599,600,-1,599,601,600,-1,600,601,95,-1,600,95,93,-1,127,126,567,-1,567,126,602,-1,567,602,603,-1,603,604,567,-1,567,604,605,-1,567,605,565,-1,565,605,606,-1,565,606,564,-1,606,607,564,-1,564,607,608,-1,564,608,562,-1,562,608,609,-1,562,609,561,-1,609,610,561,-1,561,610,611,-1,561,611,559,-1,611,612,559,-1,559,612,613,-1,559,613,558,-1,558,613,614,-1,121,120,615,-1,615,120,555,-1,615,555,614,-1,614,555,556,-1,614,556,558,-1,84,86,116,-1,116,86,616,-1,116,616,617,-1,617,616,618,-1,618,616,619,-1,618,619,620,-1,620,619,621,-1,621,619,622,-1,621,622,623,-1,623,622,624,-1,624,622,625,-1,624,625,626,-1,626,625,627,-1,627,625,628,-1,627,628,629,-1,83,81,628,-1,628,81,115,-1,628,115,629,-1,630,631,632,-1,633,634,635,-1,636,637,638,-1,572,639,640,-1,641,642,118,-1,118,642,568,-1,568,642,569,-1,569,642,643,-1,569,643,570,-1,639,572,643,-1,643,572,571,-1,643,571,570,-1,575,574,640,-1,640,574,573,-1,640,573,572,-1,644,578,577,-1,125,581,583,-1,583,581,645,-1,583,645,585,-1,585,645,646,-1,647,589,646,-1,646,589,587,-1,646,587,585,-1,648,593,647,-1,647,593,591,-1,647,591,589,-1,601,599,649,-1,649,599,597,-1,649,597,648,-1,648,597,595,-1,648,595,593,-1,95,601,650,-1,650,601,649,-1,650,649,651,-1,651,649,652,-1,637,652,638,-1,638,652,649,-1,638,649,653,-1,653,649,648,-1,653,648,654,-1,654,648,647,-1,654,647,655,-1,655,647,646,-1,655,646,656,-1,656,646,645,-1,656,645,580,-1,580,645,581,-1,634,636,635,-1,635,636,638,-1,635,638,657,-1,657,638,653,-1,657,653,658,-1,658,653,654,-1,658,654,659,-1,659,654,655,-1,659,655,660,-1,660,655,656,-1,660,656,579,-1,579,656,580,-1,631,633,632,-1,632,633,635,-1,632,635,661,-1,661,635,657,-1,661,657,662,-1,662,657,658,-1,662,658,663,-1,663,658,659,-1,663,659,644,-1,644,659,660,-1,644,660,578,-1,578,660,579,-1,641,630,642,-1,642,630,632,-1,642,632,643,-1,643,632,661,-1,643,661,639,-1,639,661,662,-1,639,662,640,-1,640,662,663,-1,640,663,575,-1,575,663,644,-1,575,644,576,-1,576,644,577,-1,664,665,666,-1,667,668,669,-1,670,671,672,-1,673,674,675,-1,676,677,678,-1,606,605,679,-1,680,602,126,-1,681,608,679,-1,679,608,607,-1,679,607,606,-1,682,610,609,-1,610,682,611,-1,611,682,683,-1,611,683,612,-1,612,683,684,-1,612,684,613,-1,613,684,614,-1,614,684,678,-1,614,678,615,-1,615,678,677,-1,615,677,121,-1,126,582,680,-1,680,582,584,-1,680,584,685,-1,584,586,685,-1,685,586,588,-1,685,588,686,-1,588,590,686,-1,686,590,592,-1,686,592,687,-1,592,594,687,-1,687,594,596,-1,687,596,666,-1,674,676,675,-1,675,676,678,-1,675,678,688,-1,688,678,684,-1,688,684,689,-1,689,684,683,-1,689,683,681,-1,681,683,682,-1,681,682,608,-1,608,682,609,-1,671,673,672,-1,672,673,675,-1,672,675,690,-1,690,675,688,-1,690,688,691,-1,691,688,689,-1,691,689,692,-1,692,689,681,-1,692,681,693,-1,693,681,679,-1,693,679,604,-1,604,679,605,-1,668,670,669,-1,669,670,672,-1,669,672,694,-1,694,672,690,-1,694,690,695,-1,695,690,691,-1,695,691,696,-1,696,691,692,-1,696,692,697,-1,697,692,693,-1,697,693,603,-1,603,693,604,-1,665,667,666,-1,666,667,669,-1,666,669,687,-1,687,669,694,-1,687,694,686,-1,686,694,695,-1,686,695,685,-1,685,695,696,-1,685,696,680,-1,680,696,697,-1,680,697,602,-1,602,697,603,-1,93,664,600,-1,600,664,666,-1,600,666,598,-1,598,666,596,-1,80,82,112,-1,112,82,698,-1,112,698,699,-1,699,698,700,-1,700,698,701,-1,700,701,702,-1,702,701,703,-1,703,701,704,-1,703,704,705,-1,705,704,706,-1,706,704,707,-1,706,707,708,-1,708,707,709,-1,709,707,710,-1,709,710,711,-1,79,77,710,-1,710,77,123,-1,710,123,711,-1,115,114,629,-1,629,114,712,-1,629,712,713,-1,713,714,629,-1,629,714,715,-1,629,715,627,-1,627,715,716,-1,627,716,626,-1,716,717,626,-1,626,717,718,-1,626,718,624,-1,624,718,719,-1,624,719,623,-1,719,720,623,-1,623,720,721,-1,623,721,621,-1,721,722,621,-1,621,722,723,-1,621,723,620,-1,620,723,724,-1,117,116,725,-1,725,116,617,-1,725,617,724,-1,724,617,618,-1,724,618,620,-1,118,117,641,-1,641,117,726,-1,641,726,630,-1,630,726,727,-1,630,727,631,-1,631,727,728,-1,631,728,633,-1,633,728,729,-1,633,729,634,-1,634,729,730,-1,634,730,636,-1,636,730,731,-1,636,731,637,-1,637,731,732,-1,637,732,652,-1,652,732,733,-1,652,733,651,-1,651,733,734,-1,651,734,650,-1,734,735,650,-1,650,735,94,-1,650,94,95,-1,122,121,736,-1,736,121,677,-1,736,677,737,-1,737,677,676,-1,737,676,738,-1,738,676,674,-1,738,674,739,-1,739,674,673,-1,739,673,740,-1,740,673,671,-1,740,671,741,-1,741,671,670,-1,741,670,742,-1,742,670,668,-1,742,668,743,-1,743,668,667,-1,743,667,744,-1,744,667,665,-1,744,665,745,-1,665,664,745,-1,745,664,93,-1,745,93,92,-1,746,113,112,-1,123,122,711,-1,711,122,747,-1,711,747,709,-1,709,747,748,-1,709,748,708,-1,708,748,749,-1,708,749,706,-1,749,750,706,-1,706,750,751,-1,706,751,705,-1,705,751,752,-1,705,752,703,-1,703,752,753,-1,703,753,702,-1,746,112,754,-1,753,755,702,-1,702,755,756,-1,702,756,700,-1,700,756,757,-1,700,757,699,-1,699,757,758,-1,699,758,112,-1,112,758,759,-1,112,759,754,-1,727,726,760,-1,729,728,761,-1,731,730,762,-1,733,732,763,-1,716,715,764,-1,765,712,114,-1,766,718,764,-1,764,718,717,-1,764,717,716,-1,767,720,719,-1,720,767,721,-1,721,767,768,-1,721,768,722,-1,722,768,769,-1,722,769,723,-1,723,769,724,-1,724,769,760,-1,724,760,725,-1,725,760,726,-1,725,726,117,-1,770,94,771,-1,771,94,735,-1,771,735,734,-1,772,773,771,-1,771,773,774,-1,771,774,770,-1,775,776,772,-1,772,776,777,-1,772,777,773,-1,778,779,775,-1,775,779,780,-1,775,780,776,-1,728,727,761,-1,761,727,760,-1,761,760,781,-1,781,760,769,-1,781,769,782,-1,782,769,768,-1,782,768,766,-1,766,768,767,-1,766,767,718,-1,718,767,719,-1,114,783,765,-1,765,783,784,-1,765,784,778,-1,778,784,785,-1,778,785,779,-1,734,733,771,-1,771,733,763,-1,771,763,772,-1,772,763,786,-1,772,786,775,-1,775,786,787,-1,775,787,778,-1,778,787,788,-1,778,788,765,-1,765,788,789,-1,765,789,712,-1,712,789,713,-1,732,731,763,-1,763,731,762,-1,763,762,786,-1,786,762,790,-1,786,790,787,-1,787,790,791,-1,787,791,788,-1,788,791,792,-1,788,792,789,-1,789,792,793,-1,789,793,713,-1,713,793,714,-1,730,729,762,-1,762,729,761,-1,762,761,790,-1,790,761,781,-1,790,781,791,-1,791,781,782,-1,791,782,792,-1,792,782,766,-1,792,766,793,-1,793,766,764,-1,793,764,714,-1,714,764,715,-1,748,747,794,-1,794,747,122,-1,750,749,795,-1,795,749,748,-1,796,752,751,-1,752,796,753,-1,757,756,797,-1,797,756,755,-1,757,797,758,-1,758,797,798,-1,758,798,759,-1,759,798,799,-1,759,799,754,-1,754,799,800,-1,754,800,746,-1,746,800,801,-1,746,801,113,-1,122,736,794,-1,794,736,737,-1,794,737,802,-1,737,738,802,-1,802,738,739,-1,802,739,803,-1,739,740,803,-1,803,740,741,-1,803,741,804,-1,741,742,804,-1,804,742,743,-1,804,743,805,-1,92,806,745,-1,745,806,805,-1,745,805,744,-1,744,805,743,-1,748,794,795,-1,795,794,802,-1,795,802,807,-1,807,802,803,-1,807,803,808,-1,808,803,804,-1,808,804,809,-1,809,804,805,-1,809,805,810,-1,806,811,805,-1,805,811,812,-1,805,812,810,-1,810,812,813,-1,810,813,814,-1,814,815,810,-1,810,815,816,-1,810,816,809,-1,809,816,817,-1,809,817,808,-1,808,817,818,-1,808,818,807,-1,807,818,819,-1,807,819,795,-1,750,795,751,-1,751,795,819,-1,751,819,796,-1,796,819,818,-1,796,818,820,-1,820,818,817,-1,820,817,821,-1,821,817,816,-1,821,816,822,-1,822,816,815,-1,822,815,823,-1,814,824,815,-1,815,824,825,-1,815,825,823,-1,823,825,826,-1,823,826,827,-1,753,796,755,-1,755,796,820,-1,755,820,797,-1,797,820,821,-1,797,821,798,-1,798,821,822,-1,798,822,799,-1,799,822,823,-1,799,823,800,-1,800,823,827,-1,800,827,801,-1,114,113,783,-1,783,113,801,-1,783,801,784,-1,784,801,827,-1,784,827,785,-1,785,827,826,-1,785,826,779,-1,779,826,825,-1,779,825,780,-1,780,825,824,-1,780,824,776,-1,776,824,814,-1,776,814,777,-1,777,814,813,-1,777,813,773,-1,773,813,812,-1,773,812,774,-1,774,812,811,-1,774,811,770,-1,811,806,770,-1,770,806,92,-1,770,92,94,-1,
        ]
    }
}
Shape{
    appearance Appearance {
        material  Material 	{
            diffuseColor 0.8 0.8 0.8
            specularColor 1.0 1.0 1.0
            ambientIntensity 1.0
            transparency 0.0
            shininess 0.5
        }
    }
    geometry IndexedFaceSet {
        ccw TRUE
        solid FALSE
        coord DEF co Coordinate {
            point [
                0.9843 -1.6339 1.8898, 0.9843 -1.6339 0.0, 0.9843 -1.8307 1.8898, 0.9843 -1.8307 0.0, 0.5906 -1.8307 0.7485, 0.5906 -1.8307 0.0, 0.5906 -1.7913 0.7485, 0.5906 -1.6339 0.0, 0.5906 -1.7913 0.9257, 0.5906 -1.6339 1.8898, 0.5906 -1.8307 0.9257, 0.5906 -1.8307 1.8898, 0.1969 -1.6339 1.8898, 0.1969 -1.6339 0.0, 0.1969 -1.8307 1.8898, 0.1969 -1.8307 0.0, -0.1969 -1.6339 1.8898, -0.1969 -1.8307 1.8898, -0.1969 -1.8307 1.164, -0.1969 -1.7913 1.164, -0.1969 -1.7913 1.0271, -0.1969 -1.6339 0.0, -0.1969 -1.8307 0.7685, -0.1969 -1.8307 0.0, -0.1969 -1.7913 0.7685, -0.1969 -1.7913 0.9208, -0.1969 -1.8307 0.9208, -0.1969 -1.8307 1.0271, -0.5906 -1.7913 0.7967, -0.5906 -1.8307 0.7967, -0.5906 -1.8307 1.8898, -0.5906 -1.6339 0.0, -0.5906 -1.8307 0.0, -0.5906 -1.8307 0.7485, -0.5906 -1.7913 0.7485, -0.5906 -1.6339 1.8898, -0.9843 -1.6339 0.0, -0.9843 -1.6339 1.8898, -0.9843 -1.8307 0.0, -0.9843 -1.8307 1.8898, 3.3465 -1.6339 1.8898, 3.3465 -1.6339 0.0, 3.3465 -1.8307 1.8898, 3.3465 -1.8307 0.0, 2.9528 -1.6339 0.0, 2.9528 -1.6339 1.8898, 2.9528 -1.8307 0.0, 2.9528 -1.8307 1.8898, 2.5591 -1.6339 1.8898, 2.5591 -1.6339 0.0, 2.5591 -1.8307 1.8898, 2.5591 -1.8307 0.0, 2.1654 -1.6339 0.0, 2.1654 -1.6339 1.8898, 2.1654 -1.8307 0.0, 2.1654 -1.8307 1.8898, 1.7717 -1.6339 1.8898, 1.7717 -1.6339 0.0, 1.7717 -1.8307 1.8898, 1.7717 -1.8307 0.0, 1.378 -1.6339 0.0, 1.378 -1.6339 1.8898, 1.378 -1.8307 0.0, 1.378 -1.8307 1.8898, -1.378 -1.6339 1.8898, -1.378 -1.6339 0.0, -1.378 -1.8307 1.8898, -1.378 -1.8307 0.0, -1.7717 -1.6339 0.0, -1.7717 -1.6339 1.8898, -1.7717 -1.8307 0.0, -1.7717 -1.8307 1.8898, -2.1654 -1.6339 1.8898, -2.1654 -1.6339 0.0, -2.1654 -1.8307 1.8898, -2.1654 -1.8307 0.0, -2.5591 -1.6339 0.0, -2.5591 -1.6339 1.8898, -2.5591 -1.8307 0.0, -2.5591 -1.8307 1.8898
            ]
        }
        coordIndex [
            0,1,2,-1,2,1,3,-1,4,5,6,-1,6,5,7,-1,6,7,8,-1,8,7,9,-1,8,9,10,-1,10,9,11,-1,12,13,14,-1,14,13,15,-1,16,17,18,-1,18,19,16,-1,16,19,20,-1,16,20,21,-1,22,23,24,-1,24,23,21,-1,24,21,25,-1,25,21,20,-1,25,20,26,-1,26,20,27,-1,28,29,30,-1,31,32,33,-1,33,34,31,-1,31,34,28,-1,31,28,35,-1,35,28,30,-1,36,37,38,-1,38,37,39,-1,40,41,42,-1,42,41,43,-1,44,45,46,-1,46,45,47,-1,48,49,50,-1,50,49,51,-1,52,53,54,-1,54,53,55,-1,56,57,58,-1,58,57,59,-1,60,61,62,-1,62,61,63,-1,64,65,66,-1,66,65,67,-1,68,69,70,-1,70,69,71,-1,72,73,74,-1,74,73,75,-1,76,77,78,-1,78,77,79,-1,
        ]
    }
}
Shape{
    appearance Appearance {
        material  Material 	{
            diffuseColor 0.6470588235294118 0.6196078431372549 0.5882352941176471
            specularColor 0.45098039215686275 0.43529411764705883 0.4117647058823529
            ambientIntensity 0.6242
            transparency 0.0
            shininess 0.5
        }
    }
    geometry IndexedFaceSet {
        ccw TRUE
        solid FALSE
        coord DEF co Coordinate {
            point [
                -2.4685 -1.7323 1.3465, -2.2559 -1.7323 1.3465, -2.4685 -1.6339 1.3465, -2.2559 -1.6339 1.3465, -2.2362 -1.6339 1.1142, -2.2362 -1.6339 1.3268, -2.2362 -1.7323 1.1142, -2.2362 -1.7323 1.3268, -2.2559 -1.7323 1.0945, -2.4685 -1.7323 1.0945, -2.2559 -1.6339 1.0945, -2.4685 -1.6339 1.0945, -2.4882 -1.6339 1.3268, -2.4882 -1.6339 1.1142, -2.4882 -1.7323 1.3268, -2.4882 -1.7323 1.1142, -2.4685 -1.8158 1.3355, -2.2559 -1.8158 1.3355, -2.4685 -1.8937 1.3032, -2.2559 -1.8937 1.3032, -2.4685 -1.9606 1.2519, -2.2559 -1.9606 1.2519, -2.4685 -2.0119 1.185, -2.2559 -2.0119 1.185, -2.4685 -2.0441 1.1072, -2.2559 -2.0441 1.1072, -2.4685 -2.0551 1.0236, -2.2559 -2.0551 1.0236, -2.2362 -1.7557 1.1111, -2.2362 -1.8107 1.3164, -2.2362 -1.7776 1.102, -2.2362 -1.8839 1.2862, -2.2362 -1.7963 1.0877, -2.2362 -1.9466 1.238, -2.2362 -1.8107 1.0689, -2.2362 -1.9948 1.1752, -2.2362 -1.8198 1.0471, -2.2362 -2.0251 1.1021, -2.2362 -1.8228 1.0236, -2.2362 -2.0354 1.0236, -2.2559 -1.8032 1.0236, -2.4685 -1.8032 1.0236, -2.2559 -1.8007 1.042, -2.4685 -1.8007 1.042, -2.2559 -1.7937 1.0591, -2.4685 -1.7937 1.0591, -2.2559 -1.7824 1.0737, -2.4685 -1.7824 1.0737, -2.2559 -1.7677 1.085, -2.4685 -1.7677 1.085, -2.2559 -1.7506 1.0921, -2.4685 -1.7506 1.0921, -2.4882 -1.8228 1.0236, -2.4882 -2.0354 1.0236, -2.4882 -1.8198 1.0471, -2.4882 -2.0251 1.1021, -2.4882 -1.8107 1.0689, -2.4882 -1.9948 1.1752, -2.4882 -1.7963 1.0877, -2.4882 -1.9466 1.238, -2.4882 -1.7776 1.102, -2.4882 -1.8839 1.2862, -2.4882 -1.7557 1.1111, -2.4882 -1.8107 1.3164, -2.4685 -2.0551 -1.0827, -2.2559 -2.0551 -1.0827, -2.2362 -1.8228 -1.0827, -2.2362 -2.0354 -1.0827, -2.2559 -1.8032 -1.0827, -2.4685 -1.8032 -1.0827, -2.4882 -2.0354 -1.0827, -2.4882 -1.8228 -1.0827, -2.4296 -1.9965 -1.378, -2.4296 -1.8618 -1.378, -2.2948 -1.9965 -1.378, -2.2948 -1.8618 -1.378, -2.4882 -0.1502 1.3268, -2.4882 -0.1502 1.1142, -2.4882 -1.0433 1.3268, -2.4882 -1.0433 1.1142, -2.4685 -0.1502 1.0945, -2.2559 -0.1502 1.0945, -2.4685 -1.0433 1.0945, -2.2559 -1.0433 1.0945, -2.2362 -0.1502 1.1142, -2.2362 -0.1502 1.3268, -2.2362 -1.0433 1.1142, -2.2362 -1.0433 1.3268, -2.4685 -1.0433 1.3465, -2.2559 -1.0433 1.3465, -2.4685 -0.1502 1.3465, -2.2559 -0.1502 1.3465, -2.4296 0.1451 1.1531, -2.4296 0.1451 1.2878, -2.2948 0.1451 1.1531, -2.2948 0.1451 1.2878, -1.6811 -1.7323 1.3465, -1.4685 -1.7323 1.3465, -1.6811 -1.6339 1.3465, -1.4685 -1.6339 1.3465, -1.4488 -1.6339 1.1142, -1.4488 -1.6339 1.3268, -1.4488 -1.7323 1.1142, -1.4488 -1.7323 1.3268, -1.4685 -1.7323 1.0945, -1.6811 -1.7323 1.0945, -1.4685 -1.6339 1.0945, -1.6811 -1.6339 1.0945, -1.7008 -1.6339 1.3268, -1.7008 -1.6339 1.1142, -1.7008 -1.7323 1.3268, -1.7008 -1.7323 1.1142, -1.6811 -1.8158 1.3355, -1.4685 -1.8158 1.3355, -1.6811 -1.8937 1.3032, -1.4685 -1.8937 1.3032, -1.6811 -1.9606 1.2519, -1.4685 -1.9606 1.2519, -1.6811 -2.0119 1.185, -1.4685 -2.0119 1.185, -1.6811 -2.0441 1.1072, -1.4685 -2.0441 1.1072, -1.6811 -2.0551 1.0236, -1.4685 -2.0551 1.0236, -1.4488 -1.7557 1.1111, -1.4488 -1.8107 1.3164, -1.4488 -1.7776 1.102, -1.4488 -1.8839 1.2862, -1.4488 -1.7963 1.0877, -1.4488 -1.9466 1.238, -1.4488 -1.8107 1.0689, -1.4488 -1.9948 1.1752, -1.4488 -1.8198 1.0471, -1.4488 -2.0251 1.1021, -1.4488 -1.8228 1.0236, -1.4488 -2.0354 1.0236, -1.4685 -1.8032 1.0236, -1.6811 -1.8032 1.0236, -1.4685 -1.8007 1.042, -1.6811 -1.8007 1.042, -1.4685 -1.7937 1.0591, -1.6811 -1.7937 1.0591, -1.4685 -1.7824 1.0737, -1.6811 -1.7824 1.0737, -1.4685 -1.7677 1.085, -1.6811 -1.7677 1.085, -1.4685 -1.7506 1.0921, -1.6811 -1.7506 1.0921, -1.7008 -1.8228 1.0236, -1.7008 -2.0354 1.0236, -1.7008 -1.8198 1.0471, -1.7008 -2.0251 1.1021, -1.7008 -1.8107 1.0689, -1.7008 -1.9948 1.1752, -1.7008 -1.7963 1.0877, -1.7008 -1.9466 1.238, -1.7008 -1.7776 1.102, -1.7008 -1.8839 1.2862, -1.7008 -1.7557 1.1111, -1.7008 -1.8107 1.3164, -1.6811 -2.0551 -1.0827, -1.4685 -2.0551 -1.0827, -1.4488 -1.8228 -1.0827, -1.4488 -2.0354 -1.0827, -1.4685 -1.8032 -1.0827, -1.6811 -1.8032 -1.0827, -1.7008 -2.0354 -1.0827, -1.7008 -1.8228 -1.0827, -1.6422 -1.9965 -1.378, -1.6422 -1.8618 -1.378, -1.5074 -1.9965 -1.378, -1.5074 -1.8618 -1.378, -1.7008 -0.1502 1.3268, -1.7008 -0.1502 1.1142, -1.7008 -1.0433 1.3268, -1.7008 -1.0433 1.1142, -1.6811 -0.1502 1.0945, -1.4685 -0.1502 1.0945, -1.6811 -1.0433 1.0945, -1.4685 -1.0433 1.0945, -1.4488 -0.1502 1.1142, -1.4488 -0.1502 1.3268, -1.4488 -1.0433 1.1142, -1.4488 -1.0433 1.3268, -1.6811 -1.0433 1.3465, -1.4685 -1.0433 1.3465, -1.6811 -0.1502 1.3465, -1.4685 -0.1502 1.3465, -1.6422 0.1451 1.1531, -1.6422 0.1451 1.2878, -1.5074 0.1451 1.1531, -1.5074 0.1451 1.2878, -0.8937 -1.7323 1.3465, -0.6811 -1.7323 1.3465, -0.8937 -1.6339 1.3465, -0.6811 -1.6339 1.3465, -0.6614 -1.6339 1.1142, -0.6614 -1.6339 1.3268, -0.6614 -1.7323 1.1142, -0.6614 -1.7323 1.3268, -0.6811 -1.7323 1.0945, -0.8937 -1.7323 1.0945, -0.6811 -1.6339 1.0945, -0.8937 -1.6339 1.0945, -0.9134 -1.6339 1.3268, -0.9134 -1.6339 1.1142, -0.9134 -1.7323 1.3268, -0.9134 -1.7323 1.1142, -0.8937 -1.8158 1.3355, -0.6811 -1.8158 1.3355, -0.8937 -1.8937 1.3032, -0.6811 -1.8937 1.3032, -0.8937 -1.9606 1.2519, -0.6811 -1.9606 1.2519, -0.8937 -2.0119 1.185, -0.6811 -2.0119 1.185, -0.8937 -2.0441 1.1072, -0.6811 -2.0441 1.1072, -0.8937 -2.0551 1.0236, -0.6811 -2.0551 1.0236, -0.6614 -1.7557 1.1111, -0.6614 -1.8107 1.3164, -0.6614 -1.7776 1.102, -0.6614 -1.8839 1.2862, -0.6614 -1.7963 1.0877, -0.6614 -1.9466 1.238, -0.6614 -1.8107 1.0689, -0.6614 -1.9948 1.1752, -0.6614 -1.8198 1.0471, -0.6614 -2.0251 1.1021, -0.6614 -1.8228 1.0236, -0.6614 -2.0354 1.0236, -0.6811 -1.8032 1.0236, -0.8937 -1.8032 1.0236, -0.6811 -1.8007 1.042, -0.8937 -1.8007 1.042, -0.6811 -1.7937 1.0591, -0.8937 -1.7937 1.0591, -0.6811 -1.7824 1.0737, -0.8937 -1.7824 1.0737, -0.6811 -1.7677 1.085, -0.8937 -1.7677 1.085, -0.6811 -1.7506 1.0921, -0.8937 -1.7506 1.0921, -0.9134 -1.8228 1.0236, -0.9134 -2.0354 1.0236, -0.9134 -1.8198 1.0471, -0.9134 -2.0251 1.1021, -0.9134 -1.8107 1.0689, -0.9134 -1.9948 1.1752, -0.9134 -1.7963 1.0877, -0.9134 -1.9466 1.238, -0.9134 -1.7776 1.102, -0.9134 -1.8839 1.2862, -0.9134 -1.7557 1.1111, -0.9134 -1.8107 1.3164, -0.8937 -2.0551 -1.0827, -0.6811 -2.0551 -1.0827, -0.6614 -1.8228 -1.0827, -0.6614 -2.0354 -1.0827, -0.6811 -1.8032 -1.0827, -0.8937 -1.8032 -1.0827, -0.9134 -2.0354 -1.0827, -0.9134 -1.8228 -1.0827, -0.8548 -1.9965 -1.378, -0.8548 -1.8618 -1.378, -0.72 -1.9965 -1.378, -0.72 -1.8618 -1.378, -0.9134 -0.1502 1.3268, -0.9134 -0.1502 1.1142, -0.9134 -1.0433 1.3268, -0.9134 -1.0433 1.1142, -0.8937 -0.1502 1.0945, -0.6811 -0.1502 1.0945, -0.8937 -1.0433 1.0945, -0.6811 -1.0433 1.0945, -0.6614 -0.1502 1.1142, -0.6614 -0.1502 1.3268, -0.6614 -1.0433 1.1142, -0.6614 -1.0433 1.3268, -0.8937 -1.0433 1.3465, -0.6811 -1.0433 1.3465, -0.8937 -0.1502 1.3465, -0.6811 -0.1502 1.3465, -0.8548 0.1451 1.1531, -0.8548 0.1451 1.2878, -0.72 0.1451 1.1531, -0.72 0.1451 1.2878, -0.1063 -1.7323 1.3465, 0.1063 -1.7323 1.3465, -0.1063 -1.6339 1.3465, 0.1063 -1.6339 1.3465, 0.126 -1.6339 1.1142, 0.126 -1.6339 1.3268, 0.126 -1.7323 1.1142, 0.126 -1.7323 1.3268, 0.1063 -1.7323 1.0945, -0.1063 -1.7323 1.0945, 0.1063 -1.6339 1.0945, -0.1063 -1.6339 1.0945, -0.126 -1.6339 1.3268, -0.126 -1.6339 1.1142, -0.126 -1.7323 1.3268, -0.126 -1.7323 1.1142, -0.1063 -1.8158 1.3355, 0.1063 -1.8158 1.3355, -0.1063 -1.8937 1.3032, 0.1063 -1.8937 1.3032, -0.1063 -1.9606 1.2519, 0.1063 -1.9606 1.2519, -0.1063 -2.0119 1.185, 0.1063 -2.0119 1.185, -0.1063 -2.0441 1.1072, 0.1063 -2.0441 1.1072, -0.1063 -2.0551 1.0236, 0.1063 -2.0551 1.0236, 0.126 -1.7557 1.1111, 0.126 -1.8107 1.3164, 0.126 -1.7776 1.102, 0.126 -1.8839 1.2862, 0.126 -1.7963 1.0877, 0.126 -1.9466 1.238, 0.126 -1.8107 1.0689, 0.126 -1.9948 1.1752, 0.126 -1.8198 1.0471, 0.126 -2.0251 1.1021, 0.126 -1.8228 1.0236, 0.126 -2.0354 1.0236, 0.1063 -1.8032 1.0236, -0.1063 -1.8032 1.0236, 0.1063 -1.8007 1.042, -0.1063 -1.8007 1.042, 0.1063 -1.7937 1.0591, -0.1063 -1.7937 1.0591, 0.1063 -1.7824 1.0737, -0.1063 -1.7824 1.0737, 0.1063 -1.7677 1.085, -0.1063 -1.7677 1.085, 0.1063 -1.7506 1.0921, -0.1063 -1.7506 1.0921, -0.126 -1.8228 1.0236, -0.126 -2.0354 1.0236, -0.126 -1.8198 1.0471, -0.126 -2.0251 1.1021, -0.126 -1.8107 1.0689, -0.126 -1.9948 1.1752, -0.126 -1.7963 1.0877, -0.126 -1.9466 1.238, -0.126 -1.7776 1.102, -0.126 -1.8839 1.2862, -0.126 -1.7557 1.1111, -0.126 -1.8107 1.3164, -0.1063 -2.0551 -1.0827, 0.1063 -2.0551 -1.0827, 0.126 -1.8228 -1.0827, 0.126 -2.0354 -1.0827, 0.1063 -1.8032 -1.0827, -0.1063 -1.8032 -1.0827, -0.126 -2.0354 -1.0827, -0.126 -1.8228 -1.0827, -0.0674 -1.9965 -1.378, -0.0674 -1.8618 -1.378, 0.0674 -1.9965 -1.378, 0.0674 -1.8618 -1.378, -0.126 -0.1502 1.3268, -0.126 -0.1502 1.1142, -0.126 -1.0433 1.3268, -0.126 -1.0433 1.1142, -0.1063 -0.1502 1.0945, 0.1063 -0.1502 1.0945, -0.1063 -1.0433 1.0945, 0.1063 -1.0433 1.0945, 0.126 -0.1502 1.1142, 0.126 -0.1502 1.3268, 0.126 -1.0433 1.1142, 0.126 -1.0433 1.3268, -0.1063 -1.0433 1.3465, 0.1063 -1.0433 1.3465, -0.1063 -0.1502 1.3465, 0.1063 -0.1502 1.3465, -0.0674 0.1451 1.1531, -0.0674 0.1451 1.2878, 0.0674 0.1451 1.1531, 0.0674 0.1451 1.2878, 0.6811 -1.7323 1.3465, 0.8937 -1.7323 1.3465, 0.6811 -1.6339 1.3465, 0.8937 -1.6339 1.3465, 0.9134 -1.6339 1.1142, 0.9134 -1.6339 1.3268, 0.9134 -1.7323 1.1142, 0.9134 -1.7323 1.3268, 0.8937 -1.7323 1.0945, 0.6811 -1.7323 1.0945, 0.8937 -1.6339 1.0945, 0.6811 -1.6339 1.0945, 0.6614 -1.6339 1.3268, 0.6614 -1.6339 1.1142, 0.6614 -1.7323 1.3268, 0.6614 -1.7323 1.1142, 0.6811 -1.8158 1.3355, 0.8937 -1.8158 1.3355, 0.6811 -1.8937 1.3032, 0.8937 -1.8937 1.3032, 0.6811 -1.9606 1.2519, 0.8937 -1.9606 1.2519, 0.6811 -2.0119 1.185, 0.8937 -2.0119 1.185, 0.6811 -2.0441 1.1072, 0.8937 -2.0441 1.1072, 0.6811 -2.0551 1.0236, 0.8937 -2.0551 1.0236, 0.9134 -1.7557 1.1111, 0.9134 -1.8107 1.3164, 0.9134 -1.7776 1.102, 0.9134 -1.8839 1.2862, 0.9134 -1.7963 1.0877, 0.9134 -1.9466 1.238, 0.9134 -1.8107 1.0689, 0.9134 -1.9948 1.1752, 0.9134 -1.8198 1.0471, 0.9134 -2.0251 1.1021, 0.9134 -1.8228 1.0236, 0.9134 -2.0354 1.0236, 0.8937 -1.8032 1.0236, 0.6811 -1.8032 1.0236, 0.8937 -1.8007 1.042, 0.6811 -1.8007 1.042, 0.8937 -1.7937 1.0591, 0.6811 -1.7937 1.0591, 0.8937 -1.7824 1.0737, 0.6811 -1.7824 1.0737, 0.8937 -1.7677 1.085, 0.6811 -1.7677 1.085, 0.8937 -1.7506 1.0921, 0.6811 -1.7506 1.0921, 0.6614 -1.8228 1.0236, 0.6614 -2.0354 1.0236, 0.6614 -1.8198 1.0471, 0.6614 -2.0251 1.1021, 0.6614 -1.8107 1.0689, 0.6614 -1.9948 1.1752, 0.6614 -1.7963 1.0877, 0.6614 -1.9466 1.238, 0.6614 -1.7776 1.102, 0.6614 -1.8839 1.2862, 0.6614 -1.7557 1.1111, 0.6614 -1.8107 1.3164, 0.6811 -2.0551 -1.0827, 0.8937 -2.0551 -1.0827, 0.9134 -1.8228 -1.0827, 0.9134 -2.0354 -1.0827, 0.8937 -1.8032 -1.0827, 0.6811 -1.8032 -1.0827, 0.6614 -2.0354 -1.0827, 0.6614 -1.8228 -1.0827, 0.72 -1.9965 -1.378, 0.72 -1.8618 -1.378, 0.8548 -1.9965 -1.378, 0.8548 -1.8618 -1.378, 0.6614 -0.1502 1.3268, 0.6614 -0.1502 1.1142, 0.6614 -1.0433 1.3268, 0.6614 -1.0433 1.1142, 0.6811 -0.1502 1.0945, 0.8937 -0.1502 1.0945, 0.6811 -1.0433 1.0945, 0.8937 -1.0433 1.0945, 0.9134 -0.1502 1.1142, 0.9134 -0.1502 1.3268, 0.9134 -1.0433 1.1142, 0.9134 -1.0433 1.3268, 0.6811 -1.0433 1.3465, 0.8937 -1.0433 1.3465, 0.6811 -0.1502 1.3465, 0.8937 -0.1502 1.3465, 0.72 0.1451 1.1531, 0.72 0.1451 1.2878, 0.8548 0.1451 1.1531, 0.8548 0.1451 1.2878, 1.4685 -1.7323 1.3465, 1.6811 -1.7323 1.3465, 1.4685 -1.6339 1.3465, 1.6811 -1.6339 1.3465, 1.7008 -1.6339 1.1142, 1.7008 -1.6339 1.3268, 1.7008 -1.7323 1.1142, 1.7008 -1.7323 1.3268, 1.6811 -1.7323 1.0945, 1.4685 -1.7323 1.0945, 1.6811 -1.6339 1.0945, 1.4685 -1.6339 1.0945, 1.4488 -1.6339 1.3268, 1.4488 -1.6339 1.1142, 1.4488 -1.7323 1.3268, 1.4488 -1.7323 1.1142, 1.4685 -1.8158 1.3355, 1.6811 -1.8158 1.3355, 1.4685 -1.8937 1.3032, 1.6811 -1.8937 1.3032, 1.4685 -1.9606 1.2519, 1.6811 -1.9606 1.2519, 1.4685 -2.0119 1.185, 1.6811 -2.0119 1.185, 1.4685 -2.0441 1.1072, 1.6811 -2.0441 1.1072, 1.4685 -2.0551 1.0236, 1.6811 -2.0551 1.0236, 1.7008 -1.7557 1.1111, 1.7008 -1.8107 1.3164, 1.7008 -1.7776 1.102, 1.7008 -1.8839 1.2862, 1.7008 -1.7963 1.0877, 1.7008 -1.9466 1.238, 1.7008 -1.8107 1.0689, 1.7008 -1.9948 1.1752, 1.7008 -1.8198 1.0471, 1.7008 -2.0251 1.1021, 1.7008 -1.8228 1.0236, 1.7008 -2.0354 1.0236, 1.6811 -1.8032 1.0236, 1.4685 -1.8032 1.0236, 1.6811 -1.8007 1.042, 1.4685 -1.8007 1.042, 1.6811 -1.7937 1.0591, 1.4685 -1.7937 1.0591, 1.6811 -1.7824 1.0737, 1.4685 -1.7824 1.0737, 1.6811 -1.7677 1.085, 1.4685 -1.7677 1.085, 1.6811 -1.7506 1.0921, 1.4685 -1.7506 1.0921, 1.4488 -1.8228 1.0236, 1.4488 -2.0354 1.0236, 1.4488 -1.8198 1.0471, 1.4488 -2.0251 1.1021, 1.4488 -1.8107 1.0689, 1.4488 -1.9948 1.1752, 1.4488 -1.7963 1.0877, 1.4488 -1.9466 1.238, 1.4488 -1.7776 1.102, 1.4488 -1.8839 1.2862, 1.4488 -1.7557 1.1111, 1.4488 -1.8107 1.3164, 1.4685 -2.0551 -1.0827, 1.6811 -2.0551 -1.0827, 1.7008 -1.8228 -1.0827, 1.7008 -2.0354 -1.0827, 1.6811 -1.8032 -1.0827, 1.4685 -1.8032 -1.0827, 1.4488 -2.0354 -1.0827, 1.4488 -1.8228 -1.0827, 1.5074 -1.9965 -1.378, 1.5074 -1.8618 -1.378, 1.6422 -1.9965 -1.378, 1.6422 -1.8618 -1.378, 1.4488 -0.1502 1.3268, 1.4488 -0.1502 1.1142, 1.4488 -1.0433 1.3268, 1.4488 -1.0433 1.1142, 1.4685 -0.1502 1.0945, 1.6811 -0.1502 1.0945, 1.4685 -1.0433 1.0945, 1.6811 -1.0433 1.0945, 1.7008 -0.1502 1.1142, 1.7008 -0.1502 1.3268, 1.7008 -1.0433 1.1142, 1.7008 -1.0433 1.3268, 1.4685 -1.0433 1.3465, 1.6811 -1.0433 1.3465, 1.4685 -0.1502 1.3465, 1.6811 -0.1502 1.3465, 1.5074 0.1451 1.1531, 1.5074 0.1451 1.2878, 1.6422 0.1451 1.1531, 1.6422 0.1451 1.2878, 2.2559 -1.7323 1.3465, 2.4685 -1.7323 1.3465, 2.2559 -1.6339 1.3465, 2.4685 -1.6339 1.3465, 2.4882 -1.6339 1.1142, 2.4882 -1.6339 1.3268, 2.4882 -1.7323 1.1142, 2.4882 -1.7323 1.3268, 2.4685 -1.7323 1.0945, 2.2559 -1.7323 1.0945, 2.4685 -1.6339 1.0945, 2.2559 -1.6339 1.0945, 2.2362 -1.6339 1.3268, 2.2362 -1.6339 1.1142, 2.2362 -1.7323 1.3268, 2.2362 -1.7323 1.1142, 2.2559 -1.8158 1.3355, 2.4685 -1.8158 1.3355, 2.2559 -1.8937 1.3032, 2.4685 -1.8937 1.3032, 2.2559 -1.9606 1.2519, 2.4685 -1.9606 1.2519, 2.2559 -2.0119 1.185, 2.4685 -2.0119 1.185, 2.2559 -2.0441 1.1072, 2.4685 -2.0441 1.1072, 2.2559 -2.0551 1.0236, 2.4685 -2.0551 1.0236, 2.4882 -1.7557 1.1111, 2.4882 -1.8107 1.3164, 2.4882 -1.7776 1.102, 2.4882 -1.8839 1.2862, 2.4882 -1.7963 1.0877, 2.4882 -1.9466 1.238, 2.4882 -1.8107 1.0689, 2.4882 -1.9948 1.1752, 2.4882 -1.8198 1.0471, 2.4882 -2.0251 1.1021, 2.4882 -1.8228 1.0236, 2.4882 -2.0354 1.0236, 2.4685 -1.8032 1.0236, 2.2559 -1.8032 1.0236, 2.4685 -1.8007 1.042, 2.2559 -1.8007 1.042, 2.4685 -1.7937 1.0591, 2.2559 -1.7937 1.0591, 2.4685 -1.7824 1.0737, 2.2559 -1.7824 1.0737, 2.4685 -1.7677 1.085, 2.2559 -1.7677 1.085, 2.4685 -1.7506 1.0921, 2.2559 -1.7506 1.0921, 2.2362 -1.8228 1.0236, 2.2362 -2.0354 1.0236, 2.2362 -1.8198 1.0471, 2.2362 -2.0251 1.1021, 2.2362 -1.8107 1.0689, 2.2362 -1.9948 1.1752, 2.2362 -1.7963 1.0877, 2.2362 -1.9466 1.238, 2.2362 -1.7776 1.102, 2.2362 -1.8839 1.2862, 2.2362 -1.7557 1.1111, 2.2362 -1.8107 1.3164, 2.2559 -2.0551 -1.0827, 2.4685 -2.0551 -1.0827, 2.4882 -1.8228 -1.0827, 2.4882 -2.0354 -1.0827, 2.4685 -1.8032 -1.0827, 2.2559 -1.8032 -1.0827, 2.2362 -2.0354 -1.0827, 2.2362 -1.8228 -1.0827, 2.2948 -1.9965 -1.378, 2.2948 -1.8618 -1.378, 2.4296 -1.9965 -1.378, 2.4296 -1.8618 -1.378, 2.2362 -0.1502 1.3268, 2.2362 -0.1502 1.1142, 2.2362 -1.0433 1.3268, 2.2362 -1.0433 1.1142, 2.2559 -0.1502 1.0945, 2.4685 -0.1502 1.0945, 2.2559 -1.0433 1.0945, 2.4685 -1.0433 1.0945, 2.4882 -0.1502 1.1142, 2.4882 -0.1502 1.3268, 2.4882 -1.0433 1.1142, 2.4882 -1.0433 1.3268, 2.2559 -1.0433 1.3465, 2.4685 -1.0433 1.3465, 2.2559 -0.1502 1.3465, 2.4685 -0.1502 1.3465, 2.2948 0.1451 1.1531, 2.2948 0.1451 1.2878, 2.4296 0.1451 1.1531, 2.4296 0.1451 1.2878, 3.0433 -1.7323 1.3465, 3.2559 -1.7323 1.3465, 3.0433 -1.6339 1.3465, 3.2559 -1.6339 1.3465, 3.2756 -1.6339 1.1142, 3.2756 -1.6339 1.3268, 3.2756 -1.7323 1.1142, 3.2756 -1.7323 1.3268, 3.2559 -1.7323 1.0945, 3.0433 -1.7323 1.0945, 3.2559 -1.6339 1.0945, 3.0433 -1.6339 1.0945, 3.0236 -1.6339 1.3268, 3.0236 -1.6339 1.1142, 3.0236 -1.7323 1.3268, 3.0236 -1.7323 1.1142, 3.0433 -1.8158 1.3355, 3.2559 -1.8158 1.3355, 3.0433 -1.8937 1.3032, 3.2559 -1.8937 1.3032, 3.0433 -1.9606 1.2519, 3.2559 -1.9606 1.2519, 3.0433 -2.0119 1.185, 3.2559 -2.0119 1.185, 3.0433 -2.0441 1.1072, 3.2559 -2.0441 1.1072, 3.0433 -2.0551 1.0236, 3.2559 -2.0551 1.0236, 3.2756 -1.7557 1.1111, 3.2756 -1.8107 1.3164, 3.2756 -1.7776 1.102, 3.2756 -1.8839 1.2862, 3.2756 -1.7963 1.0877, 3.2756 -1.9466 1.238, 3.2756 -1.8107 1.0689, 3.2756 -1.9948 1.1752, 3.2756 -1.8198 1.0471, 3.2756 -2.0251 1.1021, 3.2756 -1.8228 1.0236, 3.2756 -2.0354 1.0236, 3.2559 -1.8032 1.0236, 3.0433 -1.8032 1.0236, 3.2559 -1.8007 1.042, 3.0433 -1.8007 1.042, 3.2559 -1.7937 1.0591, 3.0433 -1.7937 1.0591, 3.2559 -1.7824 1.0737, 3.0433 -1.7824 1.0737, 3.2559 -1.7677 1.085, 3.0433 -1.7677 1.085, 3.2559 -1.7506 1.0921, 3.0433 -1.7506 1.0921, 3.0236 -1.8228 1.0236, 3.0236 -2.0354 1.0236, 3.0236 -1.8198 1.0471, 3.0236 -2.0251 1.1021, 3.0236 -1.8107 1.0689, 3.0236 -1.9948 1.1752, 3.0236 -1.7963 1.0877, 3.0236 -1.9466 1.238, 3.0236 -1.7776 1.102, 3.0236 -1.8839 1.2862, 3.0236 -1.7557 1.1111, 3.0236 -1.8107 1.3164, 3.0433 -2.0551 -1.0827, 3.2559 -2.0551 -1.0827, 3.2756 -1.8228 -1.0827, 3.2756 -2.0354 -1.0827, 3.2559 -1.8032 -1.0827, 3.0433 -1.8032 -1.0827, 3.0236 -2.0354 -1.0827, 3.0236 -1.8228 -1.0827, 3.0822 -1.9965 -1.378, 3.0822 -1.8618 -1.378, 3.217 -1.9965 -1.378, 3.217 -1.8618 -1.378, 3.0236 -0.1502 1.3268, 3.0236 -0.1502 1.1142, 3.0236 -1.0433 1.3268, 3.0236 -1.0433 1.1142, 3.0433 -0.1502 1.0945, 3.2559 -0.1502 1.0945, 3.0433 -1.0433 1.0945, 3.2559 -1.0433 1.0945, 3.2756 -0.1502 1.1142, 3.2756 -0.1502 1.3268, 3.2756 -1.0433 1.1142, 3.2756 -1.0433 1.3268, 3.0433 -1.0433 1.3465, 3.2559 -1.0433 1.3465, 3.0433 -0.1502 1.3465, 3.2559 -0.1502 1.3465, 3.0822 0.1451 1.1531, 3.0822 0.1451 1.2878, 3.217 0.1451 1.1531, 3.217 0.1451 1.2878, -2.4687 -2.0551 -1.0827, -2.4296 -2.016 -1.361, -2.2948 -2.016 -1.361, -2.2557 -2.0551 -1.0827, -2.4882 -1.8226 -1.0827, -2.4491 -1.8618 -1.361, -2.4491 -1.9965 -1.361, -2.4882 -2.0356 -1.0827, -2.2362 -2.0356 -1.0827, -2.2753 -1.9965 -1.361, -2.2753 -1.8618 -1.361, -2.2362 -1.8226 -1.0827, -2.2557 -1.8032 -1.0827, -2.2948 -1.8423 -1.361, -2.4296 -1.8423 -1.361, -2.4687 -1.8032 -1.0827, -2.4687 -0.1502 1.0945, -2.4296 0.1282 1.1336, -2.2948 0.1282 1.1336, -2.2557 -0.1502 1.0945, -2.2362 -0.1502 1.114, -2.2753 0.1282 1.1531, -2.2753 0.1282 1.2878, -2.2362 -0.1502 1.327, -2.4882 -0.1502 1.327, -2.4491 0.1282 1.2878, -2.4491 0.1282 1.1531, -2.4882 -0.1502 1.114, -2.2557 -0.1502 1.3465, -2.2948 0.1282 1.3073, -2.4296 0.1282 1.3073, -2.4687 -0.1502 1.3465, -1.6813 -2.0551 -1.0827, -1.6422 -2.016 -1.361, -1.5074 -2.016 -1.361, -1.4683 -2.0551 -1.0827, -1.7008 -1.8226 -1.0827, -1.6617 -1.8618 -1.361, -1.6617 -1.9965 -1.361, -1.7008 -2.0356 -1.0827, -1.4488 -2.0356 -1.0827, -1.4879 -1.9965 -1.361, -1.4879 -1.8618 -1.361, -1.4488 -1.8226 -1.0827, -1.4683 -1.8032 -1.0827, -1.5074 -1.8423 -1.361, -1.6422 -1.8423 -1.361, -1.6813 -1.8032 -1.0827, -1.6813 -0.1502 1.0945, -1.6422 0.1282 1.1336, -1.5074 0.1282 1.1336, -1.4683 -0.1502 1.0945, -1.4488 -0.1502 1.114, -1.4879 0.1282 1.1531, -1.4879 0.1282 1.2878, -1.4488 -0.1502 1.327, -1.7008 -0.1502 1.327, -1.6617 0.1282 1.2878, -1.6617 0.1282 1.1531, -1.7008 -0.1502 1.114, -1.4683 -0.1502 1.3465, -1.5074 0.1282 1.3073, -1.6422 0.1282 1.3073, -1.6813 -0.1502 1.3465, -0.8939 -2.0551 -1.0827, -0.8548 -2.016 -1.361, -0.72 -2.016 -1.361, -0.6809 -2.0551 -1.0827, -0.9134 -1.8226 -1.0827, -0.8743 -1.8618 -1.361, -0.8743 -1.9965 -1.361, -0.9134 -2.0356 -1.0827, -0.6614 -2.0356 -1.0827, -0.7005 -1.9965 -1.361, -0.7005 -1.8618 -1.361, -0.6614 -1.8226 -1.0827, -0.6809 -1.8032 -1.0827, -0.72 -1.8423 -1.361, -0.8548 -1.8423 -1.361, -0.8939 -1.8032 -1.0827, -0.8939 -0.1502 1.0945, -0.8548 0.1282 1.1336, -0.72 0.1282 1.1336, -0.6809 -0.1502 1.0945, -0.6614 -0.1502 1.114, -0.7005 0.1282 1.1531, -0.7005 0.1282 1.2878, -0.6614 -0.1502 1.327, -0.9134 -0.1502 1.327, -0.8743 0.1282 1.2878, -0.8743 0.1282 1.1531, -0.9134 -0.1502 1.114, -0.6809 -0.1502 1.3465, -0.72 0.1282 1.3073, -0.8548 0.1282 1.3073, -0.8939 -0.1502 1.3465, -0.1065 -2.0551 -1.0827, -0.0674 -2.016 -1.361, 0.0674 -2.016 -1.361, 0.1065 -2.0551 -1.0827, -0.126 -1.8226 -1.0827, -0.0869 -1.8618 -1.361, -0.0869 -1.9965 -1.361, -0.126 -2.0356 -1.0827, 0.126 -2.0356 -1.0827, 0.0869 -1.9965 -1.361, 0.0869 -1.8618 -1.361, 0.126 -1.8226 -1.0827, 0.1065 -1.8032 -1.0827, 0.0674 -1.8423 -1.361, -0.0674 -1.8423 -1.361, -0.1065 -1.8032 -1.0827, -0.1065 -0.1502 1.0945, -0.0674 0.1282 1.1336, 0.0674 0.1282 1.1336, 0.1065 -0.1502 1.0945, 0.126 -0.1502 1.114, 0.0869 0.1282 1.1531, 0.0869 0.1282 1.2878, 0.126 -0.1502 1.327, -0.126 -0.1502 1.327, -0.0869 0.1282 1.2878, -0.0869 0.1282 1.1531, -0.126 -0.1502 1.114, 0.1065 -0.1502 1.3465, 0.0674 0.1282 1.3073, -0.0674 0.1282 1.3073, -0.1065 -0.1502 1.3465, 0.6809 -2.0551 -1.0827, 0.72 -2.016 -1.361, 0.8548 -2.016 -1.361, 0.8939 -2.0551 -1.0827, 0.6614 -1.8226 -1.0827, 0.7005 -1.8618 -1.361, 0.7005 -1.9965 -1.361, 0.6614 -2.0356 -1.0827, 0.9134 -2.0356 -1.0827, 0.8743 -1.9965 -1.361, 0.8743 -1.8618 -1.361, 0.9134 -1.8226 -1.0827, 0.8939 -1.8032 -1.0827, 0.8548 -1.8423 -1.361, 0.72 -1.8423 -1.361, 0.6809 -1.8032 -1.0827, 0.6809 -0.1502 1.0945, 0.72 0.1282 1.1336, 0.8548 0.1282 1.1336, 0.8939 -0.1502 1.0945, 0.9134 -0.1502 1.114, 0.8743 0.1282 1.1531, 0.8743 0.1282 1.2878, 0.9134 -0.1502 1.327, 0.6614 -0.1502 1.327, 0.7005 0.1282 1.2878, 0.7005 0.1282 1.1531, 0.6614 -0.1502 1.114, 0.8939 -0.1502 1.3465, 0.8548 0.1282 1.3073, 0.72 0.1282 1.3073, 0.6809 -0.1502 1.3465, 1.4683 -2.0551 -1.0827, 1.5074 -2.016 -1.361, 1.6422 -2.016 -1.361, 1.6813 -2.0551 -1.0827, 1.4488 -1.8226 -1.0827, 1.4879 -1.8618 -1.361, 1.4879 -1.9965 -1.361, 1.4488 -2.0356 -1.0827, 1.7008 -2.0356 -1.0827, 1.6617 -1.9965 -1.361, 1.6617 -1.8618 -1.361, 1.7008 -1.8226 -1.0827, 1.6813 -1.8032 -1.0827, 1.6422 -1.8423 -1.361, 1.5074 -1.8423 -1.361, 1.4683 -1.8032 -1.0827, 1.4683 -0.1502 1.0945, 1.5074 0.1282 1.1336, 1.6422 0.1282 1.1336, 1.6813 -0.1502 1.0945, 1.7008 -0.1502 1.114, 1.6617 0.1282 1.1531, 1.6617 0.1282 1.2878, 1.7008 -0.1502 1.327, 1.4488 -0.1502 1.327, 1.4879 0.1282 1.2878, 1.4879 0.1282 1.1531, 1.4488 -0.1502 1.114, 1.6813 -0.1502 1.3465, 1.6422 0.1282 1.3073, 1.5074 0.1282 1.3073, 1.4683 -0.1502 1.3465, 2.2557 -2.0551 -1.0827, 2.2948 -2.016 -1.361, 2.4296 -2.016 -1.361, 2.4687 -2.0551 -1.0827, 2.2362 -1.8226 -1.0827, 2.2753 -1.8618 -1.361, 2.2753 -1.9965 -1.361, 2.2362 -2.0356 -1.0827, 2.4882 -2.0356 -1.0827, 2.4491 -1.9965 -1.361, 2.4491 -1.8618 -1.361, 2.4882 -1.8226 -1.0827, 2.4687 -1.8032 -1.0827, 2.4296 -1.8423 -1.361, 2.2948 -1.8423 -1.361, 2.2557 -1.8032 -1.0827, 2.2557 -0.1502 1.0945, 2.2948 0.1282 1.1336, 2.4296 0.1282 1.1336, 2.4687 -0.1502 1.0945, 2.4882 -0.1502 1.114, 2.4491 0.1282 1.1531, 2.4491 0.1282 1.2878, 2.4882 -0.1502 1.327, 2.2362 -0.1502 1.327, 2.2753 0.1282 1.2878, 2.2753 0.1282 1.1531, 2.2362 -0.1502 1.114, 2.4687 -0.1502 1.3465, 2.4296 0.1282 1.3073, 2.2948 0.1282 1.3073, 2.2557 -0.1502 1.3465, 3.0431 -2.0551 -1.0827, 3.0822 -2.016 -1.361, 3.217 -2.016 -1.361, 3.2561 -2.0551 -1.0827, 3.0236 -1.8226 -1.0827, 3.0627 -1.8618 -1.361, 3.0627 -1.9965 -1.361, 3.0236 -2.0356 -1.0827, 3.2756 -2.0356 -1.0827, 3.2365 -1.9965 -1.361, 3.2365 -1.8618 -1.361, 3.2756 -1.8226 -1.0827, 3.2561 -1.8032 -1.0827, 3.217 -1.8423 -1.361, 3.0822 -1.8423 -1.361, 3.0431 -1.8032 -1.0827, 3.0431 -0.1502 1.0945, 3.0822 0.1282 1.1336, 3.217 0.1282 1.1336, 3.2561 -0.1502 1.0945, 3.2756 -0.1502 1.114, 3.2365 0.1282 1.1531, 3.2365 0.1282 1.2878, 3.2756 -0.1502 1.327, 3.0236 -0.1502 1.327, 3.0627 0.1282 1.2878, 3.0627 0.1282 1.1531, 3.0236 -0.1502 1.114, 3.2561 -0.1502 1.3465, 3.217 0.1282 1.3073, 3.0822 0.1282 1.3073, 3.0431 -0.1502 1.3465, -2.4736 -1.6339 1.3458, -2.4736 -1.7323 1.3458, -2.4783 -1.6339 1.3438, -2.4783 -1.7323 1.3438, -2.4824 -1.6339 1.3407, -2.4824 -1.7323 1.3407, -2.4856 -1.6339 1.3366, -2.4856 -1.7323 1.3366, -2.4875 -1.6339 1.3319, -2.4875 -1.7323 1.3319, -2.4736 -2.0545 1.0236, -2.4736 -2.0435 1.107, -2.4783 -2.0525 1.0236, -2.4783 -2.0416 1.1065, -2.4824 -2.0494 1.0236, -2.4824 -2.0386 1.1057, -2.4856 -2.0453 1.0236, -2.4856 -2.0346 1.1046, -2.4875 -2.0405 1.0236, -2.4875 -2.03 1.1034, -2.4736 -2.0113 1.1847, -2.4783 -2.0096 1.1837, -2.4824 -2.0069 1.1822, -2.4856 -2.0033 1.1801, -2.4875 -1.9992 1.1777, -2.4736 -1.9601 1.2514, -2.4783 -1.9587 1.25, -2.4824 -1.9565 1.2478, -2.4856 -1.9536 1.2449, -2.4875 -1.9502 1.2416, -2.4736 -1.8934 1.3026, -2.4783 -1.8924 1.3009, -2.4824 -1.8908 1.2982, -2.4856 -1.8888 1.2947, -2.4875 -1.8864 1.2906, -2.4736 -1.8157 1.3348, -2.4783 -1.8152 1.3329, -2.4824 -1.8143 1.3299, -2.4856 -1.8133 1.326, -2.4875 -1.8121 1.3214, -2.4875 -1.6339 1.1091, -2.4875 -1.7323 1.1091, -2.4856 -1.6339 1.1043, -2.4856 -1.7323 1.1043, -2.4824 -1.6339 1.1003, -2.4824 -1.7323 1.1003, -2.4783 -1.6339 1.0971, -2.4783 -1.7323 1.0971, -2.4736 -1.6339 1.0952, -2.4736 -1.7323 1.0952, -2.4736 -2.0544 -1.083, -2.4737 -2.0544 -1.083, -2.4783 -2.0525 -1.0832, -2.4784 -2.0525 -1.0832, -2.4824 -2.0494 -1.0832, -2.4855 -2.0453 -1.0832, -2.4855 -2.0453 -1.0832, -2.4875 -2.0407 -1.083, -2.4875 -2.0405 -1.083, -2.2369 -1.6339 1.3319, -2.2369 -1.7323 1.3319, -2.2389 -1.6339 1.3366, -2.2389 -1.7323 1.3366, -2.242 -1.6339 1.3407, -2.242 -1.7323 1.3407, -2.2461 -1.6339 1.3438, -2.2461 -1.7323 1.3438, -2.2508 -1.6339 1.3458, -2.2508 -1.7323 1.3458, -2.4875 -1.8177 1.0236, -2.4875 -1.8148 1.0457, -2.4856 -1.813 1.0236, -2.4856 -1.8102 1.0445, -2.4824 -1.8089 1.0236, -2.4824 -1.8063 1.0435, -2.4783 -1.8058 1.0236, -2.4783 -1.8033 1.0426, -2.4736 -1.8038 1.0236, -2.4736 -1.8014 1.0421, -2.4875 -1.8063 1.0664, -2.4856 -1.8022 1.064, -2.4824 -1.7987 1.0619, -2.4783 -1.7959 1.0604, -2.4736 -1.7942 1.0594, -2.4875 -1.7927 1.0841, -2.4856 -1.7894 1.0807, -2.4824 -1.7865 1.0778, -2.4783 -1.7843 1.0756, -2.4736 -1.7829 1.0742, -2.4875 -1.775 1.0976, -2.4856 -1.7726 1.0935, -2.4824 -1.7706 1.09, -2.4783 -1.769 1.0873, -2.4736 -1.7681 1.0856, -2.4875 -1.7544 1.1062, -2.4856 -1.7532 1.1016, -2.4824 -1.7521 1.0976, -2.4783 -1.7513 1.0946, -2.4736 -1.7508 1.0927, -2.4483 -2.0015 -1.3616, -2.4483 -2.0015 -1.3616, -2.4463 -2.0062 -1.362, -2.4463 -2.0062 -1.362, -2.4432 -2.0102 -1.3621, -2.4392 -2.0132 -1.362, -2.4392 -2.0133 -1.362, -2.4346 -2.0152 -1.3616, -2.4346 -2.0153 -1.3616, -2.2508 -1.8157 1.3348, -2.2461 -1.8152 1.3329, -2.242 -1.8143 1.3299, -2.2389 -1.8133 1.326, -2.2369 -1.8121 1.3214, -2.2508 -1.8934 1.3026, -2.2461 -1.8924 1.3009, -2.242 -1.8908 1.2982, -2.2389 -1.8888 1.2947, -2.2369 -1.8864 1.2906, -2.2508 -1.9601 1.2514, -2.2461 -1.9587 1.25, -2.242 -1.9565 1.2478, -2.2389 -1.9536 1.2449, -2.2369 -1.9502 1.2416, -2.2508 -2.0113 1.1847, -2.2461 -2.0096 1.1837, -2.242 -2.0069 1.1822, -2.2389 -2.0033 1.1801, -2.2369 -1.9992 1.1777, -2.2508 -2.0435 1.107, -2.2461 -2.0416 1.1065, -2.242 -2.0386 1.1057, -2.2389 -2.0346 1.1046, -2.2369 -2.03 1.1034, -2.2508 -2.0545 1.0236, -2.2461 -2.0525 1.0236, -2.242 -2.0494 1.0236, -2.2389 -2.0453 1.0236, -2.2369 -2.0405 1.0236, -2.4875 -1.8177 -1.083, -2.4875 -1.8176 -1.083, -2.4855 -1.813 -1.0832, -2.4855 -1.8129 -1.0832, -2.4824 -1.8089 -1.0832, -2.4784 -1.8058 -1.0832, -2.4783 -1.8058 -1.0832, -2.4737 -1.8039 -1.083, -2.4736 -1.8038 -1.083, -2.4342 -1.9965 -1.3774, -2.4341 -1.9977 -1.3774, -2.4296 -2.0055 -1.3757, -2.4296 -2.0056 -1.3757, -2.4319 -2.0053 -1.3757, -2.4296 -2.0094 -1.3731, -2.4296 -2.0095 -1.3731, -2.4329 -2.009 -1.3731, -2.4338 -2.0121 -1.3696, -2.4343 -2.0142 -1.3654, -2.4388 -2.0124 -1.3654, -2.4479 -1.9965 -1.3654, -2.4473 -2.0013 -1.3654, -2.4296 -2.0149 -1.3654, -2.4296 -2.0148 -1.3655, -2.4296 -2.0126 -1.3696, -2.4296 -2.0126 -1.3696, -2.4479 -1.9965 -1.3655, -2.4452 -2.0007 -1.3696, -2.4376 -2.0105 -1.3696, -2.4426 -2.0095 -1.3654, -2.4457 -1.9965 -1.3696, -2.4456 -1.9965 -1.3696, -2.4421 -1.9999 -1.3731, -2.4361 -2.0078 -1.3731, -2.441 -2.0079 -1.3696, -2.4426 -1.9965 -1.3731, -2.4425 -1.9965 -1.3731, -2.4384 -1.9989 -1.3757, -2.4388 -2.0057 -1.3731, -2.4341 -2.0044 -1.3757, -2.4308 -2.001 -1.3774, -2.4455 -2.0057 -1.3654, -2.4435 -2.0046 -1.3696, -2.4408 -2.003 -1.3731, -2.4375 -2.0011 -1.3757, -2.4336 -1.9989 -1.3774, -2.4296 -2.0012 -1.3774, -2.4296 -2.0012 -1.3774, -2.436 -2.0029 -1.3757, -2.4319 -2.0006 -1.3774, -2.4329 -1.9998 -1.3774, -2.4387 -1.9965 -1.3757, -2.4386 -1.9965 -1.3757, -2.4343 -1.9965 -1.3774, -2.2369 -2.0405 -1.083, -2.2369 -2.0407 -1.083, -2.2389 -2.0453 -1.0832, -2.2389 -2.0453 -1.0832, -2.242 -2.0494 -1.0832, -2.246 -2.0525 -1.0832, -2.2461 -2.0525 -1.0832, -2.2507 -2.0544 -1.083, -2.2508 -2.0544 -1.083, -2.4346 -1.843 -1.3616, -2.4346 -1.843 -1.3616, -2.4392 -1.845 -1.362, -2.4392 -1.845 -1.362, -2.4432 -1.8481 -1.3621, -2.4463 -1.8521 -1.362, -2.4463 -1.8521 -1.362, -2.4483 -1.8567 -1.3616, -2.4483 -1.8568 -1.3616, -2.4479 -1.8618 -1.3654, -2.4479 -1.8618 -1.3655, -2.4457 -1.8618 -1.3696, -2.4456 -1.8618 -1.3696, -2.4426 -1.8618 -1.3731, -2.4425 -1.8618 -1.3731, -2.4387 -1.8618 -1.3757, -2.4386 -1.8618 -1.3757, -2.4343 -1.8618 -1.3774, -2.4342 -1.8618 -1.3774, -2.2948 -2.0149 -1.3654, -2.2948 -2.0148 -1.3655, -2.2948 -2.0126 -1.3696, -2.2948 -2.0126 -1.3696, -2.2948 -2.0095 -1.3731, -2.2948 -2.0094 -1.3731, -2.2948 -2.0056 -1.3757, -2.2948 -2.0055 -1.3757, -2.2948 -2.0012 -1.3774, -2.2948 -2.0012 -1.3774, -2.2898 -2.0153 -1.3616, -2.2898 -2.0152 -1.3616, -2.2852 -2.0133 -1.362, -2.2852 -2.0132 -1.362, -2.2812 -2.0102 -1.3621, -2.2781 -2.0062 -1.362, -2.2781 -2.0062 -1.362, -2.2761 -2.0015 -1.3616, -2.2761 -2.0015 -1.3616, -2.4296 -1.8571 -1.3774, -2.4308 -1.8572 -1.3774, -2.4384 -1.8594 -1.3757, -2.4421 -1.8584 -1.3731, -2.4452 -1.8576 -1.3696, -2.4473 -1.857 -1.3654, -2.4455 -1.8526 -1.3654, -2.4296 -1.8434 -1.3654, -2.4343 -1.844 -1.3654, -2.4296 -1.8435 -1.3655, -2.4338 -1.8462 -1.3696, -2.4435 -1.8537 -1.3696, -2.4426 -1.8488 -1.3654, -2.4296 -1.8456 -1.3696, -2.4296 -1.8457 -1.3696, -2.4329 -1.8492 -1.3731, -2.4408 -1.8553 -1.3731, -2.441 -1.8504 -1.3696, -2.4296 -1.8488 -1.3731, -2.4296 -1.8489 -1.3731, -2.4319 -1.853 -1.3757, -2.4388 -1.8526 -1.3731, -2.4375 -1.8572 -1.3757, -2.4341 -1.8606 -1.3774, -2.4388 -1.8459 -1.3654, -2.4376 -1.8478 -1.3696, -2.4361 -1.8505 -1.3731, -2.4341 -1.8539 -1.3757, -2.4319 -1.8577 -1.3774, -2.436 -1.8553 -1.3757, -2.4336 -1.8594 -1.3774, -2.4329 -1.8585 -1.3774, -2.4296 -1.8527 -1.3757, -2.4296 -1.8527 -1.3757, -2.4296 -1.8571 -1.3774, -2.2936 -2.001 -1.3774, -2.2858 -1.9965 -1.3757, -2.2857 -1.9965 -1.3757, -2.2861 -1.9989 -1.3757, -2.2819 -1.9965 -1.3731, -2.2819 -1.9965 -1.3731, -2.2823 -1.9999 -1.3731, -2.2793 -2.0007 -1.3696, -2.2771 -2.0013 -1.3654, -2.2789 -2.0057 -1.3654, -2.2901 -2.0142 -1.3654, -2.2765 -1.9965 -1.3654, -2.2766 -1.9965 -1.3655, -2.2787 -1.9965 -1.3696, -2.2788 -1.9965 -1.3696, -2.2907 -2.0121 -1.3696, -2.2809 -2.0046 -1.3696, -2.2819 -2.0095 -1.3654, -2.2915 -2.009 -1.3731, -2.2836 -2.003 -1.3731, -2.2834 -2.0079 -1.3696, -2.2925 -2.0053 -1.3757, -2.2857 -2.0057 -1.3731, -2.287 -2.0011 -1.3757, -2.2903 -1.9977 -1.3774, -2.2857 -2.0124 -1.3654, -2.2868 -2.0105 -1.3696, -2.2883 -2.0078 -1.3731, -2.2903 -2.0044 -1.3757, -2.2925 -2.0006 -1.3774, -2.2902 -1.9965 -1.3774, -2.2902 -1.9965 -1.3774, -2.2884 -2.0029 -1.3757, -2.2908 -1.9989 -1.3774, -2.2915 -1.9998 -1.3774, -2.2948 -1.8434 -1.3654, -2.2948 -1.8435 -1.3655, -2.2948 -1.8456 -1.3696, -2.2948 -1.8457 -1.3696, -2.2948 -1.8488 -1.3731, -2.2948 -1.8489 -1.3731, -2.2948 -1.8527 -1.3757, -2.2948 -1.8527 -1.3757, -2.2948 -1.8571 -1.3774, -2.2948 -1.8571 -1.3774, -2.2765 -1.8618 -1.3654, -2.2766 -1.8618 -1.3655, -2.2787 -1.8618 -1.3696, -2.2788 -1.8618 -1.3696, -2.2819 -1.8618 -1.3731, -2.2819 -1.8618 -1.3731, -2.2857 -1.8618 -1.3757, -2.2858 -1.8618 -1.3757, -2.2902 -1.8618 -1.3774, -2.2902 -1.8618 -1.3774, -2.2903 -1.8607 -1.3774, -2.2919 -1.8581 -1.3774, -2.2912 -1.8588 -1.3774, -2.2928 -1.8529 -1.3757, -2.2919 -1.8491 -1.3731, -2.2912 -1.846 -1.3696, -2.2907 -1.8439 -1.3654, -2.2869 -1.8452 -1.3654, -2.2761 -1.8568 -1.3616, -2.276 -1.8575 -1.3615, -2.2769 -1.8577 -1.3654, -2.2834 -1.8474 -1.3654, -2.2812 -1.8481 -1.3621, -2.2799 -1.8498 -1.362, -2.2865 -1.8445 -1.3619, -2.2852 -1.845 -1.362, -2.2898 -1.843 -1.3616, -2.2905 -1.8429 -1.3615, -2.2791 -1.8582 -1.3696, -2.2878 -1.8472 -1.3696, -2.2822 -1.8589 -1.3731, -2.2892 -1.8501 -1.3731, -2.2848 -1.8492 -1.3696, -2.2805 -1.8503 -1.3654, -2.286 -1.8597 -1.3757, -2.2822 -1.8517 -1.3696, -2.2867 -1.8516 -1.3731, -2.2909 -1.8536 -1.3757, -2.2938 -1.8572 -1.3774, -2.2877 -1.8561 -1.3757, -2.2781 -1.8521 -1.362, -2.2783 -1.8538 -1.3654, -2.2803 -1.8548 -1.3696, -2.2831 -1.8561 -1.3731, -2.2866 -1.8578 -1.3757, -2.2906 -1.8597 -1.3774, -2.2847 -1.8537 -1.3731, -2.2892 -1.8547 -1.3757, -2.2928 -1.8575 -1.3774, -2.2369 -1.8177 -1.083, -2.2369 -1.8176 -1.083, -2.2389 -1.813 -1.0832, -2.2389 -1.8129 -1.0832, -2.242 -1.8089 -1.0832, -2.2508 -1.8038 -1.083, -2.2507 -1.8039 -1.083, -2.2461 -1.8058 -1.0832, -2.246 -1.8058 -1.0832, -2.2508 -1.8038 1.0236, -2.2461 -1.8058 1.0236, -2.242 -1.8089 1.0236, -2.2389 -1.813 1.0236, -2.2369 -1.8177 1.0236, -2.2369 -1.7323 1.1091, -2.2369 -1.7544 1.1062, -2.2389 -1.7323 1.1043, -2.2389 -1.7532 1.1016, -2.242 -1.7323 1.1003, -2.242 -1.7521 1.0976, -2.2461 -1.7323 1.0971, -2.2461 -1.7513 1.0946, -2.2508 -1.7323 1.0952, -2.2508 -1.7508 1.0927, -2.2369 -1.775 1.0976, -2.2389 -1.7726 1.0935, -2.242 -1.7706 1.09, -2.2461 -1.769 1.0873, -2.2508 -1.7681 1.0856, -2.2369 -1.7927 1.0841, -2.2389 -1.7894 1.0807, -2.242 -1.7865 1.0778, -2.2461 -1.7843 1.0756, -2.2508 -1.7829 1.0742, -2.2369 -1.8063 1.0664, -2.2389 -1.8022 1.064, -2.242 -1.7987 1.0619, -2.2461 -1.7959 1.0604, -2.2508 -1.7942 1.0594, -2.2369 -1.8148 1.0457, -2.2389 -1.8102 1.0445, -2.242 -1.8063 1.0435, -2.2461 -1.8033 1.0426, -2.2508 -1.8014 1.0421, -2.2508 -1.6339 1.0952, -2.2461 -1.6339 1.0971, -2.242 -1.6339 1.1003, -2.2389 -1.6339 1.1043, -2.2369 -1.6339 1.1091, -2.2508 -1.0433 1.3458, -2.2508 -0.1499 1.3458, -2.2507 -0.1499 1.3458, -2.2461 -1.0433 1.3438, -2.2461 -0.1497 1.3438, -2.246 -0.1497 1.3438, -2.242 -1.0433 1.3407, -2.242 -0.1496 1.3407, -2.2389 -0.1497 1.3367, -2.2389 -1.0433 1.3366, -2.2389 -0.1497 1.3366, -2.2369 -0.1499 1.332, -2.2369 -1.0433 1.3319, -2.2369 -0.1499 1.3319, -2.4875 -1.0433 1.3319, -2.4875 -0.1499 1.3319, -2.4875 -0.1499 1.332, -2.4856 -1.0433 1.3366, -2.4855 -0.1497 1.3366, -2.4855 -0.1497 1.3367, -2.4824 -1.0433 1.3407, -2.4824 -0.1496 1.3407, -2.4784 -0.1497 1.3438, -2.4783 -1.0433 1.3438, -2.4783 -0.1497 1.3438, -2.4737 -0.1499 1.3458, -2.4736 -1.0433 1.3458, -2.4736 -0.1499 1.3458, -2.2939 0.1283 1.3072, -2.276 0.1287 1.2925, -2.2761 0.1287 1.2928, -2.2778 0.1291 1.2969, -2.2781 0.1291 1.2975, -2.2812 0.1292 1.3015, -2.2843 0.1292 1.3039, -2.2852 0.1291 1.3046, -2.2927 0.1284 1.307, -2.2853 0.1291 1.3046, -2.2887 0.1288 1.3061, -2.2898 0.1287 1.3066, -2.29 0.1287 1.3066, -2.2914 0.1286 1.3068, -2.4296 0.1325 1.3062, -2.2948 0.1325 1.3062, -2.4296 0.1327 1.3061, -2.2948 0.1327 1.3061, -2.4296 0.1367 1.304, -2.2948 0.1367 1.304, -2.4296 0.1368 1.3039, -2.2948 0.1368 1.3039, -2.4296 0.1402 1.3008, -2.2948 0.1402 1.3008, -2.4296 0.1403 1.3008, -2.2948 0.1403 1.3008, -2.4296 0.1429 1.2969, -2.2948 0.1429 1.2969, -2.4296 0.1429 1.2969, -2.2948 0.1429 1.2969, -2.4296 0.1445 1.2925, -2.2948 0.1445 1.2925, -2.4296 0.1445 1.2925, -2.2948 0.1445 1.2925, -2.4305 0.1283 1.3072, -2.4317 0.1284 1.307, -2.4331 0.1286 1.3068, -2.4344 0.1287 1.3066, -2.4346 0.1287 1.3066, -2.4357 0.1288 1.3061, -2.4391 0.1291 1.3046, -2.4392 0.1291 1.3046, -2.4401 0.1292 1.3039, -2.4432 0.1292 1.3015, -2.4438 0.1292 1.3008, -2.4463 0.1291 1.2975, -2.4483 0.1287 1.2928, -2.4484 0.1287 1.2925, -2.2369 -1.0433 1.1091, -2.2369 -0.1499 1.1091, -2.2369 -0.1499 1.109, -2.2389 -1.0433 1.1043, -2.2389 -0.1497 1.1043, -2.2389 -0.1497 1.1043, -2.242 -1.0433 1.1003, -2.242 -0.1496 1.1003, -2.246 -0.1497 1.0972, -2.2461 -1.0433 1.0971, -2.2461 -0.1497 1.0971, -2.2507 -0.1499 1.0952, -2.2508 -1.0433 1.0952, -2.2508 -0.1499 1.0952, -2.2766 0.1327 1.2878, -2.2787 0.1367 1.2878, -2.2792 0.1364 1.2925, -2.2788 0.1368 1.2878, -2.2819 0.1402 1.2878, -2.2822 0.1398 1.2925, -2.2819 0.1403 1.2878, -2.2857 0.1429 1.2878, -2.286 0.1424 1.2925, -2.281 0.1308 1.3008, -2.2843 0.1295 1.304, -2.2765 0.1325 1.2878, -2.277 0.1323 1.2925, -2.2786 0.1317 1.2969, -2.289 0.1295 1.3062, -2.2931 0.1323 1.3062, -2.2921 0.1364 1.304, -2.2913 0.1398 1.3008, -2.2907 0.1424 1.2969, -2.2903 0.144 1.2925, -2.2902 0.1445 1.2878, -2.2902 0.1445 1.2878, -2.2858 0.1429 1.2878, -2.2868 0.1409 1.2969, -2.288 0.1385 1.3008, -2.2896 0.1354 1.304, -2.2915 0.1317 1.3062, -2.2833 0.1385 1.2969, -2.2851 0.1365 1.3008, -2.2874 0.1339 1.304, -2.2901 0.1308 1.3062, -2.2805 0.1354 1.2969, -2.2827 0.1339 1.3008, -2.2856 0.1319 1.304, -2.4342 0.1445 1.2878, -2.4343 0.1445 1.2878, -2.4341 0.144 1.2925, -2.4386 0.1429 1.2878, -2.4387 0.1429 1.2878, -2.4384 0.1424 1.2925, -2.4425 0.1403 1.2878, -2.4426 0.1402 1.2878, -2.4422 0.1398 1.2925, -2.4456 0.1368 1.2878, -2.4457 0.1367 1.2878, -2.4452 0.1364 1.2925, -2.4479 0.1327 1.2878, -2.4479 0.1325 1.2878, -2.4474 0.1323 1.2925, -2.4354 0.1295 1.3062, -2.4313 0.1323 1.3062, -2.4388 0.1319 1.304, -2.4401 0.1295 1.304, -2.4434 0.1308 1.3008, -2.4459 0.1317 1.2969, -2.4323 0.1364 1.304, -2.4331 0.1398 1.3008, -2.4337 0.1424 1.2969, -2.4439 0.1354 1.2969, -2.4417 0.1339 1.3008, -2.4411 0.1385 1.2969, -2.4393 0.1365 1.3008, -2.437 0.1339 1.304, -2.4343 0.1308 1.3062, -2.4376 0.1409 1.2969, -2.4364 0.1385 1.3008, -2.4348 0.1354 1.304, -2.4329 0.1317 1.3062, -2.4736 -1.0433 1.0952, -2.4736 -0.1499 1.0952, -2.4737 -0.1499 1.0952, -2.4783 -1.0433 1.0971, -2.4783 -0.1497 1.0971, -2.4784 -0.1497 1.0972, -2.4824 -1.0433 1.1003, -2.4824 -0.1496 1.1003, -2.4855 -0.1497 1.1043, -2.4856 -1.0433 1.1043, -2.4855 -0.1497 1.1043, -2.4875 -0.1499 1.109, -2.4875 -1.0433 1.1091, -2.4875 -0.1499 1.1091, -2.2939 0.1283 1.1337, -2.2927 0.1284 1.1339, -2.2914 0.1286 1.1341, -2.29 0.1287 1.1343, -2.2898 0.1287 1.1344, -2.2887 0.1288 1.1348, -2.2853 0.1291 1.1363, -2.2852 0.1291 1.1363, -2.2843 0.1292 1.1371, -2.2812 0.1292 1.1394, -2.2806 0.1292 1.1402, -2.2781 0.1291 1.1435, -2.2761 0.1287 1.1481, -2.276 0.1287 1.1484, -2.2765 0.1325 1.1531, -2.2766 0.1327 1.1531, -2.2787 0.1367 1.1531, -2.2788 0.1368 1.1531, -2.2819 0.1402 1.1531, -2.2819 0.1403 1.1531, -2.2857 0.1429 1.1531, -2.2858 0.1429 1.1531, -2.2902 0.1445 1.1531, -2.2902 0.1445 1.1531, -2.4479 0.1325 1.1531, -2.4479 0.1327 1.1531, -2.4457 0.1367 1.1531, -2.4456 0.1368 1.1531, -2.4426 0.1402 1.1531, -2.4425 0.1403 1.1531, -2.4387 0.1429 1.1531, -2.4386 0.1429 1.1531, -2.4343 0.1445 1.1531, -2.4342 0.1445 1.1531, -2.4484 0.1287 1.1484, -2.4483 0.1287 1.1481, -2.4466 0.1291 1.144, -2.4463 0.1291 1.1435, -2.4432 0.1292 1.1394, -2.4401 0.1292 1.1371, -2.4392 0.1291 1.1363, -2.4391 0.1291 1.1363, -2.4357 0.1288 1.1348, -2.4346 0.1287 1.1344, -2.4344 0.1287 1.1343, -2.4331 0.1286 1.1341, -2.4317 0.1284 1.1339, -2.4305 0.1283 1.1337, -2.277 0.1323 1.1484, -2.2792 0.1364 1.1484, -2.2822 0.1398 1.1484, -2.286 0.1424 1.1484, -2.289 0.1295 1.1348, -2.2931 0.1323 1.1348, -2.2856 0.1319 1.137, -2.2843 0.1295 1.137, -2.281 0.1308 1.1401, -2.2786 0.1317 1.144, -2.2903 0.144 1.1484, -2.2948 0.1445 1.1485, -2.2907 0.1424 1.144, -2.2948 0.1429 1.1441, -2.2948 0.1445 1.1484, -2.2913 0.1398 1.1401, -2.2948 0.1403 1.1402, -2.2948 0.1429 1.144, -2.2921 0.1364 1.137, -2.2948 0.1368 1.1371, -2.2948 0.1402 1.1401, -2.2805 0.1354 1.144, -2.2827 0.1339 1.1401, -2.2948 0.1325 1.1348, -2.2948 0.1327 1.1348, -2.2948 0.1367 1.137, -2.2868 0.1409 1.144, -2.288 0.1385 1.1401, -2.2896 0.1354 1.137, -2.2915 0.1317 1.1348, -2.2833 0.1385 1.144, -2.2851 0.1365 1.1401, -2.2874 0.1339 1.137, -2.2901 0.1308 1.1348, -2.4296 0.1445 1.1485, -2.4296 0.1445 1.1484, -2.4341 0.144 1.1484, -2.4474 0.1323 1.1484, -2.4459 0.1317 1.144, -2.4401 0.1295 1.137, -2.4354 0.1295 1.1348, -2.4343 0.1308 1.1348, -2.4329 0.1317 1.1348, -2.4313 0.1323 1.1348, -2.4296 0.1325 1.1348, -2.4452 0.1364 1.1484, -2.4422 0.1398 1.1484, -2.4384 0.1424 1.1484, -2.4337 0.1424 1.144, -2.4376 0.1409 1.144, -2.4411 0.1385 1.144, -2.4439 0.1354 1.144, -2.4296 0.1429 1.1441, -2.4296 0.1429 1.144, -2.4296 0.1403 1.1402, -2.4331 0.1398 1.1401, -2.4364 0.1385 1.1401, -2.4393 0.1365 1.1401, -2.4417 0.1339 1.1401, -2.4434 0.1308 1.1401, -2.4388 0.1319 1.137, -2.437 0.1339 1.137, -2.4348 0.1354 1.137, -2.4323 0.1364 1.137, -2.4296 0.1402 1.1401, -2.4296 0.1368 1.1371, -2.4296 0.1367 1.137, -2.4296 0.1327 1.1348, -1.6862 -1.6339 1.3458, -1.6862 -1.7323 1.3458, -1.6909 -1.6339 1.3438, -1.6909 -1.7323 1.3438, -1.695 -1.6339 1.3407, -1.695 -1.7323 1.3407, -1.6982 -1.6339 1.3366, -1.6982 -1.7323 1.3366, -1.7001 -1.6339 1.3319, -1.7001 -1.7323 1.3319, -1.6862 -2.0545 1.0236, -1.6862 -2.0435 1.107, -1.6909 -2.0525 1.0236, -1.6909 -2.0416 1.1065, -1.695 -2.0494 1.0236, -1.695 -2.0386 1.1057, -1.6982 -2.0453 1.0236, -1.6982 -2.0346 1.1046, -1.7001 -2.0405 1.0236, -1.7001 -2.03 1.1034, -1.6862 -2.0113 1.1847, -1.6909 -2.0096 1.1837, -1.695 -2.0069 1.1822, -1.6982 -2.0033 1.1801, -1.7001 -1.9992 1.1777, -1.6862 -1.9601 1.2514, -1.6909 -1.9587 1.25, -1.695 -1.9565 1.2478, -1.6982 -1.9536 1.2449, -1.7001 -1.9502 1.2416, -1.6862 -1.8934 1.3026, -1.6909 -1.8924 1.3009, -1.695 -1.8908 1.2982, -1.6982 -1.8888 1.2947, -1.7001 -1.8864 1.2906, -1.6862 -1.8157 1.3348, -1.6909 -1.8152 1.3329, -1.695 -1.8143 1.3299, -1.6982 -1.8133 1.326, -1.7001 -1.8121 1.3214, -1.7001 -1.6339 1.1091, -1.7001 -1.7323 1.1091, -1.6982 -1.6339 1.1043, -1.6982 -1.7323 1.1043, -1.695 -1.6339 1.1003, -1.695 -1.7323 1.1003, -1.6909 -1.6339 1.0971, -1.6909 -1.7323 1.0971, -1.6862 -1.6339 1.0952, -1.6862 -1.7323 1.0952, -1.6862 -2.0544 -1.083, -1.6863 -2.0544 -1.083, -1.6909 -2.0525 -1.0832, -1.691 -2.0525 -1.0832, -1.695 -2.0494 -1.0832, -1.6981 -2.0453 -1.0832, -1.6981 -2.0453 -1.0832, -1.7001 -2.0407 -1.083, -1.7001 -2.0405 -1.083, -1.4495 -1.6339 1.3319, -1.4495 -1.7323 1.3319, -1.4515 -1.6339 1.3366, -1.4515 -1.7323 1.3366, -1.4546 -1.6339 1.3407, -1.4546 -1.7323 1.3407, -1.4587 -1.6339 1.3438, -1.4587 -1.7323 1.3438, -1.4634 -1.6339 1.3458, -1.4634 -1.7323 1.3458, -1.7001 -1.8177 1.0236, -1.7001 -1.8148 1.0457, -1.6982 -1.813 1.0236, -1.6982 -1.8102 1.0445, -1.695 -1.8089 1.0236, -1.695 -1.8063 1.0435, -1.6909 -1.8058 1.0236, -1.6909 -1.8033 1.0426, -1.6862 -1.8038 1.0236, -1.6862 -1.8014 1.0421, -1.7001 -1.8063 1.0664, -1.6982 -1.8022 1.064, -1.695 -1.7987 1.0619, -1.6909 -1.7959 1.0604, -1.6862 -1.7942 1.0594, -1.7001 -1.7927 1.0841, -1.6982 -1.7894 1.0807, -1.695 -1.7865 1.0778, -1.6909 -1.7843 1.0756, -1.6862 -1.7829 1.0742, -1.7001 -1.775 1.0976, -1.6982 -1.7726 1.0935, -1.695 -1.7706 1.09, -1.6909 -1.769 1.0873, -1.6862 -1.7681 1.0856, -1.7001 -1.7544 1.1062, -1.6982 -1.7532 1.1016, -1.695 -1.7521 1.0976, -1.6909 -1.7513 1.0946, -1.6862 -1.7508 1.0927, -1.6609 -2.0015 -1.3616, -1.6609 -2.0015 -1.3616, -1.6589 -2.0062 -1.362, -1.6589 -2.0062 -1.362, -1.6558 -2.0102 -1.3621, -1.6518 -2.0132 -1.362, -1.6518 -2.0133 -1.362, -1.6472 -2.0152 -1.3616, -1.6472 -2.0153 -1.3616, -1.4634 -1.8157 1.3348, -1.4587 -1.8152 1.3329, -1.4546 -1.8143 1.3299, -1.4515 -1.8133 1.326, -1.4495 -1.8121 1.3214, -1.4634 -1.8934 1.3026, -1.4587 -1.8924 1.3009, -1.4546 -1.8908 1.2982, -1.4515 -1.8888 1.2947, -1.4495 -1.8864 1.2906, -1.4634 -1.9601 1.2514, -1.4587 -1.9587 1.25, -1.4546 -1.9565 1.2478, -1.4515 -1.9536 1.2449, -1.4495 -1.9502 1.2416, -1.4634 -2.0113 1.1847, -1.4587 -2.0096 1.1837, -1.4546 -2.0069 1.1822, -1.4515 -2.0033 1.1801, -1.4495 -1.9992 1.1777, -1.4634 -2.0435 1.107, -1.4587 -2.0416 1.1065, -1.4546 -2.0386 1.1057, -1.4515 -2.0346 1.1046, -1.4495 -2.03 1.1034, -1.4634 -2.0545 1.0236, -1.4587 -2.0525 1.0236, -1.4546 -2.0494 1.0236, -1.4515 -2.0453 1.0236, -1.4495 -2.0405 1.0236, -1.7001 -1.8177 -1.083, -1.7001 -1.8176 -1.083, -1.6981 -1.813 -1.0832, -1.6981 -1.8129 -1.0832, -1.695 -1.8089 -1.0832, -1.691 -1.8058 -1.0832, -1.6909 -1.8058 -1.0832, -1.6863 -1.8039 -1.083, -1.6862 -1.8038 -1.083, -1.6468 -1.9965 -1.3774, -1.6467 -1.9977 -1.3774, -1.6422 -2.0055 -1.3757, -1.6422 -2.0056 -1.3757, -1.6445 -2.0053 -1.3757, -1.6422 -2.0094 -1.3731, -1.6422 -2.0095 -1.3731, -1.6455 -2.009 -1.3731, -1.6464 -2.0121 -1.3696, -1.6469 -2.0142 -1.3654, -1.6514 -2.0124 -1.3654, -1.6605 -1.9965 -1.3654, -1.6599 -2.0013 -1.3654, -1.6422 -2.0149 -1.3654, -1.6422 -2.0148 -1.3655, -1.6422 -2.0126 -1.3696, -1.6422 -2.0126 -1.3696, -1.6605 -1.9965 -1.3655, -1.6578 -2.0007 -1.3696, -1.6502 -2.0105 -1.3696, -1.6551 -2.0095 -1.3654, -1.6583 -1.9965 -1.3696, -1.6582 -1.9965 -1.3696, -1.6547 -1.9999 -1.3731, -1.6487 -2.0078 -1.3731, -1.6536 -2.0079 -1.3696, -1.6552 -1.9965 -1.3731, -1.6551 -1.9965 -1.3731, -1.651 -1.9989 -1.3757, -1.6514 -2.0057 -1.3731, -1.6467 -2.0044 -1.3757, -1.6434 -2.001 -1.3774, -1.6581 -2.0057 -1.3654, -1.6561 -2.0046 -1.3696, -1.6534 -2.003 -1.3731, -1.65 -2.0011 -1.3757, -1.6462 -1.9989 -1.3774, -1.6422 -2.0012 -1.3774, -1.6422 -2.0012 -1.3774, -1.6486 -2.0029 -1.3757, -1.6445 -2.0006 -1.3774, -1.6455 -1.9998 -1.3774, -1.6513 -1.9965 -1.3757, -1.6512 -1.9965 -1.3757, -1.6469 -1.9965 -1.3774, -1.4495 -2.0405 -1.083, -1.4495 -2.0407 -1.083, -1.4515 -2.0453 -1.0832, -1.4515 -2.0453 -1.0832, -1.4546 -2.0494 -1.0832, -1.4586 -2.0525 -1.0832, -1.4587 -2.0525 -1.0832, -1.4633 -2.0544 -1.083, -1.4634 -2.0544 -1.083, -1.6472 -1.843 -1.3616, -1.6472 -1.843 -1.3616, -1.6518 -1.845 -1.362, -1.6518 -1.845 -1.362, -1.6558 -1.8481 -1.3621, -1.6589 -1.8521 -1.362, -1.6589 -1.8521 -1.362, -1.6609 -1.8567 -1.3616, -1.6609 -1.8568 -1.3616, -1.6605 -1.8618 -1.3654, -1.6605 -1.8618 -1.3655, -1.6583 -1.8618 -1.3696, -1.6582 -1.8618 -1.3696, -1.6552 -1.8618 -1.3731, -1.6551 -1.8618 -1.3731, -1.6513 -1.8618 -1.3757, -1.6512 -1.8618 -1.3757, -1.6469 -1.8618 -1.3774, -1.6468 -1.8618 -1.3774, -1.5074 -2.0149 -1.3654, -1.5074 -2.0148 -1.3655, -1.5074 -2.0126 -1.3696, -1.5074 -2.0126 -1.3696, -1.5074 -2.0095 -1.3731, -1.5074 -2.0094 -1.3731, -1.5074 -2.0056 -1.3757, -1.5074 -2.0055 -1.3757, -1.5074 -2.0012 -1.3774, -1.5074 -2.0012 -1.3774, -1.5024 -2.0153 -1.3616, -1.5024 -2.0152 -1.3616, -1.4978 -2.0133 -1.362, -1.4978 -2.0132 -1.362, -1.4938 -2.0102 -1.3621, -1.4907 -2.0062 -1.362, -1.4907 -2.0062 -1.362, -1.4887 -2.0015 -1.3616, -1.4887 -2.0015 -1.3616, -1.6422 -1.8571 -1.3774, -1.6434 -1.8572 -1.3774, -1.651 -1.8594 -1.3757, -1.6547 -1.8584 -1.3731, -1.6578 -1.8576 -1.3696, -1.6599 -1.857 -1.3654, -1.6581 -1.8526 -1.3654, -1.6422 -1.8434 -1.3654, -1.6469 -1.844 -1.3654, -1.6422 -1.8435 -1.3655, -1.6464 -1.8462 -1.3696, -1.6561 -1.8537 -1.3696, -1.6551 -1.8488 -1.3654, -1.6422 -1.8456 -1.3696, -1.6422 -1.8457 -1.3696, -1.6455 -1.8492 -1.3731, -1.6534 -1.8553 -1.3731, -1.6536 -1.8504 -1.3696, -1.6422 -1.8488 -1.3731, -1.6422 -1.8489 -1.3731, -1.6445 -1.853 -1.3757, -1.6514 -1.8526 -1.3731, -1.65 -1.8572 -1.3757, -1.6467 -1.8606 -1.3774, -1.6514 -1.8459 -1.3654, -1.6502 -1.8478 -1.3696, -1.6487 -1.8505 -1.3731, -1.6467 -1.8539 -1.3757, -1.6445 -1.8577 -1.3774, -1.6486 -1.8553 -1.3757, -1.6462 -1.8594 -1.3774, -1.6455 -1.8585 -1.3774, -1.6422 -1.8527 -1.3757, -1.6422 -1.8527 -1.3757, -1.6422 -1.8571 -1.3774, -1.5062 -2.001 -1.3774, -1.4984 -1.9965 -1.3757, -1.4983 -1.9965 -1.3757, -1.4987 -1.9989 -1.3757, -1.4945 -1.9965 -1.3731, -1.4945 -1.9965 -1.3731, -1.4949 -1.9999 -1.3731, -1.4919 -2.0007 -1.3696, -1.4897 -2.0013 -1.3654, -1.4915 -2.0057 -1.3654, -1.5027 -2.0142 -1.3654, -1.4891 -1.9965 -1.3654, -1.4891 -1.9965 -1.3655, -1.4913 -1.9965 -1.3696, -1.4914 -1.9965 -1.3696, -1.5033 -2.0121 -1.3696, -1.4935 -2.0046 -1.3696, -1.4945 -2.0095 -1.3654, -1.5041 -2.009 -1.3731, -1.4962 -2.003 -1.3731, -1.496 -2.0079 -1.3696, -1.5051 -2.0053 -1.3757, -1.4983 -2.0057 -1.3731, -1.4996 -2.0011 -1.3757, -1.5029 -1.9977 -1.3774, -1.4983 -2.0124 -1.3654, -1.4994 -2.0105 -1.3696, -1.5009 -2.0078 -1.3731, -1.5029 -2.0044 -1.3757, -1.5051 -2.0006 -1.3774, -1.5028 -1.9965 -1.3774, -1.5028 -1.9965 -1.3774, -1.501 -2.0029 -1.3757, -1.5034 -1.9989 -1.3774, -1.5041 -1.9998 -1.3774, -1.5074 -1.8434 -1.3654, -1.5074 -1.8435 -1.3655, -1.5074 -1.8456 -1.3696, -1.5074 -1.8457 -1.3696, -1.5074 -1.8488 -1.3731, -1.5074 -1.8489 -1.3731, -1.5074 -1.8527 -1.3757, -1.5074 -1.8527 -1.3757, -1.5074 -1.8571 -1.3774, -1.5074 -1.8571 -1.3774, -1.4891 -1.8618 -1.3654, -1.4891 -1.8618 -1.3655, -1.4913 -1.8618 -1.3696, -1.4914 -1.8618 -1.3696, -1.4945 -1.8618 -1.3731, -1.4945 -1.8618 -1.3731, -1.4983 -1.8618 -1.3757, -1.4984 -1.8618 -1.3757, -1.5028 -1.8618 -1.3774, -1.5028 -1.8618 -1.3774, -1.5029 -1.8606 -1.3774, -1.5024 -1.843 -1.3616, -1.5024 -1.843 -1.3616, -1.5027 -1.844 -1.3654, -1.4978 -1.845 -1.362, -1.4978 -1.845 -1.362, -1.4983 -1.8459 -1.3654, -1.4887 -1.8568 -1.3616, -1.4907 -1.8521 -1.362, -1.4887 -1.8567 -1.3616, -1.4897 -1.857 -1.3654, -1.5033 -1.8462 -1.3696, -1.4919 -1.8576 -1.3696, -1.4949 -1.8584 -1.3731, -1.5041 -1.8492 -1.3731, -1.5051 -1.853 -1.3757, -1.4987 -1.8594 -1.3757, -1.4994 -1.8478 -1.3696, -1.5009 -1.8505 -1.3731, -1.5029 -1.8539 -1.3757, -1.5062 -1.8572 -1.3774, -1.5051 -1.8577 -1.3774, -1.4938 -1.8481 -1.3621, -1.4945 -1.8488 -1.3654, -1.496 -1.8504 -1.3696, -1.4983 -1.8526 -1.3731, -1.501 -1.8553 -1.3757, -1.5041 -1.8585 -1.3774, -1.4907 -1.8521 -1.362, -1.4915 -1.8526 -1.3654, -1.4935 -1.8537 -1.3696, -1.4962 -1.8553 -1.3731, -1.4996 -1.8572 -1.3757, -1.5034 -1.8594 -1.3774, -1.4515 -1.8129 -1.0832, -1.4515 -1.813 -1.0832, -1.4495 -1.8176 -1.083, -1.4495 -1.8177 -1.083, -1.4546 -1.8089 -1.0832, -1.4586 -1.8058 -1.0832, -1.4587 -1.8058 -1.0832, -1.4633 -1.8039 -1.083, -1.4634 -1.8038 -1.083, -1.4634 -1.8038 1.0236, -1.4587 -1.8058 1.0236, -1.4546 -1.8089 1.0236, -1.4515 -1.813 1.0236, -1.4495 -1.8177 1.0236, -1.4495 -1.7323 1.1091, -1.4495 -1.7544 1.1062, -1.4515 -1.7323 1.1043, -1.4515 -1.7532 1.1016, -1.4546 -1.7323 1.1003, -1.4546 -1.7521 1.0976, -1.4587 -1.7323 1.0971, -1.4587 -1.7513 1.0946, -1.4634 -1.7323 1.0952, -1.4634 -1.7508 1.0927, -1.4495 -1.775 1.0976, -1.4515 -1.7726 1.0935, -1.4546 -1.7706 1.09, -1.4587 -1.769 1.0873, -1.4634 -1.7681 1.0856, -1.4495 -1.7927 1.0841, -1.4515 -1.7894 1.0807, -1.4546 -1.7865 1.0778, -1.4587 -1.7843 1.0756, -1.4634 -1.7829 1.0742, -1.4495 -1.8063 1.0664, -1.4515 -1.8022 1.064, -1.4546 -1.7987 1.0619, -1.4587 -1.7959 1.0604, -1.4634 -1.7942 1.0594, -1.4495 -1.8148 1.0457, -1.4515 -1.8102 1.0445, -1.4546 -1.8063 1.0435, -1.4587 -1.8033 1.0426, -1.4634 -1.8014 1.0421, -1.4634 -1.6339 1.0952, -1.4587 -1.6339 1.0971, -1.4546 -1.6339 1.1003, -1.4515 -1.6339 1.1043, -1.4495 -1.6339 1.1091, -1.4634 -1.0433 1.3458, -1.4634 -0.1499 1.3458, -1.4633 -0.1499 1.3458, -1.4587 -1.0433 1.3438, -1.4587 -0.1497 1.3438, -1.4586 -0.1497 1.3438, -1.4546 -1.0433 1.3407, -1.4546 -0.1496 1.3407, -1.4515 -0.1497 1.3367, -1.4515 -1.0433 1.3366, -1.4515 -0.1497 1.3366, -1.4495 -0.1499 1.332, -1.4495 -1.0433 1.3319, -1.4495 -0.1499 1.3319, -1.7001 -1.0433 1.3319, -1.7001 -0.1499 1.3319, -1.7001 -0.1499 1.332, -1.6982 -1.0433 1.3366, -1.6981 -0.1497 1.3366, -1.6981 -0.1497 1.3367, -1.695 -1.0433 1.3407, -1.695 -0.1496 1.3407, -1.691 -0.1497 1.3438, -1.6909 -1.0433 1.3438, -1.6909 -0.1497 1.3438, -1.6863 -0.1499 1.3458, -1.6862 -1.0433 1.3458, -1.6862 -0.1499 1.3458, -1.4886 0.1287 1.2925, -1.4887 0.1287 1.2928, -1.4904 0.1291 1.2969, -1.4907 0.1291 1.2975, -1.4938 0.1292 1.3015, -1.4969 0.1292 1.3039, -1.4978 0.1291 1.3046, -1.4979 0.1291 1.3046, -1.5013 0.1288 1.3061, -1.5024 0.1287 1.3066, -1.5026 0.1287 1.3066, -1.504 0.1286 1.3068, -1.5053 0.1284 1.307, -1.5065 0.1283 1.3072, -1.6422 0.1325 1.3062, -1.5074 0.1325 1.3062, -1.6422 0.1327 1.3061, -1.5074 0.1327 1.3061, -1.6422 0.1367 1.304, -1.5074 0.1367 1.304, -1.6422 0.1368 1.3039, -1.5074 0.1368 1.3039, -1.6422 0.1402 1.3008, -1.5074 0.1402 1.3008, -1.6422 0.1403 1.3008, -1.5074 0.1403 1.3008, -1.6422 0.1429 1.2969, -1.5074 0.1429 1.2969, -1.6422 0.1429 1.2969, -1.5074 0.1429 1.2969, -1.6422 0.1445 1.2925, -1.5074 0.1445 1.2925, -1.6422 0.1445 1.2925, -1.5074 0.1445 1.2925, -1.6431 0.1283 1.3072, -1.6443 0.1284 1.307, -1.6456 0.1286 1.3068, -1.647 0.1287 1.3066, -1.6472 0.1287 1.3066, -1.6483 0.1288 1.3061, -1.6517 0.1291 1.3046, -1.6518 0.1291 1.3046, -1.6527 0.1292 1.3039, -1.6558 0.1292 1.3015, -1.6564 0.1292 1.3008, -1.6589 0.1291 1.2975, -1.6609 0.1287 1.2928, -1.661 0.1287 1.2925, -1.4495 -1.0433 1.1091, -1.4495 -0.1499 1.1091, -1.4495 -0.1499 1.109, -1.4515 -1.0433 1.1043, -1.4515 -0.1497 1.1043, -1.4515 -0.1497 1.1043, -1.4546 -1.0433 1.1003, -1.4546 -0.1496 1.1003, -1.4586 -0.1497 1.0972, -1.4587 -1.0433 1.0971, -1.4587 -0.1497 1.0971, -1.4633 -0.1499 1.0952, -1.4634 -1.0433 1.0952, -1.4634 -0.1499 1.0952, -1.4891 0.1327 1.2878, -1.4913 0.1367 1.2878, -1.4918 0.1364 1.2925, -1.4914 0.1368 1.2878, -1.4945 0.1402 1.2878, -1.4948 0.1398 1.2925, -1.4945 0.1403 1.2878, -1.4983 0.1429 1.2878, -1.4986 0.1424 1.2925, -1.4936 0.1308 1.3008, -1.4969 0.1295 1.304, -1.4891 0.1325 1.2878, -1.4896 0.1323 1.2925, -1.4912 0.1317 1.2969, -1.5016 0.1295 1.3062, -1.5057 0.1323 1.3062, -1.5047 0.1364 1.304, -1.5039 0.1398 1.3008, -1.5033 0.1424 1.2969, -1.5029 0.144 1.2925, -1.5028 0.1445 1.2878, -1.5028 0.1445 1.2878, -1.4984 0.1429 1.2878, -1.4994 0.1409 1.2969, -1.5006 0.1385 1.3008, -1.5022 0.1354 1.304, -1.5041 0.1317 1.3062, -1.4959 0.1385 1.2969, -1.4977 0.1365 1.3008, -1.5 0.1339 1.304, -1.5027 0.1308 1.3062, -1.4931 0.1354 1.2969, -1.4953 0.1339 1.3008, -1.4982 0.1319 1.304, -1.6468 0.1445 1.2878, -1.6469 0.1445 1.2878, -1.6467 0.144 1.2925, -1.6512 0.1429 1.2878, -1.6513 0.1429 1.2878, -1.651 0.1424 1.2925, -1.6551 0.1403 1.2878, -1.6552 0.1402 1.2878, -1.6548 0.1398 1.2925, -1.6582 0.1368 1.2878, -1.6583 0.1367 1.2878, -1.6578 0.1364 1.2925, -1.6605 0.1327 1.2878, -1.6605 0.1325 1.2878, -1.66 0.1323 1.2925, -1.648 0.1295 1.3062, -1.6439 0.1323 1.3062, -1.6514 0.1319 1.304, -1.6527 0.1295 1.304, -1.656 0.1308 1.3008, -1.6585 0.1317 1.2969, -1.6449 0.1364 1.304, -1.6457 0.1398 1.3008, -1.6463 0.1424 1.2969, -1.6565 0.1354 1.2969, -1.6543 0.1339 1.3008, -1.6537 0.1385 1.2969, -1.6519 0.1365 1.3008, -1.6496 0.1339 1.304, -1.6469 0.1308 1.3062, -1.6502 0.1409 1.2969, -1.649 0.1385 1.3008, -1.6474 0.1354 1.304, -1.6455 0.1317 1.3062, -1.6862 -1.0433 1.0952, -1.6862 -0.1499 1.0952, -1.6863 -0.1499 1.0952, -1.6909 -1.0433 1.0971, -1.6909 -0.1497 1.0971, -1.691 -0.1497 1.0972, -1.695 -1.0433 1.1003, -1.695 -0.1496 1.1003, -1.6981 -0.1497 1.1043, -1.6982 -1.0433 1.1043, -1.6981 -0.1497 1.1043, -1.7001 -0.1499 1.109, -1.7001 -1.0433 1.1091, -1.7001 -0.1499 1.1091, -1.5065 0.1283 1.1337, -1.5053 0.1284 1.1339, -1.504 0.1286 1.1341, -1.5026 0.1287 1.1343, -1.5024 0.1287 1.1344, -1.5013 0.1288 1.1348, -1.4979 0.1291 1.1363, -1.4978 0.1291 1.1363, -1.4969 0.1292 1.1371, -1.4938 0.1292 1.1394, -1.4932 0.1292 1.1402, -1.4907 0.1291 1.1435, -1.4887 0.1287 1.1481, -1.4886 0.1287 1.1484, -1.4891 0.1325 1.1531, -1.4891 0.1327 1.1531, -1.4913 0.1367 1.1531, -1.4914 0.1368 1.1531, -1.4945 0.1402 1.1531, -1.4945 0.1403 1.1531, -1.4983 0.1429 1.1531, -1.4984 0.1429 1.1531, -1.5028 0.1445 1.1531, -1.5028 0.1445 1.1531, -1.6605 0.1325 1.1531, -1.6605 0.1327 1.1531, -1.6583 0.1367 1.1531, -1.6582 0.1368 1.1531, -1.6552 0.1402 1.1531, -1.6551 0.1403 1.1531, -1.6513 0.1429 1.1531, -1.6512 0.1429 1.1531, -1.6469 0.1445 1.1531, -1.6468 0.1445 1.1531, -1.6431 0.1283 1.1337, -1.661 0.1287 1.1484, -1.6609 0.1287 1.1481, -1.6592 0.1291 1.144, -1.6589 0.1291 1.1435, -1.6558 0.1292 1.1394, -1.6527 0.1292 1.1371, -1.6518 0.1291 1.1363, -1.6443 0.1284 1.1339, -1.6517 0.1291 1.1363, -1.6483 0.1288 1.1348, -1.6472 0.1287 1.1344, -1.647 0.1287 1.1343, -1.6456 0.1286 1.1341, -1.4896 0.1323 1.1484, -1.4918 0.1364 1.1484, -1.4948 0.1398 1.1484, -1.4986 0.1424 1.1484, -1.5016 0.1295 1.1348, -1.5057 0.1323 1.1348, -1.4982 0.1319 1.137, -1.4969 0.1295 1.137, -1.4936 0.1308 1.1401, -1.4912 0.1317 1.144, -1.5029 0.144 1.1484, -1.5074 0.1445 1.1485, -1.5033 0.1424 1.144, -1.5074 0.1429 1.1441, -1.5074 0.1445 1.1484, -1.5039 0.1398 1.1401, -1.5074 0.1403 1.1402, -1.5074 0.1429 1.144, -1.5047 0.1364 1.137, -1.5074 0.1368 1.1371, -1.5074 0.1402 1.1401, -1.4931 0.1354 1.144, -1.4953 0.1339 1.1401, -1.5074 0.1325 1.1348, -1.5074 0.1327 1.1348, -1.5074 0.1367 1.137, -1.4994 0.1409 1.144, -1.5006 0.1385 1.1401, -1.5022 0.1354 1.137, -1.5041 0.1317 1.1348, -1.4959 0.1385 1.144, -1.4977 0.1365 1.1401, -1.5 0.1339 1.137, -1.5027 0.1308 1.1348, -1.66 0.1323 1.1484, -1.6585 0.1317 1.144, -1.6527 0.1295 1.137, -1.648 0.1295 1.1348, -1.6469 0.1308 1.1348, -1.6455 0.1317 1.1348, -1.6439 0.1323 1.1348, -1.6422 0.1325 1.1348, -1.6578 0.1364 1.1484, -1.6548 0.1398 1.1484, -1.651 0.1424 1.1484, -1.6467 0.144 1.1484, -1.6422 0.1445 1.1485, -1.6565 0.1354 1.144, -1.6537 0.1385 1.144, -1.6502 0.1409 1.144, -1.6463 0.1424 1.144, -1.6422 0.1445 1.1484, -1.6422 0.1429 1.1441, -1.6422 0.1429 1.144, -1.6422 0.1403 1.1402, -1.6457 0.1398 1.1401, -1.649 0.1385 1.1401, -1.6519 0.1365 1.1401, -1.6543 0.1339 1.1401, -1.656 0.1308 1.1401, -1.6514 0.1319 1.137, -1.6496 0.1339 1.137, -1.6474 0.1354 1.137, -1.6449 0.1364 1.137, -1.6422 0.1402 1.1401, -1.6422 0.1368 1.1371, -1.6422 0.1367 1.137, -1.6422 0.1327 1.1348, -0.8988 -1.6339 1.3458, -0.8988 -1.7323 1.3458, -0.9035 -1.6339 1.3438, -0.9035 -1.7323 1.3438, -0.9076 -1.6339 1.3407, -0.9076 -1.7323 1.3407, -0.9107 -1.6339 1.3366, -0.9107 -1.7323 1.3366, -0.9127 -1.6339 1.3319, -0.9127 -1.7323 1.3319, -0.8988 -2.0545 1.0236, -0.8988 -2.0435 1.107, -0.9035 -2.0525 1.0236, -0.9035 -2.0416 1.1065, -0.9076 -2.0494 1.0236, -0.9076 -2.0386 1.1057, -0.9107 -2.0453 1.0236, -0.9107 -2.0346 1.1046, -0.9127 -2.0405 1.0236, -0.9127 -2.03 1.1034, -0.8988 -2.0113 1.1847, -0.9035 -2.0096 1.1837, -0.9076 -2.0069 1.1822, -0.9107 -2.0033 1.1801, -0.9127 -1.9992 1.1777, -0.8988 -1.9601 1.2514, -0.9035 -1.9587 1.25, -0.9076 -1.9565 1.2478, -0.9107 -1.9536 1.2449, -0.9127 -1.9502 1.2416, -0.8988 -1.8934 1.3026, -0.9035 -1.8924 1.3009, -0.9076 -1.8908 1.2982, -0.9107 -1.8888 1.2947, -0.9127 -1.8864 1.2906, -0.8988 -1.8157 1.3348, -0.9035 -1.8152 1.3329, -0.9076 -1.8143 1.3299, -0.9107 -1.8133 1.326, -0.9127 -1.8121 1.3214, -0.9127 -1.6339 1.1091, -0.9127 -1.7323 1.1091, -0.9107 -1.6339 1.1043, -0.9107 -1.7323 1.1043, -0.9076 -1.6339 1.1003, -0.9076 -1.7323 1.1003, -0.9035 -1.6339 1.0971, -0.9035 -1.7323 1.0971, -0.8988 -1.6339 1.0952, -0.8988 -1.7323 1.0952, -0.8988 -2.0544 -1.083, -0.8989 -2.0544 -1.083, -0.9035 -2.0525 -1.0832, -0.9036 -2.0525 -1.0832, -0.9076 -2.0494 -1.0832, -0.9107 -2.0453 -1.0832, -0.9107 -2.0453 -1.0832, -0.9127 -2.0407 -1.083, -0.9127 -2.0405 -1.083, -0.6621 -1.6339 1.3319, -0.6621 -1.7323 1.3319, -0.6641 -1.6339 1.3366, -0.6641 -1.7323 1.3366, -0.6672 -1.6339 1.3407, -0.6672 -1.7323 1.3407, -0.6713 -1.6339 1.3438, -0.6713 -1.7323 1.3438, -0.676 -1.6339 1.3458, -0.676 -1.7323 1.3458, -0.9127 -1.8177 1.0236, -0.9127 -1.8148 1.0457, -0.9107 -1.813 1.0236, -0.9107 -1.8102 1.0445, -0.9076 -1.8089 1.0236, -0.9076 -1.8063 1.0435, -0.9035 -1.8058 1.0236, -0.9035 -1.8033 1.0426, -0.8988 -1.8038 1.0236, -0.8988 -1.8014 1.0421, -0.9127 -1.8063 1.0664, -0.9107 -1.8022 1.064, -0.9076 -1.7987 1.0619, -0.9035 -1.7959 1.0604, -0.8988 -1.7942 1.0594, -0.9127 -1.7927 1.0841, -0.9107 -1.7894 1.0807, -0.9076 -1.7865 1.0778, -0.9035 -1.7843 1.0756, -0.8988 -1.7829 1.0742, -0.9127 -1.775 1.0976, -0.9107 -1.7726 1.0935, -0.9076 -1.7706 1.09, -0.9035 -1.769 1.0873, -0.8988 -1.7681 1.0856, -0.9127 -1.7544 1.1062, -0.9107 -1.7532 1.1016, -0.9076 -1.7521 1.0976, -0.9035 -1.7513 1.0946, -0.8988 -1.7508 1.0927, -0.8735 -2.0015 -1.3616, -0.8735 -2.0015 -1.3616, -0.8715 -2.0062 -1.362, -0.8715 -2.0062 -1.362, -0.8684 -2.0102 -1.3621, -0.8644 -2.0132 -1.362, -0.8644 -2.0133 -1.362, -0.8598 -2.0152 -1.3616, -0.8598 -2.0153 -1.3616, -0.676 -1.8157 1.3348, -0.6713 -1.8152 1.3329, -0.6672 -1.8143 1.3299, -0.6641 -1.8133 1.326, -0.6621 -1.8121 1.3214, -0.676 -1.8934 1.3026, -0.6713 -1.8924 1.3009, -0.6672 -1.8908 1.2982, -0.6641 -1.8888 1.2947, -0.6621 -1.8864 1.2906, -0.676 -1.9601 1.2514, -0.6713 -1.9587 1.25, -0.6672 -1.9565 1.2478, -0.6641 -1.9536 1.2449, -0.6621 -1.9502 1.2416, -0.676 -2.0113 1.1847, -0.6713 -2.0096 1.1837, -0.6672 -2.0069 1.1822, -0.6641 -2.0033 1.1801, -0.6621 -1.9992 1.1777, -0.676 -2.0435 1.107, -0.6713 -2.0416 1.1065, -0.6672 -2.0386 1.1057, -0.6641 -2.0346 1.1046, -0.6621 -2.03 1.1034, -0.676 -2.0545 1.0236, -0.6713 -2.0525 1.0236, -0.6672 -2.0494 1.0236, -0.6641 -2.0453 1.0236, -0.6621 -2.0405 1.0236, -0.9127 -1.8177 -1.083, -0.9127 -1.8176 -1.083, -0.9107 -1.813 -1.0832, -0.9107 -1.8129 -1.0832, -0.9076 -1.8089 -1.0832, -0.9036 -1.8058 -1.0832, -0.9035 -1.8058 -1.0832, -0.8989 -1.8039 -1.083, -0.8988 -1.8038 -1.083, -0.8594 -1.9965 -1.3774, -0.8593 -1.9977 -1.3774, -0.8548 -2.0055 -1.3757, -0.8548 -2.0056 -1.3757, -0.8571 -2.0053 -1.3757, -0.8548 -2.0094 -1.3731, -0.8548 -2.0095 -1.3731, -0.8581 -2.009 -1.3731, -0.8589 -2.0121 -1.3696, -0.8595 -2.0142 -1.3654, -0.8639 -2.0124 -1.3654, -0.8731 -1.9965 -1.3654, -0.8725 -2.0013 -1.3654, -0.8548 -2.0149 -1.3654, -0.8548 -2.0148 -1.3655, -0.8548 -2.0126 -1.3696, -0.8548 -2.0126 -1.3696, -0.8731 -1.9965 -1.3655, -0.8704 -2.0007 -1.3696, -0.8628 -2.0105 -1.3696, -0.8677 -2.0095 -1.3654, -0.8709 -1.9965 -1.3696, -0.8708 -1.9965 -1.3696, -0.8673 -1.9999 -1.3731, -0.8613 -2.0078 -1.3731, -0.8662 -2.0079 -1.3696, -0.8678 -1.9965 -1.3731, -0.8677 -1.9965 -1.3731, -0.8636 -1.9989 -1.3757, -0.864 -2.0057 -1.3731, -0.8593 -2.0044 -1.3757, -0.856 -2.001 -1.3774, -0.8707 -2.0057 -1.3654, -0.8687 -2.0046 -1.3696, -0.866 -2.003 -1.3731, -0.8626 -2.0011 -1.3757, -0.8588 -1.9989 -1.3774, -0.8548 -2.0012 -1.3774, -0.8548 -2.0012 -1.3774, -0.8612 -2.0029 -1.3757, -0.8571 -2.0006 -1.3774, -0.8581 -1.9998 -1.3774, -0.8639 -1.9965 -1.3757, -0.8638 -1.9965 -1.3757, -0.8595 -1.9965 -1.3774, -0.6621 -2.0405 -1.083, -0.6621 -2.0407 -1.083, -0.6641 -2.0453 -1.0832, -0.6641 -2.0453 -1.0832, -0.6672 -2.0494 -1.0832, -0.6712 -2.0525 -1.0832, -0.6713 -2.0525 -1.0832, -0.6759 -2.0544 -1.083, -0.676 -2.0544 -1.083, -0.8598 -1.843 -1.3616, -0.8598 -1.843 -1.3616, -0.8644 -1.845 -1.362, -0.8644 -1.845 -1.362, -0.8684 -1.8481 -1.3621, -0.8715 -1.8521 -1.362, -0.8715 -1.8521 -1.362, -0.8735 -1.8567 -1.3616, -0.8735 -1.8568 -1.3616, -0.8731 -1.8618 -1.3654, -0.8731 -1.8618 -1.3655, -0.8709 -1.8618 -1.3696, -0.8708 -1.8618 -1.3696, -0.8678 -1.8618 -1.3731, -0.8677 -1.8618 -1.3731, -0.8639 -1.8618 -1.3757, -0.8638 -1.8618 -1.3757, -0.8595 -1.8618 -1.3774, -0.8594 -1.8618 -1.3774, -0.72 -2.0149 -1.3654, -0.72 -2.0148 -1.3655, -0.72 -2.0126 -1.3696, -0.72 -2.0126 -1.3696, -0.72 -2.0095 -1.3731, -0.72 -2.0094 -1.3731, -0.72 -2.0056 -1.3757, -0.72 -2.0055 -1.3757, -0.72 -2.0012 -1.3774, -0.72 -2.0012 -1.3774, -0.7157 -2.0154 -1.3615, -0.715 -2.0153 -1.3616, -0.7117 -2.0138 -1.3619, -0.7104 -2.0133 -1.362, -0.7064 -2.0102 -1.3621, -0.7051 -2.0085 -1.362, -0.7033 -2.0062 -1.362, -0.7013 -2.0015 -1.3616, -0.7012 -2.0008 -1.3615, -0.8548 -1.8571 -1.3774, -0.856 -1.8572 -1.3774, -0.8636 -1.8594 -1.3757, -0.8673 -1.8584 -1.3731, -0.8704 -1.8576 -1.3696, -0.8725 -1.857 -1.3654, -0.8707 -1.8526 -1.3654, -0.8548 -1.8434 -1.3654, -0.8595 -1.844 -1.3654, -0.8548 -1.8435 -1.3655, -0.8589 -1.8462 -1.3696, -0.8687 -1.8537 -1.3696, -0.8677 -1.8488 -1.3654, -0.8548 -1.8456 -1.3696, -0.8548 -1.8457 -1.3696, -0.8581 -1.8492 -1.3731, -0.866 -1.8553 -1.3731, -0.8662 -1.8504 -1.3696, -0.8548 -1.8488 -1.3731, -0.8548 -1.8489 -1.3731, -0.8571 -1.853 -1.3757, -0.864 -1.8526 -1.3731, -0.8626 -1.8572 -1.3757, -0.8593 -1.8606 -1.3774, -0.8639 -1.8459 -1.3654, -0.8628 -1.8478 -1.3696, -0.8613 -1.8505 -1.3731, -0.8593 -1.8539 -1.3757, -0.8571 -1.8577 -1.3774, -0.8612 -1.8553 -1.3757, -0.8588 -1.8594 -1.3774, -0.8581 -1.8585 -1.3774, -0.8548 -1.8527 -1.3757, -0.8548 -1.8527 -1.3757, -0.8548 -1.8571 -1.3774, -0.719 -2.0011 -1.3774, -0.7164 -1.9994 -1.3774, -0.7171 -2.0002 -1.3774, -0.711 -1.9965 -1.3757, -0.7109 -1.9965 -1.3757, -0.7112 -1.9985 -1.3757, -0.7071 -1.9965 -1.3731, -0.707 -1.9965 -1.3731, -0.7074 -1.9994 -1.3731, -0.7121 -2.013 -1.3654, -0.7159 -2.0144 -1.3654, -0.7021 -2.0006 -1.3654, -0.7035 -2.0045 -1.3654, -0.7043 -2.0001 -1.3696, -0.7017 -1.9965 -1.3654, -0.7017 -1.9965 -1.3655, -0.7039 -1.9965 -1.3696, -0.704 -1.9965 -1.3696, -0.7164 -2.0122 -1.3696, -0.7055 -2.0035 -1.3696, -0.7057 -2.0079 -1.3654, -0.7171 -2.0092 -1.3731, -0.7083 -2.0021 -1.3731, -0.7074 -2.0066 -1.3696, -0.7086 -2.0109 -1.3654, -0.718 -2.0054 -1.3757, -0.71 -2.0091 -1.3696, -0.7099 -2.0046 -1.3731, -0.7118 -2.0005 -1.3757, -0.7155 -1.9976 -1.3774, -0.7144 -2.0036 -1.3757, -0.713 -2.011 -1.3696, -0.7144 -2.0082 -1.3731, -0.7161 -2.0047 -1.3757, -0.718 -2.0007 -1.3774, -0.7154 -1.9965 -1.3774, -0.7153 -1.9965 -1.3774, -0.7119 -2.0067 -1.3731, -0.7129 -2.0022 -1.3757, -0.7158 -1.9985 -1.3774, -0.72 -1.8434 -1.3654, -0.72 -1.8435 -1.3655, -0.72 -1.8456 -1.3696, -0.72 -1.8457 -1.3696, -0.72 -1.8488 -1.3731, -0.72 -1.8489 -1.3731, -0.72 -1.8527 -1.3757, -0.72 -1.8527 -1.3757, -0.72 -1.8571 -1.3774, -0.72 -1.8571 -1.3774, -0.7017 -1.8618 -1.3654, -0.7017 -1.8618 -1.3655, -0.7039 -1.8618 -1.3696, -0.704 -1.8618 -1.3696, -0.707 -1.8618 -1.3731, -0.7071 -1.8618 -1.3731, -0.7109 -1.8618 -1.3757, -0.711 -1.8618 -1.3757, -0.7153 -1.8618 -1.3774, -0.7154 -1.8618 -1.3774, -0.7155 -1.8607 -1.3774, -0.7171 -1.8581 -1.3774, -0.7164 -1.8588 -1.3774, -0.715 -1.843 -1.3616, -0.7117 -1.8445 -1.3619, -0.7121 -1.8452 -1.3654, -0.7104 -1.845 -1.362, -0.7064 -1.8481 -1.3621, -0.7086 -1.8474 -1.3654, -0.7013 -1.8568 -1.3616, -0.7012 -1.8575 -1.3615, -0.7021 -1.8577 -1.3654, -0.7157 -1.8429 -1.3615, -0.7159 -1.8439 -1.3654, -0.7164 -1.846 -1.3696, -0.7051 -1.8498 -1.362, -0.7057 -1.8503 -1.3654, -0.71 -1.8492 -1.3696, -0.7074 -1.8517 -1.3696, -0.7119 -1.8516 -1.3731, -0.7043 -1.8582 -1.3696, -0.713 -1.8472 -1.3696, -0.7144 -1.8501 -1.3731, -0.7161 -1.8536 -1.3757, -0.7074 -1.8589 -1.3731, -0.7171 -1.8491 -1.3731, -0.718 -1.8529 -1.3757, -0.719 -1.8572 -1.3774, -0.7112 -1.8597 -1.3757, -0.7129 -1.8561 -1.3757, -0.7033 -1.8521 -1.362, -0.7035 -1.8538 -1.3654, -0.7055 -1.8548 -1.3696, -0.7083 -1.8561 -1.3731, -0.7118 -1.8578 -1.3757, -0.7158 -1.8597 -1.3774, -0.7099 -1.8537 -1.3731, -0.7144 -1.8547 -1.3757, -0.718 -1.8575 -1.3774, -0.6621 -1.8177 -1.083, -0.6621 -1.8176 -1.083, -0.6641 -1.813 -1.0832, -0.6641 -1.8129 -1.0832, -0.6672 -1.8089 -1.0832, -0.676 -1.8038 -1.083, -0.6759 -1.8039 -1.083, -0.6713 -1.8058 -1.0832, -0.6712 -1.8058 -1.0832, -0.676 -1.8038 1.0236, -0.6713 -1.8058 1.0236, -0.6672 -1.8089 1.0236, -0.6641 -1.813 1.0236, -0.6621 -1.8177 1.0236, -0.6621 -1.7323 1.1091, -0.6621 -1.7544 1.1062, -0.6641 -1.7323 1.1043, -0.6641 -1.7532 1.1016, -0.6672 -1.7323 1.1003, -0.6672 -1.7521 1.0976, -0.6713 -1.7323 1.0971, -0.6713 -1.7513 1.0946, -0.676 -1.7323 1.0952, -0.676 -1.7508 1.0927, -0.6621 -1.775 1.0976, -0.6641 -1.7726 1.0935, -0.6672 -1.7706 1.09, -0.6713 -1.769 1.0873, -0.676 -1.7681 1.0856, -0.6621 -1.7927 1.0841, -0.6641 -1.7894 1.0807, -0.6672 -1.7865 1.0778, -0.6713 -1.7843 1.0756, -0.676 -1.7829 1.0742, -0.6621 -1.8063 1.0664, -0.6641 -1.8022 1.064, -0.6672 -1.7987 1.0619, -0.6713 -1.7959 1.0604, -0.676 -1.7942 1.0594, -0.6621 -1.8148 1.0457, -0.6641 -1.8102 1.0445, -0.6672 -1.8063 1.0435, -0.6713 -1.8033 1.0426, -0.676 -1.8014 1.0421, -0.676 -1.6339 1.0952, -0.6713 -1.6339 1.0971, -0.6672 -1.6339 1.1003, -0.6641 -1.6339 1.1043, -0.6621 -1.6339 1.1091, -0.676 -1.0433 1.3458, -0.676 -0.1499 1.3458, -0.6759 -0.1499 1.3458, -0.6713 -1.0433 1.3438, -0.6713 -0.1497 1.3438, -0.6712 -0.1497 1.3438, -0.6672 -1.0433 1.3407, -0.6672 -0.1496 1.3407, -0.6641 -0.1497 1.3367, -0.6641 -1.0433 1.3366, -0.6641 -0.1497 1.3366, -0.6621 -0.1499 1.332, -0.6621 -1.0433 1.3319, -0.6621 -0.1499 1.3319, -0.9127 -1.0433 1.3319, -0.9127 -0.1499 1.3319, -0.9127 -0.1499 1.332, -0.9107 -1.0433 1.3366, -0.9107 -0.1497 1.3366, -0.9107 -0.1497 1.3367, -0.9076 -1.0433 1.3407, -0.9076 -0.1496 1.3407, -0.9036 -0.1497 1.3438, -0.9035 -1.0433 1.3438, -0.9035 -0.1497 1.3438, -0.8989 -0.1499 1.3458, -0.8988 -1.0433 1.3458, -0.8988 -0.1499 1.3458, -0.7012 0.1287 1.2925, -0.7013 0.1287 1.2928, -0.703 0.1291 1.2969, -0.7033 0.1291 1.2975, -0.7064 0.1292 1.3015, -0.7095 0.1292 1.3039, -0.7104 0.1291 1.3046, -0.7105 0.1291 1.3046, -0.7139 0.1288 1.3061, -0.715 0.1287 1.3066, -0.7152 0.1287 1.3066, -0.7166 0.1286 1.3068, -0.7179 0.1284 1.307, -0.7191 0.1283 1.3072, -0.8548 0.1325 1.3062, -0.72 0.1325 1.3062, -0.8548 0.1327 1.3061, -0.72 0.1327 1.3061, -0.8548 0.1367 1.304, -0.72 0.1367 1.304, -0.8548 0.1368 1.3039, -0.72 0.1368 1.3039, -0.8548 0.1402 1.3008, -0.72 0.1402 1.3008, -0.8548 0.1403 1.3008, -0.72 0.1403 1.3008, -0.8548 0.1429 1.2969, -0.72 0.1429 1.2969, -0.8548 0.1429 1.2969, -0.72 0.1429 1.2969, -0.8548 0.1445 1.2925, -0.72 0.1445 1.2925, -0.8548 0.1445 1.2925, -0.72 0.1445 1.2925, -0.8557 0.1283 1.3072, -0.8569 0.1284 1.307, -0.8582 0.1286 1.3068, -0.8596 0.1287 1.3066, -0.8598 0.1287 1.3066, -0.8609 0.1288 1.3061, -0.8643 0.1291 1.3046, -0.8644 0.1291 1.3046, -0.8653 0.1292 1.3039, -0.8684 0.1292 1.3015, -0.869 0.1292 1.3008, -0.8715 0.1291 1.2975, -0.8735 0.1287 1.2928, -0.8736 0.1287 1.2925, -0.6621 -1.0433 1.1091, -0.6621 -0.1499 1.1091, -0.6621 -0.1499 1.109, -0.6641 -1.0433 1.1043, -0.6641 -0.1497 1.1043, -0.6641 -0.1497 1.1043, -0.6672 -1.0433 1.1003, -0.6672 -0.1496 1.1003, -0.6712 -0.1497 1.0972, -0.6713 -1.0433 1.0971, -0.6713 -0.1497 1.0971, -0.6759 -0.1499 1.0952, -0.676 -1.0433 1.0952, -0.676 -0.1499 1.0952, -0.7017 0.1327 1.2878, -0.7039 0.1367 1.2878, -0.7044 0.1364 1.2925, -0.704 0.1368 1.2878, -0.707 0.1402 1.2878, -0.7074 0.1398 1.2925, -0.7071 0.1403 1.2878, -0.7109 0.1429 1.2878, -0.7112 0.1424 1.2925, -0.7159 0.1424 1.2969, -0.7062 0.1308 1.3008, -0.7095 0.1295 1.304, -0.7017 0.1325 1.2878, -0.7022 0.1323 1.2925, -0.7038 0.1317 1.2969, -0.7142 0.1295 1.3062, -0.7183 0.1323 1.3062, -0.7173 0.1364 1.304, -0.7165 0.1398 1.3008, -0.711 0.1429 1.2878, -0.7153 0.1445 1.2878, -0.7155 0.144 1.2925, -0.7154 0.1445 1.2878, -0.712 0.1409 1.2969, -0.7132 0.1385 1.3008, -0.7148 0.1354 1.304, -0.7167 0.1317 1.3062, -0.7085 0.1385 1.2969, -0.7103 0.1365 1.3008, -0.7126 0.1339 1.304, -0.7153 0.1308 1.3062, -0.7057 0.1354 1.2969, -0.7079 0.1339 1.3008, -0.7108 0.1319 1.304, -0.8594 0.1445 1.2878, -0.8595 0.1445 1.2878, -0.8593 0.144 1.2925, -0.8638 0.1429 1.2878, -0.8639 0.1429 1.2878, -0.8636 0.1424 1.2925, -0.8677 0.1403 1.2878, -0.8678 0.1402 1.2878, -0.8674 0.1398 1.2925, -0.8708 0.1368 1.2878, -0.8709 0.1367 1.2878, -0.8704 0.1364 1.2925, -0.8731 0.1327 1.2878, -0.8731 0.1325 1.2878, -0.8726 0.1323 1.2925, -0.8606 0.1295 1.3062, -0.8565 0.1323 1.3062, -0.864 0.1319 1.304, -0.8653 0.1295 1.304, -0.8686 0.1308 1.3008, -0.871 0.1317 1.2969, -0.8575 0.1364 1.304, -0.8583 0.1398 1.3008, -0.8589 0.1424 1.2969, -0.8691 0.1354 1.2969, -0.8669 0.1339 1.3008, -0.8663 0.1385 1.2969, -0.8645 0.1365 1.3008, -0.8622 0.1339 1.304, -0.8595 0.1308 1.3062, -0.8628 0.1409 1.2969, -0.8616 0.1385 1.3008, -0.86 0.1354 1.304, -0.8581 0.1317 1.3062, -0.8988 -1.0433 1.0952, -0.8988 -0.1499 1.0952, -0.8989 -0.1499 1.0952, -0.9035 -1.0433 1.0971, -0.9035 -0.1497 1.0971, -0.9036 -0.1497 1.0972, -0.9076 -1.0433 1.1003, -0.9076 -0.1496 1.1003, -0.9107 -0.1497 1.1043, -0.9107 -1.0433 1.1043, -0.9107 -0.1497 1.1043, -0.9127 -0.1499 1.109, -0.9127 -1.0433 1.1091, -0.9127 -0.1499 1.1091, -0.7191 0.1283 1.1337, -0.7179 0.1284 1.1339, -0.7166 0.1286 1.1341, -0.7152 0.1287 1.1343, -0.715 0.1287 1.1344, -0.7139 0.1288 1.1348, -0.7105 0.1291 1.1363, -0.7104 0.1291 1.1363, -0.7095 0.1292 1.1371, -0.7064 0.1292 1.1394, -0.7058 0.1292 1.1402, -0.7033 0.1291 1.1435, -0.7013 0.1287 1.1481, -0.7012 0.1287 1.1484, -0.7017 0.1325 1.1531, -0.7017 0.1327 1.1531, -0.7039 0.1367 1.1531, -0.704 0.1368 1.1531, -0.707 0.1402 1.1531, -0.7071 0.1403 1.1531, -0.7109 0.1429 1.1531, -0.711 0.1429 1.1531, -0.7153 0.1445 1.1531, -0.7154 0.1445 1.1531, -0.8731 0.1325 1.1531, -0.8731 0.1327 1.1531, -0.8709 0.1367 1.1531, -0.8708 0.1368 1.1531, -0.8678 0.1402 1.1531, -0.8677 0.1403 1.1531, -0.8639 0.1429 1.1531, -0.8638 0.1429 1.1531, -0.8595 0.1445 1.1531, -0.8594 0.1445 1.1531, -0.8557 0.1283 1.1337, -0.8736 0.1287 1.1484, -0.8735 0.1287 1.1481, -0.8718 0.1291 1.144, -0.8715 0.1291 1.1435, -0.8684 0.1292 1.1394, -0.8653 0.1292 1.1371, -0.8644 0.1291 1.1363, -0.8569 0.1284 1.1339, -0.8643 0.1291 1.1363, -0.8609 0.1288 1.1348, -0.8598 0.1287 1.1344, -0.8596 0.1287 1.1343, -0.8582 0.1286 1.1341, -0.7022 0.1323 1.1484, -0.7044 0.1364 1.1484, -0.7074 0.1398 1.1484, -0.7112 0.1424 1.1484, -0.7142 0.1295 1.1348, -0.7183 0.1323 1.1348, -0.7108 0.1319 1.137, -0.7095 0.1295 1.137, -0.7062 0.1308 1.1401, -0.7038 0.1317 1.144, -0.7155 0.144 1.1484, -0.72 0.1445 1.1485, -0.7159 0.1424 1.144, -0.72 0.1429 1.1441, -0.72 0.1445 1.1484, -0.7165 0.1398 1.1401, -0.72 0.1403 1.1402, -0.72 0.1429 1.144, -0.7173 0.1364 1.137, -0.72 0.1368 1.1371, -0.72 0.1402 1.1401, -0.7057 0.1354 1.144, -0.7079 0.1339 1.1401, -0.72 0.1325 1.1348, -0.72 0.1327 1.1348, -0.72 0.1367 1.137, -0.712 0.1409 1.144, -0.7132 0.1385 1.1401, -0.7148 0.1354 1.137, -0.7167 0.1317 1.1348, -0.7085 0.1385 1.144, -0.7103 0.1365 1.1401, -0.7126 0.1339 1.137, -0.7153 0.1308 1.1348, -0.8726 0.1323 1.1484, -0.871 0.1317 1.144, -0.8653 0.1295 1.137, -0.8606 0.1295 1.1348, -0.8595 0.1308 1.1348, -0.8581 0.1317 1.1348, -0.8565 0.1323 1.1348, -0.8548 0.1325 1.1348, -0.8704 0.1364 1.1484, -0.8674 0.1398 1.1484, -0.8636 0.1424 1.1484, -0.8593 0.144 1.1484, -0.8548 0.1445 1.1485, -0.8691 0.1354 1.144, -0.8663 0.1385 1.144, -0.8628 0.1409 1.144, -0.8589 0.1424 1.144, -0.8548 0.1445 1.1484, -0.8548 0.1429 1.1441, -0.8548 0.1429 1.144, -0.8548 0.1403 1.1402, -0.8583 0.1398 1.1401, -0.8616 0.1385 1.1401, -0.8645 0.1365 1.1401, -0.8669 0.1339 1.1401, -0.8686 0.1308 1.1401, -0.864 0.1319 1.137, -0.8622 0.1339 1.137, -0.86 0.1354 1.137, -0.8575 0.1364 1.137, -0.8548 0.1402 1.1401, -0.8548 0.1368 1.1371, -0.8548 0.1367 1.137, -0.8548 0.1327 1.1348, -0.1114 -1.6339 1.3458, -0.1114 -1.7323 1.3458, -0.1161 -1.6339 1.3438, -0.1161 -1.7323 1.3438, -0.1202 -1.6339 1.3407, -0.1202 -1.7323 1.3407, -0.1233 -1.6339 1.3366, -0.1233 -1.7323 1.3366, -0.1253 -1.6339 1.3319, -0.1253 -1.7323 1.3319, -0.1114 -2.0545 1.0236, -0.1114 -2.0435 1.107, -0.1161 -2.0525 1.0236, -0.1161 -2.0416 1.1065, -0.1202 -2.0494 1.0236, -0.1202 -2.0386 1.1057, -0.1233 -2.0453 1.0236, -0.1233 -2.0346 1.1046, -0.1253 -2.0405 1.0236, -0.1253 -2.03 1.1034, -0.1114 -2.0113 1.1847, -0.1161 -2.0096 1.1837, -0.1202 -2.0069 1.1822, -0.1233 -2.0033 1.1801, -0.1253 -1.9992 1.1777, -0.1114 -1.9601 1.2514, -0.1161 -1.9587 1.25, -0.1202 -1.9565 1.2478, -0.1233 -1.9536 1.2449, -0.1253 -1.9502 1.2416, -0.1114 -1.8934 1.3026, -0.1161 -1.8924 1.3009, -0.1202 -1.8908 1.2982, -0.1233 -1.8888 1.2947, -0.1253 -1.8864 1.2906, -0.1114 -1.8157 1.3348, -0.1161 -1.8152 1.3329, -0.1202 -1.8143 1.3299, -0.1233 -1.8133 1.326, -0.1253 -1.8121 1.3214, -0.1253 -1.6339 1.1091, -0.1253 -1.7323 1.1091, -0.1233 -1.6339 1.1043, -0.1233 -1.7323 1.1043, -0.1202 -1.6339 1.1003, -0.1202 -1.7323 1.1003, -0.1161 -1.6339 1.0971, -0.1161 -1.7323 1.0971, -0.1114 -1.6339 1.0952, -0.1114 -1.7323 1.0952, -0.1114 -2.0544 -1.083, -0.1115 -2.0544 -1.083, -0.1161 -2.0525 -1.0832, -0.1162 -2.0525 -1.0832, -0.1202 -2.0494 -1.0832, -0.1233 -2.0453 -1.0832, -0.1233 -2.0453 -1.0832, -0.1253 -2.0407 -1.083, -0.1253 -2.0405 -1.083, 0.1253 -1.6339 1.3319, 0.1253 -1.7323 1.3319, 0.1233 -1.6339 1.3366, 0.1233 -1.7323 1.3366, 0.1202 -1.6339 1.3407, 0.1202 -1.7323 1.3407, 0.1161 -1.6339 1.3438, 0.1161 -1.7323 1.3438, 0.1114 -1.6339 1.3458, 0.1114 -1.7323 1.3458, -0.1253 -1.8177 1.0236, -0.1253 -1.8148 1.0457, -0.1233 -1.813 1.0236, -0.1233 -1.8102 1.0445, -0.1202 -1.8089 1.0236, -0.1202 -1.8063 1.0435, -0.1161 -1.8058 1.0236, -0.1161 -1.8033 1.0426, -0.1114 -1.8038 1.0236, -0.1114 -1.8014 1.0421, -0.1253 -1.8063 1.0664, -0.1233 -1.8022 1.064, -0.1202 -1.7987 1.0619, -0.1161 -1.7959 1.0604, -0.1114 -1.7942 1.0594, -0.1253 -1.7927 1.0841, -0.1233 -1.7894 1.0807, -0.1202 -1.7865 1.0778, -0.1161 -1.7843 1.0756, -0.1114 -1.7829 1.0742, -0.1253 -1.775 1.0976, -0.1233 -1.7726 1.0935, -0.1202 -1.7706 1.09, -0.1161 -1.769 1.0873, -0.1114 -1.7681 1.0856, -0.1253 -1.7544 1.1062, -0.1233 -1.7532 1.1016, -0.1202 -1.7521 1.0976, -0.1161 -1.7513 1.0946, -0.1114 -1.7508 1.0927, -0.0861 -2.0015 -1.3616, -0.0861 -2.0015 -1.3616, -0.0841 -2.0062 -1.362, -0.0841 -2.0062 -1.362, -0.081 -2.0102 -1.3621, -0.077 -2.0132 -1.362, -0.077 -2.0133 -1.362, -0.0724 -2.0152 -1.3616, -0.0724 -2.0153 -1.3616, 0.1114 -1.8157 1.3348, 0.1161 -1.8152 1.3329, 0.1202 -1.8143 1.3299, 0.1233 -1.8133 1.326, 0.1253 -1.8121 1.3214, 0.1114 -1.8934 1.3026, 0.1161 -1.8924 1.3009, 0.1202 -1.8908 1.2982, 0.1233 -1.8888 1.2947, 0.1253 -1.8864 1.2906, 0.1114 -1.9601 1.2514, 0.1161 -1.9587 1.25, 0.1202 -1.9565 1.2478, 0.1233 -1.9536 1.2449, 0.1253 -1.9502 1.2416, 0.1114 -2.0113 1.1847, 0.1161 -2.0096 1.1837, 0.1202 -2.0069 1.1822, 0.1233 -2.0033 1.1801, 0.1253 -1.9992 1.1777, 0.1114 -2.0435 1.107, 0.1161 -2.0416 1.1065, 0.1202 -2.0386 1.1057, 0.1233 -2.0346 1.1046, 0.1253 -2.03 1.1034, 0.1114 -2.0545 1.0236, 0.1161 -2.0525 1.0236, 0.1202 -2.0494 1.0236, 0.1233 -2.0453 1.0236, 0.1253 -2.0405 1.0236, -0.1253 -1.8177 -1.083, -0.1253 -1.8176 -1.083, -0.1233 -1.813 -1.0832, -0.1233 -1.8129 -1.0832, -0.1202 -1.8089 -1.0832, -0.1162 -1.8058 -1.0832, -0.1161 -1.8058 -1.0832, -0.1115 -1.8039 -1.083, -0.1114 -1.8038 -1.083, -0.072 -1.9965 -1.3774, -0.0719 -1.9977 -1.3774, -0.0674 -2.0055 -1.3757, -0.0674 -2.0056 -1.3757, -0.0697 -2.0053 -1.3757, -0.0674 -2.0094 -1.3731, -0.0674 -2.0095 -1.3731, -0.0707 -2.009 -1.3731, -0.0715 -2.0121 -1.3696, -0.0721 -2.0142 -1.3654, -0.0765 -2.0124 -1.3654, -0.0857 -1.9965 -1.3654, -0.0851 -2.0013 -1.3654, -0.0674 -2.0149 -1.3654, -0.0674 -2.0148 -1.3655, -0.0674 -2.0126 -1.3696, -0.0674 -2.0126 -1.3696, -0.0857 -1.9965 -1.3655, -0.0829 -2.0007 -1.3696, -0.0754 -2.0105 -1.3696, -0.0803 -2.0095 -1.3654, -0.0835 -1.9965 -1.3696, -0.0834 -1.9965 -1.3696, -0.0799 -1.9999 -1.3731, -0.0739 -2.0078 -1.3731, -0.0788 -2.0079 -1.3696, -0.0804 -1.9965 -1.3731, -0.0803 -1.9965 -1.3731, -0.0762 -1.9989 -1.3757, -0.0766 -2.0057 -1.3731, -0.0719 -2.0044 -1.3757, -0.0686 -2.001 -1.3774, -0.0833 -2.0057 -1.3654, -0.0813 -2.0046 -1.3696, -0.0786 -2.003 -1.3731, -0.0752 -2.0011 -1.3757, -0.0714 -1.9989 -1.3774, -0.0674 -2.0012 -1.3774, -0.0674 -2.0012 -1.3774, -0.0738 -2.0029 -1.3757, -0.0697 -2.0006 -1.3774, -0.0707 -1.9998 -1.3774, -0.0765 -1.9965 -1.3757, -0.0764 -1.9965 -1.3757, -0.0721 -1.9965 -1.3774, 0.1253 -2.0405 -1.083, 0.1253 -2.0407 -1.083, 0.1233 -2.0453 -1.0832, 0.1233 -2.0453 -1.0832, 0.1202 -2.0494 -1.0832, 0.1162 -2.0525 -1.0832, 0.1161 -2.0525 -1.0832, 0.1115 -2.0544 -1.083, 0.1114 -2.0544 -1.083, -0.0724 -1.843 -1.3616, -0.0724 -1.843 -1.3616, -0.077 -1.845 -1.362, -0.077 -1.845 -1.362, -0.081 -1.8481 -1.3621, -0.0841 -1.8521 -1.362, -0.0841 -1.8521 -1.362, -0.0861 -1.8567 -1.3616, -0.0861 -1.8568 -1.3616, -0.0857 -1.8618 -1.3654, -0.0857 -1.8618 -1.3655, -0.0835 -1.8618 -1.3696, -0.0834 -1.8618 -1.3696, -0.0804 -1.8618 -1.3731, -0.0803 -1.8618 -1.3731, -0.0765 -1.8618 -1.3757, -0.0764 -1.8618 -1.3757, -0.0721 -1.8618 -1.3774, -0.072 -1.8618 -1.3774, 0.0674 -2.0149 -1.3654, 0.0674 -2.0148 -1.3655, 0.0674 -2.0126 -1.3696, 0.0674 -2.0126 -1.3696, 0.0674 -2.0095 -1.3731, 0.0674 -2.0094 -1.3731, 0.0674 -2.0056 -1.3757, 0.0674 -2.0055 -1.3757, 0.0674 -2.0012 -1.3774, 0.0674 -2.0012 -1.3774, 0.0724 -2.0153 -1.3616, 0.0724 -2.0152 -1.3616, 0.077 -2.0133 -1.362, 0.077 -2.0132 -1.362, 0.081 -2.0102 -1.3621, 0.0841 -2.0062 -1.362, 0.0841 -2.0062 -1.362, 0.0861 -2.0015 -1.3616, 0.0861 -2.0015 -1.3616, -0.0674 -1.8571 -1.3774, -0.0686 -1.8572 -1.3774, -0.0762 -1.8594 -1.3757, -0.0799 -1.8584 -1.3731, -0.0829 -1.8576 -1.3696, -0.0851 -1.857 -1.3654, -0.0833 -1.8526 -1.3654, -0.0674 -1.8434 -1.3654, -0.0721 -1.844 -1.3654, -0.0674 -1.8435 -1.3655, -0.0715 -1.8462 -1.3696, -0.0813 -1.8537 -1.3696, -0.0803 -1.8488 -1.3654, -0.0674 -1.8456 -1.3696, -0.0674 -1.8457 -1.3696, -0.0707 -1.8492 -1.3731, -0.0786 -1.8553 -1.3731, -0.0788 -1.8504 -1.3696, -0.0674 -1.8488 -1.3731, -0.0674 -1.8489 -1.3731, -0.0697 -1.853 -1.3757, -0.0766 -1.8526 -1.3731, -0.0752 -1.8572 -1.3757, -0.0719 -1.8606 -1.3774, -0.0765 -1.8459 -1.3654, -0.0754 -1.8478 -1.3696, -0.0739 -1.8505 -1.3731, -0.0719 -1.8539 -1.3757, -0.0697 -1.8577 -1.3774, -0.0738 -1.8553 -1.3757, -0.0714 -1.8594 -1.3774, -0.0707 -1.8585 -1.3774, -0.0674 -1.8527 -1.3757, -0.0674 -1.8527 -1.3757, -0.0674 -1.8571 -1.3774, 0.0686 -2.001 -1.3774, 0.0764 -1.9965 -1.3757, 0.0765 -1.9965 -1.3757, 0.0762 -1.9989 -1.3757, 0.0803 -1.9965 -1.3731, 0.0804 -1.9965 -1.3731, 0.0799 -1.9999 -1.3731, 0.0829 -2.0007 -1.3696, 0.0851 -2.0013 -1.3654, 0.0833 -2.0057 -1.3654, 0.0721 -2.0142 -1.3654, 0.0857 -1.9965 -1.3654, 0.0857 -1.9965 -1.3655, 0.0835 -1.9965 -1.3696, 0.0834 -1.9965 -1.3696, 0.0715 -2.0121 -1.3696, 0.0813 -2.0046 -1.3696, 0.0803 -2.0095 -1.3654, 0.0707 -2.009 -1.3731, 0.0786 -2.003 -1.3731, 0.0788 -2.0079 -1.3696, 0.0697 -2.0053 -1.3757, 0.0766 -2.0057 -1.3731, 0.0752 -2.0011 -1.3757, 0.0719 -1.9977 -1.3774, 0.0765 -2.0124 -1.3654, 0.0754 -2.0105 -1.3696, 0.0739 -2.0078 -1.3731, 0.0719 -2.0044 -1.3757, 0.0697 -2.0006 -1.3774, 0.072 -1.9965 -1.3774, 0.0721 -1.9965 -1.3774, 0.0738 -2.0029 -1.3757, 0.0714 -1.9989 -1.3774, 0.0707 -1.9998 -1.3774, 0.0674 -1.8434 -1.3654, 0.0674 -1.8435 -1.3655, 0.0674 -1.8456 -1.3696, 0.0674 -1.8457 -1.3696, 0.0674 -1.8488 -1.3731, 0.0674 -1.8489 -1.3731, 0.0674 -1.8527 -1.3757, 0.0674 -1.8527 -1.3757, 0.0674 -1.8571 -1.3774, 0.0674 -1.8571 -1.3774, 0.0857 -1.8618 -1.3654, 0.0857 -1.8618 -1.3655, 0.0835 -1.8618 -1.3696, 0.0834 -1.8618 -1.3696, 0.0804 -1.8618 -1.3731, 0.0803 -1.8618 -1.3731, 0.0765 -1.8618 -1.3757, 0.0764 -1.8618 -1.3757, 0.0721 -1.8618 -1.3774, 0.072 -1.8618 -1.3774, 0.0719 -1.8607 -1.3774, 0.0703 -1.8581 -1.3774, 0.071 -1.8588 -1.3774, 0.0724 -1.843 -1.3616, 0.0757 -1.8445 -1.3619, 0.0753 -1.8452 -1.3654, 0.077 -1.845 -1.362, 0.081 -1.8481 -1.3621, 0.0788 -1.8474 -1.3654, 0.0861 -1.8568 -1.3616, 0.0862 -1.8575 -1.3615, 0.0853 -1.8577 -1.3654, 0.0715 -1.8439 -1.3654, 0.071 -1.846 -1.3696, 0.0717 -1.8429 -1.3615, 0.0823 -1.8498 -1.362, 0.0817 -1.8503 -1.3654, 0.0774 -1.8492 -1.3696, 0.08 -1.8517 -1.3696, 0.0755 -1.8516 -1.3731, 0.0831 -1.8582 -1.3696, 0.0744 -1.8472 -1.3696, 0.073 -1.8501 -1.3731, 0.0713 -1.8536 -1.3757, 0.08 -1.8589 -1.3731, 0.0703 -1.8491 -1.3731, 0.0694 -1.8529 -1.3757, 0.0684 -1.8572 -1.3774, 0.0762 -1.8597 -1.3757, 0.0745 -1.8561 -1.3757, 0.0841 -1.8521 -1.362, 0.0839 -1.8538 -1.3654, 0.0819 -1.8548 -1.3696, 0.0791 -1.8561 -1.3731, 0.0756 -1.8578 -1.3757, 0.0716 -1.8597 -1.3774, 0.0775 -1.8537 -1.3731, 0.073 -1.8547 -1.3757, 0.0694 -1.8575 -1.3774, 0.1253 -1.8177 -1.083, 0.1253 -1.8176 -1.083, 0.1233 -1.813 -1.0832, 0.1233 -1.8129 -1.0832, 0.1202 -1.8089 -1.0832, 0.1115 -1.8039 -1.083, 0.1161 -1.8058 -1.0832, 0.1162 -1.8058 -1.0832, 0.1114 -1.8038 -1.083, 0.1114 -1.8038 1.0236, 0.1161 -1.8058 1.0236, 0.1202 -1.8089 1.0236, 0.1233 -1.813 1.0236, 0.1253 -1.8177 1.0236, 0.1253 -1.7323 1.1091, 0.1253 -1.7544 1.1062, 0.1233 -1.7323 1.1043, 0.1233 -1.7532 1.1016, 0.1202 -1.7323 1.1003, 0.1202 -1.7521 1.0976, 0.1161 -1.7323 1.0971, 0.1161 -1.7513 1.0946, 0.1114 -1.7323 1.0952, 0.1114 -1.7508 1.0927, 0.1253 -1.775 1.0976, 0.1233 -1.7726 1.0935, 0.1202 -1.7706 1.09, 0.1161 -1.769 1.0873, 0.1114 -1.7681 1.0856, 0.1253 -1.7927 1.0841, 0.1233 -1.7894 1.0807, 0.1202 -1.7865 1.0778, 0.1161 -1.7843 1.0756, 0.1114 -1.7829 1.0742, 0.1253 -1.8063 1.0664, 0.1233 -1.8022 1.064, 0.1202 -1.7987 1.0619, 0.1161 -1.7959 1.0604, 0.1114 -1.7942 1.0594, 0.1253 -1.8148 1.0457, 0.1233 -1.8102 1.0445, 0.1202 -1.8063 1.0435, 0.1161 -1.8033 1.0426, 0.1114 -1.8014 1.0421, 0.1114 -1.6339 1.0952, 0.1161 -1.6339 1.0971, 0.1202 -1.6339 1.1003, 0.1233 -1.6339 1.1043, 0.1253 -1.6339 1.1091, 0.1114 -1.0433 1.3458, 0.1114 -0.1499 1.3458, 0.1115 -0.1499 1.3458, 0.1161 -1.0433 1.3438, 0.1161 -0.1497 1.3438, 0.1162 -0.1497 1.3438, 0.1202 -1.0433 1.3407, 0.1202 -0.1496 1.3407, 0.1233 -0.1497 1.3367, 0.1233 -1.0433 1.3366, 0.1233 -0.1497 1.3366, 0.1253 -0.1499 1.332, 0.1253 -1.0433 1.3319, 0.1253 -0.1499 1.3319, -0.1253 -1.0433 1.3319, -0.1253 -0.1499 1.3319, -0.1253 -0.1499 1.332, -0.1233 -1.0433 1.3366, -0.1233 -0.1497 1.3366, -0.1233 -0.1497 1.3367, -0.1202 -1.0433 1.3407, -0.1202 -0.1496 1.3407, -0.1162 -0.1497 1.3438, -0.1161 -1.0433 1.3438, -0.1161 -0.1497 1.3438, -0.1115 -0.1499 1.3458, -0.1114 -1.0433 1.3458, -0.1114 -0.1499 1.3458, 0.0862 0.1287 1.2925, 0.0861 0.1287 1.2928, 0.0844 0.1291 1.2969, 0.0735 0.1288 1.3061, 0.0769 0.1291 1.3046, 0.077 0.1291 1.3046, 0.0779 0.1292 1.3039, 0.081 0.1292 1.3015, 0.0841 0.1291 1.2975, 0.0724 0.1287 1.3066, 0.0722 0.1287 1.3066, 0.0708 0.1286 1.3068, 0.0695 0.1284 1.307, 0.0683 0.1283 1.3072, -0.0674 0.1325 1.3062, 0.0674 0.1325 1.3062, -0.0674 0.1327 1.3061, 0.0674 0.1327 1.3061, -0.0674 0.1367 1.304, 0.0674 0.1367 1.304, -0.0674 0.1368 1.3039, 0.0674 0.1368 1.3039, -0.0674 0.1402 1.3008, 0.0674 0.1402 1.3008, -0.0674 0.1403 1.3008, 0.0674 0.1403 1.3008, -0.0674 0.1429 1.2969, 0.0674 0.1429 1.2969, -0.0674 0.1429 1.2969, 0.0674 0.1429 1.2969, -0.0674 0.1445 1.2925, 0.0674 0.1445 1.2925, -0.0674 0.1445 1.2925, 0.0674 0.1445 1.2925, -0.0683 0.1283 1.3072, -0.0695 0.1284 1.307, -0.0708 0.1286 1.3068, -0.0722 0.1287 1.3066, -0.0724 0.1287 1.3066, -0.0735 0.1288 1.3061, -0.0769 0.1291 1.3046, -0.077 0.1291 1.3046, -0.0779 0.1292 1.3039, -0.081 0.1292 1.3015, -0.0816 0.1292 1.3008, -0.0841 0.1291 1.2975, -0.0861 0.1287 1.2928, -0.0862 0.1287 1.2925, 0.1253 -1.0433 1.1091, 0.1253 -0.1499 1.1091, 0.1253 -0.1499 1.109, 0.1233 -1.0433 1.1043, 0.1233 -0.1497 1.1043, 0.1233 -0.1497 1.1043, 0.1202 -1.0433 1.1003, 0.1202 -0.1496 1.1003, 0.1162 -0.1497 1.0972, 0.1161 -1.0433 1.0971, 0.1161 -0.1497 1.0971, 0.1115 -0.1499 1.0952, 0.1114 -1.0433 1.0952, 0.1114 -0.1499 1.0952, 0.0857 0.1327 1.2878, 0.0835 0.1367 1.2878, 0.083 0.1364 1.2925, 0.0834 0.1368 1.2878, 0.0804 0.1402 1.2878, 0.08 0.1398 1.2925, 0.0803 0.1403 1.2878, 0.0765 0.1429 1.2878, 0.0762 0.1424 1.2925, 0.0812 0.1308 1.3008, 0.0779 0.1295 1.304, 0.0857 0.1325 1.2878, 0.0852 0.1323 1.2925, 0.0836 0.1317 1.2969, 0.0732 0.1295 1.3062, 0.0691 0.1323 1.3062, 0.0701 0.1364 1.304, 0.0709 0.1398 1.3008, 0.0715 0.1424 1.2969, 0.0719 0.144 1.2925, 0.072 0.1445 1.2878, 0.0721 0.1445 1.2878, 0.0764 0.1429 1.2878, 0.0754 0.1409 1.2969, 0.0742 0.1385 1.3008, 0.0726 0.1354 1.304, 0.0707 0.1317 1.3062, 0.0789 0.1385 1.2969, 0.0771 0.1365 1.3008, 0.0748 0.1339 1.304, 0.0721 0.1308 1.3062, 0.0817 0.1354 1.2969, 0.0795 0.1339 1.3008, 0.0766 0.1319 1.304, -0.072 0.1445 1.2878, -0.0721 0.1445 1.2878, -0.0719 0.144 1.2925, -0.0764 0.1429 1.2878, -0.0765 0.1429 1.2878, -0.0762 0.1424 1.2925, -0.0803 0.1403 1.2878, -0.0804 0.1402 1.2878, -0.08 0.1398 1.2925, -0.0834 0.1368 1.2878, -0.0835 0.1367 1.2878, -0.083 0.1364 1.2925, -0.0857 0.1327 1.2878, -0.0857 0.1325 1.2878, -0.0852 0.1323 1.2925, -0.0732 0.1295 1.3062, -0.0691 0.1323 1.3062, -0.0766 0.1319 1.304, -0.0779 0.1295 1.304, -0.0812 0.1308 1.3008, -0.0836 0.1317 1.2969, -0.0701 0.1364 1.304, -0.0709 0.1398 1.3008, -0.0715 0.1424 1.2969, -0.0817 0.1354 1.2969, -0.0795 0.1339 1.3008, -0.0789 0.1385 1.2969, -0.0771 0.1365 1.3008, -0.0748 0.1339 1.304, -0.0721 0.1308 1.3062, -0.0754 0.1409 1.2969, -0.0742 0.1385 1.3008, -0.0726 0.1354 1.304, -0.0707 0.1317 1.3062, -0.1114 -1.0433 1.0952, -0.1114 -0.1499 1.0952, -0.1115 -0.1499 1.0952, -0.1161 -1.0433 1.0971, -0.1161 -0.1497 1.0971, -0.1162 -0.1497 1.0972, -0.1202 -1.0433 1.1003, -0.1202 -0.1496 1.1003, -0.1233 -0.1497 1.1043, -0.1233 -1.0433 1.1043, -0.1233 -0.1497 1.1043, -0.1253 -0.1499 1.109, -0.1253 -1.0433 1.1091, -0.1253 -0.1499 1.1091, 0.0683 0.1283 1.1337, 0.0695 0.1284 1.1339, 0.0708 0.1286 1.1341, 0.0722 0.1287 1.1343, 0.0724 0.1287 1.1344, 0.0735 0.1288 1.1348, 0.0769 0.1291 1.1363, 0.077 0.1291 1.1363, 0.0779 0.1292 1.1371, 0.081 0.1292 1.1394, 0.0816 0.1292 1.1402, 0.0841 0.1291 1.1435, 0.0861 0.1287 1.1481, 0.0862 0.1287 1.1484, 0.0857 0.1325 1.1531, 0.0857 0.1327 1.1531, 0.0835 0.1367 1.1531, 0.0834 0.1368 1.1531, 0.0804 0.1402 1.1531, 0.0803 0.1403 1.1531, 0.0765 0.1429 1.1531, 0.0764 0.1429 1.1531, 0.0721 0.1445 1.1531, 0.072 0.1445 1.1531, -0.0857 0.1325 1.1531, -0.0857 0.1327 1.1531, -0.0835 0.1367 1.1531, -0.0834 0.1368 1.1531, -0.0804 0.1402 1.1531, -0.0803 0.1403 1.1531, -0.0765 0.1429 1.1531, -0.0764 0.1429 1.1531, -0.0721 0.1445 1.1531, -0.072 0.1445 1.1531, -0.0683 0.1283 1.1337, -0.0862 0.1287 1.1484, -0.0861 0.1287 1.1481, -0.0844 0.1291 1.144, -0.0841 0.1291 1.1435, -0.081 0.1292 1.1394, -0.0779 0.1292 1.1371, -0.077 0.1291 1.1363, -0.0695 0.1284 1.1339, -0.0769 0.1291 1.1363, -0.0735 0.1288 1.1348, -0.0724 0.1287 1.1344, -0.0722 0.1287 1.1343, -0.0708 0.1286 1.1341, 0.0852 0.1323 1.1484, 0.083 0.1364 1.1484, 0.08 0.1398 1.1484, 0.0762 0.1424 1.1484, 0.0732 0.1295 1.1348, 0.0691 0.1323 1.1348, 0.0766 0.1319 1.137, 0.0779 0.1295 1.137, 0.0812 0.1308 1.1401, 0.0836 0.1317 1.144, 0.0674 0.1445 1.1485, 0.0719 0.144 1.1484, 0.0715 0.1424 1.144, 0.0674 0.1429 1.1441, 0.0674 0.1445 1.1484, 0.0709 0.1398 1.1401, 0.0674 0.1403 1.1402, 0.0674 0.1429 1.144, 0.0701 0.1364 1.137, 0.0674 0.1368 1.1371, 0.0674 0.1402 1.1401, 0.0817 0.1354 1.144, 0.0795 0.1339 1.1401, 0.0674 0.1325 1.1348, 0.0674 0.1327 1.1348, 0.0674 0.1367 1.137, 0.0754 0.1409 1.144, 0.0742 0.1385 1.1401, 0.0726 0.1354 1.137, 0.0707 0.1317 1.1348, 0.0789 0.1385 1.144, 0.0771 0.1365 1.1401, 0.0748 0.1339 1.137, 0.0721 0.1308 1.1348, -0.0852 0.1323 1.1484, -0.0836 0.1317 1.144, -0.0779 0.1295 1.137, -0.0732 0.1295 1.1348, -0.0721 0.1308 1.1348, -0.0707 0.1317 1.1348, -0.0691 0.1323 1.1348, -0.0674 0.1325 1.1348, -0.083 0.1364 1.1484, -0.08 0.1398 1.1484, -0.0762 0.1424 1.1484, -0.0719 0.144 1.1484, -0.0674 0.1445 1.1485, -0.0817 0.1354 1.144, -0.0789 0.1385 1.144, -0.0754 0.1409 1.144, -0.0715 0.1424 1.144, -0.0674 0.1445 1.1484, -0.0674 0.1429 1.1441, -0.0674 0.1429 1.144, -0.0674 0.1403 1.1402, -0.0709 0.1398 1.1401, -0.0742 0.1385 1.1401, -0.0771 0.1365 1.1401, -0.0795 0.1339 1.1401, -0.0812 0.1308 1.1401, -0.0766 0.1319 1.137, -0.0748 0.1339 1.137, -0.0726 0.1354 1.137, -0.0701 0.1364 1.137, -0.0674 0.1402 1.1401, -0.0674 0.1368 1.1371, -0.0674 0.1367 1.137, -0.0674 0.1327 1.1348, 0.676 -1.6339 1.3458, 0.676 -1.7323 1.3458, 0.6713 -1.6339 1.3438, 0.6713 -1.7323 1.3438, 0.6672 -1.6339 1.3407, 0.6672 -1.7323 1.3407, 0.6641 -1.6339 1.3366, 0.6641 -1.7323 1.3366, 0.6621 -1.6339 1.3319, 0.6621 -1.7323 1.3319, 0.676 -2.0545 1.0236, 0.676 -2.0435 1.107, 0.6713 -2.0525 1.0236, 0.6713 -2.0416 1.1065, 0.6672 -2.0494 1.0236, 0.6672 -2.0386 1.1057, 0.6641 -2.0453 1.0236, 0.6641 -2.0346 1.1046, 0.6621 -2.0405 1.0236, 0.6621 -2.03 1.1034, 0.676 -2.0113 1.1847, 0.6713 -2.0096 1.1837, 0.6672 -2.0069 1.1822, 0.6641 -2.0033 1.1801, 0.6621 -1.9992 1.1777, 0.676 -1.9601 1.2514, 0.6713 -1.9587 1.25, 0.6672 -1.9565 1.2478, 0.6641 -1.9536 1.2449, 0.6621 -1.9502 1.2416, 0.676 -1.8934 1.3026, 0.6713 -1.8924 1.3009, 0.6672 -1.8908 1.2982, 0.6641 -1.8888 1.2947, 0.6621 -1.8864 1.2906, 0.676 -1.8157 1.3348, 0.6713 -1.8152 1.3329, 0.6672 -1.8143 1.3299, 0.6641 -1.8133 1.326, 0.6621 -1.8121 1.3214, 0.6621 -1.6339 1.1091, 0.6621 -1.7323 1.1091, 0.6641 -1.6339 1.1043, 0.6641 -1.7323 1.1043, 0.6672 -1.6339 1.1003, 0.6672 -1.7323 1.1003, 0.6713 -1.6339 1.0971, 0.6713 -1.7323 1.0971, 0.676 -1.6339 1.0952, 0.676 -1.7323 1.0952, 0.676 -2.0544 -1.083, 0.6759 -2.0544 -1.083, 0.6713 -2.0525 -1.0832, 0.6712 -2.0525 -1.0832, 0.6672 -2.0494 -1.0832, 0.6641 -2.0453 -1.0832, 0.6641 -2.0453 -1.0832, 0.6621 -2.0407 -1.083, 0.6621 -2.0405 -1.083, 0.9127 -1.6339 1.3319, 0.9127 -1.7323 1.3319, 0.9107 -1.6339 1.3366, 0.9107 -1.7323 1.3366, 0.9076 -1.6339 1.3407, 0.9076 -1.7323 1.3407, 0.9035 -1.6339 1.3438, 0.9035 -1.7323 1.3438, 0.8988 -1.6339 1.3458, 0.8988 -1.7323 1.3458, 0.6621 -1.8177 1.0236, 0.6621 -1.8148 1.0457, 0.6641 -1.813 1.0236, 0.6641 -1.8102 1.0445, 0.6672 -1.8089 1.0236, 0.6672 -1.8063 1.0435, 0.6713 -1.8058 1.0236, 0.6713 -1.8033 1.0426, 0.676 -1.8038 1.0236, 0.676 -1.8014 1.0421, 0.6621 -1.8063 1.0664, 0.6641 -1.8022 1.064, 0.6672 -1.7987 1.0619, 0.6713 -1.7959 1.0604, 0.676 -1.7942 1.0594, 0.6621 -1.7927 1.0841, 0.6641 -1.7894 1.0807, 0.6672 -1.7865 1.0778, 0.6713 -1.7843 1.0756, 0.676 -1.7829 1.0742, 0.6621 -1.775 1.0976, 0.6641 -1.7726 1.0935, 0.6672 -1.7706 1.09, 0.6713 -1.769 1.0873, 0.676 -1.7681 1.0856, 0.6621 -1.7544 1.1062, 0.6641 -1.7532 1.1016, 0.6672 -1.7521 1.0976, 0.6713 -1.7513 1.0946, 0.676 -1.7508 1.0927, 0.7013 -2.0015 -1.3616, 0.7013 -2.0015 -1.3616, 0.7033 -2.0062 -1.362, 0.7033 -2.0062 -1.362, 0.7064 -2.0102 -1.3621, 0.7104 -2.0132 -1.362, 0.7104 -2.0133 -1.362, 0.715 -2.0152 -1.3616, 0.715 -2.0153 -1.3616, 0.8988 -1.8157 1.3348, 0.9035 -1.8152 1.3329, 0.9076 -1.8143 1.3299, 0.9107 -1.8133 1.326, 0.9127 -1.8121 1.3214, 0.8988 -1.8934 1.3026, 0.9035 -1.8924 1.3009, 0.9076 -1.8908 1.2982, 0.9107 -1.8888 1.2947, 0.9127 -1.8864 1.2906, 0.8988 -1.9601 1.2514, 0.9035 -1.9587 1.25, 0.9076 -1.9565 1.2478, 0.9107 -1.9536 1.2449, 0.9127 -1.9502 1.2416, 0.8988 -2.0113 1.1847, 0.9035 -2.0096 1.1837, 0.9076 -2.0069 1.1822, 0.9107 -2.0033 1.1801, 0.9127 -1.9992 1.1777, 0.8988 -2.0435 1.107, 0.9035 -2.0416 1.1065, 0.9076 -2.0386 1.1057, 0.9107 -2.0346 1.1046, 0.9127 -2.03 1.1034, 0.8988 -2.0545 1.0236, 0.9035 -2.0525 1.0236, 0.9076 -2.0494 1.0236, 0.9107 -2.0453 1.0236, 0.9127 -2.0405 1.0236, 0.6621 -1.8177 -1.083, 0.6621 -1.8176 -1.083, 0.6641 -1.813 -1.0832, 0.6641 -1.8129 -1.0832, 0.6672 -1.8089 -1.0832, 0.6712 -1.8058 -1.0832, 0.6713 -1.8058 -1.0832, 0.6759 -1.8039 -1.083, 0.676 -1.8038 -1.083, 0.7154 -1.9965 -1.3774, 0.7155 -1.9977 -1.3774, 0.72 -2.0055 -1.3757, 0.72 -2.0056 -1.3757, 0.7177 -2.0053 -1.3757, 0.72 -2.0094 -1.3731, 0.72 -2.0095 -1.3731, 0.7167 -2.009 -1.3731, 0.7159 -2.0121 -1.3696, 0.7153 -2.0142 -1.3654, 0.7109 -2.0124 -1.3654, 0.7017 -1.9965 -1.3654, 0.7023 -2.0013 -1.3654, 0.72 -2.0149 -1.3654, 0.72 -2.0148 -1.3655, 0.72 -2.0126 -1.3696, 0.72 -2.0126 -1.3696, 0.7017 -1.9965 -1.3655, 0.7045 -2.0007 -1.3696, 0.712 -2.0105 -1.3696, 0.7071 -2.0095 -1.3654, 0.7039 -1.9965 -1.3696, 0.704 -1.9965 -1.3696, 0.7075 -1.9999 -1.3731, 0.7135 -2.0078 -1.3731, 0.7086 -2.0079 -1.3696, 0.707 -1.9965 -1.3731, 0.7071 -1.9965 -1.3731, 0.7112 -1.9989 -1.3757, 0.7109 -2.0057 -1.3731, 0.7155 -2.0044 -1.3757, 0.7188 -2.001 -1.3774, 0.7041 -2.0057 -1.3654, 0.7061 -2.0046 -1.3696, 0.7088 -2.003 -1.3731, 0.7122 -2.0011 -1.3757, 0.716 -1.9989 -1.3774, 0.72 -2.0012 -1.3774, 0.72 -2.0012 -1.3774, 0.7136 -2.0029 -1.3757, 0.7177 -2.0006 -1.3774, 0.7167 -1.9998 -1.3774, 0.7109 -1.9965 -1.3757, 0.711 -1.9965 -1.3757, 0.7153 -1.9965 -1.3774, 0.9127 -2.0405 -1.083, 0.9127 -2.0407 -1.083, 0.9107 -2.0453 -1.0832, 0.9107 -2.0453 -1.0832, 0.9076 -2.0494 -1.0832, 0.9036 -2.0525 -1.0832, 0.9035 -2.0525 -1.0832, 0.8989 -2.0544 -1.083, 0.8988 -2.0544 -1.083, 0.715 -1.843 -1.3616, 0.715 -1.843 -1.3616, 0.7104 -1.845 -1.362, 0.7104 -1.845 -1.362, 0.7064 -1.8481 -1.3621, 0.7033 -1.8521 -1.362, 0.7033 -1.8521 -1.362, 0.7013 -1.8567 -1.3616, 0.7013 -1.8568 -1.3616, 0.7017 -1.8618 -1.3654, 0.7017 -1.8618 -1.3655, 0.7039 -1.8618 -1.3696, 0.704 -1.8618 -1.3696, 0.707 -1.8618 -1.3731, 0.7071 -1.8618 -1.3731, 0.7109 -1.8618 -1.3757, 0.711 -1.8618 -1.3757, 0.7153 -1.8618 -1.3774, 0.7154 -1.8618 -1.3774, 0.8548 -2.0149 -1.3654, 0.8548 -2.0148 -1.3655, 0.8548 -2.0126 -1.3696, 0.8548 -2.0126 -1.3696, 0.8548 -2.0095 -1.3731, 0.8548 -2.0094 -1.3731, 0.8548 -2.0056 -1.3757, 0.8548 -2.0055 -1.3757, 0.8548 -2.0012 -1.3774, 0.8548 -2.0012 -1.3774, 0.8598 -2.0153 -1.3616, 0.8598 -2.0152 -1.3616, 0.8644 -2.0133 -1.362, 0.8644 -2.0132 -1.362, 0.8684 -2.0102 -1.3621, 0.8715 -2.0062 -1.362, 0.8715 -2.0062 -1.362, 0.8735 -2.0015 -1.3616, 0.8735 -2.0015 -1.3616, 0.72 -1.8571 -1.3774, 0.7188 -1.8572 -1.3774, 0.7112 -1.8594 -1.3757, 0.7075 -1.8584 -1.3731, 0.7045 -1.8576 -1.3696, 0.7023 -1.857 -1.3654, 0.7041 -1.8526 -1.3654, 0.72 -1.8434 -1.3654, 0.7153 -1.844 -1.3654, 0.72 -1.8435 -1.3655, 0.7159 -1.8462 -1.3696, 0.7061 -1.8537 -1.3696, 0.7071 -1.8488 -1.3654, 0.72 -1.8456 -1.3696, 0.72 -1.8457 -1.3696, 0.7167 -1.8492 -1.3731, 0.7088 -1.8553 -1.3731, 0.7086 -1.8504 -1.3696, 0.72 -1.8488 -1.3731, 0.72 -1.8489 -1.3731, 0.7177 -1.853 -1.3757, 0.7109 -1.8526 -1.3731, 0.7122 -1.8572 -1.3757, 0.7155 -1.8606 -1.3774, 0.7109 -1.8459 -1.3654, 0.712 -1.8478 -1.3696, 0.7135 -1.8505 -1.3731, 0.7155 -1.8539 -1.3757, 0.7177 -1.8577 -1.3774, 0.7136 -1.8553 -1.3757, 0.716 -1.8594 -1.3774, 0.7167 -1.8585 -1.3774, 0.72 -1.8527 -1.3757, 0.72 -1.8527 -1.3757, 0.72 -1.8571 -1.3774, 0.856 -2.001 -1.3774, 0.8638 -1.9965 -1.3757, 0.8639 -1.9965 -1.3757, 0.8636 -1.9989 -1.3757, 0.8677 -1.9965 -1.3731, 0.8678 -1.9965 -1.3731, 0.8673 -1.9999 -1.3731, 0.8704 -2.0007 -1.3696, 0.8725 -2.0013 -1.3654, 0.8707 -2.0057 -1.3654, 0.8595 -2.0142 -1.3654, 0.8731 -1.9965 -1.3654, 0.8731 -1.9965 -1.3655, 0.8709 -1.9965 -1.3696, 0.8708 -1.9965 -1.3696, 0.8589 -2.0121 -1.3696, 0.8687 -2.0046 -1.3696, 0.8677 -2.0095 -1.3654, 0.8581 -2.009 -1.3731, 0.866 -2.003 -1.3731, 0.8662 -2.0079 -1.3696, 0.8571 -2.0053 -1.3757, 0.864 -2.0057 -1.3731, 0.8626 -2.0011 -1.3757, 0.8593 -1.9977 -1.3774, 0.8639 -2.0124 -1.3654, 0.8628 -2.0105 -1.3696, 0.8613 -2.0078 -1.3731, 0.8593 -2.0044 -1.3757, 0.8571 -2.0006 -1.3774, 0.8594 -1.9965 -1.3774, 0.8595 -1.9965 -1.3774, 0.8612 -2.0029 -1.3757, 0.8588 -1.9989 -1.3774, 0.8581 -1.9998 -1.3774, 0.8548 -1.8434 -1.3654, 0.8548 -1.8435 -1.3655, 0.8548 -1.8456 -1.3696, 0.8548 -1.8457 -1.3696, 0.8548 -1.8488 -1.3731, 0.8548 -1.8489 -1.3731, 0.8548 -1.8527 -1.3757, 0.8548 -1.8527 -1.3757, 0.8548 -1.8571 -1.3774, 0.8548 -1.8571 -1.3774, 0.8731 -1.8618 -1.3654, 0.8731 -1.8618 -1.3655, 0.8709 -1.8618 -1.3696, 0.8708 -1.8618 -1.3696, 0.8678 -1.8618 -1.3731, 0.8677 -1.8618 -1.3731, 0.8639 -1.8618 -1.3757, 0.8638 -1.8618 -1.3757, 0.8595 -1.8618 -1.3774, 0.8594 -1.8618 -1.3774, 0.8593 -1.8606 -1.3774, 0.8598 -1.843 -1.3616, 0.8598 -1.843 -1.3616, 0.8595 -1.844 -1.3654, 0.8644 -1.845 -1.362, 0.8644 -1.845 -1.362, 0.8639 -1.8459 -1.3654, 0.8735 -1.8568 -1.3616, 0.8715 -1.8521 -1.362, 0.8735 -1.8567 -1.3616, 0.8725 -1.857 -1.3654, 0.8589 -1.8462 -1.3696, 0.8704 -1.8576 -1.3696, 0.8673 -1.8584 -1.3731, 0.8581 -1.8492 -1.3731, 0.8571 -1.853 -1.3757, 0.8636 -1.8594 -1.3757, 0.8628 -1.8478 -1.3696, 0.8613 -1.8505 -1.3731, 0.8593 -1.8539 -1.3757, 0.856 -1.8572 -1.3774, 0.8571 -1.8577 -1.3774, 0.8684 -1.8481 -1.3621, 0.8677 -1.8488 -1.3654, 0.8662 -1.8504 -1.3696, 0.864 -1.8526 -1.3731, 0.8612 -1.8553 -1.3757, 0.8581 -1.8585 -1.3774, 0.8715 -1.8521 -1.362, 0.8707 -1.8526 -1.3654, 0.8687 -1.8537 -1.3696, 0.866 -1.8553 -1.3731, 0.8626 -1.8572 -1.3757, 0.8588 -1.8594 -1.3774, 0.9107 -1.8129 -1.0832, 0.9107 -1.813 -1.0832, 0.9127 -1.8176 -1.083, 0.9127 -1.8177 -1.083, 0.9076 -1.8089 -1.0832, 0.9036 -1.8058 -1.0832, 0.9035 -1.8058 -1.0832, 0.8989 -1.8039 -1.083, 0.8988 -1.8038 -1.083, 0.8988 -1.8038 1.0236, 0.9035 -1.8058 1.0236, 0.9076 -1.8089 1.0236, 0.9107 -1.813 1.0236, 0.9127 -1.8177 1.0236, 0.9127 -1.7323 1.1091, 0.9127 -1.7544 1.1062, 0.9107 -1.7323 1.1043, 0.9107 -1.7532 1.1016, 0.9076 -1.7323 1.1003, 0.9076 -1.7521 1.0976, 0.9035 -1.7323 1.0971, 0.9035 -1.7513 1.0946, 0.8988 -1.7323 1.0952, 0.8988 -1.7508 1.0927, 0.9127 -1.775 1.0976, 0.9107 -1.7726 1.0935, 0.9076 -1.7706 1.09, 0.9035 -1.769 1.0873, 0.8988 -1.7681 1.0856, 0.9127 -1.7927 1.0841, 0.9107 -1.7894 1.0807, 0.9076 -1.7865 1.0778, 0.9035 -1.7843 1.0756, 0.8988 -1.7829 1.0742, 0.9127 -1.8063 1.0664, 0.9107 -1.8022 1.064, 0.9076 -1.7987 1.0619, 0.9035 -1.7959 1.0604, 0.8988 -1.7942 1.0594, 0.9127 -1.8148 1.0457, 0.9107 -1.8102 1.0445, 0.9076 -1.8063 1.0435, 0.9035 -1.8033 1.0426, 0.8988 -1.8014 1.0421, 0.8988 -1.6339 1.0952, 0.9035 -1.6339 1.0971, 0.9076 -1.6339 1.1003, 0.9107 -1.6339 1.1043, 0.9127 -1.6339 1.1091, 0.8988 -1.0433 1.3458, 0.8988 -0.1499 1.3458, 0.8989 -0.1499 1.3458, 0.9035 -1.0433 1.3438, 0.9035 -0.1497 1.3438, 0.9036 -0.1497 1.3438, 0.9076 -1.0433 1.3407, 0.9076 -0.1496 1.3407, 0.9107 -0.1497 1.3367, 0.9107 -1.0433 1.3366, 0.9107 -0.1497 1.3366, 0.9127 -0.1499 1.332, 0.9127 -1.0433 1.3319, 0.9127 -0.1499 1.3319, 0.6621 -1.0433 1.3319, 0.6621 -0.1499 1.3319, 0.6621 -0.1499 1.332, 0.6641 -1.0433 1.3366, 0.6641 -0.1497 1.3366, 0.6641 -0.1497 1.3367, 0.6672 -1.0433 1.3407, 0.6672 -0.1496 1.3407, 0.6712 -0.1497 1.3438, 0.6713 -1.0433 1.3438, 0.6713 -0.1497 1.3438, 0.6759 -0.1499 1.3458, 0.676 -1.0433 1.3458, 0.676 -0.1499 1.3458, 0.8736 0.1287 1.2925, 0.8735 0.1287 1.2928, 0.8718 0.1291 1.2969, 0.8715 0.1291 1.2975, 0.8684 0.1292 1.3015, 0.8653 0.1292 1.3039, 0.8644 0.1291 1.3046, 0.8643 0.1291 1.3046, 0.8609 0.1288 1.3061, 0.8598 0.1287 1.3066, 0.8596 0.1287 1.3066, 0.8582 0.1286 1.3068, 0.8569 0.1284 1.307, 0.8557 0.1283 1.3072, 0.72 0.1325 1.3062, 0.8548 0.1325 1.3062, 0.72 0.1327 1.3061, 0.8548 0.1327 1.3061, 0.72 0.1367 1.304, 0.8548 0.1367 1.304, 0.72 0.1368 1.3039, 0.8548 0.1368 1.3039, 0.72 0.1402 1.3008, 0.8548 0.1402 1.3008, 0.72 0.1403 1.3008, 0.8548 0.1403 1.3008, 0.72 0.1429 1.2969, 0.8548 0.1429 1.2969, 0.72 0.1429 1.2969, 0.8548 0.1429 1.2969, 0.72 0.1445 1.2925, 0.8548 0.1445 1.2925, 0.72 0.1445 1.2925, 0.8548 0.1445 1.2925, 0.7191 0.1283 1.3072, 0.7179 0.1284 1.307, 0.7166 0.1286 1.3068, 0.715 0.1287 1.3066, 0.7139 0.1288 1.3061, 0.7152 0.1287 1.3066, 0.7105 0.1291 1.3046, 0.7104 0.1291 1.3046, 0.7095 0.1292 1.3039, 0.7064 0.1292 1.3015, 0.7058 0.1292 1.3008, 0.7033 0.1291 1.2975, 0.7013 0.1287 1.2928, 0.7012 0.1287 1.2925, 0.9127 -1.0433 1.1091, 0.9127 -0.1499 1.1091, 0.9127 -0.1499 1.109, 0.9107 -1.0433 1.1043, 0.9107 -0.1497 1.1043, 0.9107 -0.1497 1.1043, 0.9076 -1.0433 1.1003, 0.9076 -0.1496 1.1003, 0.9036 -0.1497 1.0972, 0.9035 -1.0433 1.0971, 0.9035 -0.1497 1.0971, 0.8989 -0.1499 1.0952, 0.8988 -1.0433 1.0952, 0.8988 -0.1499 1.0952, 0.8731 0.1327 1.2878, 0.8709 0.1367 1.2878, 0.8704 0.1364 1.2925, 0.8708 0.1368 1.2878, 0.8678 0.1402 1.2878, 0.8674 0.1398 1.2925, 0.8677 0.1403 1.2878, 0.8639 0.1429 1.2878, 0.8636 0.1424 1.2925, 0.8686 0.1308 1.3008, 0.8653 0.1295 1.304, 0.8731 0.1325 1.2878, 0.8726 0.1323 1.2925, 0.871 0.1317 1.2969, 0.8606 0.1295 1.3062, 0.8565 0.1323 1.3062, 0.8575 0.1364 1.304, 0.8583 0.1398 1.3008, 0.8589 0.1424 1.2969, 0.8593 0.144 1.2925, 0.8594 0.1445 1.2878, 0.8595 0.1445 1.2878, 0.8638 0.1429 1.2878, 0.8628 0.1409 1.2969, 0.8616 0.1385 1.3008, 0.86 0.1354 1.304, 0.8581 0.1317 1.3062, 0.8663 0.1385 1.2969, 0.8645 0.1365 1.3008, 0.8622 0.1339 1.304, 0.8595 0.1308 1.3062, 0.8691 0.1354 1.2969, 0.8669 0.1339 1.3008, 0.864 0.1319 1.304, 0.7154 0.1445 1.2878, 0.7153 0.1445 1.2878, 0.7155 0.144 1.2925, 0.711 0.1429 1.2878, 0.7109 0.1429 1.2878, 0.7112 0.1424 1.2925, 0.7071 0.1403 1.2878, 0.707 0.1402 1.2878, 0.7074 0.1398 1.2925, 0.704 0.1368 1.2878, 0.7039 0.1367 1.2878, 0.7044 0.1364 1.2925, 0.7017 0.1327 1.2878, 0.7017 0.1325 1.2878, 0.7022 0.1323 1.2925, 0.7142 0.1295 1.3062, 0.7183 0.1323 1.3062, 0.7108 0.1319 1.304, 0.7095 0.1295 1.304, 0.7062 0.1308 1.3008, 0.7038 0.1317 1.2969, 0.7173 0.1364 1.304, 0.7165 0.1398 1.3008, 0.7159 0.1424 1.2969, 0.7057 0.1354 1.2969, 0.7079 0.1339 1.3008, 0.7085 0.1385 1.2969, 0.7103 0.1365 1.3008, 0.7126 0.1339 1.304, 0.7153 0.1308 1.3062, 0.712 0.1409 1.2969, 0.7132 0.1385 1.3008, 0.7148 0.1354 1.304, 0.7167 0.1317 1.3062, 0.676 -1.0433 1.0952, 0.676 -0.1499 1.0952, 0.6759 -0.1499 1.0952, 0.6713 -1.0433 1.0971, 0.6713 -0.1497 1.0971, 0.6712 -0.1497 1.0972, 0.6672 -1.0433 1.1003, 0.6672 -0.1496 1.1003, 0.6641 -0.1497 1.1043, 0.6641 -1.0433 1.1043, 0.6641 -0.1497 1.1043, 0.6621 -0.1499 1.109, 0.6621 -1.0433 1.1091, 0.6621 -0.1499 1.1091, 0.8557 0.1283 1.1337, 0.8569 0.1284 1.1339, 0.8582 0.1286 1.1341, 0.8596 0.1287 1.1343, 0.8598 0.1287 1.1344, 0.8609 0.1288 1.1348, 0.8643 0.1291 1.1363, 0.8644 0.1291 1.1363, 0.8653 0.1292 1.1371, 0.8684 0.1292 1.1394, 0.869 0.1292 1.1402, 0.8715 0.1291 1.1435, 0.8735 0.1287 1.1481, 0.8736 0.1287 1.1484, 0.8731 0.1325 1.1531, 0.8731 0.1327 1.1531, 0.8709 0.1367 1.1531, 0.8708 0.1368 1.1531, 0.8678 0.1402 1.1531, 0.8677 0.1403 1.1531, 0.8639 0.1429 1.1531, 0.8638 0.1429 1.1531, 0.8595 0.1445 1.1531, 0.8594 0.1445 1.1531, 0.7017 0.1325 1.1531, 0.7017 0.1327 1.1531, 0.7039 0.1367 1.1531, 0.704 0.1368 1.1531, 0.707 0.1402 1.1531, 0.7071 0.1403 1.1531, 0.7109 0.1429 1.1531, 0.711 0.1429 1.1531, 0.7153 0.1445 1.1531, 0.7154 0.1445 1.1531, 0.7012 0.1287 1.1484, 0.7013 0.1287 1.1481, 0.703 0.1291 1.144, 0.7033 0.1291 1.1435, 0.7064 0.1292 1.1394, 0.7095 0.1292 1.1371, 0.7104 0.1291 1.1363, 0.7105 0.1291 1.1363, 0.7139 0.1288 1.1348, 0.715 0.1287 1.1344, 0.7152 0.1287 1.1343, 0.7166 0.1286 1.1341, 0.7179 0.1284 1.1339, 0.7191 0.1283 1.1337, 0.8726 0.1323 1.1484, 0.8704 0.1364 1.1484, 0.8674 0.1398 1.1484, 0.8636 0.1424 1.1484, 0.8606 0.1295 1.1348, 0.8565 0.1323 1.1348, 0.864 0.1319 1.137, 0.8653 0.1295 1.137, 0.8686 0.1308 1.1401, 0.871 0.1317 1.144, 0.8593 0.144 1.1484, 0.8548 0.1445 1.1485, 0.8589 0.1424 1.144, 0.8548 0.1429 1.1441, 0.8548 0.1445 1.1484, 0.8583 0.1398 1.1401, 0.8548 0.1403 1.1402, 0.8548 0.1429 1.144, 0.8575 0.1364 1.137, 0.8548 0.1368 1.1371, 0.8548 0.1402 1.1401, 0.8691 0.1354 1.144, 0.8669 0.1339 1.1401, 0.8548 0.1325 1.1348, 0.8548 0.1327 1.1348, 0.8548 0.1367 1.137, 0.8628 0.1409 1.144, 0.8616 0.1385 1.1401, 0.86 0.1354 1.137, 0.8581 0.1317 1.1348, 0.8663 0.1385 1.144, 0.8645 0.1365 1.1401, 0.8622 0.1339 1.137, 0.8595 0.1308 1.1348, 0.7022 0.1323 1.1484, 0.7038 0.1317 1.144, 0.7095 0.1295 1.137, 0.7142 0.1295 1.1348, 0.7153 0.1308 1.1348, 0.7167 0.1317 1.1348, 0.7183 0.1323 1.1348, 0.72 0.1325 1.1348, 0.7044 0.1364 1.1484, 0.7074 0.1398 1.1484, 0.7112 0.1424 1.1484, 0.7155 0.144 1.1484, 0.72 0.1445 1.1485, 0.7057 0.1354 1.144, 0.7085 0.1385 1.144, 0.712 0.1409 1.144, 0.7159 0.1424 1.144, 0.72 0.1445 1.1484, 0.72 0.1429 1.1441, 0.72 0.1429 1.144, 0.72 0.1403 1.1402, 0.7165 0.1398 1.1401, 0.7132 0.1385 1.1401, 0.7103 0.1365 1.1401, 0.7079 0.1339 1.1401, 0.7062 0.1308 1.1401, 0.7108 0.1319 1.137, 0.7126 0.1339 1.137, 0.7148 0.1354 1.137, 0.7173 0.1364 1.137, 0.72 0.1402 1.1401, 0.72 0.1368 1.1371, 0.72 0.1367 1.137, 0.72 0.1327 1.1348, 1.4634 -1.6339 1.3458, 1.4634 -1.7323 1.3458, 1.4587 -1.6339 1.3438, 1.4587 -1.7323 1.3438, 1.4546 -1.6339 1.3407, 1.4546 -1.7323 1.3407, 1.4515 -1.6339 1.3366, 1.4515 -1.7323 1.3366, 1.4495 -1.6339 1.3319, 1.4495 -1.7323 1.3319, 1.4634 -2.0545 1.0236, 1.4634 -2.0435 1.107, 1.4587 -2.0525 1.0236, 1.4587 -2.0416 1.1065, 1.4546 -2.0494 1.0236, 1.4546 -2.0386 1.1057, 1.4515 -2.0453 1.0236, 1.4515 -2.0346 1.1046, 1.4495 -2.0405 1.0236, 1.4495 -2.03 1.1034, 1.4634 -2.0113 1.1847, 1.4587 -2.0096 1.1837, 1.4546 -2.0069 1.1822, 1.4515 -2.0033 1.1801, 1.4495 -1.9992 1.1777, 1.4634 -1.9601 1.2514, 1.4587 -1.9587 1.25, 1.4546 -1.9565 1.2478, 1.4515 -1.9536 1.2449, 1.4495 -1.9502 1.2416, 1.4634 -1.8934 1.3026, 1.4587 -1.8924 1.3009, 1.4546 -1.8908 1.2982, 1.4515 -1.8888 1.2947, 1.4495 -1.8864 1.2906, 1.4634 -1.8157 1.3348, 1.4587 -1.8152 1.3329, 1.4546 -1.8143 1.3299, 1.4515 -1.8133 1.326, 1.4495 -1.8121 1.3214, 1.4495 -1.6339 1.1091, 1.4495 -1.7323 1.1091, 1.4515 -1.6339 1.1043, 1.4515 -1.7323 1.1043, 1.4546 -1.6339 1.1003, 1.4546 -1.7323 1.1003, 1.4587 -1.6339 1.0971, 1.4587 -1.7323 1.0971, 1.4634 -1.6339 1.0952, 1.4634 -1.7323 1.0952, 1.4634 -2.0544 -1.083, 1.4633 -2.0544 -1.083, 1.4587 -2.0525 -1.0832, 1.4586 -2.0525 -1.0832, 1.4546 -2.0494 -1.0832, 1.4515 -2.0453 -1.0832, 1.4515 -2.0453 -1.0832, 1.4495 -2.0407 -1.083, 1.4495 -2.0405 -1.083, 1.7001 -1.6339 1.3319, 1.7001 -1.7323 1.3319, 1.6982 -1.6339 1.3366, 1.6982 -1.7323 1.3366, 1.695 -1.6339 1.3407, 1.695 -1.7323 1.3407, 1.6909 -1.6339 1.3438, 1.6909 -1.7323 1.3438, 1.6862 -1.6339 1.3458, 1.6862 -1.7323 1.3458, 1.4495 -1.8177 1.0236, 1.4495 -1.8148 1.0457, 1.4515 -1.813 1.0236, 1.4515 -1.8102 1.0445, 1.4546 -1.8089 1.0236, 1.4546 -1.8063 1.0435, 1.4587 -1.8058 1.0236, 1.4587 -1.8033 1.0426, 1.4634 -1.8038 1.0236, 1.4634 -1.8014 1.0421, 1.4495 -1.8063 1.0664, 1.4515 -1.8022 1.064, 1.4546 -1.7987 1.0619, 1.4587 -1.7959 1.0604, 1.4634 -1.7942 1.0594, 1.4495 -1.7927 1.0841, 1.4515 -1.7894 1.0807, 1.4546 -1.7865 1.0778, 1.4587 -1.7843 1.0756, 1.4634 -1.7829 1.0742, 1.4495 -1.775 1.0976, 1.4515 -1.7726 1.0935, 1.4546 -1.7706 1.09, 1.4587 -1.769 1.0873, 1.4634 -1.7681 1.0856, 1.4495 -1.7544 1.1062, 1.4515 -1.7532 1.1016, 1.4546 -1.7521 1.0976, 1.4587 -1.7513 1.0946, 1.4634 -1.7508 1.0927, 1.4887 -2.0015 -1.3616, 1.4887 -2.0015 -1.3616, 1.4907 -2.0062 -1.362, 1.4907 -2.0062 -1.362, 1.4938 -2.0102 -1.3621, 1.4978 -2.0132 -1.362, 1.4978 -2.0133 -1.362, 1.5024 -2.0152 -1.3616, 1.5024 -2.0153 -1.3616, 1.6862 -1.8157 1.3348, 1.6909 -1.8152 1.3329, 1.695 -1.8143 1.3299, 1.6982 -1.8133 1.326, 1.7001 -1.8121 1.3214, 1.6862 -1.8934 1.3026, 1.6909 -1.8924 1.3009, 1.695 -1.8908 1.2982, 1.6982 -1.8888 1.2947, 1.7001 -1.8864 1.2906, 1.6862 -1.9601 1.2514, 1.6909 -1.9587 1.25, 1.695 -1.9565 1.2478, 1.6982 -1.9536 1.2449, 1.7001 -1.9502 1.2416, 1.6862 -2.0113 1.1847, 1.6909 -2.0096 1.1837, 1.695 -2.0069 1.1822, 1.6982 -2.0033 1.1801, 1.7001 -1.9992 1.1777, 1.6862 -2.0435 1.107, 1.6909 -2.0416 1.1065, 1.695 -2.0386 1.1057, 1.6982 -2.0346 1.1046, 1.7001 -2.03 1.1034, 1.6862 -2.0545 1.0236, 1.6909 -2.0525 1.0236, 1.695 -2.0494 1.0236, 1.6982 -2.0453 1.0236, 1.7001 -2.0405 1.0236, 1.4495 -1.8177 -1.083, 1.4495 -1.8176 -1.083, 1.4515 -1.813 -1.0832, 1.4515 -1.8129 -1.0832, 1.4546 -1.8089 -1.0832, 1.4586 -1.8058 -1.0832, 1.4587 -1.8058 -1.0832, 1.4633 -1.8039 -1.083, 1.4634 -1.8038 -1.083, 1.5028 -1.9965 -1.3774, 1.5029 -1.9977 -1.3774, 1.5074 -2.0055 -1.3757, 1.5074 -2.0056 -1.3757, 1.5051 -2.0053 -1.3757, 1.5074 -2.0094 -1.3731, 1.5074 -2.0095 -1.3731, 1.5041 -2.009 -1.3731, 1.5033 -2.0121 -1.3696, 1.5027 -2.0142 -1.3654, 1.4983 -2.0124 -1.3654, 1.4891 -1.9965 -1.3654, 1.4897 -2.0013 -1.3654, 1.5074 -2.0149 -1.3654, 1.5074 -2.0148 -1.3655, 1.5074 -2.0126 -1.3696, 1.5074 -2.0126 -1.3696, 1.4891 -1.9965 -1.3655, 1.4919 -2.0007 -1.3696, 1.4994 -2.0105 -1.3696, 1.4945 -2.0095 -1.3654, 1.4913 -1.9965 -1.3696, 1.4914 -1.9965 -1.3696, 1.4949 -1.9999 -1.3731, 1.5009 -2.0078 -1.3731, 1.496 -2.0079 -1.3696, 1.4945 -1.9965 -1.3731, 1.4945 -1.9965 -1.3731, 1.4987 -1.9989 -1.3757, 1.4983 -2.0057 -1.3731, 1.5029 -2.0044 -1.3757, 1.5062 -2.001 -1.3774, 1.4915 -2.0057 -1.3654, 1.4935 -2.0046 -1.3696, 1.4962 -2.003 -1.3731, 1.4996 -2.0011 -1.3757, 1.5034 -1.9989 -1.3774, 1.5074 -2.0012 -1.3774, 1.5074 -2.0012 -1.3774, 1.501 -2.0029 -1.3757, 1.5051 -2.0006 -1.3774, 1.5041 -1.9998 -1.3774, 1.4983 -1.9965 -1.3757, 1.4984 -1.9965 -1.3757, 1.5028 -1.9965 -1.3774, 1.7001 -2.0405 -1.083, 1.7001 -2.0407 -1.083, 1.6981 -2.0453 -1.0832, 1.6981 -2.0453 -1.0832, 1.695 -2.0494 -1.0832, 1.691 -2.0525 -1.0832, 1.6909 -2.0525 -1.0832, 1.6863 -2.0544 -1.083, 1.6862 -2.0544 -1.083, 1.5024 -1.843 -1.3616, 1.5024 -1.843 -1.3616, 1.4978 -1.845 -1.362, 1.4978 -1.845 -1.362, 1.4938 -1.8481 -1.3621, 1.4907 -1.8521 -1.362, 1.4907 -1.8521 -1.362, 1.4887 -1.8567 -1.3616, 1.4887 -1.8568 -1.3616, 1.4891 -1.8618 -1.3654, 1.4891 -1.8618 -1.3655, 1.4913 -1.8618 -1.3696, 1.4914 -1.8618 -1.3696, 1.4945 -1.8618 -1.3731, 1.4945 -1.8618 -1.3731, 1.4983 -1.8618 -1.3757, 1.4984 -1.8618 -1.3757, 1.5028 -1.8618 -1.3774, 1.5028 -1.8618 -1.3774, 1.6422 -2.0149 -1.3654, 1.6422 -2.0148 -1.3655, 1.6422 -2.0126 -1.3696, 1.6422 -2.0126 -1.3696, 1.6422 -2.0095 -1.3731, 1.6422 -2.0094 -1.3731, 1.6422 -2.0056 -1.3757, 1.6422 -2.0055 -1.3757, 1.6422 -2.0012 -1.3774, 1.6422 -2.0012 -1.3774, 1.6472 -2.0153 -1.3616, 1.6472 -2.0152 -1.3616, 1.6518 -2.0133 -1.362, 1.6518 -2.0132 -1.362, 1.6558 -2.0102 -1.3621, 1.6589 -2.0062 -1.362, 1.6589 -2.0062 -1.362, 1.6609 -2.0015 -1.3616, 1.6609 -2.0015 -1.3616, 1.5074 -1.8571 -1.3774, 1.5062 -1.8572 -1.3774, 1.4987 -1.8594 -1.3757, 1.4949 -1.8584 -1.3731, 1.4919 -1.8576 -1.3696, 1.4897 -1.857 -1.3654, 1.4915 -1.8526 -1.3654, 1.5074 -1.8434 -1.3654, 1.5027 -1.844 -1.3654, 1.5074 -1.8435 -1.3655, 1.5033 -1.8462 -1.3696, 1.4935 -1.8537 -1.3696, 1.4945 -1.8488 -1.3654, 1.5074 -1.8456 -1.3696, 1.5074 -1.8457 -1.3696, 1.5041 -1.8492 -1.3731, 1.4962 -1.8553 -1.3731, 1.496 -1.8504 -1.3696, 1.5074 -1.8488 -1.3731, 1.5074 -1.8489 -1.3731, 1.5051 -1.853 -1.3757, 1.4983 -1.8526 -1.3731, 1.4996 -1.8572 -1.3757, 1.5029 -1.8606 -1.3774, 1.4983 -1.8459 -1.3654, 1.4994 -1.8478 -1.3696, 1.5009 -1.8505 -1.3731, 1.5029 -1.8539 -1.3757, 1.5051 -1.8577 -1.3774, 1.501 -1.8553 -1.3757, 1.5034 -1.8594 -1.3774, 1.5041 -1.8585 -1.3774, 1.5074 -1.8527 -1.3757, 1.5074 -1.8527 -1.3757, 1.5074 -1.8571 -1.3774, 1.6434 -2.001 -1.3774, 1.6512 -1.9965 -1.3757, 1.6513 -1.9965 -1.3757, 1.651 -1.9989 -1.3757, 1.6551 -1.9965 -1.3731, 1.6552 -1.9965 -1.3731, 1.6547 -1.9999 -1.3731, 1.6578 -2.0007 -1.3696, 1.6599 -2.0013 -1.3654, 1.6581 -2.0057 -1.3654, 1.6469 -2.0142 -1.3654, 1.6605 -1.9965 -1.3654, 1.6605 -1.9965 -1.3655, 1.6583 -1.9965 -1.3696, 1.6582 -1.9965 -1.3696, 1.6464 -2.0121 -1.3696, 1.6561 -2.0046 -1.3696, 1.6551 -2.0095 -1.3654, 1.6455 -2.009 -1.3731, 1.6534 -2.003 -1.3731, 1.6536 -2.0079 -1.3696, 1.6445 -2.0053 -1.3757, 1.6514 -2.0057 -1.3731, 1.65 -2.0011 -1.3757, 1.6467 -1.9977 -1.3774, 1.6514 -2.0124 -1.3654, 1.6502 -2.0105 -1.3696, 1.6487 -2.0078 -1.3731, 1.6467 -2.0044 -1.3757, 1.6445 -2.0006 -1.3774, 1.6468 -1.9965 -1.3774, 1.6469 -1.9965 -1.3774, 1.6486 -2.0029 -1.3757, 1.6462 -1.9989 -1.3774, 1.6455 -1.9998 -1.3774, 1.6422 -1.8434 -1.3654, 1.6422 -1.8435 -1.3655, 1.6422 -1.8456 -1.3696, 1.6422 -1.8457 -1.3696, 1.6422 -1.8488 -1.3731, 1.6422 -1.8489 -1.3731, 1.6422 -1.8527 -1.3757, 1.6422 -1.8527 -1.3757, 1.6422 -1.8571 -1.3774, 1.6422 -1.8571 -1.3774, 1.6605 -1.8618 -1.3654, 1.6605 -1.8618 -1.3655, 1.6583 -1.8618 -1.3696, 1.6582 -1.8618 -1.3696, 1.6552 -1.8618 -1.3731, 1.6551 -1.8618 -1.3731, 1.6513 -1.8618 -1.3757, 1.6512 -1.8618 -1.3757, 1.6469 -1.8618 -1.3774, 1.6468 -1.8618 -1.3774, 1.6467 -1.8607 -1.3774, 1.6451 -1.8581 -1.3774, 1.6458 -1.8588 -1.3774, 1.6442 -1.8529 -1.3757, 1.6451 -1.8491 -1.3731, 1.6458 -1.846 -1.3696, 1.6463 -1.8439 -1.3654, 1.6501 -1.8452 -1.3654, 1.6609 -1.8568 -1.3616, 1.661 -1.8575 -1.3615, 1.6601 -1.8577 -1.3654, 1.6536 -1.8474 -1.3654, 1.6558 -1.8481 -1.3621, 1.6572 -1.8498 -1.362, 1.6505 -1.8445 -1.3619, 1.6518 -1.845 -1.362, 1.6472 -1.843 -1.3616, 1.6465 -1.8429 -1.3615, 1.6579 -1.8582 -1.3696, 1.6492 -1.8472 -1.3696, 1.6548 -1.8589 -1.3731, 1.6478 -1.8501 -1.3731, 1.6522 -1.8492 -1.3696, 1.6565 -1.8503 -1.3654, 1.651 -1.8597 -1.3757, 1.6548 -1.8517 -1.3696, 1.6503 -1.8516 -1.3731, 1.6461 -1.8536 -1.3757, 1.6432 -1.8572 -1.3774, 1.6493 -1.8561 -1.3757, 1.6589 -1.8521 -1.362, 1.6587 -1.8538 -1.3654, 1.6567 -1.8548 -1.3696, 1.6539 -1.8561 -1.3731, 1.6504 -1.8578 -1.3757, 1.6464 -1.8597 -1.3774, 1.6523 -1.8537 -1.3731, 1.6478 -1.8547 -1.3757, 1.6442 -1.8575 -1.3774, 1.7001 -1.8177 -1.083, 1.7001 -1.8176 -1.083, 1.6981 -1.813 -1.0832, 1.6981 -1.8129 -1.0832, 1.695 -1.8089 -1.0832, 1.6862 -1.8038 -1.083, 1.6863 -1.8039 -1.083, 1.6909 -1.8058 -1.0832, 1.691 -1.8058 -1.0832, 1.6862 -1.8038 1.0236, 1.6909 -1.8058 1.0236, 1.695 -1.8089 1.0236, 1.6982 -1.813 1.0236, 1.7001 -1.8177 1.0236, 1.7001 -1.7323 1.1091, 1.7001 -1.7544 1.1062, 1.6982 -1.7323 1.1043, 1.6982 -1.7532 1.1016, 1.695 -1.7323 1.1003, 1.695 -1.7521 1.0976, 1.6909 -1.7323 1.0971, 1.6909 -1.7513 1.0946, 1.6862 -1.7323 1.0952, 1.6862 -1.7508 1.0927, 1.7001 -1.775 1.0976, 1.6982 -1.7726 1.0935, 1.695 -1.7706 1.09, 1.6909 -1.769 1.0873, 1.6862 -1.7681 1.0856, 1.7001 -1.7927 1.0841, 1.6982 -1.7894 1.0807, 1.695 -1.7865 1.0778, 1.6909 -1.7843 1.0756, 1.6862 -1.7829 1.0742, 1.7001 -1.8063 1.0664, 1.6982 -1.8022 1.064, 1.695 -1.7987 1.0619, 1.6909 -1.7959 1.0604, 1.6862 -1.7942 1.0594, 1.7001 -1.8148 1.0457, 1.6982 -1.8102 1.0445, 1.695 -1.8063 1.0435, 1.6909 -1.8033 1.0426, 1.6862 -1.8014 1.0421, 1.6862 -1.6339 1.0952, 1.6909 -1.6339 1.0971, 1.695 -1.6339 1.1003, 1.6982 -1.6339 1.1043, 1.7001 -1.6339 1.1091, 1.6862 -1.0433 1.3458, 1.6862 -0.1499 1.3458, 1.6863 -0.1499 1.3458, 1.6909 -1.0433 1.3438, 1.6909 -0.1497 1.3438, 1.691 -0.1497 1.3438, 1.695 -1.0433 1.3407, 1.695 -0.1496 1.3407, 1.6981 -0.1497 1.3367, 1.6982 -1.0433 1.3366, 1.6981 -0.1497 1.3366, 1.7001 -0.1499 1.332, 1.7001 -1.0433 1.3319, 1.7001 -0.1499 1.3319, 1.4495 -1.0433 1.3319, 1.4495 -0.1499 1.3319, 1.4495 -0.1499 1.332, 1.4515 -1.0433 1.3366, 1.4515 -0.1497 1.3366, 1.4515 -0.1497 1.3367, 1.4546 -1.0433 1.3407, 1.4546 -0.1496 1.3407, 1.4586 -0.1497 1.3438, 1.4587 -1.0433 1.3438, 1.4587 -0.1497 1.3438, 1.4633 -0.1499 1.3458, 1.4634 -1.0433 1.3458, 1.4634 -0.1499 1.3458, 1.6431 0.1283 1.3072, 1.661 0.1287 1.2925, 1.6609 0.1287 1.2928, 1.6592 0.1291 1.2969, 1.6589 0.1291 1.2975, 1.6558 0.1292 1.3015, 1.6527 0.1292 1.3039, 1.6518 0.1291 1.3046, 1.6443 0.1284 1.307, 1.6517 0.1291 1.3046, 1.6483 0.1288 1.3061, 1.6472 0.1287 1.3066, 1.647 0.1287 1.3066, 1.6456 0.1286 1.3068, 1.5074 0.1325 1.3062, 1.6422 0.1325 1.3062, 1.5074 0.1327 1.3061, 1.6422 0.1327 1.3061, 1.5074 0.1367 1.304, 1.6422 0.1367 1.304, 1.5074 0.1368 1.3039, 1.6422 0.1368 1.3039, 1.5074 0.1402 1.3008, 1.6422 0.1402 1.3008, 1.5074 0.1403 1.3008, 1.6422 0.1403 1.3008, 1.5074 0.1429 1.2969, 1.6422 0.1429 1.2969, 1.5074 0.1429 1.2969, 1.6422 0.1429 1.2969, 1.5074 0.1445 1.2925, 1.6422 0.1445 1.2925, 1.5074 0.1445 1.2925, 1.6422 0.1445 1.2925, 1.5065 0.1283 1.3072, 1.5053 0.1284 1.307, 1.504 0.1286 1.3068, 1.5026 0.1287 1.3066, 1.5024 0.1287 1.3066, 1.5013 0.1288 1.3061, 1.4979 0.1291 1.3046, 1.4978 0.1291 1.3046, 1.4969 0.1292 1.3039, 1.4938 0.1292 1.3015, 1.4932 0.1292 1.3008, 1.4907 0.1291 1.2975, 1.4887 0.1287 1.2928, 1.4886 0.1287 1.2925, 1.7001 -1.0433 1.1091, 1.7001 -0.1499 1.1091, 1.7001 -0.1499 1.109, 1.6982 -1.0433 1.1043, 1.6981 -0.1497 1.1043, 1.6981 -0.1497 1.1043, 1.695 -1.0433 1.1003, 1.695 -0.1496 1.1003, 1.691 -0.1497 1.0972, 1.6909 -1.0433 1.0971, 1.6909 -0.1497 1.0971, 1.6863 -0.1499 1.0952, 1.6862 -1.0433 1.0952, 1.6862 -0.1499 1.0952, 1.6605 0.1327 1.2878, 1.6583 0.1367 1.2878, 1.6578 0.1364 1.2925, 1.6582 0.1368 1.2878, 1.6552 0.1402 1.2878, 1.6548 0.1398 1.2925, 1.6551 0.1403 1.2878, 1.6513 0.1429 1.2878, 1.651 0.1424 1.2925, 1.656 0.1308 1.3008, 1.6527 0.1295 1.304, 1.6605 0.1325 1.2878, 1.66 0.1323 1.2925, 1.6585 0.1317 1.2969, 1.648 0.1295 1.3062, 1.6439 0.1323 1.3062, 1.6449 0.1364 1.304, 1.6457 0.1398 1.3008, 1.6463 0.1424 1.2969, 1.6467 0.144 1.2925, 1.6468 0.1445 1.2878, 1.6469 0.1445 1.2878, 1.6512 0.1429 1.2878, 1.6502 0.1409 1.2969, 1.649 0.1385 1.3008, 1.6474 0.1354 1.304, 1.6455 0.1317 1.3062, 1.6537 0.1385 1.2969, 1.6519 0.1365 1.3008, 1.6496 0.1339 1.304, 1.6469 0.1308 1.3062, 1.6565 0.1354 1.2969, 1.6543 0.1339 1.3008, 1.6514 0.1319 1.304, 1.5028 0.1445 1.2878, 1.5028 0.1445 1.2878, 1.5029 0.144 1.2925, 1.4984 0.1429 1.2878, 1.4983 0.1429 1.2878, 1.4986 0.1424 1.2925, 1.4945 0.1403 1.2878, 1.4945 0.1402 1.2878, 1.4948 0.1398 1.2925, 1.4914 0.1368 1.2878, 1.4913 0.1367 1.2878, 1.4918 0.1364 1.2925, 1.4891 0.1327 1.2878, 1.4891 0.1325 1.2878, 1.4896 0.1323 1.2925, 1.5016 0.1295 1.3062, 1.5057 0.1323 1.3062, 1.4982 0.1319 1.304, 1.4969 0.1295 1.304, 1.4936 0.1308 1.3008, 1.4912 0.1317 1.2969, 1.5047 0.1364 1.304, 1.5039 0.1398 1.3008, 1.5033 0.1424 1.2969, 1.4931 0.1354 1.2969, 1.4953 0.1339 1.3008, 1.4959 0.1385 1.2969, 1.4977 0.1365 1.3008, 1.5 0.1339 1.304, 1.5027 0.1308 1.3062, 1.4994 0.1409 1.2969, 1.5006 0.1385 1.3008, 1.5022 0.1354 1.304, 1.5041 0.1317 1.3062, 1.4634 -1.0433 1.0952, 1.4634 -0.1499 1.0952, 1.4633 -0.1499 1.0952, 1.4587 -1.0433 1.0971, 1.4587 -0.1497 1.0971, 1.4586 -0.1497 1.0972, 1.4546 -1.0433 1.1003, 1.4546 -0.1496 1.1003, 1.4515 -0.1497 1.1043, 1.4515 -1.0433 1.1043, 1.4515 -0.1497 1.1043, 1.4495 -0.1499 1.109, 1.4495 -1.0433 1.1091, 1.4495 -0.1499 1.1091, 1.6431 0.1283 1.1337, 1.6443 0.1284 1.1339, 1.6456 0.1286 1.1341, 1.647 0.1287 1.1343, 1.6472 0.1287 1.1344, 1.6483 0.1288 1.1348, 1.6517 0.1291 1.1363, 1.6518 0.1291 1.1363, 1.6527 0.1292 1.1371, 1.6558 0.1292 1.1394, 1.6564 0.1292 1.1402, 1.6589 0.1291 1.1435, 1.6609 0.1287 1.1481, 1.661 0.1287 1.1484, 1.6605 0.1325 1.1531, 1.6605 0.1327 1.1531, 1.6583 0.1367 1.1531, 1.6582 0.1368 1.1531, 1.6552 0.1402 1.1531, 1.6551 0.1403 1.1531, 1.6513 0.1429 1.1531, 1.6512 0.1429 1.1531, 1.6469 0.1445 1.1531, 1.6468 0.1445 1.1531, 1.4891 0.1325 1.1531, 1.4891 0.1327 1.1531, 1.4913 0.1367 1.1531, 1.4914 0.1368 1.1531, 1.4945 0.1402 1.1531, 1.4945 0.1403 1.1531, 1.4983 0.1429 1.1531, 1.4984 0.1429 1.1531, 1.5028 0.1445 1.1531, 1.5028 0.1445 1.1531, 1.4886 0.1287 1.1484, 1.4887 0.1287 1.1481, 1.4904 0.1291 1.144, 1.4907 0.1291 1.1435, 1.4938 0.1292 1.1394, 1.4969 0.1292 1.1371, 1.4978 0.1291 1.1363, 1.4979 0.1291 1.1363, 1.5013 0.1288 1.1348, 1.5024 0.1287 1.1344, 1.5026 0.1287 1.1343, 1.504 0.1286 1.1341, 1.5053 0.1284 1.1339, 1.5065 0.1283 1.1337, 1.66 0.1323 1.1484, 1.6578 0.1364 1.1484, 1.6548 0.1398 1.1484, 1.651 0.1424 1.1484, 1.648 0.1295 1.1348, 1.6439 0.1323 1.1348, 1.6514 0.1319 1.137, 1.6527 0.1295 1.137, 1.656 0.1308 1.1401, 1.6585 0.1317 1.144, 1.6467 0.144 1.1484, 1.6422 0.1445 1.1485, 1.6463 0.1424 1.144, 1.6422 0.1429 1.1441, 1.6422 0.1445 1.1484, 1.6457 0.1398 1.1401, 1.6422 0.1403 1.1402, 1.6422 0.1429 1.144, 1.6449 0.1364 1.137, 1.6422 0.1368 1.1371, 1.6422 0.1402 1.1401, 1.6565 0.1354 1.144, 1.6543 0.1339 1.1401, 1.6422 0.1325 1.1348, 1.6422 0.1327 1.1348, 1.6422 0.1367 1.137, 1.6502 0.1409 1.144, 1.649 0.1385 1.1401, 1.6474 0.1354 1.137, 1.6455 0.1317 1.1348, 1.6537 0.1385 1.144, 1.6519 0.1365 1.1401, 1.6496 0.1339 1.137, 1.6469 0.1308 1.1348, 1.4896 0.1323 1.1484, 1.4912 0.1317 1.144, 1.4969 0.1295 1.137, 1.5016 0.1295 1.1348, 1.5027 0.1308 1.1348, 1.5041 0.1317 1.1348, 1.5057 0.1323 1.1348, 1.5074 0.1325 1.1348, 1.4918 0.1364 1.1484, 1.4948 0.1398 1.1484, 1.4986 0.1424 1.1484, 1.5029 0.144 1.1484, 1.5074 0.1445 1.1485, 1.4931 0.1354 1.144, 1.4959 0.1385 1.144, 1.4994 0.1409 1.144, 1.5033 0.1424 1.144, 1.5074 0.1445 1.1484, 1.5074 0.1429 1.1441, 1.5074 0.1429 1.144, 1.5074 0.1403 1.1402, 1.5039 0.1398 1.1401, 1.5006 0.1385 1.1401, 1.4977 0.1365 1.1401, 1.4953 0.1339 1.1401, 1.4936 0.1308 1.1401, 1.4982 0.1319 1.137, 1.5 0.1339 1.137, 1.5022 0.1354 1.137, 1.5047 0.1364 1.137, 1.5074 0.1402 1.1401, 1.5074 0.1368 1.1371, 1.5074 0.1367 1.137, 1.5074 0.1327 1.1348, 2.2508 -1.6339 1.3458, 2.2508 -1.7323 1.3458, 2.2461 -1.6339 1.3438, 2.2461 -1.7323 1.3438, 2.242 -1.6339 1.3407, 2.242 -1.7323 1.3407, 2.2389 -1.6339 1.3366, 2.2389 -1.7323 1.3366, 2.2369 -1.6339 1.3319, 2.2369 -1.7323 1.3319, 2.2508 -2.0545 1.0236, 2.2508 -2.0435 1.107, 2.2461 -2.0525 1.0236, 2.2461 -2.0416 1.1065, 2.242 -2.0494 1.0236, 2.242 -2.0386 1.1057, 2.2389 -2.0453 1.0236, 2.2389 -2.0346 1.1046, 2.2369 -2.0405 1.0236, 2.2369 -2.03 1.1034, 2.2508 -2.0113 1.1847, 2.2461 -2.0096 1.1837, 2.242 -2.0069 1.1822, 2.2389 -2.0033 1.1801, 2.2369 -1.9992 1.1777, 2.2508 -1.9601 1.2514, 2.2461 -1.9587 1.25, 2.242 -1.9565 1.2478, 2.2389 -1.9536 1.2449, 2.2369 -1.9502 1.2416, 2.2508 -1.8934 1.3026, 2.2461 -1.8924 1.3009, 2.242 -1.8908 1.2982, 2.2389 -1.8888 1.2947, 2.2369 -1.8864 1.2906, 2.2508 -1.8157 1.3348, 2.2461 -1.8152 1.3329, 2.242 -1.8143 1.3299, 2.2389 -1.8133 1.326, 2.2369 -1.8121 1.3214, 2.2369 -1.6339 1.1091, 2.2369 -1.7323 1.1091, 2.2389 -1.6339 1.1043, 2.2389 -1.7323 1.1043, 2.242 -1.6339 1.1003, 2.242 -1.7323 1.1003, 2.2461 -1.6339 1.0971, 2.2461 -1.7323 1.0971, 2.2508 -1.6339 1.0952, 2.2508 -1.7323 1.0952, 2.2508 -2.0544 -1.083, 2.2507 -2.0544 -1.083, 2.2461 -2.0525 -1.0832, 2.246 -2.0525 -1.0832, 2.242 -2.0494 -1.0832, 2.2389 -2.0453 -1.0832, 2.2389 -2.0453 -1.0832, 2.2369 -2.0407 -1.083, 2.2369 -2.0405 -1.083, 2.4875 -1.6339 1.3319, 2.4875 -1.7323 1.3319, 2.4856 -1.6339 1.3366, 2.4856 -1.7323 1.3366, 2.4824 -1.6339 1.3407, 2.4824 -1.7323 1.3407, 2.4783 -1.6339 1.3438, 2.4783 -1.7323 1.3438, 2.4736 -1.6339 1.3458, 2.4736 -1.7323 1.3458, 2.2369 -1.8177 1.0236, 2.2369 -1.8148 1.0457, 2.2389 -1.813 1.0236, 2.2389 -1.8102 1.0445, 2.242 -1.8089 1.0236, 2.242 -1.8063 1.0435, 2.2461 -1.8058 1.0236, 2.2461 -1.8033 1.0426, 2.2508 -1.8038 1.0236, 2.2508 -1.8014 1.0421, 2.2369 -1.8063 1.0664, 2.2389 -1.8022 1.064, 2.242 -1.7987 1.0619, 2.2461 -1.7959 1.0604, 2.2508 -1.7942 1.0594, 2.2369 -1.7927 1.0841, 2.2389 -1.7894 1.0807, 2.242 -1.7865 1.0778, 2.2461 -1.7843 1.0756, 2.2508 -1.7829 1.0742, 2.2369 -1.775 1.0976, 2.2389 -1.7726 1.0935, 2.242 -1.7706 1.09, 2.2461 -1.769 1.0873, 2.2508 -1.7681 1.0856, 2.2369 -1.7544 1.1062, 2.2389 -1.7532 1.1016, 2.242 -1.7521 1.0976, 2.2461 -1.7513 1.0946, 2.2508 -1.7508 1.0927, 2.2761 -2.0015 -1.3616, 2.2761 -2.0015 -1.3616, 2.2781 -2.0062 -1.362, 2.2781 -2.0062 -1.362, 2.2812 -2.0102 -1.3621, 2.2852 -2.0132 -1.362, 2.2852 -2.0133 -1.362, 2.2898 -2.0152 -1.3616, 2.2898 -2.0153 -1.3616, 2.4736 -1.8157 1.3348, 2.4783 -1.8152 1.3329, 2.4824 -1.8143 1.3299, 2.4856 -1.8133 1.326, 2.4875 -1.8121 1.3214, 2.4736 -1.8934 1.3026, 2.4783 -1.8924 1.3009, 2.4824 -1.8908 1.2982, 2.4856 -1.8888 1.2947, 2.4875 -1.8864 1.2906, 2.4736 -1.9601 1.2514, 2.4783 -1.9587 1.25, 2.4824 -1.9565 1.2478, 2.4856 -1.9536 1.2449, 2.4875 -1.9502 1.2416, 2.4736 -2.0113 1.1847, 2.4783 -2.0096 1.1837, 2.4824 -2.0069 1.1822, 2.4856 -2.0033 1.1801, 2.4875 -1.9992 1.1777, 2.4736 -2.0435 1.107, 2.4783 -2.0416 1.1065, 2.4824 -2.0386 1.1057, 2.4856 -2.0346 1.1046, 2.4875 -2.03 1.1034, 2.4736 -2.0545 1.0236, 2.4783 -2.0525 1.0236, 2.4824 -2.0494 1.0236, 2.4856 -2.0453 1.0236, 2.4875 -2.0405 1.0236, 2.2369 -1.8177 -1.083, 2.2369 -1.8176 -1.083, 2.2389 -1.813 -1.0832, 2.2389 -1.8129 -1.0832, 2.242 -1.8089 -1.0832, 2.246 -1.8058 -1.0832, 2.2461 -1.8058 -1.0832, 2.2507 -1.8039 -1.083, 2.2508 -1.8038 -1.083, 2.2902 -1.9965 -1.3774, 2.2903 -1.9977 -1.3774, 2.2948 -2.0055 -1.3757, 2.2948 -2.0056 -1.3757, 2.2925 -2.0053 -1.3757, 2.2948 -2.0094 -1.3731, 2.2948 -2.0095 -1.3731, 2.2915 -2.009 -1.3731, 2.2907 -2.0121 -1.3696, 2.2901 -2.0142 -1.3654, 2.2857 -2.0124 -1.3654, 2.2765 -1.9965 -1.3654, 2.2771 -2.0013 -1.3654, 2.2948 -2.0149 -1.3654, 2.2948 -2.0148 -1.3655, 2.2948 -2.0126 -1.3696, 2.2948 -2.0126 -1.3696, 2.2766 -1.9965 -1.3655, 2.2793 -2.0007 -1.3696, 2.2868 -2.0105 -1.3696, 2.2819 -2.0095 -1.3654, 2.2787 -1.9965 -1.3696, 2.2788 -1.9965 -1.3696, 2.2823 -1.9999 -1.3731, 2.2883 -2.0078 -1.3731, 2.2834 -2.0079 -1.3696, 2.2819 -1.9965 -1.3731, 2.2819 -1.9965 -1.3731, 2.2861 -1.9989 -1.3757, 2.2857 -2.0057 -1.3731, 2.2903 -2.0044 -1.3757, 2.2936 -2.001 -1.3774, 2.2789 -2.0057 -1.3654, 2.2809 -2.0046 -1.3696, 2.2836 -2.003 -1.3731, 2.287 -2.0011 -1.3757, 2.2908 -1.9989 -1.3774, 2.2948 -2.0012 -1.3774, 2.2948 -2.0012 -1.3774, 2.2884 -2.0029 -1.3757, 2.2925 -2.0006 -1.3774, 2.2915 -1.9998 -1.3774, 2.2857 -1.9965 -1.3757, 2.2858 -1.9965 -1.3757, 2.2902 -1.9965 -1.3774, 2.4875 -2.0405 -1.083, 2.4875 -2.0407 -1.083, 2.4855 -2.0453 -1.0832, 2.4855 -2.0453 -1.0832, 2.4824 -2.0494 -1.0832, 2.4784 -2.0525 -1.0832, 2.4783 -2.0525 -1.0832, 2.4737 -2.0544 -1.083, 2.4736 -2.0544 -1.083, 2.2898 -1.843 -1.3616, 2.2898 -1.843 -1.3616, 2.2852 -1.845 -1.362, 2.2852 -1.845 -1.362, 2.2812 -1.8481 -1.3621, 2.2781 -1.8521 -1.362, 2.2781 -1.8521 -1.362, 2.2761 -1.8567 -1.3616, 2.2761 -1.8568 -1.3616, 2.2765 -1.8618 -1.3654, 2.2766 -1.8618 -1.3655, 2.2787 -1.8618 -1.3696, 2.2788 -1.8618 -1.3696, 2.2819 -1.8618 -1.3731, 2.2819 -1.8618 -1.3731, 2.2857 -1.8618 -1.3757, 2.2858 -1.8618 -1.3757, 2.2902 -1.8618 -1.3774, 2.2902 -1.8618 -1.3774, 2.4296 -2.0149 -1.3654, 2.4296 -2.0148 -1.3655, 2.4296 -2.0126 -1.3696, 2.4296 -2.0126 -1.3696, 2.4296 -2.0095 -1.3731, 2.4296 -2.0094 -1.3731, 2.4296 -2.0056 -1.3757, 2.4296 -2.0055 -1.3757, 2.4296 -2.0012 -1.3774, 2.4296 -2.0012 -1.3774, 2.4346 -2.0153 -1.3616, 2.4346 -2.0152 -1.3616, 2.4392 -2.0133 -1.362, 2.4392 -2.0132 -1.362, 2.4432 -2.0102 -1.3621, 2.4463 -2.0062 -1.362, 2.4463 -2.0062 -1.362, 2.4483 -2.0015 -1.3616, 2.4483 -2.0015 -1.3616, 2.2948 -1.8571 -1.3774, 2.2936 -1.8572 -1.3774, 2.2861 -1.8594 -1.3757, 2.2823 -1.8584 -1.3731, 2.2793 -1.8576 -1.3696, 2.2771 -1.857 -1.3654, 2.2789 -1.8526 -1.3654, 2.2948 -1.8434 -1.3654, 2.2901 -1.844 -1.3654, 2.2948 -1.8435 -1.3655, 2.2907 -1.8462 -1.3696, 2.2809 -1.8537 -1.3696, 2.2819 -1.8488 -1.3654, 2.2948 -1.8456 -1.3696, 2.2948 -1.8457 -1.3696, 2.2915 -1.8492 -1.3731, 2.2836 -1.8553 -1.3731, 2.2834 -1.8504 -1.3696, 2.2948 -1.8488 -1.3731, 2.2948 -1.8489 -1.3731, 2.2925 -1.853 -1.3757, 2.2857 -1.8526 -1.3731, 2.287 -1.8572 -1.3757, 2.2903 -1.8606 -1.3774, 2.2857 -1.8459 -1.3654, 2.2868 -1.8478 -1.3696, 2.2883 -1.8505 -1.3731, 2.2903 -1.8539 -1.3757, 2.2925 -1.8577 -1.3774, 2.2884 -1.8553 -1.3757, 2.2908 -1.8594 -1.3774, 2.2915 -1.8585 -1.3774, 2.2948 -1.8527 -1.3757, 2.2948 -1.8527 -1.3757, 2.2948 -1.8571 -1.3774, 2.4308 -2.001 -1.3774, 2.4386 -1.9965 -1.3757, 2.4387 -1.9965 -1.3757, 2.4384 -1.9989 -1.3757, 2.4425 -1.9965 -1.3731, 2.4426 -1.9965 -1.3731, 2.4421 -1.9999 -1.3731, 2.4452 -2.0007 -1.3696, 2.4473 -2.0013 -1.3654, 2.4455 -2.0057 -1.3654, 2.4343 -2.0142 -1.3654, 2.4479 -1.9965 -1.3654, 2.4479 -1.9965 -1.3655, 2.4457 -1.9965 -1.3696, 2.4456 -1.9965 -1.3696, 2.4338 -2.0121 -1.3696, 2.4435 -2.0046 -1.3696, 2.4426 -2.0095 -1.3654, 2.4329 -2.009 -1.3731, 2.4408 -2.003 -1.3731, 2.441 -2.0079 -1.3696, 2.4319 -2.0053 -1.3757, 2.4388 -2.0057 -1.3731, 2.4375 -2.0011 -1.3757, 2.4341 -1.9977 -1.3774, 2.4388 -2.0124 -1.3654, 2.4376 -2.0105 -1.3696, 2.4361 -2.0078 -1.3731, 2.4341 -2.0044 -1.3757, 2.4319 -2.0006 -1.3774, 2.4342 -1.9965 -1.3774, 2.4343 -1.9965 -1.3774, 2.436 -2.0029 -1.3757, 2.4336 -1.9989 -1.3774, 2.4329 -1.9998 -1.3774, 2.4296 -1.8434 -1.3654, 2.4296 -1.8435 -1.3655, 2.4296 -1.8456 -1.3696, 2.4296 -1.8457 -1.3696, 2.4296 -1.8488 -1.3731, 2.4296 -1.8489 -1.3731, 2.4296 -1.8527 -1.3757, 2.4296 -1.8527 -1.3757, 2.4296 -1.8571 -1.3774, 2.4296 -1.8571 -1.3774, 2.4479 -1.8618 -1.3654, 2.4479 -1.8618 -1.3655, 2.4457 -1.8618 -1.3696, 2.4456 -1.8618 -1.3696, 2.4426 -1.8618 -1.3731, 2.4425 -1.8618 -1.3731, 2.4387 -1.8618 -1.3757, 2.4386 -1.8618 -1.3757, 2.4343 -1.8618 -1.3774, 2.4342 -1.8618 -1.3774, 2.4341 -1.8607 -1.3774, 2.4325 -1.8581 -1.3774, 2.4332 -1.8588 -1.3774, 2.4316 -1.8529 -1.3757, 2.4325 -1.8491 -1.3731, 2.4332 -1.846 -1.3696, 2.4337 -1.8439 -1.3654, 2.4375 -1.8452 -1.3654, 2.4483 -1.8568 -1.3616, 2.4484 -1.8575 -1.3615, 2.4475 -1.8577 -1.3654, 2.441 -1.8474 -1.3654, 2.4432 -1.8481 -1.3621, 2.4446 -1.8498 -1.362, 2.4379 -1.8445 -1.3619, 2.4392 -1.845 -1.362, 2.4346 -1.843 -1.3616, 2.4339 -1.8429 -1.3615, 2.4453 -1.8582 -1.3696, 2.4366 -1.8472 -1.3696, 2.4422 -1.8589 -1.3731, 2.4352 -1.8501 -1.3731, 2.4396 -1.8492 -1.3696, 2.4439 -1.8503 -1.3654, 2.4384 -1.8597 -1.3757, 2.4422 -1.8517 -1.3696, 2.4377 -1.8516 -1.3731, 2.4335 -1.8536 -1.3757, 2.4306 -1.8572 -1.3774, 2.4367 -1.8561 -1.3757, 2.4463 -1.8521 -1.362, 2.4461 -1.8538 -1.3654, 2.4441 -1.8548 -1.3696, 2.4413 -1.8561 -1.3731, 2.4378 -1.8578 -1.3757, 2.4338 -1.8597 -1.3774, 2.4397 -1.8537 -1.3731, 2.4352 -1.8547 -1.3757, 2.4316 -1.8575 -1.3774, 2.4875 -1.8177 -1.083, 2.4875 -1.8176 -1.083, 2.4855 -1.813 -1.0832, 2.4855 -1.8129 -1.0832, 2.4824 -1.8089 -1.0832, 2.4736 -1.8038 -1.083, 2.4737 -1.8039 -1.083, 2.4783 -1.8058 -1.0832, 2.4784 -1.8058 -1.0832, 2.4736 -1.8038 1.0236, 2.4783 -1.8058 1.0236, 2.4824 -1.8089 1.0236, 2.4856 -1.813 1.0236, 2.4875 -1.8177 1.0236, 2.4875 -1.7323 1.1091, 2.4875 -1.7544 1.1062, 2.4856 -1.7323 1.1043, 2.4856 -1.7532 1.1016, 2.4824 -1.7323 1.1003, 2.4824 -1.7521 1.0976, 2.4783 -1.7323 1.0971, 2.4783 -1.7513 1.0946, 2.4736 -1.7323 1.0952, 2.4736 -1.7508 1.0927, 2.4875 -1.775 1.0976, 2.4856 -1.7726 1.0935, 2.4824 -1.7706 1.09, 2.4783 -1.769 1.0873, 2.4736 -1.7681 1.0856, 2.4875 -1.7927 1.0841, 2.4856 -1.7894 1.0807, 2.4824 -1.7865 1.0778, 2.4783 -1.7843 1.0756, 2.4736 -1.7829 1.0742, 2.4875 -1.8063 1.0664, 2.4856 -1.8022 1.064, 2.4824 -1.7987 1.0619, 2.4783 -1.7959 1.0604, 2.4736 -1.7942 1.0594, 2.4875 -1.8148 1.0457, 2.4856 -1.8102 1.0445, 2.4824 -1.8063 1.0435, 2.4783 -1.8033 1.0426, 2.4736 -1.8014 1.0421, 2.4736 -1.6339 1.0952, 2.4783 -1.6339 1.0971, 2.4824 -1.6339 1.1003, 2.4856 -1.6339 1.1043, 2.4875 -1.6339 1.1091, 2.4736 -1.0433 1.3458, 2.4736 -0.1499 1.3458, 2.4737 -0.1499 1.3458, 2.4783 -1.0433 1.3438, 2.4783 -0.1497 1.3438, 2.4784 -0.1497 1.3438, 2.4824 -1.0433 1.3407, 2.4824 -0.1496 1.3407, 2.4855 -0.1497 1.3367, 2.4856 -1.0433 1.3366, 2.4855 -0.1497 1.3366, 2.4875 -0.1499 1.332, 2.4875 -1.0433 1.3319, 2.4875 -0.1499 1.3319, 2.2369 -1.0433 1.3319, 2.2369 -0.1499 1.3319, 2.2369 -0.1499 1.332, 2.2389 -1.0433 1.3366, 2.2389 -0.1497 1.3366, 2.2389 -0.1497 1.3367, 2.242 -1.0433 1.3407, 2.242 -0.1496 1.3407, 2.246 -0.1497 1.3438, 2.2461 -1.0433 1.3438, 2.2461 -0.1497 1.3438, 2.2507 -0.1499 1.3458, 2.2508 -1.0433 1.3458, 2.2508 -0.1499 1.3458, 2.4305 0.1283 1.3072, 2.4484 0.1287 1.2925, 2.4483 0.1287 1.2928, 2.4466 0.1291 1.2969, 2.4463 0.1291 1.2975, 2.4432 0.1292 1.3015, 2.4401 0.1292 1.3039, 2.4392 0.1291 1.3046, 2.4317 0.1284 1.307, 2.4391 0.1291 1.3046, 2.4357 0.1288 1.3061, 2.4346 0.1287 1.3066, 2.4344 0.1287 1.3066, 2.4331 0.1286 1.3068, 2.2948 0.1325 1.3062, 2.4296 0.1325 1.3062, 2.2948 0.1327 1.3061, 2.4296 0.1327 1.3061, 2.2948 0.1367 1.304, 2.4296 0.1367 1.304, 2.2948 0.1368 1.3039, 2.4296 0.1368 1.3039, 2.2948 0.1402 1.3008, 2.4296 0.1402 1.3008, 2.2948 0.1403 1.3008, 2.4296 0.1403 1.3008, 2.2948 0.1429 1.2969, 2.4296 0.1429 1.2969, 2.2948 0.1429 1.2969, 2.4296 0.1429 1.2969, 2.2948 0.1445 1.2925, 2.4296 0.1445 1.2925, 2.2948 0.1445 1.2925, 2.4296 0.1445 1.2925, 2.2939 0.1283 1.3072, 2.2927 0.1284 1.307, 2.2914 0.1286 1.3068, 2.29 0.1287 1.3066, 2.2898 0.1287 1.3066, 2.2887 0.1288 1.3061, 2.2853 0.1291 1.3046, 2.2852 0.1291 1.3046, 2.2843 0.1292 1.3039, 2.2812 0.1292 1.3015, 2.2806 0.1292 1.3008, 2.2781 0.1291 1.2975, 2.2761 0.1287 1.2928, 2.276 0.1287 1.2925, 2.4875 -1.0433 1.1091, 2.4875 -0.1499 1.1091, 2.4875 -0.1499 1.109, 2.4856 -1.0433 1.1043, 2.4855 -0.1497 1.1043, 2.4855 -0.1497 1.1043, 2.4824 -1.0433 1.1003, 2.4824 -0.1496 1.1003, 2.4784 -0.1497 1.0972, 2.4783 -1.0433 1.0971, 2.4783 -0.1497 1.0971, 2.4737 -0.1499 1.0952, 2.4736 -1.0433 1.0952, 2.4736 -0.1499 1.0952, 2.4479 0.1327 1.2878, 2.4457 0.1367 1.2878, 2.4452 0.1364 1.2925, 2.4456 0.1368 1.2878, 2.4426 0.1402 1.2878, 2.4422 0.1398 1.2925, 2.4425 0.1403 1.2878, 2.4387 0.1429 1.2878, 2.4384 0.1424 1.2925, 2.4434 0.1308 1.3008, 2.4401 0.1295 1.304, 2.4479 0.1325 1.2878, 2.4474 0.1323 1.2925, 2.4459 0.1317 1.2969, 2.4354 0.1295 1.3062, 2.4313 0.1323 1.3062, 2.4323 0.1364 1.304, 2.4331 0.1398 1.3008, 2.4337 0.1424 1.2969, 2.4341 0.144 1.2925, 2.4342 0.1445 1.2878, 2.4343 0.1445 1.2878, 2.4386 0.1429 1.2878, 2.4376 0.1409 1.2969, 2.4364 0.1385 1.3008, 2.4348 0.1354 1.304, 2.4329 0.1317 1.3062, 2.4411 0.1385 1.2969, 2.4393 0.1365 1.3008, 2.437 0.1339 1.304, 2.4343 0.1308 1.3062, 2.4439 0.1354 1.2969, 2.4417 0.1339 1.3008, 2.4388 0.1319 1.304, 2.2902 0.1445 1.2878, 2.2902 0.1445 1.2878, 2.2903 0.144 1.2925, 2.2858 0.1429 1.2878, 2.2857 0.1429 1.2878, 2.286 0.1424 1.2925, 2.2819 0.1403 1.2878, 2.2819 0.1402 1.2878, 2.2822 0.1398 1.2925, 2.2788 0.1368 1.2878, 2.2787 0.1367 1.2878, 2.2792 0.1364 1.2925, 2.2766 0.1327 1.2878, 2.2765 0.1325 1.2878, 2.277 0.1323 1.2925, 2.289 0.1295 1.3062, 2.2931 0.1323 1.3062, 2.2856 0.1319 1.304, 2.2843 0.1295 1.304, 2.281 0.1308 1.3008, 2.2786 0.1317 1.2969, 2.2921 0.1364 1.304, 2.2913 0.1398 1.3008, 2.2907 0.1424 1.2969, 2.2805 0.1354 1.2969, 2.2827 0.1339 1.3008, 2.2833 0.1385 1.2969, 2.2851 0.1365 1.3008, 2.2874 0.1339 1.304, 2.2901 0.1308 1.3062, 2.2868 0.1409 1.2969, 2.288 0.1385 1.3008, 2.2896 0.1354 1.304, 2.2915 0.1317 1.3062, 2.2508 -1.0433 1.0952, 2.2508 -0.1499 1.0952, 2.2507 -0.1499 1.0952, 2.2461 -1.0433 1.0971, 2.2461 -0.1497 1.0971, 2.246 -0.1497 1.0972, 2.242 -1.0433 1.1003, 2.242 -0.1496 1.1003, 2.2389 -0.1497 1.1043, 2.2389 -1.0433 1.1043, 2.2389 -0.1497 1.1043, 2.2369 -0.1499 1.109, 2.2369 -1.0433 1.1091, 2.2369 -0.1499 1.1091, 2.4305 0.1283 1.1337, 2.4317 0.1284 1.1339, 2.4331 0.1286 1.1341, 2.4344 0.1287 1.1343, 2.4346 0.1287 1.1344, 2.4357 0.1288 1.1348, 2.4391 0.1291 1.1363, 2.4392 0.1291 1.1363, 2.4401 0.1292 1.1371, 2.4432 0.1292 1.1394, 2.4438 0.1292 1.1402, 2.4463 0.1291 1.1435, 2.4483 0.1287 1.1481, 2.4484 0.1287 1.1484, 2.4479 0.1325 1.1531, 2.4479 0.1327 1.1531, 2.4457 0.1367 1.1531, 2.4456 0.1368 1.1531, 2.4426 0.1402 1.1531, 2.4425 0.1403 1.1531, 2.4387 0.1429 1.1531, 2.4386 0.1429 1.1531, 2.4343 0.1445 1.1531, 2.4342 0.1445 1.1531, 2.2765 0.1325 1.1531, 2.2766 0.1327 1.1531, 2.2787 0.1367 1.1531, 2.2788 0.1368 1.1531, 2.2819 0.1402 1.1531, 2.2819 0.1403 1.1531, 2.2857 0.1429 1.1531, 2.2858 0.1429 1.1531, 2.2902 0.1445 1.1531, 2.2902 0.1445 1.1531, 2.276 0.1287 1.1484, 2.2761 0.1287 1.1481, 2.2778 0.1291 1.144, 2.2852 0.1291 1.1363, 2.2843 0.1292 1.1371, 2.2812 0.1292 1.1394, 2.2781 0.1291 1.1435, 2.2853 0.1291 1.1363, 2.2887 0.1288 1.1348, 2.2898 0.1287 1.1344, 2.29 0.1287 1.1343, 2.2914 0.1286 1.1341, 2.2927 0.1284 1.1339, 2.2939 0.1283 1.1337, 2.4474 0.1323 1.1484, 2.4452 0.1364 1.1484, 2.4422 0.1398 1.1484, 2.4384 0.1424 1.1484, 2.4354 0.1295 1.1348, 2.4313 0.1323 1.1348, 2.4388 0.1319 1.137, 2.4401 0.1295 1.137, 2.4434 0.1308 1.1401, 2.4459 0.1317 1.144, 2.4341 0.144 1.1484, 2.4296 0.1445 1.1485, 2.4337 0.1424 1.144, 2.4296 0.1429 1.1441, 2.4296 0.1445 1.1484, 2.4331 0.1398 1.1401, 2.4296 0.1403 1.1402, 2.4296 0.1429 1.144, 2.4323 0.1364 1.137, 2.4296 0.1368 1.1371, 2.4296 0.1402 1.1401, 2.4439 0.1354 1.144, 2.4417 0.1339 1.1401, 2.4296 0.1325 1.1348, 2.4296 0.1327 1.1348, 2.4296 0.1367 1.137, 2.4376 0.1409 1.144, 2.4364 0.1385 1.1401, 2.4348 0.1354 1.137, 2.4329 0.1317 1.1348, 2.4411 0.1385 1.144, 2.4393 0.1365 1.1401, 2.437 0.1339 1.137, 2.4343 0.1308 1.1348, 2.277 0.1323 1.1484, 2.2786 0.1317 1.144, 2.2843 0.1295 1.137, 2.289 0.1295 1.1348, 2.2901 0.1308 1.1348, 2.2915 0.1317 1.1348, 2.2931 0.1323 1.1348, 2.2948 0.1325 1.1348, 2.2792 0.1364 1.1484, 2.2822 0.1398 1.1484, 2.286 0.1424 1.1484, 2.2903 0.144 1.1484, 2.2948 0.1445 1.1485, 2.2805 0.1354 1.144, 2.2833 0.1385 1.144, 2.2868 0.1409 1.144, 2.2907 0.1424 1.144, 2.2948 0.1445 1.1484, 2.2948 0.1429 1.1441, 2.2948 0.1429 1.144, 2.2948 0.1403 1.1402, 2.2913 0.1398 1.1401, 2.288 0.1385 1.1401, 2.2851 0.1365 1.1401, 2.2827 0.1339 1.1401, 2.281 0.1308 1.1401, 2.2856 0.1319 1.137, 2.2874 0.1339 1.137, 2.2896 0.1354 1.137, 2.2921 0.1364 1.137, 2.2948 0.1402 1.1401, 2.2948 0.1368 1.1371, 2.2948 0.1367 1.137, 2.2948 0.1327 1.1348, 3.0382 -1.6339 1.3458, 3.0382 -1.7323 1.3458, 3.0335 -1.6339 1.3438, 3.0335 -1.7323 1.3438, 3.0294 -1.6339 1.3407, 3.0294 -1.7323 1.3407, 3.0263 -1.6339 1.3366, 3.0263 -1.7323 1.3366, 3.0243 -1.6339 1.3319, 3.0243 -1.7323 1.3319, 3.0382 -2.0545 1.0236, 3.0382 -2.0435 1.107, 3.0335 -2.0525 1.0236, 3.0335 -2.0416 1.1065, 3.0294 -2.0494 1.0236, 3.0294 -2.0386 1.1057, 3.0263 -2.0453 1.0236, 3.0263 -2.0346 1.1046, 3.0243 -2.0405 1.0236, 3.0243 -2.03 1.1034, 3.0382 -2.0113 1.1847, 3.0335 -2.0096 1.1837, 3.0294 -2.0069 1.1822, 3.0263 -2.0033 1.1801, 3.0243 -1.9992 1.1777, 3.0382 -1.9601 1.2514, 3.0335 -1.9587 1.25, 3.0294 -1.9565 1.2478, 3.0263 -1.9536 1.2449, 3.0243 -1.9502 1.2416, 3.0382 -1.8934 1.3026, 3.0335 -1.8924 1.3009, 3.0294 -1.8908 1.2982, 3.0263 -1.8888 1.2947, 3.0243 -1.8864 1.2906, 3.0382 -1.8157 1.3348, 3.0335 -1.8152 1.3329, 3.0294 -1.8143 1.3299, 3.0263 -1.8133 1.326, 3.0243 -1.8121 1.3214, 3.0243 -1.6339 1.1091, 3.0243 -1.7323 1.1091, 3.0263 -1.6339 1.1043, 3.0263 -1.7323 1.1043, 3.0294 -1.6339 1.1003, 3.0294 -1.7323 1.1003, 3.0335 -1.6339 1.0971, 3.0335 -1.7323 1.0971, 3.0382 -1.6339 1.0952, 3.0382 -1.7323 1.0952, 3.0382 -2.0544 -1.083, 3.0381 -2.0544 -1.083, 3.0335 -2.0525 -1.0832, 3.0334 -2.0525 -1.0832, 3.0294 -2.0494 -1.0832, 3.0263 -2.0453 -1.0832, 3.0263 -2.0453 -1.0832, 3.0243 -2.0407 -1.083, 3.0243 -2.0405 -1.083, 3.2749 -1.6339 1.3319, 3.2749 -1.7323 1.3319, 3.273 -1.6339 1.3366, 3.273 -1.7323 1.3366, 3.2698 -1.6339 1.3407, 3.2698 -1.7323 1.3407, 3.2657 -1.6339 1.3438, 3.2657 -1.7323 1.3438, 3.261 -1.6339 1.3458, 3.261 -1.7323 1.3458, 3.0243 -1.8177 1.0236, 3.0243 -1.8148 1.0457, 3.0263 -1.813 1.0236, 3.0263 -1.8102 1.0445, 3.0294 -1.8089 1.0236, 3.0294 -1.8063 1.0435, 3.0335 -1.8058 1.0236, 3.0335 -1.8033 1.0426, 3.0382 -1.8038 1.0236, 3.0382 -1.8014 1.0421, 3.0243 -1.8063 1.0664, 3.0263 -1.8022 1.064, 3.0294 -1.7987 1.0619, 3.0335 -1.7959 1.0604, 3.0382 -1.7942 1.0594, 3.0243 -1.7927 1.0841, 3.0263 -1.7894 1.0807, 3.0294 -1.7865 1.0778, 3.0335 -1.7843 1.0756, 3.0382 -1.7829 1.0742, 3.0243 -1.775 1.0976, 3.0263 -1.7726 1.0935, 3.0294 -1.7706 1.09, 3.0335 -1.769 1.0873, 3.0382 -1.7681 1.0856, 3.0243 -1.7544 1.1062, 3.0263 -1.7532 1.1016, 3.0294 -1.7521 1.0976, 3.0335 -1.7513 1.0946, 3.0382 -1.7508 1.0927, 3.0635 -2.0015 -1.3616, 3.0635 -2.0015 -1.3616, 3.0655 -2.0062 -1.362, 3.0655 -2.0062 -1.362, 3.0686 -2.0102 -1.3621, 3.0726 -2.0132 -1.362, 3.0726 -2.0133 -1.362, 3.0772 -2.0152 -1.3616, 3.0772 -2.0153 -1.3616, 3.261 -1.8157 1.3348, 3.2657 -1.8152 1.3329, 3.2698 -1.8143 1.3299, 3.273 -1.8133 1.326, 3.2749 -1.8121 1.3214, 3.261 -1.8934 1.3026, 3.2657 -1.8924 1.3009, 3.2698 -1.8908 1.2982, 3.273 -1.8888 1.2947, 3.2749 -1.8864 1.2906, 3.261 -1.9601 1.2514, 3.2657 -1.9587 1.25, 3.2698 -1.9565 1.2478, 3.273 -1.9536 1.2449, 3.2749 -1.9502 1.2416, 3.261 -2.0113 1.1847, 3.2657 -2.0096 1.1837, 3.2698 -2.0069 1.1822, 3.273 -2.0033 1.1801, 3.2749 -1.9992 1.1777, 3.261 -2.0435 1.107, 3.2657 -2.0416 1.1065, 3.2698 -2.0386 1.1057, 3.273 -2.0346 1.1046, 3.2749 -2.03 1.1034, 3.261 -2.0545 1.0236, 3.2657 -2.0525 1.0236, 3.2698 -2.0494 1.0236, 3.273 -2.0453 1.0236, 3.2749 -2.0405 1.0236, 3.0243 -1.8177 -1.083, 3.0243 -1.8176 -1.083, 3.0263 -1.813 -1.0832, 3.0263 -1.8129 -1.0832, 3.0294 -1.8089 -1.0832, 3.0334 -1.8058 -1.0832, 3.0335 -1.8058 -1.0832, 3.0381 -1.8039 -1.083, 3.0382 -1.8038 -1.083, 3.0776 -1.9965 -1.3774, 3.0777 -1.9977 -1.3774, 3.0822 -2.0055 -1.3757, 3.0822 -2.0056 -1.3757, 3.0799 -2.0053 -1.3757, 3.0822 -2.0094 -1.3731, 3.0822 -2.0095 -1.3731, 3.0789 -2.009 -1.3731, 3.0781 -2.0121 -1.3696, 3.0775 -2.0142 -1.3654, 3.0731 -2.0124 -1.3654, 3.0639 -1.9965 -1.3654, 3.0645 -2.0013 -1.3654, 3.0822 -2.0149 -1.3654, 3.0822 -2.0148 -1.3655, 3.0822 -2.0126 -1.3696, 3.0822 -2.0126 -1.3696, 3.064 -1.9965 -1.3655, 3.0667 -2.0007 -1.3696, 3.0742 -2.0105 -1.3696, 3.0693 -2.0095 -1.3654, 3.0661 -1.9965 -1.3696, 3.0662 -1.9965 -1.3696, 3.0697 -1.9999 -1.3731, 3.0757 -2.0078 -1.3731, 3.0708 -2.0079 -1.3696, 3.0693 -1.9965 -1.3731, 3.0693 -1.9965 -1.3731, 3.0735 -1.9989 -1.3757, 3.0731 -2.0057 -1.3731, 3.0777 -2.0044 -1.3757, 3.081 -2.001 -1.3774, 3.0663 -2.0057 -1.3654, 3.0683 -2.0046 -1.3696, 3.071 -2.003 -1.3731, 3.0744 -2.0011 -1.3757, 3.0782 -1.9989 -1.3774, 3.0822 -2.0012 -1.3774, 3.0822 -2.0012 -1.3774, 3.0758 -2.0029 -1.3757, 3.0799 -2.0006 -1.3774, 3.0789 -1.9998 -1.3774, 3.0731 -1.9965 -1.3757, 3.0732 -1.9965 -1.3757, 3.0776 -1.9965 -1.3774, 3.2749 -2.0405 -1.083, 3.2749 -2.0407 -1.083, 3.2729 -2.0453 -1.0832, 3.2729 -2.0453 -1.0832, 3.2698 -2.0494 -1.0832, 3.2658 -2.0525 -1.0832, 3.2657 -2.0525 -1.0832, 3.2611 -2.0544 -1.083, 3.261 -2.0544 -1.083, 3.0779 -1.8429 -1.3615, 3.0772 -1.843 -1.3616, 3.0739 -1.8445 -1.3619, 3.0726 -1.845 -1.362, 3.0686 -1.8481 -1.3621, 3.0673 -1.8498 -1.362, 3.0655 -1.8521 -1.362, 3.0635 -1.8568 -1.3616, 3.0634 -1.8575 -1.3615, 3.0639 -1.8618 -1.3654, 3.064 -1.8618 -1.3655, 3.0661 -1.8618 -1.3696, 3.0662 -1.8618 -1.3696, 3.0693 -1.8618 -1.3731, 3.0693 -1.8618 -1.3731, 3.0731 -1.8618 -1.3757, 3.0732 -1.8618 -1.3757, 3.0776 -1.8618 -1.3774, 3.0776 -1.8618 -1.3774, 3.217 -2.0149 -1.3654, 3.217 -2.0148 -1.3655, 3.217 -2.0126 -1.3696, 3.217 -2.0126 -1.3696, 3.217 -2.0095 -1.3731, 3.217 -2.0094 -1.3731, 3.217 -2.0056 -1.3757, 3.217 -2.0055 -1.3757, 3.217 -2.0012 -1.3774, 3.217 -2.0012 -1.3774, 3.2213 -2.0154 -1.3615, 3.222 -2.0153 -1.3616, 3.2253 -2.0138 -1.3619, 3.2266 -2.0133 -1.362, 3.2306 -2.0102 -1.3621, 3.232 -2.0085 -1.362, 3.2337 -2.0062 -1.362, 3.2357 -2.0015 -1.3616, 3.2358 -2.0008 -1.3615, 3.0822 -1.8571 -1.3774, 3.0812 -1.8572 -1.3774, 3.0786 -1.8588 -1.3774, 3.0793 -1.8581 -1.3774, 3.0734 -1.8597 -1.3757, 3.0696 -1.8589 -1.3731, 3.0743 -1.8452 -1.3654, 3.0781 -1.8439 -1.3654, 3.0643 -1.8577 -1.3654, 3.0657 -1.8538 -1.3654, 3.0665 -1.8582 -1.3696, 3.0822 -1.8434 -1.3654, 3.0822 -1.8435 -1.3655, 3.0786 -1.846 -1.3696, 3.0677 -1.8548 -1.3696, 3.0679 -1.8503 -1.3654, 3.0822 -1.8456 -1.3696, 3.0822 -1.8457 -1.3696, 3.0793 -1.8491 -1.3731, 3.0705 -1.8561 -1.3731, 3.0696 -1.8517 -1.3696, 3.0708 -1.8474 -1.3654, 3.0822 -1.8488 -1.3731, 3.0822 -1.8489 -1.3731, 3.0802 -1.8529 -1.3757, 3.0722 -1.8492 -1.3696, 3.0721 -1.8537 -1.3731, 3.074 -1.8578 -1.3757, 3.0777 -1.8607 -1.3774, 3.0766 -1.8547 -1.3757, 3.0752 -1.8472 -1.3696, 3.0766 -1.8501 -1.3731, 3.0783 -1.8536 -1.3757, 3.0802 -1.8575 -1.3774, 3.0741 -1.8516 -1.3731, 3.0751 -1.8561 -1.3757, 3.078 -1.8597 -1.3774, 3.0822 -1.8527 -1.3757, 3.0822 -1.8527 -1.3757, 3.0822 -1.8571 -1.3774, 3.218 -2.0011 -1.3774, 3.2206 -1.9994 -1.3774, 3.2199 -2.0002 -1.3774, 3.226 -1.9965 -1.3757, 3.2261 -1.9965 -1.3757, 3.2258 -1.9985 -1.3757, 3.2299 -1.9965 -1.3731, 3.23 -1.9965 -1.3731, 3.2296 -1.9994 -1.3731, 3.2249 -2.013 -1.3654, 3.2211 -2.0144 -1.3654, 3.2349 -2.0006 -1.3654, 3.2335 -2.0045 -1.3654, 3.2327 -2.0001 -1.3696, 3.2353 -1.9965 -1.3654, 3.2353 -1.9965 -1.3655, 3.2331 -1.9965 -1.3696, 3.233 -1.9965 -1.3696, 3.2206 -2.0122 -1.3696, 3.2315 -2.0035 -1.3696, 3.2313 -2.0079 -1.3654, 3.2199 -2.0092 -1.3731, 3.2287 -2.0021 -1.3731, 3.2296 -2.0066 -1.3696, 3.2284 -2.0109 -1.3654, 3.219 -2.0054 -1.3757, 3.227 -2.0091 -1.3696, 3.2271 -2.0046 -1.3731, 3.2252 -2.0005 -1.3757, 3.2215 -1.9976 -1.3774, 3.2226 -2.0036 -1.3757, 3.224 -2.011 -1.3696, 3.2226 -2.0082 -1.3731, 3.2209 -2.0047 -1.3757, 3.219 -2.0007 -1.3774, 3.2216 -1.9965 -1.3774, 3.2217 -1.9965 -1.3774, 3.2251 -2.0067 -1.3731, 3.2241 -2.0022 -1.3757, 3.2212 -1.9985 -1.3774, 3.217 -1.8434 -1.3654, 3.217 -1.8435 -1.3655, 3.217 -1.8456 -1.3696, 3.217 -1.8457 -1.3696, 3.217 -1.8488 -1.3731, 3.217 -1.8489 -1.3731, 3.217 -1.8527 -1.3757, 3.217 -1.8527 -1.3757, 3.217 -1.8571 -1.3774, 3.217 -1.8571 -1.3774, 3.2353 -1.8618 -1.3654, 3.2353 -1.8618 -1.3655, 3.2331 -1.8618 -1.3696, 3.233 -1.8618 -1.3696, 3.23 -1.8618 -1.3731, 3.2299 -1.8618 -1.3731, 3.2261 -1.8618 -1.3757, 3.226 -1.8618 -1.3757, 3.2217 -1.8618 -1.3774, 3.2216 -1.8618 -1.3774, 3.2215 -1.8606 -1.3774, 3.2193 -1.853 -1.3757, 3.2203 -1.8492 -1.3731, 3.2212 -1.8462 -1.3696, 3.2217 -1.844 -1.3654, 3.2262 -1.8459 -1.3654, 3.2357 -1.8568 -1.3616, 3.2337 -1.8521 -1.362, 3.2357 -1.8567 -1.3616, 3.2347 -1.857 -1.3654, 3.222 -1.843 -1.3616, 3.222 -1.843 -1.3616, 3.2266 -1.845 -1.362, 3.2266 -1.845 -1.362, 3.2306 -1.8481 -1.3621, 3.2326 -1.8576 -1.3696, 3.225 -1.8478 -1.3696, 3.23 -1.8488 -1.3654, 3.2295 -1.8584 -1.3731, 3.2235 -1.8505 -1.3731, 3.2284 -1.8504 -1.3696, 3.2258 -1.8594 -1.3757, 3.2262 -1.8526 -1.3731, 3.2215 -1.8539 -1.3757, 3.2182 -1.8572 -1.3774, 3.2337 -1.8521 -1.362, 3.2329 -1.8526 -1.3654, 3.2309 -1.8537 -1.3696, 3.2282 -1.8553 -1.3731, 3.2249 -1.8572 -1.3757, 3.221 -1.8594 -1.3774, 3.2234 -1.8553 -1.3757, 3.2193 -1.8577 -1.3774, 3.2203 -1.8585 -1.3774, 3.2729 -1.8129 -1.0832, 3.2729 -1.813 -1.0832, 3.2749 -1.8176 -1.083, 3.2749 -1.8177 -1.083, 3.2698 -1.8089 -1.0832, 3.2658 -1.8058 -1.0832, 3.2657 -1.8058 -1.0832, 3.2611 -1.8039 -1.083, 3.261 -1.8038 -1.083, 3.261 -1.8038 1.0236, 3.2657 -1.8058 1.0236, 3.2698 -1.8089 1.0236, 3.273 -1.813 1.0236, 3.2749 -1.8177 1.0236, 3.2749 -1.7323 1.1091, 3.2749 -1.7544 1.1062, 3.273 -1.7323 1.1043, 3.273 -1.7532 1.1016, 3.2698 -1.7323 1.1003, 3.2698 -1.7521 1.0976, 3.2657 -1.7323 1.0971, 3.2657 -1.7513 1.0946, 3.261 -1.7323 1.0952, 3.261 -1.7508 1.0927, 3.2749 -1.775 1.0976, 3.273 -1.7726 1.0935, 3.2698 -1.7706 1.09, 3.2657 -1.769 1.0873, 3.261 -1.7681 1.0856, 3.2749 -1.7927 1.0841, 3.273 -1.7894 1.0807, 3.2698 -1.7865 1.0778, 3.2657 -1.7843 1.0756, 3.261 -1.7829 1.0742, 3.2749 -1.8063 1.0664, 3.273 -1.8022 1.064, 3.2698 -1.7987 1.0619, 3.2657 -1.7959 1.0604, 3.261 -1.7942 1.0594, 3.2749 -1.8148 1.0457, 3.273 -1.8102 1.0445, 3.2698 -1.8063 1.0435, 3.2657 -1.8033 1.0426, 3.261 -1.8014 1.0421, 3.261 -1.6339 1.0952, 3.2657 -1.6339 1.0971, 3.2698 -1.6339 1.1003, 3.273 -1.6339 1.1043, 3.2749 -1.6339 1.1091, 3.261 -1.0433 1.3458, 3.261 -0.1499 1.3458, 3.2611 -0.1499 1.3458, 3.2657 -1.0433 1.3438, 3.2657 -0.1497 1.3438, 3.2658 -0.1497 1.3438, 3.2698 -1.0433 1.3407, 3.2698 -0.1496 1.3407, 3.2729 -0.1497 1.3367, 3.273 -1.0433 1.3366, 3.2729 -0.1497 1.3366, 3.2749 -0.1499 1.332, 3.2749 -1.0433 1.3319, 3.2749 -0.1499 1.3319, 3.0243 -1.0433 1.3319, 3.0243 -0.1499 1.3319, 3.0243 -0.1499 1.332, 3.0263 -1.0433 1.3366, 3.0263 -0.1497 1.3366, 3.0263 -0.1497 1.3367, 3.0294 -1.0433 1.3407, 3.0294 -0.1496 1.3407, 3.0334 -0.1497 1.3438, 3.0335 -1.0433 1.3438, 3.0335 -0.1497 1.3438, 3.0381 -0.1499 1.3458, 3.0382 -1.0433 1.3458, 3.0382 -0.1499 1.3458, 3.2179 0.1283 1.3072, 3.2358 0.1287 1.2925, 3.2357 0.1287 1.2928, 3.234 0.1291 1.2969, 3.2337 0.1291 1.2975, 3.2306 0.1292 1.3015, 3.2275 0.1292 1.3039, 3.2266 0.1291 1.3046, 3.2265 0.1291 1.3046, 3.2191 0.1284 1.307, 3.2231 0.1288 1.3061, 3.222 0.1287 1.3066, 3.2218 0.1287 1.3066, 3.2205 0.1286 1.3068, 3.0822 0.1325 1.3062, 3.217 0.1325 1.3062, 3.0822 0.1327 1.3061, 3.217 0.1327 1.3061, 3.0822 0.1367 1.304, 3.217 0.1367 1.304, 3.0822 0.1368 1.3039, 3.217 0.1368 1.3039, 3.0822 0.1402 1.3008, 3.217 0.1402 1.3008, 3.0822 0.1403 1.3008, 3.217 0.1403 1.3008, 3.0822 0.1429 1.2969, 3.217 0.1429 1.2969, 3.0822 0.1429 1.2969, 3.217 0.1429 1.2969, 3.0822 0.1445 1.2925, 3.217 0.1445 1.2925, 3.0822 0.1445 1.2925, 3.217 0.1445 1.2925, 3.0813 0.1283 1.3072, 3.0801 0.1284 1.307, 3.0788 0.1286 1.3068, 3.0774 0.1287 1.3066, 3.0772 0.1287 1.3066, 3.0761 0.1288 1.3061, 3.0727 0.1291 1.3046, 3.0726 0.1291 1.3046, 3.0717 0.1292 1.3039, 3.0686 0.1292 1.3015, 3.068 0.1292 1.3008, 3.0655 0.1291 1.2975, 3.0635 0.1287 1.2928, 3.0634 0.1287 1.2925, 3.2749 -1.0433 1.1091, 3.2749 -0.1499 1.1091, 3.2749 -0.1499 1.109, 3.273 -1.0433 1.1043, 3.2729 -0.1497 1.1043, 3.2729 -0.1497 1.1043, 3.2698 -1.0433 1.1003, 3.2698 -0.1496 1.1003, 3.2658 -0.1497 1.0972, 3.2657 -1.0433 1.0971, 3.2657 -0.1497 1.0971, 3.2611 -0.1499 1.0952, 3.261 -1.0433 1.0952, 3.261 -0.1499 1.0952, 3.2353 0.1327 1.2878, 3.2331 0.1367 1.2878, 3.2326 0.1364 1.2925, 3.233 0.1368 1.2878, 3.23 0.1402 1.2878, 3.2296 0.1398 1.2925, 3.2299 0.1403 1.2878, 3.2261 0.1429 1.2878, 3.2258 0.1424 1.2925, 3.2308 0.1308 1.3008, 3.2275 0.1295 1.304, 3.2353 0.1325 1.2878, 3.2348 0.1323 1.2925, 3.2333 0.1317 1.2969, 3.2228 0.1295 1.3062, 3.2187 0.1323 1.3062, 3.2197 0.1364 1.304, 3.2205 0.1398 1.3008, 3.2211 0.1424 1.2969, 3.2215 0.144 1.2925, 3.2216 0.1445 1.2878, 3.2217 0.1445 1.2878, 3.226 0.1429 1.2878, 3.225 0.1409 1.2969, 3.2238 0.1385 1.3008, 3.2222 0.1354 1.304, 3.2203 0.1317 1.3062, 3.2285 0.1385 1.2969, 3.2267 0.1365 1.3008, 3.2244 0.1339 1.304, 3.2217 0.1308 1.3062, 3.2313 0.1354 1.2969, 3.2291 0.1339 1.3008, 3.2262 0.1319 1.304, 3.0776 0.1445 1.2878, 3.0776 0.1445 1.2878, 3.0777 0.144 1.2925, 3.0732 0.1429 1.2878, 3.0731 0.1429 1.2878, 3.0734 0.1424 1.2925, 3.0693 0.1403 1.2878, 3.0693 0.1402 1.2878, 3.0696 0.1398 1.2925, 3.0662 0.1368 1.2878, 3.0661 0.1367 1.2878, 3.0666 0.1364 1.2925, 3.064 0.1327 1.2878, 3.0639 0.1325 1.2878, 3.0644 0.1323 1.2925, 3.0764 0.1295 1.3062, 3.0805 0.1323 1.3062, 3.073 0.1319 1.304, 3.0717 0.1295 1.304, 3.0684 0.1308 1.3008, 3.066 0.1317 1.2969, 3.0795 0.1364 1.304, 3.0787 0.1398 1.3008, 3.0781 0.1424 1.2969, 3.0679 0.1354 1.2969, 3.0701 0.1339 1.3008, 3.0707 0.1385 1.2969, 3.0725 0.1365 1.3008, 3.0748 0.1339 1.304, 3.0775 0.1308 1.3062, 3.0742 0.1409 1.2969, 3.0754 0.1385 1.3008, 3.077 0.1354 1.304, 3.0789 0.1317 1.3062, 3.0382 -1.0433 1.0952, 3.0382 -0.1499 1.0952, 3.0381 -0.1499 1.0952, 3.0335 -1.0433 1.0971, 3.0335 -0.1497 1.0971, 3.0334 -0.1497 1.0972, 3.0294 -1.0433 1.1003, 3.0294 -0.1496 1.1003, 3.0263 -0.1497 1.1043, 3.0263 -1.0433 1.1043, 3.0263 -0.1497 1.1043, 3.0243 -0.1499 1.109, 3.0243 -1.0433 1.1091, 3.0243 -0.1499 1.1091, 3.2179 0.1283 1.1337, 3.2191 0.1284 1.1339, 3.222 0.1287 1.1344, 3.2231 0.1288 1.1348, 3.2205 0.1286 1.1341, 3.2218 0.1287 1.1343, 3.2265 0.1291 1.1363, 3.2266 0.1291 1.1363, 3.2275 0.1292 1.1371, 3.2306 0.1292 1.1394, 3.2312 0.1292 1.1402, 3.2337 0.1291 1.1435, 3.2357 0.1287 1.1481, 3.2358 0.1287 1.1484, 3.2353 0.1325 1.1531, 3.2353 0.1327 1.1531, 3.2331 0.1367 1.1531, 3.233 0.1368 1.1531, 3.23 0.1402 1.1531, 3.2299 0.1403 1.1531, 3.2261 0.1429 1.1531, 3.226 0.1429 1.1531, 3.2217 0.1445 1.1531, 3.2216 0.1445 1.1531, 3.0639 0.1325 1.1531, 3.064 0.1327 1.1531, 3.0661 0.1367 1.1531, 3.0662 0.1368 1.1531, 3.0693 0.1402 1.1531, 3.0693 0.1403 1.1531, 3.0731 0.1429 1.1531, 3.0732 0.1429 1.1531, 3.0776 0.1445 1.1531, 3.0776 0.1445 1.1531, 3.0634 0.1287 1.1484, 3.0635 0.1287 1.1481, 3.0652 0.1291 1.144, 3.0655 0.1291 1.1435, 3.0686 0.1292 1.1394, 3.0717 0.1292 1.1371, 3.0726 0.1291 1.1363, 3.0813 0.1283 1.1337, 3.0801 0.1284 1.1339, 3.0727 0.1291 1.1363, 3.0761 0.1288 1.1348, 3.0772 0.1287 1.1344, 3.0774 0.1287 1.1343, 3.0788 0.1286 1.1341, 3.2348 0.1323 1.1484, 3.2326 0.1364 1.1484, 3.2296 0.1398 1.1484, 3.2258 0.1424 1.1484, 3.2228 0.1295 1.1348, 3.2187 0.1323 1.1348, 3.2262 0.1319 1.137, 3.2275 0.1295 1.137, 3.2308 0.1308 1.1401, 3.2333 0.1317 1.144, 3.2215 0.144 1.1484, 3.217 0.1445 1.1485, 3.2211 0.1424 1.144, 3.217 0.1429 1.1441, 3.217 0.1445 1.1484, 3.2205 0.1398 1.1401, 3.217 0.1403 1.1402, 3.217 0.1429 1.144, 3.2197 0.1364 1.137, 3.217 0.1368 1.1371, 3.217 0.1402 1.1401, 3.2313 0.1354 1.144, 3.2291 0.1339 1.1401, 3.217 0.1325 1.1348, 3.217 0.1327 1.1348, 3.217 0.1367 1.137, 3.225 0.1409 1.144, 3.2238 0.1385 1.1401, 3.2222 0.1354 1.137, 3.2203 0.1317 1.1348, 3.2285 0.1385 1.144, 3.2267 0.1365 1.1401, 3.2244 0.1339 1.137, 3.2217 0.1308 1.1348, 3.0822 0.1445 1.1485, 3.0822 0.1445 1.1484, 3.0777 0.144 1.1484, 3.0644 0.1323 1.1484, 3.066 0.1317 1.144, 3.0717 0.1295 1.137, 3.0764 0.1295 1.1348, 3.0775 0.1308 1.1348, 3.0789 0.1317 1.1348, 3.0805 0.1323 1.1348, 3.0822 0.1325 1.1348, 3.0666 0.1364 1.1484, 3.0696 0.1398 1.1484, 3.0734 0.1424 1.1484, 3.0781 0.1424 1.144, 3.0742 0.1409 1.144, 3.0707 0.1385 1.144, 3.0679 0.1354 1.144, 3.0822 0.1429 1.1441, 3.0822 0.1429 1.144, 3.0822 0.1403 1.1402, 3.0787 0.1398 1.1401, 3.0754 0.1385 1.1401, 3.0725 0.1365 1.1401, 3.0701 0.1339 1.1401, 3.0684 0.1308 1.1401, 3.073 0.1319 1.137, 3.0748 0.1339 1.137, 3.077 0.1354 1.137, 3.0795 0.1364 1.137, 3.0822 0.1402 1.1401, 3.0822 0.1368 1.1371, 3.0822 0.1367 1.137, 3.0822 0.1327 1.1348
            ]
        }
        coordIndex [
            0,1,2,-1,2,1,3,-1,4,5,6,-1,6,5,7,-1,8,9,10,-1,10,9,11,-1,12,13,14,-1,14,13,15,-1,1,0,16,-1,1,16,17,-1,17,16,18,-1,17,18,19,-1,19,18,20,-1,19,20,21,-1,21,20,22,-1,21,22,23,-1,23,22,24,-1,23,24,25,-1,25,24,26,-1,25,26,27,-1,6,7,28,-1,28,7,29,-1,28,29,30,-1,30,29,31,-1,30,31,32,-1,32,31,33,-1,32,33,34,-1,34,33,35,-1,34,35,36,-1,36,35,37,-1,36,37,38,-1,38,37,39,-1,40,41,42,-1,42,41,43,-1,42,43,44,-1,44,43,45,-1,44,45,46,-1,46,45,47,-1,46,47,48,-1,48,47,49,-1,48,49,50,-1,50,49,51,-1,50,51,8,-1,8,51,9,-1,52,53,54,-1,54,53,55,-1,54,55,56,-1,56,55,57,-1,56,57,58,-1,58,57,59,-1,58,59,60,-1,60,59,61,-1,60,61,62,-1,62,61,63,-1,62,63,15,-1,15,63,14,-1,64,65,26,-1,26,65,27,-1,38,39,66,-1,66,39,67,-1,68,69,40,-1,40,69,41,-1,53,52,70,-1,70,52,71,-1,72,73,74,-1,74,73,75,-1,76,77,78,-1,78,77,79,-1,80,81,82,-1,82,81,83,-1,84,85,86,-1,86,85,87,-1,88,89,90,-1,90,89,91,-1,92,93,94,-1,94,93,95,-1,96,97,98,-1,98,97,99,-1,100,101,102,-1,102,101,103,-1,104,105,106,-1,106,105,107,-1,108,109,110,-1,110,109,111,-1,97,96,112,-1,97,112,113,-1,113,112,114,-1,113,114,115,-1,115,114,116,-1,115,116,117,-1,117,116,118,-1,117,118,119,-1,119,118,120,-1,119,120,121,-1,121,120,122,-1,121,122,123,-1,102,103,124,-1,124,103,125,-1,124,125,126,-1,126,125,127,-1,126,127,128,-1,128,127,129,-1,128,129,130,-1,130,129,131,-1,130,131,132,-1,132,131,133,-1,132,133,134,-1,134,133,135,-1,136,137,138,-1,138,137,139,-1,138,139,140,-1,140,139,141,-1,140,141,142,-1,142,141,143,-1,142,143,144,-1,144,143,145,-1,144,145,146,-1,146,145,147,-1,146,147,104,-1,104,147,105,-1,148,149,150,-1,150,149,151,-1,150,151,152,-1,152,151,153,-1,152,153,154,-1,154,153,155,-1,154,155,156,-1,156,155,157,-1,156,157,158,-1,158,157,159,-1,158,159,111,-1,111,159,110,-1,160,161,122,-1,122,161,123,-1,134,135,162,-1,162,135,163,-1,164,165,136,-1,136,165,137,-1,149,148,166,-1,166,148,167,-1,168,169,170,-1,170,169,171,-1,172,173,174,-1,174,173,175,-1,176,177,178,-1,178,177,179,-1,180,181,182,-1,182,181,183,-1,184,185,186,-1,186,185,187,-1,188,189,190,-1,190,189,191,-1,192,193,194,-1,194,193,195,-1,196,197,198,-1,198,197,199,-1,200,201,202,-1,202,201,203,-1,204,205,206,-1,206,205,207,-1,193,192,208,-1,193,208,209,-1,209,208,210,-1,209,210,211,-1,211,210,212,-1,211,212,213,-1,213,212,214,-1,213,214,215,-1,215,214,216,-1,215,216,217,-1,217,216,218,-1,217,218,219,-1,198,199,220,-1,220,199,221,-1,220,221,222,-1,222,221,223,-1,222,223,224,-1,224,223,225,-1,224,225,226,-1,226,225,227,-1,226,227,228,-1,228,227,229,-1,228,229,230,-1,230,229,231,-1,232,233,234,-1,234,233,235,-1,234,235,236,-1,236,235,237,-1,236,237,238,-1,238,237,239,-1,238,239,240,-1,240,239,241,-1,240,241,242,-1,242,241,243,-1,242,243,200,-1,200,243,201,-1,244,245,246,-1,246,245,247,-1,246,247,248,-1,248,247,249,-1,248,249,250,-1,250,249,251,-1,250,251,252,-1,252,251,253,-1,252,253,254,-1,254,253,255,-1,254,255,207,-1,207,255,206,-1,256,257,218,-1,218,257,219,-1,230,231,258,-1,258,231,259,-1,260,261,232,-1,232,261,233,-1,245,244,262,-1,262,244,263,-1,264,265,266,-1,266,265,267,-1,268,269,270,-1,270,269,271,-1,272,273,274,-1,274,273,275,-1,276,277,278,-1,278,277,279,-1,280,281,282,-1,282,281,283,-1,284,285,286,-1,286,285,287,-1,288,289,290,-1,290,289,291,-1,292,293,294,-1,294,293,295,-1,296,297,298,-1,298,297,299,-1,300,301,302,-1,302,301,303,-1,289,288,304,-1,289,304,305,-1,305,304,306,-1,305,306,307,-1,307,306,308,-1,307,308,309,-1,309,308,310,-1,309,310,311,-1,311,310,312,-1,311,312,313,-1,313,312,314,-1,313,314,315,-1,294,295,316,-1,316,295,317,-1,316,317,318,-1,318,317,319,-1,318,319,320,-1,320,319,321,-1,320,321,322,-1,322,321,323,-1,322,323,324,-1,324,323,325,-1,324,325,326,-1,326,325,327,-1,328,329,330,-1,330,329,331,-1,330,331,332,-1,332,331,333,-1,332,333,334,-1,334,333,335,-1,334,335,336,-1,336,335,337,-1,336,337,338,-1,338,337,339,-1,338,339,296,-1,296,339,297,-1,340,341,342,-1,342,341,343,-1,342,343,344,-1,344,343,345,-1,344,345,346,-1,346,345,347,-1,346,347,348,-1,348,347,349,-1,348,349,350,-1,350,349,351,-1,350,351,303,-1,303,351,302,-1,352,353,314,-1,314,353,315,-1,326,327,354,-1,354,327,355,-1,356,357,328,-1,328,357,329,-1,341,340,358,-1,358,340,359,-1,360,361,362,-1,362,361,363,-1,364,365,366,-1,366,365,367,-1,368,369,370,-1,370,369,371,-1,372,373,374,-1,374,373,375,-1,376,377,378,-1,378,377,379,-1,380,381,382,-1,382,381,383,-1,384,385,386,-1,386,385,387,-1,388,389,390,-1,390,389,391,-1,392,393,394,-1,394,393,395,-1,396,397,398,-1,398,397,399,-1,385,384,400,-1,385,400,401,-1,401,400,402,-1,401,402,403,-1,403,402,404,-1,403,404,405,-1,405,404,406,-1,405,406,407,-1,407,406,408,-1,407,408,409,-1,409,408,410,-1,409,410,411,-1,390,391,412,-1,412,391,413,-1,412,413,414,-1,414,413,415,-1,414,415,416,-1,416,415,417,-1,416,417,418,-1,418,417,419,-1,418,419,420,-1,420,419,421,-1,420,421,422,-1,422,421,423,-1,424,425,426,-1,426,425,427,-1,426,427,428,-1,428,427,429,-1,428,429,430,-1,430,429,431,-1,430,431,432,-1,432,431,433,-1,432,433,434,-1,434,433,435,-1,434,435,392,-1,392,435,393,-1,436,437,438,-1,438,437,439,-1,438,439,440,-1,440,439,441,-1,440,441,442,-1,442,441,443,-1,442,443,444,-1,444,443,445,-1,444,445,446,-1,446,445,447,-1,446,447,399,-1,399,447,398,-1,448,449,410,-1,410,449,411,-1,422,423,450,-1,450,423,451,-1,452,453,424,-1,424,453,425,-1,437,436,454,-1,454,436,455,-1,456,457,458,-1,458,457,459,-1,460,461,462,-1,462,461,463,-1,464,465,466,-1,466,465,467,-1,468,469,470,-1,470,469,471,-1,472,473,474,-1,474,473,475,-1,476,477,478,-1,478,477,479,-1,480,481,482,-1,482,481,483,-1,484,485,486,-1,486,485,487,-1,488,489,490,-1,490,489,491,-1,492,493,494,-1,494,493,495,-1,481,480,496,-1,481,496,497,-1,497,496,498,-1,497,498,499,-1,499,498,500,-1,499,500,501,-1,501,500,502,-1,501,502,503,-1,503,502,504,-1,503,504,505,-1,505,504,506,-1,505,506,507,-1,486,487,508,-1,508,487,509,-1,508,509,510,-1,510,509,511,-1,510,511,512,-1,512,511,513,-1,512,513,514,-1,514,513,515,-1,514,515,516,-1,516,515,517,-1,516,517,518,-1,518,517,519,-1,520,521,522,-1,522,521,523,-1,522,523,524,-1,524,523,525,-1,524,525,526,-1,526,525,527,-1,526,527,528,-1,528,527,529,-1,528,529,530,-1,530,529,531,-1,530,531,488,-1,488,531,489,-1,532,533,534,-1,534,533,535,-1,534,535,536,-1,536,535,537,-1,536,537,538,-1,538,537,539,-1,538,539,540,-1,540,539,541,-1,540,541,542,-1,542,541,543,-1,542,543,495,-1,495,543,494,-1,544,545,506,-1,506,545,507,-1,518,519,546,-1,546,519,547,-1,548,549,520,-1,520,549,521,-1,533,532,550,-1,550,532,551,-1,552,553,554,-1,554,553,555,-1,556,557,558,-1,558,557,559,-1,560,561,562,-1,562,561,563,-1,564,565,566,-1,566,565,567,-1,568,569,570,-1,570,569,571,-1,572,573,574,-1,574,573,575,-1,576,577,578,-1,578,577,579,-1,580,581,582,-1,582,581,583,-1,584,585,586,-1,586,585,587,-1,588,589,590,-1,590,589,591,-1,577,576,592,-1,577,592,593,-1,593,592,594,-1,593,594,595,-1,595,594,596,-1,595,596,597,-1,597,596,598,-1,597,598,599,-1,599,598,600,-1,599,600,601,-1,601,600,602,-1,601,602,603,-1,582,583,604,-1,604,583,605,-1,604,605,606,-1,606,605,607,-1,606,607,608,-1,608,607,609,-1,608,609,610,-1,610,609,611,-1,610,611,612,-1,612,611,613,-1,612,613,614,-1,614,613,615,-1,616,617,618,-1,618,617,619,-1,618,619,620,-1,620,619,621,-1,620,621,622,-1,622,621,623,-1,622,623,624,-1,624,623,625,-1,624,625,626,-1,626,625,627,-1,626,627,584,-1,584,627,585,-1,628,629,630,-1,630,629,631,-1,630,631,632,-1,632,631,633,-1,632,633,634,-1,634,633,635,-1,634,635,636,-1,636,635,637,-1,636,637,638,-1,638,637,639,-1,638,639,591,-1,591,639,590,-1,640,641,602,-1,602,641,603,-1,614,615,642,-1,642,615,643,-1,644,645,616,-1,616,645,617,-1,629,628,646,-1,646,628,647,-1,648,649,650,-1,650,649,651,-1,652,653,654,-1,654,653,655,-1,656,657,658,-1,658,657,659,-1,660,661,662,-1,662,661,663,-1,664,665,666,-1,666,665,667,-1,668,669,670,-1,670,669,671,-1,672,673,674,-1,674,673,675,-1,676,677,678,-1,678,677,679,-1,680,681,682,-1,682,681,683,-1,684,685,686,-1,686,685,687,-1,673,672,688,-1,673,688,689,-1,689,688,690,-1,689,690,691,-1,691,690,692,-1,691,692,693,-1,693,692,694,-1,693,694,695,-1,695,694,696,-1,695,696,697,-1,697,696,698,-1,697,698,699,-1,678,679,700,-1,700,679,701,-1,700,701,702,-1,702,701,703,-1,702,703,704,-1,704,703,705,-1,704,705,706,-1,706,705,707,-1,706,707,708,-1,708,707,709,-1,708,709,710,-1,710,709,711,-1,712,713,714,-1,714,713,715,-1,714,715,716,-1,716,715,717,-1,716,717,718,-1,718,717,719,-1,718,719,720,-1,720,719,721,-1,720,721,722,-1,722,721,723,-1,722,723,680,-1,680,723,681,-1,724,725,726,-1,726,725,727,-1,726,727,728,-1,728,727,729,-1,728,729,730,-1,730,729,731,-1,730,731,732,-1,732,731,733,-1,732,733,734,-1,734,733,735,-1,734,735,687,-1,687,735,686,-1,736,737,698,-1,698,737,699,-1,710,711,738,-1,738,711,739,-1,740,741,712,-1,712,741,713,-1,725,724,742,-1,742,724,743,-1,744,745,746,-1,746,745,747,-1,748,749,750,-1,750,749,751,-1,752,753,754,-1,754,753,755,-1,756,757,758,-1,758,757,759,-1,760,761,762,-1,762,761,763,-1,764,765,766,-1,766,765,767,-1,768,769,64,-1,64,769,770,-1,64,770,65,-1,65,770,771,-1,772,773,71,-1,71,773,774,-1,71,774,70,-1,70,774,775,-1,776,777,67,-1,67,777,778,-1,67,778,66,-1,66,778,779,-1,780,781,68,-1,68,781,782,-1,68,782,69,-1,69,782,783,-1,784,785,80,-1,80,785,786,-1,80,786,81,-1,81,786,787,-1,84,788,789,-1,84,789,85,-1,85,789,790,-1,85,790,791,-1,792,793,76,-1,76,793,794,-1,76,794,77,-1,77,794,795,-1,796,797,91,-1,91,797,798,-1,91,798,90,-1,90,798,799,-1,160,800,801,-1,160,801,161,-1,161,801,802,-1,161,802,803,-1,167,804,805,-1,167,805,166,-1,166,805,806,-1,166,806,807,-1,163,808,809,-1,163,809,162,-1,162,809,810,-1,162,810,811,-1,164,812,813,-1,164,813,165,-1,165,813,814,-1,165,814,815,-1,176,816,817,-1,176,817,177,-1,177,817,818,-1,177,818,819,-1,820,821,180,-1,180,821,822,-1,180,822,181,-1,181,822,823,-1,172,824,825,-1,172,825,173,-1,173,825,826,-1,173,826,827,-1,828,829,187,-1,187,829,830,-1,187,830,186,-1,186,830,831,-1,256,832,833,-1,256,833,257,-1,257,833,834,-1,257,834,835,-1,836,837,263,-1,263,837,838,-1,263,838,262,-1,262,838,839,-1,840,841,259,-1,259,841,842,-1,259,842,258,-1,258,842,843,-1,260,844,845,-1,260,845,261,-1,261,845,846,-1,261,846,847,-1,272,848,849,-1,272,849,273,-1,273,849,850,-1,273,850,851,-1,852,853,276,-1,276,853,854,-1,276,854,277,-1,277,854,855,-1,268,856,857,-1,268,857,269,-1,269,857,858,-1,269,858,859,-1,860,861,283,-1,283,861,862,-1,283,862,282,-1,282,862,863,-1,864,865,352,-1,352,865,866,-1,352,866,353,-1,353,866,867,-1,868,869,359,-1,359,869,870,-1,359,870,358,-1,358,870,871,-1,355,872,873,-1,355,873,354,-1,354,873,874,-1,354,874,875,-1,356,876,877,-1,356,877,357,-1,357,877,878,-1,357,878,879,-1,368,880,881,-1,368,881,369,-1,369,881,882,-1,369,882,883,-1,884,885,372,-1,372,885,886,-1,372,886,373,-1,373,886,887,-1,888,889,364,-1,364,889,890,-1,364,890,365,-1,365,890,891,-1,892,893,379,-1,379,893,894,-1,379,894,378,-1,378,894,895,-1,448,896,897,-1,448,897,449,-1,449,897,898,-1,449,898,899,-1,455,900,901,-1,455,901,454,-1,454,901,902,-1,454,902,903,-1,451,904,905,-1,451,905,450,-1,450,905,906,-1,450,906,907,-1,452,908,909,-1,452,909,453,-1,453,909,910,-1,453,910,911,-1,912,913,464,-1,464,913,914,-1,464,914,465,-1,465,914,915,-1,916,917,468,-1,468,917,918,-1,468,918,469,-1,469,918,919,-1,920,921,460,-1,460,921,922,-1,460,922,461,-1,461,922,923,-1,475,924,925,-1,475,925,474,-1,474,925,926,-1,474,926,927,-1,928,929,544,-1,544,929,930,-1,544,930,545,-1,545,930,931,-1,551,932,933,-1,551,933,550,-1,550,933,934,-1,550,934,935,-1,936,937,547,-1,547,937,938,-1,547,938,546,-1,546,938,939,-1,548,940,941,-1,548,941,549,-1,549,941,942,-1,549,942,943,-1,944,945,560,-1,560,945,946,-1,560,946,561,-1,561,946,947,-1,564,948,949,-1,564,949,565,-1,565,949,950,-1,565,950,951,-1,556,952,953,-1,556,953,557,-1,557,953,954,-1,557,954,955,-1,956,957,571,-1,571,957,958,-1,571,958,570,-1,570,958,959,-1,960,961,640,-1,640,961,962,-1,640,962,641,-1,641,962,963,-1,964,965,647,-1,647,965,966,-1,647,966,646,-1,646,966,967,-1,968,969,643,-1,643,969,970,-1,643,970,642,-1,642,970,971,-1,644,972,973,-1,644,973,645,-1,645,973,974,-1,645,974,975,-1,976,977,656,-1,656,977,978,-1,656,978,657,-1,657,978,979,-1,660,980,981,-1,660,981,661,-1,661,981,982,-1,661,982,983,-1,984,985,652,-1,652,985,986,-1,652,986,653,-1,653,986,987,-1,667,988,989,-1,667,989,666,-1,666,989,990,-1,666,990,991,-1,736,992,993,-1,736,993,737,-1,737,993,994,-1,737,994,995,-1,996,997,743,-1,743,997,998,-1,743,998,742,-1,742,998,999,-1,739,1000,1001,-1,739,1001,738,-1,738,1001,1002,-1,738,1002,1003,-1,740,1004,1005,-1,740,1005,741,-1,741,1005,1006,-1,741,1006,1007,-1,752,1008,1009,-1,752,1009,753,-1,753,1009,1010,-1,753,1010,1011,-1,756,1012,1013,-1,756,1013,757,-1,757,1013,1014,-1,757,1014,1015,-1,748,1016,1017,-1,748,1017,749,-1,749,1017,1018,-1,749,1018,1019,-1,1020,1021,763,-1,763,1021,1022,-1,763,1022,762,-1,762,1022,1023,-1,0,2,1024,-1,0,1024,1025,-1,1025,1024,1026,-1,1025,1026,1027,-1,1027,1026,1028,-1,1027,1028,1029,-1,1029,1028,1030,-1,1029,1030,1031,-1,1031,1030,1032,-1,1031,1032,1033,-1,1033,1032,12,-1,1033,12,14,-1,26,24,1034,-1,1034,24,1035,-1,1034,1035,1036,-1,1036,1035,1037,-1,1036,1037,1038,-1,1038,1037,1039,-1,1038,1039,1040,-1,1040,1039,1041,-1,1040,1041,1042,-1,1042,1041,1043,-1,1042,1043,53,-1,53,1043,55,-1,24,22,1035,-1,1035,22,1044,-1,1035,1044,1037,-1,1037,1044,1045,-1,1037,1045,1039,-1,1039,1045,1046,-1,1039,1046,1041,-1,1041,1046,1047,-1,1041,1047,1043,-1,1043,1047,1048,-1,1043,1048,55,-1,55,1048,57,-1,22,20,1044,-1,1044,20,1049,-1,1044,1049,1045,-1,1045,1049,1050,-1,1045,1050,1046,-1,1046,1050,1051,-1,1046,1051,1047,-1,1047,1051,1052,-1,1047,1052,1048,-1,1048,1052,1053,-1,1048,1053,57,-1,57,1053,59,-1,20,18,1049,-1,1049,18,1054,-1,1049,1054,1050,-1,1050,1054,1055,-1,1050,1055,1051,-1,1051,1055,1056,-1,1051,1056,1052,-1,1052,1056,1057,-1,1052,1057,1053,-1,1053,1057,1058,-1,1053,1058,59,-1,59,1058,61,-1,18,16,1054,-1,1054,16,1059,-1,1054,1059,1055,-1,1055,1059,1060,-1,1055,1060,1056,-1,1056,1060,1061,-1,1056,1061,1057,-1,1057,1061,1062,-1,1057,1062,1058,-1,1058,1062,1063,-1,1058,1063,61,-1,61,1063,63,-1,16,0,1059,-1,1059,0,1025,-1,1059,1025,1060,-1,1060,1025,1027,-1,1060,1027,1061,-1,1061,1027,1029,-1,1061,1029,1062,-1,1062,1029,1031,-1,1062,1031,1063,-1,1063,1031,1033,-1,1063,1033,63,-1,63,1033,14,-1,15,13,1064,-1,15,1064,1065,-1,1065,1064,1066,-1,1065,1066,1067,-1,1067,1066,1068,-1,1067,1068,1069,-1,1069,1068,1070,-1,1069,1070,1071,-1,1071,1070,1072,-1,1071,1072,1073,-1,1073,1072,11,-1,1073,11,9,-1,768,64,26,-1,768,26,1074,-1,1074,26,1034,-1,1074,1034,1075,-1,1075,1034,1036,-1,1075,1036,1076,-1,1076,1036,1077,-1,1077,1036,1038,-1,1077,1038,1078,-1,1078,1038,1079,-1,1079,1038,1040,-1,1079,1040,1080,-1,1080,1040,1081,-1,1081,1040,1042,-1,1081,1042,1082,-1,53,70,1042,-1,1042,70,775,-1,1042,775,1082,-1,7,5,1083,-1,7,1083,1084,-1,1084,1083,1085,-1,1084,1085,1086,-1,1086,1085,1087,-1,1086,1087,1088,-1,1088,1087,1089,-1,1088,1089,1090,-1,1090,1089,1091,-1,1090,1091,1092,-1,1092,1091,3,-1,1092,3,1,-1,52,54,1093,-1,1093,54,1094,-1,1093,1094,1095,-1,1095,1094,1096,-1,1095,1096,1097,-1,1097,1096,1098,-1,1097,1098,1099,-1,1099,1098,1100,-1,1099,1100,1101,-1,1101,1100,1102,-1,1101,1102,41,-1,41,1102,43,-1,54,56,1094,-1,1094,56,1103,-1,1094,1103,1096,-1,1096,1103,1104,-1,1096,1104,1098,-1,1098,1104,1105,-1,1098,1105,1100,-1,1100,1105,1106,-1,1100,1106,1102,-1,1102,1106,1107,-1,1102,1107,43,-1,43,1107,45,-1,56,58,1103,-1,1103,58,1108,-1,1103,1108,1104,-1,1104,1108,1109,-1,1104,1109,1105,-1,1105,1109,1110,-1,1105,1110,1106,-1,1106,1110,1111,-1,1106,1111,1107,-1,1107,1111,1112,-1,1107,1112,45,-1,45,1112,47,-1,58,60,1108,-1,1108,60,1113,-1,1108,1113,1109,-1,1109,1113,1114,-1,1109,1114,1110,-1,1110,1114,1115,-1,1110,1115,1111,-1,1111,1115,1116,-1,1111,1116,1112,-1,1112,1116,1117,-1,1112,1117,47,-1,47,1117,49,-1,60,62,1113,-1,1113,62,1118,-1,1113,1118,1114,-1,1114,1118,1119,-1,1114,1119,1115,-1,1115,1119,1120,-1,1115,1120,1116,-1,1116,1120,1121,-1,1116,1121,1117,-1,1117,1121,1122,-1,1117,1122,49,-1,49,1122,51,-1,62,15,1118,-1,1118,15,1065,-1,1118,1065,1119,-1,1119,1065,1067,-1,1119,1067,1120,-1,1120,1067,1069,-1,1120,1069,1121,-1,1121,1069,1071,-1,1121,1071,1122,-1,1122,1071,1073,-1,1122,1073,51,-1,51,1073,9,-1,1079,1080,1123,-1,1123,1080,1081,-1,1123,1081,774,-1,774,1081,1082,-1,774,1082,775,-1,1123,1124,1079,-1,1079,1124,1125,-1,1079,1125,1078,-1,1078,1125,1126,-1,1126,1127,1078,-1,1078,1127,1128,-1,1078,1128,1077,-1,1077,1128,1129,-1,1077,1129,1076,-1,1076,1129,1130,-1,1076,1130,1075,-1,1075,1130,1131,-1,1075,1131,1074,-1,1074,1131,769,-1,1074,769,768,-1,1,17,1092,-1,1092,17,1132,-1,1092,1132,1090,-1,1090,1132,1133,-1,1090,1133,1088,-1,1088,1133,1134,-1,1088,1134,1086,-1,1086,1134,1135,-1,1086,1135,1084,-1,1084,1135,1136,-1,1084,1136,7,-1,7,1136,29,-1,17,19,1132,-1,1132,19,1137,-1,1132,1137,1133,-1,1133,1137,1138,-1,1133,1138,1134,-1,1134,1138,1139,-1,1134,1139,1135,-1,1135,1139,1140,-1,1135,1140,1136,-1,1136,1140,1141,-1,1136,1141,29,-1,29,1141,31,-1,19,21,1137,-1,1137,21,1142,-1,1137,1142,1138,-1,1138,1142,1143,-1,1138,1143,1139,-1,1139,1143,1144,-1,1139,1144,1140,-1,1140,1144,1145,-1,1140,1145,1141,-1,1141,1145,1146,-1,1141,1146,31,-1,31,1146,33,-1,21,23,1142,-1,1142,23,1147,-1,1142,1147,1143,-1,1143,1147,1148,-1,1143,1148,1144,-1,1144,1148,1149,-1,1144,1149,1145,-1,1145,1149,1150,-1,1145,1150,1146,-1,1146,1150,1151,-1,1146,1151,33,-1,33,1151,35,-1,23,25,1147,-1,1147,25,1152,-1,1147,1152,1148,-1,1148,1152,1153,-1,1148,1153,1149,-1,1149,1153,1154,-1,1149,1154,1150,-1,1150,1154,1155,-1,1150,1155,1151,-1,1151,1155,1156,-1,1151,1156,35,-1,35,1156,37,-1,25,27,1152,-1,1152,27,1157,-1,1152,1157,1153,-1,1153,1157,1158,-1,1153,1158,1154,-1,1154,1158,1159,-1,1154,1159,1155,-1,1155,1159,1160,-1,1155,1160,1156,-1,1156,1160,1161,-1,1156,1161,37,-1,37,1161,39,-1,772,71,52,-1,772,52,1162,-1,1162,52,1093,-1,1162,1093,1163,-1,1163,1093,1095,-1,1163,1095,1164,-1,1164,1095,1165,-1,1165,1095,1097,-1,1165,1097,1166,-1,1166,1097,1167,-1,1167,1097,1099,-1,1167,1099,1168,-1,1168,1099,1169,-1,1169,1099,1101,-1,1169,1101,1170,-1,41,69,1101,-1,1101,69,783,-1,1101,783,1170,-1,1171,72,1172,-1,1173,1174,1175,-1,1176,1177,1178,-1,1179,1180,1181,-1,1123,774,1182,-1,1125,1124,1183,-1,1183,1124,1123,-1,1131,1130,1180,-1,1180,1130,1129,-1,1180,1129,1181,-1,1181,1129,1128,-1,1181,1128,1127,-1,769,1131,1184,-1,1184,1131,1180,-1,1184,1180,1185,-1,1185,1180,1179,-1,1185,1179,1186,-1,1186,1179,1187,-1,1123,1182,1183,-1,1183,1182,1188,-1,1183,1188,1189,-1,1177,1187,1178,-1,1178,1187,1179,-1,1178,1179,1190,-1,1190,1179,1181,-1,1190,1181,1191,-1,1191,1181,1127,-1,1188,1192,1189,-1,1189,1192,1193,-1,1189,1193,1194,-1,1174,1176,1175,-1,1175,1176,1178,-1,1175,1178,1195,-1,1195,1178,1190,-1,1195,1190,1196,-1,1196,1190,1191,-1,1193,1197,1194,-1,1194,1197,1198,-1,1194,1198,1199,-1,1196,1200,1195,-1,1195,1200,1201,-1,1195,1201,1175,-1,1175,1201,1202,-1,1175,1202,1173,-1,1126,1125,1203,-1,1203,1125,1183,-1,1203,1183,1204,-1,1204,1183,1189,-1,1204,1189,1205,-1,1205,1189,1194,-1,1205,1194,1206,-1,1206,1194,1199,-1,1206,1199,1207,-1,1207,1199,1172,-1,1207,1172,72,-1,72,1208,1202,-1,1202,1208,1209,-1,1202,1209,1173,-1,1200,1210,1201,-1,1201,1210,1211,-1,1201,1211,1202,-1,1202,1211,72,-1,1210,1212,1211,-1,1211,1212,72,-1,1198,1213,1199,-1,1199,1213,1214,-1,1199,1214,1172,-1,1172,1214,1215,-1,1172,1215,1171,-1,1127,1126,1191,-1,1191,1126,1203,-1,1191,1203,1196,-1,1196,1203,1204,-1,1196,1204,1200,-1,1200,1204,1205,-1,1200,1205,1210,-1,1210,1205,1206,-1,1210,1206,1212,-1,1212,1206,1207,-1,1212,1207,72,-1,776,67,39,-1,776,39,1216,-1,1216,39,1161,-1,1216,1161,1217,-1,1217,1161,1160,-1,1217,1160,1218,-1,1218,1160,1219,-1,1219,1160,1159,-1,1219,1159,1220,-1,1220,1159,1221,-1,1221,1159,1158,-1,1221,1158,1222,-1,1222,1158,1223,-1,1223,1158,1157,-1,1223,1157,1224,-1,27,65,1157,-1,1157,65,771,-1,1157,771,1224,-1,1167,1168,1225,-1,1225,1168,1169,-1,1225,1169,782,-1,782,1169,1170,-1,782,1170,783,-1,1225,1226,1167,-1,1167,1226,1227,-1,1167,1227,1166,-1,1166,1227,1228,-1,1228,1229,1166,-1,1166,1229,1230,-1,1166,1230,1165,-1,1165,1230,1231,-1,1165,1231,1164,-1,1164,1231,1232,-1,1164,1232,1163,-1,1163,1232,1233,-1,1163,1233,1162,-1,1162,1233,773,-1,1162,773,772,-1,774,773,1182,-1,1182,773,1234,-1,1182,1234,1188,-1,1188,1234,1235,-1,1188,1235,1192,-1,1192,1235,1236,-1,1192,1236,1193,-1,1193,1236,1237,-1,1193,1237,1197,-1,1197,1237,1238,-1,1197,1238,1198,-1,1198,1238,1239,-1,1198,1239,1213,-1,1213,1239,1240,-1,1213,1240,1214,-1,1214,1240,1241,-1,1214,1241,1215,-1,1215,1241,1242,-1,1215,1242,1171,-1,1242,1243,1171,-1,1171,1243,73,-1,1171,73,72,-1,770,769,1244,-1,1244,769,1184,-1,1244,1184,1245,-1,1245,1184,1185,-1,1245,1185,1246,-1,1246,1185,1186,-1,1246,1186,1247,-1,1247,1186,1187,-1,1247,1187,1248,-1,1248,1187,1177,-1,1248,1177,1249,-1,1249,1177,1176,-1,1249,1176,1250,-1,1250,1176,1174,-1,1250,1174,1251,-1,1251,1174,1173,-1,1251,1173,1252,-1,1252,1173,1209,-1,1252,1209,1253,-1,1209,1208,1253,-1,1253,1208,72,-1,1253,72,74,-1,1221,1222,1254,-1,1254,1222,1223,-1,1254,1223,770,-1,770,1223,1224,-1,770,1224,771,-1,1254,1255,1221,-1,1221,1255,1256,-1,1221,1256,1220,-1,1220,1256,1257,-1,1257,1258,1220,-1,1220,1258,1259,-1,1220,1259,1219,-1,1219,1259,1260,-1,1219,1260,1218,-1,1218,1260,1261,-1,1218,1261,1217,-1,1217,1261,1262,-1,1217,1262,1216,-1,1216,1262,777,-1,1216,777,776,-1,1263,73,1264,-1,1241,1240,1265,-1,1239,1238,1266,-1,1267,1268,1269,-1,1225,782,1270,-1,1227,1226,1271,-1,1271,1226,1225,-1,1233,1232,1268,-1,1268,1232,1231,-1,1268,1231,1269,-1,1269,1231,1230,-1,1269,1230,1229,-1,773,1233,1234,-1,1234,1233,1268,-1,1234,1268,1235,-1,1235,1268,1267,-1,1235,1267,1236,-1,1236,1267,1237,-1,1225,1270,1271,-1,1271,1270,1272,-1,1271,1272,1273,-1,1238,1237,1266,-1,1266,1237,1267,-1,1266,1267,1274,-1,1274,1267,1269,-1,1274,1269,1275,-1,1275,1269,1229,-1,1272,1276,1273,-1,1273,1276,1277,-1,1273,1277,1278,-1,1240,1239,1265,-1,1265,1239,1266,-1,1265,1266,1279,-1,1279,1266,1274,-1,1279,1274,1280,-1,1280,1274,1275,-1,1277,1281,1278,-1,1278,1281,1282,-1,1278,1282,1283,-1,1280,1284,1279,-1,1279,1284,1285,-1,1279,1285,1265,-1,1265,1285,1286,-1,1265,1286,1241,-1,1228,1227,1287,-1,1287,1227,1271,-1,1287,1271,1288,-1,1288,1271,1273,-1,1288,1273,1289,-1,1289,1273,1278,-1,1289,1278,1290,-1,1290,1278,1283,-1,1290,1283,1291,-1,1291,1283,1264,-1,1291,1264,73,-1,73,1243,1286,-1,1286,1243,1242,-1,1286,1242,1241,-1,1284,1292,1285,-1,1285,1292,1293,-1,1285,1293,1286,-1,1286,1293,73,-1,1292,1294,1293,-1,1293,1294,73,-1,1282,1295,1283,-1,1283,1295,1296,-1,1283,1296,1264,-1,1264,1296,1297,-1,1264,1297,1263,-1,1229,1228,1275,-1,1275,1228,1287,-1,1275,1287,1280,-1,1280,1287,1288,-1,1280,1288,1284,-1,1284,1288,1289,-1,1284,1289,1292,-1,1292,1289,1290,-1,1292,1290,1294,-1,1294,1290,1291,-1,1294,1291,73,-1,1253,74,1298,-1,1299,1300,1301,-1,1302,1303,1304,-1,1305,1306,1307,-1,1254,770,1244,-1,1256,1255,1308,-1,1308,1255,1254,-1,1262,1261,1306,-1,1306,1261,1260,-1,1306,1260,1307,-1,1307,1260,1259,-1,1307,1259,1258,-1,777,1262,1309,-1,1309,1262,1306,-1,1309,1306,1310,-1,1310,1306,1305,-1,1310,1305,1311,-1,1311,1305,1312,-1,1254,1244,1308,-1,1308,1244,1245,-1,1308,1245,1313,-1,1303,1312,1304,-1,1304,1312,1305,-1,1304,1305,1314,-1,1314,1305,1307,-1,1314,1307,1315,-1,1315,1307,1258,-1,1245,1246,1313,-1,1313,1246,1247,-1,1313,1247,1316,-1,1300,1302,1301,-1,1301,1302,1304,-1,1301,1304,1317,-1,1317,1304,1314,-1,1317,1314,1318,-1,1318,1314,1315,-1,1247,1248,1316,-1,1316,1248,1249,-1,1316,1249,1319,-1,1318,1320,1317,-1,1317,1320,1321,-1,1317,1321,1301,-1,1301,1321,1322,-1,1301,1322,1299,-1,1257,1256,1323,-1,1323,1256,1308,-1,1323,1308,1324,-1,1324,1308,1313,-1,1324,1313,1325,-1,1325,1313,1316,-1,1325,1316,1326,-1,1326,1316,1319,-1,1326,1319,1327,-1,1327,1319,1298,-1,1327,1298,74,-1,74,1328,1322,-1,1322,1328,1329,-1,1322,1329,1299,-1,1320,1330,1321,-1,1321,1330,1331,-1,1321,1331,1322,-1,1322,1331,74,-1,1330,1332,1331,-1,1331,1332,74,-1,1249,1250,1319,-1,1319,1250,1251,-1,1319,1251,1298,-1,1298,1251,1252,-1,1298,1252,1253,-1,1258,1257,1315,-1,1315,1257,1323,-1,1315,1323,1318,-1,1318,1323,1324,-1,1318,1324,1320,-1,1320,1324,1325,-1,1320,1325,1330,-1,1330,1325,1326,-1,1330,1326,1332,-1,1332,1326,1327,-1,1332,1327,74,-1,782,781,1270,-1,1270,781,1333,-1,1270,1333,1272,-1,1272,1333,1334,-1,1272,1334,1276,-1,1276,1334,1335,-1,1276,1335,1277,-1,1277,1335,1336,-1,1277,1336,1281,-1,1281,1336,1337,-1,1281,1337,1282,-1,1282,1337,1338,-1,1282,1338,1295,-1,1295,1338,1339,-1,1295,1339,1296,-1,1296,1339,1340,-1,1296,1340,1297,-1,1297,1340,1341,-1,1297,1341,1263,-1,1341,1342,1263,-1,1263,1342,75,-1,1263,75,73,-1,778,777,1343,-1,1343,777,1309,-1,1343,1309,1344,-1,1344,1309,1310,-1,1344,1310,1345,-1,1345,1310,1311,-1,1345,1311,1346,-1,1346,1311,1312,-1,1346,1312,1347,-1,1347,1312,1303,-1,1347,1303,1348,-1,1348,1303,1302,-1,1348,1302,1349,-1,1349,1302,1300,-1,1349,1300,1350,-1,1350,1300,1299,-1,1350,1299,1351,-1,1351,1299,1329,-1,1351,1329,1352,-1,1329,1328,1352,-1,1352,1328,74,-1,1352,74,75,-1,1352,75,1353,-1,1354,1355,75,-1,1340,1339,1356,-1,1338,1337,1357,-1,1358,1359,1360,-1,1361,1362,1363,-1,1363,1362,778,-1,1364,1365,1366,-1,1360,1367,1368,-1,1367,1360,1369,-1,1369,1360,1359,-1,1369,1359,1370,-1,781,1370,1333,-1,1333,1370,1359,-1,1333,1359,1334,-1,1334,1359,1358,-1,1334,1358,1335,-1,1335,1358,1336,-1,778,1343,1363,-1,1363,1343,1344,-1,1363,1344,1371,-1,1337,1336,1357,-1,1357,1336,1358,-1,1357,1358,1372,-1,1372,1358,1360,-1,1372,1360,1364,-1,1364,1360,1368,-1,1364,1368,1365,-1,1344,1345,1371,-1,1371,1345,1346,-1,1371,1346,1373,-1,1339,1338,1356,-1,1356,1338,1357,-1,1356,1357,1374,-1,1374,1357,1372,-1,1374,1372,1375,-1,1375,1372,1364,-1,1375,1364,1376,-1,1376,1364,1366,-1,1346,1347,1373,-1,1373,1347,1348,-1,1373,1348,1377,-1,1376,1378,1375,-1,1375,1378,1379,-1,1375,1379,1374,-1,1374,1379,1380,-1,1374,1380,1356,-1,1356,1380,1381,-1,1356,1381,1340,-1,1355,1354,1382,-1,1383,1361,1384,-1,1384,1361,1363,-1,1384,1363,1385,-1,1385,1363,1371,-1,1385,1371,1386,-1,1386,1371,1373,-1,1386,1373,1387,-1,1387,1373,1377,-1,1387,1377,1388,-1,1388,1377,1353,-1,1388,1353,75,-1,75,1342,1381,-1,1381,1342,1341,-1,1381,1341,1340,-1,1378,1389,1379,-1,1379,1389,1390,-1,1379,1390,1380,-1,1380,1390,1391,-1,1380,1391,1381,-1,1381,1391,75,-1,1389,1382,1390,-1,1390,1382,1354,-1,1390,1354,1391,-1,1391,1354,75,-1,1348,1349,1377,-1,1377,1349,1350,-1,1377,1350,1353,-1,1353,1350,1351,-1,1353,1351,1352,-1,1366,1383,1376,-1,1376,1383,1384,-1,1376,1384,1378,-1,1378,1384,1385,-1,1378,1385,1389,-1,1389,1385,1386,-1,1389,1386,1382,-1,1382,1386,1387,-1,1382,1387,1355,-1,1355,1387,1388,-1,1355,1388,75,-1,779,778,1392,-1,1392,778,1362,-1,1392,1362,1393,-1,1393,1362,1361,-1,1393,1361,1394,-1,1394,1361,1395,-1,1361,1383,1395,-1,1395,1383,1366,-1,1395,1366,1396,-1,1396,1366,1365,-1,1396,1365,1368,-1,781,780,1370,-1,1370,780,1397,-1,1370,1397,1369,-1,1369,1397,1398,-1,1369,1398,1367,-1,1367,1398,1399,-1,1367,1399,1368,-1,1368,1399,1400,-1,1368,1400,1396,-1,780,68,40,-1,780,40,1397,-1,1397,40,1401,-1,1397,1401,1398,-1,1398,1401,1402,-1,1398,1402,1399,-1,1399,1402,1400,-1,1400,1402,1403,-1,1400,1403,1396,-1,1396,1403,1395,-1,1395,1403,1404,-1,1395,1404,1394,-1,1394,1404,1393,-1,1393,1404,1405,-1,1393,1405,1392,-1,38,66,1405,-1,1405,66,779,-1,1405,779,1392,-1,6,28,1406,-1,1406,28,1407,-1,1406,1407,1408,-1,1408,1407,1409,-1,1408,1409,1410,-1,1410,1409,1411,-1,1410,1411,1412,-1,1412,1411,1413,-1,1412,1413,1414,-1,1414,1413,1415,-1,1414,1415,8,-1,8,1415,50,-1,28,30,1407,-1,1407,30,1416,-1,1407,1416,1409,-1,1409,1416,1417,-1,1409,1417,1411,-1,1411,1417,1418,-1,1411,1418,1413,-1,1413,1418,1419,-1,1413,1419,1415,-1,1415,1419,1420,-1,1415,1420,50,-1,50,1420,48,-1,30,32,1416,-1,1416,32,1421,-1,1416,1421,1417,-1,1417,1421,1422,-1,1417,1422,1418,-1,1418,1422,1423,-1,1418,1423,1419,-1,1419,1423,1424,-1,1419,1424,1420,-1,1420,1424,1425,-1,1420,1425,48,-1,48,1425,46,-1,32,34,1421,-1,1421,34,1426,-1,1421,1426,1422,-1,1422,1426,1427,-1,1422,1427,1423,-1,1423,1427,1428,-1,1423,1428,1424,-1,1424,1428,1429,-1,1424,1429,1425,-1,1425,1429,1430,-1,1425,1430,46,-1,46,1430,44,-1,34,36,1426,-1,1426,36,1431,-1,1426,1431,1427,-1,1427,1431,1432,-1,1427,1432,1428,-1,1428,1432,1433,-1,1428,1433,1429,-1,1429,1433,1434,-1,1429,1434,1430,-1,1430,1434,1435,-1,1430,1435,44,-1,44,1435,42,-1,36,38,1431,-1,1431,38,1405,-1,1431,1405,1432,-1,1432,1405,1404,-1,1432,1404,1433,-1,1433,1404,1403,-1,1433,1403,1434,-1,1434,1403,1402,-1,1434,1402,1435,-1,1435,1402,1401,-1,1435,1401,42,-1,42,1401,40,-1,8,10,1436,-1,8,1436,1414,-1,1414,1436,1437,-1,1414,1437,1412,-1,1412,1437,1438,-1,1412,1438,1410,-1,1410,1438,1439,-1,1410,1439,1408,-1,1408,1439,1440,-1,1408,1440,1406,-1,1406,1440,4,-1,1406,4,6,-1,91,89,796,-1,796,89,1441,-1,796,1441,1442,-1,1442,1441,1443,-1,1443,1441,1444,-1,1443,1444,1445,-1,1445,1444,1446,-1,1446,1444,1447,-1,1446,1447,1448,-1,1448,1447,1449,-1,1449,1447,1450,-1,1449,1450,1451,-1,1451,1450,1452,-1,1452,1450,1453,-1,1452,1453,1454,-1,87,85,1453,-1,1453,85,791,-1,1453,791,1454,-1,76,78,792,-1,792,78,1455,-1,792,1455,1456,-1,1456,1455,1457,-1,1457,1455,1458,-1,1457,1458,1459,-1,1459,1458,1460,-1,1460,1458,1461,-1,1460,1461,1462,-1,1462,1461,1463,-1,1463,1461,1464,-1,1463,1464,1465,-1,1465,1464,1466,-1,1466,1464,1467,-1,1466,1467,1468,-1,88,90,1467,-1,1467,90,799,-1,1467,799,1468,-1,1469,797,796,-1,791,790,1454,-1,1454,790,1470,-1,1454,1470,1452,-1,1452,1470,1471,-1,1452,1471,1451,-1,1451,1471,1472,-1,1451,1472,1449,-1,1472,1473,1449,-1,1449,1473,1474,-1,1449,1474,1448,-1,1448,1474,1475,-1,1448,1475,1446,-1,1446,1475,1476,-1,1446,1476,1445,-1,1469,796,1477,-1,1476,1478,1445,-1,1445,1478,1479,-1,1445,1479,1443,-1,1443,1479,1480,-1,1443,1480,1442,-1,1442,1480,1481,-1,1442,1481,796,-1,796,1481,1482,-1,796,1482,1477,-1,798,797,1483,-1,1483,797,1484,-1,1483,1484,1485,-1,1485,1484,1486,-1,1485,1486,1487,-1,1487,1486,1488,-1,1487,1488,1489,-1,1489,1488,1490,-1,1489,1490,1491,-1,1491,1490,1492,-1,1491,1492,1493,-1,1493,1492,1494,-1,1493,1494,1495,-1,1495,1494,1496,-1,1495,1496,1497,-1,1497,1496,1498,-1,1497,1498,1499,-1,1499,1498,1500,-1,1499,1500,1501,-1,1500,1502,1501,-1,1501,1502,95,-1,1501,95,93,-1,799,798,1468,-1,1468,798,1503,-1,1503,1504,1468,-1,1468,1504,1505,-1,1468,1505,1466,-1,1505,1506,1466,-1,1466,1506,1507,-1,1466,1507,1465,-1,1507,1508,1465,-1,1465,1508,1509,-1,1465,1509,1463,-1,1463,1509,1510,-1,1463,1510,1462,-1,1510,1511,1462,-1,1462,1511,1512,-1,1462,1512,1460,-1,1512,1513,1460,-1,1460,1513,1514,-1,1460,1514,1459,-1,1459,1514,1515,-1,793,792,1516,-1,1516,792,1456,-1,1516,1456,1515,-1,1515,1456,1457,-1,1515,1457,1459,-1,84,86,788,-1,788,86,1517,-1,788,1517,1518,-1,1518,1517,1519,-1,1519,1517,1520,-1,1519,1520,1521,-1,1521,1520,1522,-1,1522,1520,1523,-1,1522,1523,1524,-1,1524,1523,1525,-1,1525,1523,1526,-1,1525,1526,1527,-1,1527,1526,1528,-1,1528,1526,1529,-1,1528,1529,1530,-1,83,81,1529,-1,1529,81,787,-1,1529,787,1530,-1,1531,1532,1533,-1,1534,1535,1536,-1,1537,1538,1539,-1,1474,1540,1541,-1,1542,1543,790,-1,790,1543,1470,-1,1470,1543,1471,-1,1471,1543,1544,-1,1471,1544,1472,-1,1540,1474,1544,-1,1544,1474,1473,-1,1544,1473,1472,-1,1478,1476,1541,-1,1541,1476,1475,-1,1541,1475,1474,-1,1545,1481,1480,-1,797,1469,1484,-1,1484,1469,1546,-1,1484,1546,1486,-1,1486,1546,1547,-1,1548,1490,1547,-1,1547,1490,1488,-1,1547,1488,1486,-1,1549,1494,1548,-1,1548,1494,1492,-1,1548,1492,1490,-1,1502,1500,1550,-1,1550,1500,1498,-1,1550,1498,1549,-1,1549,1498,1496,-1,1549,1496,1494,-1,95,1502,1551,-1,1551,1502,1550,-1,1551,1550,1552,-1,1552,1550,1553,-1,1538,1553,1539,-1,1539,1553,1550,-1,1539,1550,1554,-1,1554,1550,1549,-1,1554,1549,1555,-1,1555,1549,1548,-1,1555,1548,1556,-1,1556,1548,1547,-1,1556,1547,1557,-1,1557,1547,1546,-1,1557,1546,1477,-1,1477,1546,1469,-1,1535,1537,1536,-1,1536,1537,1539,-1,1536,1539,1558,-1,1558,1539,1554,-1,1558,1554,1559,-1,1559,1554,1555,-1,1559,1555,1560,-1,1560,1555,1556,-1,1560,1556,1561,-1,1561,1556,1557,-1,1561,1557,1482,-1,1482,1557,1477,-1,1532,1534,1533,-1,1533,1534,1536,-1,1533,1536,1562,-1,1562,1536,1558,-1,1562,1558,1563,-1,1563,1558,1559,-1,1563,1559,1564,-1,1564,1559,1560,-1,1564,1560,1545,-1,1545,1560,1561,-1,1545,1561,1481,-1,1481,1561,1482,-1,1542,1531,1543,-1,1543,1531,1533,-1,1543,1533,1544,-1,1544,1533,1562,-1,1544,1562,1540,-1,1540,1562,1563,-1,1540,1563,1541,-1,1541,1563,1564,-1,1541,1564,1478,-1,1478,1564,1545,-1,1478,1545,1479,-1,1479,1545,1480,-1,1565,1566,1567,-1,1568,1569,1570,-1,1571,1572,1573,-1,1574,1575,1576,-1,1577,1578,1579,-1,1507,1506,1580,-1,1581,1503,798,-1,1582,1509,1580,-1,1580,1509,1508,-1,1580,1508,1507,-1,1583,1511,1510,-1,1511,1583,1512,-1,1512,1583,1584,-1,1512,1584,1513,-1,1513,1584,1585,-1,1513,1585,1514,-1,1514,1585,1515,-1,1515,1585,1579,-1,1515,1579,1516,-1,1516,1579,1578,-1,1516,1578,793,-1,798,1483,1581,-1,1581,1483,1485,-1,1581,1485,1586,-1,1485,1487,1586,-1,1586,1487,1489,-1,1586,1489,1587,-1,1489,1491,1587,-1,1587,1491,1493,-1,1587,1493,1588,-1,1493,1495,1588,-1,1588,1495,1497,-1,1588,1497,1567,-1,1575,1577,1576,-1,1576,1577,1579,-1,1576,1579,1589,-1,1589,1579,1585,-1,1589,1585,1590,-1,1590,1585,1584,-1,1590,1584,1582,-1,1582,1584,1583,-1,1582,1583,1509,-1,1509,1583,1510,-1,1572,1574,1573,-1,1573,1574,1576,-1,1573,1576,1591,-1,1591,1576,1589,-1,1591,1589,1592,-1,1592,1589,1590,-1,1592,1590,1593,-1,1593,1590,1582,-1,1593,1582,1594,-1,1594,1582,1580,-1,1594,1580,1505,-1,1505,1580,1506,-1,1569,1571,1570,-1,1570,1571,1573,-1,1570,1573,1595,-1,1595,1573,1591,-1,1595,1591,1596,-1,1596,1591,1592,-1,1596,1592,1597,-1,1597,1592,1593,-1,1597,1593,1598,-1,1598,1593,1594,-1,1598,1594,1504,-1,1504,1594,1505,-1,1566,1568,1567,-1,1567,1568,1570,-1,1567,1570,1588,-1,1588,1570,1595,-1,1588,1595,1587,-1,1587,1595,1596,-1,1587,1596,1586,-1,1586,1596,1597,-1,1586,1597,1581,-1,1581,1597,1598,-1,1581,1598,1503,-1,1503,1598,1504,-1,93,1565,1501,-1,1501,1565,1567,-1,1501,1567,1499,-1,1499,1567,1497,-1,80,82,784,-1,784,82,1599,-1,784,1599,1600,-1,1600,1599,1601,-1,1601,1599,1602,-1,1601,1602,1603,-1,1603,1602,1604,-1,1604,1602,1605,-1,1604,1605,1606,-1,1606,1605,1607,-1,1607,1605,1608,-1,1607,1608,1609,-1,1609,1608,1610,-1,1610,1608,1611,-1,1610,1611,1612,-1,79,77,1611,-1,1611,77,795,-1,1611,795,1612,-1,787,786,1530,-1,1530,786,1613,-1,1530,1613,1614,-1,1614,1615,1530,-1,1530,1615,1616,-1,1530,1616,1528,-1,1528,1616,1617,-1,1528,1617,1527,-1,1617,1618,1527,-1,1527,1618,1619,-1,1527,1619,1525,-1,1525,1619,1620,-1,1525,1620,1524,-1,1620,1621,1524,-1,1524,1621,1622,-1,1524,1622,1522,-1,1622,1623,1522,-1,1522,1623,1624,-1,1522,1624,1521,-1,1521,1624,1625,-1,1521,1625,1519,-1,1519,1625,1518,-1,1518,1625,788,-1,788,1625,1626,-1,788,1626,789,-1,790,789,1542,-1,1542,789,1627,-1,1542,1627,1531,-1,1531,1627,1628,-1,1531,1628,1532,-1,1532,1628,1629,-1,1532,1629,1534,-1,1534,1629,1630,-1,1534,1630,1535,-1,1535,1630,1631,-1,1535,1631,1537,-1,1537,1631,1632,-1,1537,1632,1538,-1,1538,1632,1633,-1,1538,1633,1553,-1,1553,1633,1634,-1,1553,1634,1552,-1,1552,1634,1635,-1,1552,1635,1551,-1,1635,1636,1551,-1,1551,1636,94,-1,1551,94,95,-1,794,793,1637,-1,1637,793,1578,-1,1637,1578,1638,-1,1638,1578,1577,-1,1638,1577,1639,-1,1639,1577,1575,-1,1639,1575,1640,-1,1640,1575,1574,-1,1640,1574,1641,-1,1641,1574,1572,-1,1641,1572,1642,-1,1642,1572,1571,-1,1642,1571,1643,-1,1643,1571,1569,-1,1643,1569,1644,-1,1644,1569,1568,-1,1644,1568,1645,-1,1645,1568,1566,-1,1645,1566,1646,-1,1566,1565,1646,-1,1646,1565,93,-1,1646,93,92,-1,795,794,1612,-1,1612,794,1647,-1,1612,1647,1610,-1,1610,1647,1648,-1,1610,1648,1609,-1,1609,1648,1649,-1,1609,1649,1607,-1,1649,1650,1607,-1,1607,1650,1651,-1,1607,1651,1606,-1,1606,1651,1652,-1,1606,1652,1604,-1,1604,1652,1653,-1,1604,1653,1603,-1,1603,1653,1654,-1,1603,1654,1601,-1,1654,1655,1601,-1,1601,1655,1656,-1,1601,1656,1600,-1,1600,1656,1657,-1,1657,1658,1600,-1,1600,1658,1659,-1,1600,1659,784,-1,784,1659,1660,-1,784,1660,785,-1,1628,1627,1661,-1,1630,1629,1662,-1,1632,1631,1663,-1,1634,1633,1664,-1,1617,1616,1665,-1,1666,1613,786,-1,1667,1619,1665,-1,1665,1619,1618,-1,1665,1618,1617,-1,1668,1621,1620,-1,1621,1668,1622,-1,1622,1668,1669,-1,1622,1669,1623,-1,1623,1669,1670,-1,1623,1670,1624,-1,1624,1670,1625,-1,1625,1670,1661,-1,1625,1661,1626,-1,1626,1661,1627,-1,1626,1627,789,-1,1635,1671,1636,-1,1636,1671,1672,-1,1636,1672,94,-1,1673,1674,1671,-1,1671,1674,1675,-1,1671,1675,1672,-1,1676,1677,1673,-1,1673,1677,1678,-1,1673,1678,1674,-1,1679,1680,1676,-1,1676,1680,1681,-1,1676,1681,1677,-1,1629,1628,1662,-1,1662,1628,1661,-1,1662,1661,1682,-1,1682,1661,1670,-1,1682,1670,1683,-1,1683,1670,1669,-1,1683,1669,1667,-1,1667,1669,1668,-1,1667,1668,1619,-1,1619,1668,1620,-1,786,1684,1666,-1,1666,1684,1685,-1,1666,1685,1679,-1,1679,1685,1686,-1,1679,1686,1680,-1,1635,1634,1671,-1,1671,1634,1664,-1,1671,1664,1673,-1,1673,1664,1687,-1,1673,1687,1676,-1,1676,1687,1688,-1,1676,1688,1679,-1,1679,1688,1689,-1,1679,1689,1666,-1,1666,1689,1690,-1,1666,1690,1613,-1,1613,1690,1614,-1,1633,1632,1664,-1,1664,1632,1663,-1,1664,1663,1687,-1,1687,1663,1691,-1,1687,1691,1688,-1,1688,1691,1692,-1,1688,1692,1689,-1,1689,1692,1693,-1,1689,1693,1690,-1,1690,1693,1694,-1,1690,1694,1614,-1,1614,1694,1615,-1,1631,1630,1663,-1,1663,1630,1662,-1,1663,1662,1691,-1,1691,1662,1682,-1,1691,1682,1692,-1,1692,1682,1683,-1,1692,1683,1693,-1,1693,1683,1667,-1,1693,1667,1694,-1,1694,1667,1665,-1,1694,1665,1615,-1,1615,1665,1616,-1,1695,1696,1697,-1,1698,1647,794,-1,1650,1649,1699,-1,1699,1649,1648,-1,1700,1652,1651,-1,1652,1700,1653,-1,1656,1655,1701,-1,1701,1655,1654,-1,1656,1701,1657,-1,1657,1701,1702,-1,1657,1702,1658,-1,1658,1702,1703,-1,1658,1703,1659,-1,1659,1703,1704,-1,1659,1704,1660,-1,1660,1704,1705,-1,1660,1705,785,-1,794,1637,1698,-1,1698,1637,1638,-1,1698,1638,1706,-1,1638,1639,1706,-1,1706,1639,1640,-1,1706,1640,1707,-1,1640,1641,1707,-1,1707,1641,1642,-1,1707,1642,1708,-1,1642,1643,1708,-1,1708,1643,1644,-1,1708,1644,1697,-1,92,1695,1646,-1,1646,1695,1697,-1,1646,1697,1645,-1,1645,1697,1644,-1,1696,1709,1697,-1,1697,1709,1710,-1,1697,1710,1708,-1,1708,1710,1711,-1,1708,1711,1707,-1,1707,1711,1712,-1,1707,1712,1706,-1,1706,1712,1699,-1,1706,1699,1698,-1,1698,1699,1648,-1,1698,1648,1647,-1,1696,1713,1709,-1,1709,1713,1714,-1,1709,1714,1715,-1,1715,1716,1709,-1,1709,1716,1717,-1,1709,1717,1710,-1,1710,1717,1718,-1,1710,1718,1711,-1,1711,1718,1719,-1,1711,1719,1712,-1,1712,1719,1720,-1,1712,1720,1699,-1,1650,1699,1651,-1,1651,1699,1720,-1,1651,1720,1700,-1,1700,1720,1719,-1,1700,1719,1721,-1,1721,1719,1718,-1,1721,1718,1722,-1,1722,1718,1717,-1,1722,1717,1723,-1,1723,1717,1716,-1,1723,1716,1724,-1,1715,1725,1716,-1,1716,1725,1726,-1,1716,1726,1724,-1,1724,1726,1727,-1,1724,1727,1728,-1,1653,1700,1654,-1,1654,1700,1721,-1,1654,1721,1701,-1,1701,1721,1722,-1,1701,1722,1702,-1,1702,1722,1723,-1,1702,1723,1703,-1,1703,1723,1724,-1,1703,1724,1704,-1,1704,1724,1728,-1,1704,1728,1705,-1,786,785,1684,-1,1684,785,1705,-1,1684,1705,1685,-1,1685,1705,1728,-1,1685,1728,1686,-1,1686,1728,1727,-1,1686,1727,1680,-1,1680,1727,1726,-1,1680,1726,1681,-1,1681,1726,1725,-1,1681,1725,1677,-1,1677,1725,1715,-1,1677,1715,1678,-1,1678,1715,1714,-1,1678,1714,1674,-1,1674,1714,1713,-1,1674,1713,1675,-1,1675,1713,1696,-1,1675,1696,1672,-1,1696,1695,1672,-1,1672,1695,92,-1,1672,92,94,-1,96,98,1729,-1,96,1729,1730,-1,1730,1729,1731,-1,1730,1731,1732,-1,1732,1731,1733,-1,1732,1733,1734,-1,1734,1733,1735,-1,1734,1735,1736,-1,1736,1735,1737,-1,1736,1737,1738,-1,1738,1737,108,-1,1738,108,110,-1,122,120,1739,-1,1739,120,1740,-1,1739,1740,1741,-1,1741,1740,1742,-1,1741,1742,1743,-1,1743,1742,1744,-1,1743,1744,1745,-1,1745,1744,1746,-1,1745,1746,1747,-1,1747,1746,1748,-1,1747,1748,149,-1,149,1748,151,-1,120,118,1740,-1,1740,118,1749,-1,1740,1749,1742,-1,1742,1749,1750,-1,1742,1750,1744,-1,1744,1750,1751,-1,1744,1751,1746,-1,1746,1751,1752,-1,1746,1752,1748,-1,1748,1752,1753,-1,1748,1753,151,-1,151,1753,153,-1,118,116,1749,-1,1749,116,1754,-1,1749,1754,1750,-1,1750,1754,1755,-1,1750,1755,1751,-1,1751,1755,1756,-1,1751,1756,1752,-1,1752,1756,1757,-1,1752,1757,1753,-1,1753,1757,1758,-1,1753,1758,153,-1,153,1758,155,-1,116,114,1754,-1,1754,114,1759,-1,1754,1759,1755,-1,1755,1759,1760,-1,1755,1760,1756,-1,1756,1760,1761,-1,1756,1761,1757,-1,1757,1761,1762,-1,1757,1762,1758,-1,1758,1762,1763,-1,1758,1763,155,-1,155,1763,157,-1,114,112,1759,-1,1759,112,1764,-1,1759,1764,1760,-1,1760,1764,1765,-1,1760,1765,1761,-1,1761,1765,1766,-1,1761,1766,1762,-1,1762,1766,1767,-1,1762,1767,1763,-1,1763,1767,1768,-1,1763,1768,157,-1,157,1768,159,-1,112,96,1764,-1,1764,96,1730,-1,1764,1730,1765,-1,1765,1730,1732,-1,1765,1732,1766,-1,1766,1732,1734,-1,1766,1734,1767,-1,1767,1734,1736,-1,1767,1736,1768,-1,1768,1736,1738,-1,1768,1738,159,-1,159,1738,110,-1,111,109,1769,-1,111,1769,1770,-1,1770,1769,1771,-1,1770,1771,1772,-1,1772,1771,1773,-1,1772,1773,1774,-1,1774,1773,1775,-1,1774,1775,1776,-1,1776,1775,1777,-1,1776,1777,1778,-1,1778,1777,107,-1,1778,107,105,-1,800,160,122,-1,800,122,1779,-1,1779,122,1739,-1,1779,1739,1780,-1,1780,1739,1741,-1,1780,1741,1781,-1,1781,1741,1782,-1,1782,1741,1743,-1,1782,1743,1783,-1,1783,1743,1784,-1,1784,1743,1745,-1,1784,1745,1785,-1,1785,1745,1786,-1,1786,1745,1747,-1,1786,1747,1787,-1,149,166,1747,-1,1747,166,807,-1,1747,807,1787,-1,103,101,1788,-1,103,1788,1789,-1,1789,1788,1790,-1,1789,1790,1791,-1,1791,1790,1792,-1,1791,1792,1793,-1,1793,1792,1794,-1,1793,1794,1795,-1,1795,1794,1796,-1,1795,1796,1797,-1,1797,1796,99,-1,1797,99,97,-1,148,150,1798,-1,1798,150,1799,-1,1798,1799,1800,-1,1800,1799,1801,-1,1800,1801,1802,-1,1802,1801,1803,-1,1802,1803,1804,-1,1804,1803,1805,-1,1804,1805,1806,-1,1806,1805,1807,-1,1806,1807,137,-1,137,1807,139,-1,150,152,1799,-1,1799,152,1808,-1,1799,1808,1801,-1,1801,1808,1809,-1,1801,1809,1803,-1,1803,1809,1810,-1,1803,1810,1805,-1,1805,1810,1811,-1,1805,1811,1807,-1,1807,1811,1812,-1,1807,1812,139,-1,139,1812,141,-1,152,154,1808,-1,1808,154,1813,-1,1808,1813,1809,-1,1809,1813,1814,-1,1809,1814,1810,-1,1810,1814,1815,-1,1810,1815,1811,-1,1811,1815,1816,-1,1811,1816,1812,-1,1812,1816,1817,-1,1812,1817,141,-1,141,1817,143,-1,154,156,1813,-1,1813,156,1818,-1,1813,1818,1814,-1,1814,1818,1819,-1,1814,1819,1815,-1,1815,1819,1820,-1,1815,1820,1816,-1,1816,1820,1821,-1,1816,1821,1817,-1,1817,1821,1822,-1,1817,1822,143,-1,143,1822,145,-1,156,158,1818,-1,1818,158,1823,-1,1818,1823,1819,-1,1819,1823,1824,-1,1819,1824,1820,-1,1820,1824,1825,-1,1820,1825,1821,-1,1821,1825,1826,-1,1821,1826,1822,-1,1822,1826,1827,-1,1822,1827,145,-1,145,1827,147,-1,158,111,1823,-1,1823,111,1770,-1,1823,1770,1824,-1,1824,1770,1772,-1,1824,1772,1825,-1,1825,1772,1774,-1,1825,1774,1826,-1,1826,1774,1776,-1,1826,1776,1827,-1,1827,1776,1778,-1,1827,1778,147,-1,147,1778,105,-1,1784,1785,1828,-1,1828,1785,1786,-1,1828,1786,806,-1,806,1786,1787,-1,806,1787,807,-1,1828,1829,1784,-1,1784,1829,1830,-1,1784,1830,1783,-1,1783,1830,1831,-1,1831,1832,1783,-1,1783,1832,1833,-1,1783,1833,1782,-1,1782,1833,1834,-1,1782,1834,1781,-1,1781,1834,1835,-1,1781,1835,1780,-1,1780,1835,1836,-1,1780,1836,1779,-1,1779,1836,801,-1,1779,801,800,-1,97,113,1797,-1,1797,113,1837,-1,1797,1837,1795,-1,1795,1837,1838,-1,1795,1838,1793,-1,1793,1838,1839,-1,1793,1839,1791,-1,1791,1839,1840,-1,1791,1840,1789,-1,1789,1840,1841,-1,1789,1841,103,-1,103,1841,125,-1,113,115,1837,-1,1837,115,1842,-1,1837,1842,1838,-1,1838,1842,1843,-1,1838,1843,1839,-1,1839,1843,1844,-1,1839,1844,1840,-1,1840,1844,1845,-1,1840,1845,1841,-1,1841,1845,1846,-1,1841,1846,125,-1,125,1846,127,-1,115,117,1842,-1,1842,117,1847,-1,1842,1847,1843,-1,1843,1847,1848,-1,1843,1848,1844,-1,1844,1848,1849,-1,1844,1849,1845,-1,1845,1849,1850,-1,1845,1850,1846,-1,1846,1850,1851,-1,1846,1851,127,-1,127,1851,129,-1,117,119,1847,-1,1847,119,1852,-1,1847,1852,1848,-1,1848,1852,1853,-1,1848,1853,1849,-1,1849,1853,1854,-1,1849,1854,1850,-1,1850,1854,1855,-1,1850,1855,1851,-1,1851,1855,1856,-1,1851,1856,129,-1,129,1856,131,-1,119,121,1852,-1,1852,121,1857,-1,1852,1857,1853,-1,1853,1857,1858,-1,1853,1858,1854,-1,1854,1858,1859,-1,1854,1859,1855,-1,1855,1859,1860,-1,1855,1860,1856,-1,1856,1860,1861,-1,1856,1861,131,-1,131,1861,133,-1,121,123,1857,-1,1857,123,1862,-1,1857,1862,1858,-1,1858,1862,1863,-1,1858,1863,1859,-1,1859,1863,1864,-1,1859,1864,1860,-1,1860,1864,1865,-1,1860,1865,1861,-1,1861,1865,1866,-1,1861,1866,133,-1,133,1866,135,-1,804,167,148,-1,804,148,1867,-1,1867,148,1798,-1,1867,1798,1868,-1,1868,1798,1800,-1,1868,1800,1869,-1,1869,1800,1870,-1,1870,1800,1802,-1,1870,1802,1871,-1,1871,1802,1872,-1,1872,1802,1804,-1,1872,1804,1873,-1,1873,1804,1874,-1,1874,1804,1806,-1,1874,1806,1875,-1,137,165,1806,-1,1806,165,815,-1,1806,815,1875,-1,1876,168,1877,-1,1878,1879,1880,-1,1881,1882,1883,-1,1884,1885,1886,-1,1828,806,1887,-1,1830,1829,1888,-1,1888,1829,1828,-1,1836,1835,1885,-1,1885,1835,1834,-1,1885,1834,1886,-1,1886,1834,1833,-1,1886,1833,1832,-1,801,1836,1889,-1,1889,1836,1885,-1,1889,1885,1890,-1,1890,1885,1884,-1,1890,1884,1891,-1,1891,1884,1892,-1,1828,1887,1888,-1,1888,1887,1893,-1,1888,1893,1894,-1,1882,1892,1883,-1,1883,1892,1884,-1,1883,1884,1895,-1,1895,1884,1886,-1,1895,1886,1896,-1,1896,1886,1832,-1,1893,1897,1894,-1,1894,1897,1898,-1,1894,1898,1899,-1,1879,1881,1880,-1,1880,1881,1883,-1,1880,1883,1900,-1,1900,1883,1895,-1,1900,1895,1901,-1,1901,1895,1896,-1,1898,1902,1899,-1,1899,1902,1903,-1,1899,1903,1904,-1,1901,1905,1900,-1,1900,1905,1906,-1,1900,1906,1880,-1,1880,1906,1907,-1,1880,1907,1878,-1,1831,1830,1908,-1,1908,1830,1888,-1,1908,1888,1909,-1,1909,1888,1894,-1,1909,1894,1910,-1,1910,1894,1899,-1,1910,1899,1911,-1,1911,1899,1904,-1,1911,1904,1912,-1,1912,1904,1877,-1,1912,1877,168,-1,168,1913,1907,-1,1907,1913,1914,-1,1907,1914,1878,-1,1905,1915,1906,-1,1906,1915,1916,-1,1906,1916,1907,-1,1907,1916,168,-1,1915,1917,1916,-1,1916,1917,168,-1,1903,1918,1904,-1,1904,1918,1919,-1,1904,1919,1877,-1,1877,1919,1920,-1,1877,1920,1876,-1,1832,1831,1896,-1,1896,1831,1908,-1,1896,1908,1901,-1,1901,1908,1909,-1,1901,1909,1905,-1,1905,1909,1910,-1,1905,1910,1915,-1,1915,1910,1911,-1,1915,1911,1917,-1,1917,1911,1912,-1,1917,1912,168,-1,808,163,135,-1,808,135,1921,-1,1921,135,1866,-1,1921,1866,1922,-1,1922,1866,1865,-1,1922,1865,1923,-1,1923,1865,1924,-1,1924,1865,1864,-1,1924,1864,1925,-1,1925,1864,1926,-1,1926,1864,1863,-1,1926,1863,1927,-1,1927,1863,1928,-1,1928,1863,1862,-1,1928,1862,1929,-1,123,161,1862,-1,1862,161,803,-1,1862,803,1929,-1,1872,1873,1930,-1,1930,1873,1874,-1,1930,1874,814,-1,814,1874,1875,-1,814,1875,815,-1,1930,1931,1872,-1,1872,1931,1932,-1,1872,1932,1871,-1,1932,1933,1871,-1,1871,1933,1934,-1,1871,1934,1870,-1,1934,1935,1870,-1,1870,1935,1936,-1,1870,1936,1869,-1,1869,1936,1937,-1,1869,1937,1868,-1,1868,1937,1938,-1,1868,1938,1867,-1,1867,1938,805,-1,1867,805,804,-1,806,805,1887,-1,1887,805,1939,-1,1887,1939,1893,-1,1893,1939,1940,-1,1893,1940,1897,-1,1897,1940,1941,-1,1897,1941,1898,-1,1898,1941,1942,-1,1898,1942,1902,-1,1902,1942,1943,-1,1902,1943,1903,-1,1903,1943,1944,-1,1903,1944,1918,-1,1918,1944,1945,-1,1918,1945,1919,-1,1919,1945,1946,-1,1919,1946,1920,-1,1920,1946,1947,-1,1920,1947,1876,-1,1947,1948,1876,-1,1876,1948,169,-1,1876,169,168,-1,802,801,1949,-1,1949,801,1889,-1,1949,1889,1950,-1,1950,1889,1890,-1,1950,1890,1951,-1,1951,1890,1891,-1,1951,1891,1952,-1,1952,1891,1892,-1,1952,1892,1953,-1,1953,1892,1882,-1,1953,1882,1954,-1,1954,1882,1881,-1,1954,1881,1955,-1,1955,1881,1879,-1,1955,1879,1956,-1,1956,1879,1878,-1,1956,1878,1957,-1,1957,1878,1914,-1,1957,1914,1958,-1,1914,1913,1958,-1,1958,1913,168,-1,1958,168,170,-1,1926,1927,1959,-1,1959,1927,1928,-1,1959,1928,802,-1,802,1928,1929,-1,802,1929,803,-1,1959,1960,1926,-1,1926,1960,1961,-1,1926,1961,1925,-1,1925,1961,1962,-1,1962,1963,1925,-1,1925,1963,1964,-1,1925,1964,1924,-1,1924,1964,1965,-1,1924,1965,1923,-1,1923,1965,1966,-1,1923,1966,1922,-1,1922,1966,1967,-1,1922,1967,1921,-1,1921,1967,809,-1,1921,809,808,-1,1968,169,1969,-1,1946,1945,1970,-1,1944,1943,1971,-1,1972,1973,1974,-1,1930,814,1975,-1,1932,1931,1976,-1,1976,1931,1930,-1,1938,1937,1973,-1,1973,1937,1936,-1,1973,1936,1974,-1,1974,1936,1935,-1,1974,1935,1934,-1,805,1938,1939,-1,1939,1938,1973,-1,1939,1973,1940,-1,1940,1973,1972,-1,1940,1972,1941,-1,1941,1972,1942,-1,1930,1975,1976,-1,1976,1975,1977,-1,1976,1977,1978,-1,1943,1942,1971,-1,1971,1942,1972,-1,1971,1972,1979,-1,1979,1972,1974,-1,1979,1974,1980,-1,1980,1974,1934,-1,1977,1981,1978,-1,1978,1981,1982,-1,1978,1982,1983,-1,1945,1944,1970,-1,1970,1944,1971,-1,1970,1971,1984,-1,1984,1971,1979,-1,1984,1979,1985,-1,1985,1979,1980,-1,1982,1986,1983,-1,1983,1986,1987,-1,1983,1987,1988,-1,1985,1989,1984,-1,1984,1989,1990,-1,1984,1990,1970,-1,1970,1990,1991,-1,1970,1991,1946,-1,1933,1932,1992,-1,1992,1932,1976,-1,1992,1976,1993,-1,1993,1976,1978,-1,1993,1978,1994,-1,1994,1978,1983,-1,1994,1983,1995,-1,1995,1983,1988,-1,1995,1988,1996,-1,1996,1988,1969,-1,1996,1969,169,-1,169,1948,1991,-1,1991,1948,1947,-1,1991,1947,1946,-1,1989,1997,1990,-1,1990,1997,1998,-1,1990,1998,1991,-1,1991,1998,169,-1,1997,1999,1998,-1,1998,1999,169,-1,1987,2000,1988,-1,1988,2000,2001,-1,1988,2001,1969,-1,1969,2001,2002,-1,1969,2002,1968,-1,1934,1933,1980,-1,1980,1933,1992,-1,1980,1992,1985,-1,1985,1992,1993,-1,1985,1993,1989,-1,1989,1993,1994,-1,1989,1994,1997,-1,1997,1994,1995,-1,1997,1995,1999,-1,1999,1995,1996,-1,1999,1996,169,-1,1958,170,2003,-1,2004,2005,2006,-1,2007,2008,2009,-1,2010,2011,2012,-1,1959,802,1949,-1,1961,1960,2013,-1,2013,1960,1959,-1,1967,1966,2011,-1,2011,1966,1965,-1,2011,1965,2012,-1,2012,1965,1964,-1,2012,1964,1963,-1,809,1967,2014,-1,2014,1967,2011,-1,2014,2011,2015,-1,2015,2011,2010,-1,2015,2010,2016,-1,2016,2010,2017,-1,1959,1949,2013,-1,2013,1949,1950,-1,2013,1950,2018,-1,2008,2017,2009,-1,2009,2017,2010,-1,2009,2010,2019,-1,2019,2010,2012,-1,2019,2012,2020,-1,2020,2012,1963,-1,1950,1951,2018,-1,2018,1951,1952,-1,2018,1952,2021,-1,2005,2007,2006,-1,2006,2007,2009,-1,2006,2009,2022,-1,2022,2009,2019,-1,2022,2019,2023,-1,2023,2019,2020,-1,1952,1953,2021,-1,2021,1953,1954,-1,2021,1954,2024,-1,2023,2025,2022,-1,2022,2025,2026,-1,2022,2026,2006,-1,2006,2026,2027,-1,2006,2027,2004,-1,1962,1961,2028,-1,2028,1961,2013,-1,2028,2013,2029,-1,2029,2013,2018,-1,2029,2018,2030,-1,2030,2018,2021,-1,2030,2021,2031,-1,2031,2021,2024,-1,2031,2024,2032,-1,2032,2024,2003,-1,2032,2003,170,-1,170,2033,2027,-1,2027,2033,2034,-1,2027,2034,2004,-1,2025,2035,2026,-1,2026,2035,2036,-1,2026,2036,2027,-1,2027,2036,170,-1,2035,2037,2036,-1,2036,2037,170,-1,1954,1955,2024,-1,2024,1955,1956,-1,2024,1956,2003,-1,2003,1956,1957,-1,2003,1957,1958,-1,1963,1962,2020,-1,2020,1962,2028,-1,2020,2028,2023,-1,2023,2028,2029,-1,2023,2029,2025,-1,2025,2029,2030,-1,2025,2030,2035,-1,2035,2030,2031,-1,2035,2031,2037,-1,2037,2031,2032,-1,2037,2032,170,-1,814,813,1975,-1,1975,813,2038,-1,1975,2038,1977,-1,1977,2038,2039,-1,1977,2039,1981,-1,1981,2039,2040,-1,1981,2040,1982,-1,1982,2040,2041,-1,1982,2041,1986,-1,1986,2041,2042,-1,1986,2042,1987,-1,1987,2042,2043,-1,1987,2043,2000,-1,2000,2043,2044,-1,2000,2044,2001,-1,2001,2044,2045,-1,2001,2045,2002,-1,2002,2045,2046,-1,2002,2046,1968,-1,2046,2047,1968,-1,1968,2047,171,-1,1968,171,169,-1,810,809,2048,-1,2048,809,2014,-1,2048,2014,2049,-1,2049,2014,2015,-1,2049,2015,2050,-1,2050,2015,2016,-1,2050,2016,2051,-1,2051,2016,2017,-1,2051,2017,2052,-1,2052,2017,2008,-1,2052,2008,2053,-1,2053,2008,2007,-1,2053,2007,2054,-1,2054,2007,2005,-1,2054,2005,2055,-1,2055,2005,2004,-1,2055,2004,2056,-1,2056,2004,2034,-1,2056,2034,2057,-1,2034,2033,2057,-1,2057,2033,170,-1,2057,170,171,-1,2057,171,2058,-1,2059,2060,2061,-1,2062,2063,2064,-1,2065,810,2048,-1,2066,2067,2068,-1,2068,2067,2065,-1,813,2059,2038,-1,2038,2059,2061,-1,2038,2061,2039,-1,2039,2061,2069,-1,2039,2069,2040,-1,2065,2048,2068,-1,2068,2048,2049,-1,2068,2049,2070,-1,2049,2050,2070,-1,2070,2050,2051,-1,2070,2051,2071,-1,2072,2073,2044,-1,2044,2043,2072,-1,2072,2043,2042,-1,2072,2042,2069,-1,2069,2042,2041,-1,2069,2041,2040,-1,2051,2052,2071,-1,2071,2052,2053,-1,2071,2053,2074,-1,2060,2062,2061,-1,2061,2062,2064,-1,2061,2064,2069,-1,2069,2064,2075,-1,2069,2075,2072,-1,2072,2075,2076,-1,2072,2076,2073,-1,2073,2076,2077,-1,2073,2077,2078,-1,2078,2077,2079,-1,2078,2079,171,-1,2063,2080,2064,-1,2064,2080,2081,-1,2064,2081,2075,-1,2075,2081,2082,-1,2075,2082,2076,-1,2076,2082,2083,-1,2076,2083,2077,-1,2077,2083,2084,-1,2077,2084,2079,-1,2079,2084,2085,-1,2079,2085,171,-1,2086,2066,2087,-1,2087,2066,2068,-1,2087,2068,2088,-1,2088,2068,2070,-1,2088,2070,2089,-1,2089,2070,2071,-1,2089,2071,2090,-1,2090,2071,2074,-1,2090,2074,2091,-1,2091,2074,2058,-1,2091,2058,171,-1,171,2047,2078,-1,2078,2047,2046,-1,2078,2046,2073,-1,2073,2046,2045,-1,2073,2045,2044,-1,2053,2054,2074,-1,2074,2054,2055,-1,2074,2055,2058,-1,2058,2055,2056,-1,2058,2056,2057,-1,2080,2086,2081,-1,2081,2086,2087,-1,2081,2087,2082,-1,2082,2087,2088,-1,2082,2088,2083,-1,2083,2088,2089,-1,2083,2089,2084,-1,2084,2089,2090,-1,2084,2090,2085,-1,2085,2090,2091,-1,2085,2091,171,-1,2092,2093,2065,-1,2065,2093,2094,-1,2065,2094,810,-1,810,2094,2095,-1,810,2095,811,-1,2065,2067,2092,-1,2092,2067,2066,-1,2092,2066,2096,-1,2096,2066,2086,-1,2086,2080,2096,-1,2096,2080,2063,-1,2096,2063,2097,-1,2097,2063,2062,-1,2097,2062,2098,-1,2098,2062,2060,-1,2098,2060,2099,-1,2099,2060,2059,-1,2099,2059,2100,-1,2100,2059,813,-1,2100,813,812,-1,812,164,136,-1,812,136,2100,-1,2100,136,2101,-1,2100,2101,2099,-1,2099,2101,2102,-1,2099,2102,2098,-1,2098,2102,2097,-1,2097,2102,2103,-1,2097,2103,2096,-1,2096,2103,2092,-1,2092,2103,2104,-1,2092,2104,2093,-1,2093,2104,2094,-1,2094,2104,2105,-1,2094,2105,2095,-1,134,162,2105,-1,2105,162,811,-1,2105,811,2095,-1,102,124,2106,-1,2106,124,2107,-1,2106,2107,2108,-1,2108,2107,2109,-1,2108,2109,2110,-1,2110,2109,2111,-1,2110,2111,2112,-1,2112,2111,2113,-1,2112,2113,2114,-1,2114,2113,2115,-1,2114,2115,104,-1,104,2115,146,-1,124,126,2107,-1,2107,126,2116,-1,2107,2116,2109,-1,2109,2116,2117,-1,2109,2117,2111,-1,2111,2117,2118,-1,2111,2118,2113,-1,2113,2118,2119,-1,2113,2119,2115,-1,2115,2119,2120,-1,2115,2120,146,-1,146,2120,144,-1,126,128,2116,-1,2116,128,2121,-1,2116,2121,2117,-1,2117,2121,2122,-1,2117,2122,2118,-1,2118,2122,2123,-1,2118,2123,2119,-1,2119,2123,2124,-1,2119,2124,2120,-1,2120,2124,2125,-1,2120,2125,144,-1,144,2125,142,-1,128,130,2121,-1,2121,130,2126,-1,2121,2126,2122,-1,2122,2126,2127,-1,2122,2127,2123,-1,2123,2127,2128,-1,2123,2128,2124,-1,2124,2128,2129,-1,2124,2129,2125,-1,2125,2129,2130,-1,2125,2130,142,-1,142,2130,140,-1,130,132,2126,-1,2126,132,2131,-1,2126,2131,2127,-1,2127,2131,2132,-1,2127,2132,2128,-1,2128,2132,2133,-1,2128,2133,2129,-1,2129,2133,2134,-1,2129,2134,2130,-1,2130,2134,2135,-1,2130,2135,140,-1,140,2135,138,-1,132,134,2131,-1,2131,134,2105,-1,2131,2105,2132,-1,2132,2105,2104,-1,2132,2104,2133,-1,2133,2104,2103,-1,2133,2103,2134,-1,2134,2103,2102,-1,2134,2102,2135,-1,2135,2102,2101,-1,2135,2101,138,-1,138,2101,136,-1,104,106,2136,-1,104,2136,2114,-1,2114,2136,2137,-1,2114,2137,2112,-1,2112,2137,2138,-1,2112,2138,2110,-1,2110,2138,2139,-1,2110,2139,2108,-1,2108,2139,2140,-1,2108,2140,2106,-1,2106,2140,100,-1,2106,100,102,-1,187,185,828,-1,828,185,2141,-1,828,2141,2142,-1,2142,2141,2143,-1,2143,2141,2144,-1,2143,2144,2145,-1,2145,2144,2146,-1,2146,2144,2147,-1,2146,2147,2148,-1,2148,2147,2149,-1,2149,2147,2150,-1,2149,2150,2151,-1,2151,2150,2152,-1,2152,2150,2153,-1,2152,2153,2154,-1,183,181,2153,-1,2153,181,823,-1,2153,823,2154,-1,172,174,824,-1,824,174,2155,-1,824,2155,2156,-1,2156,2155,2157,-1,2157,2155,2158,-1,2157,2158,2159,-1,2159,2158,2160,-1,2160,2158,2161,-1,2160,2161,2162,-1,2162,2161,2163,-1,2163,2161,2164,-1,2163,2164,2165,-1,2165,2164,2166,-1,2166,2164,2167,-1,2166,2167,2168,-1,184,186,2167,-1,2167,186,831,-1,2167,831,2168,-1,823,822,2154,-1,2154,822,2169,-1,2154,2169,2152,-1,2152,2169,2170,-1,2152,2170,2151,-1,2151,2170,2171,-1,2151,2171,2149,-1,2171,2172,2149,-1,2149,2172,2173,-1,2149,2173,2148,-1,2148,2173,2174,-1,2148,2174,2146,-1,2146,2174,2175,-1,2146,2175,2145,-1,2145,2175,2143,-1,2143,2175,2176,-1,2143,2176,2177,-1,2177,2178,2143,-1,2143,2178,2179,-1,2143,2179,2142,-1,2179,2180,2142,-1,2142,2180,2181,-1,2142,2181,828,-1,828,2181,2182,-1,828,2182,829,-1,830,829,2183,-1,2183,829,2184,-1,2183,2184,2185,-1,2185,2184,2186,-1,2185,2186,2187,-1,2187,2186,2188,-1,2187,2188,2189,-1,2189,2188,2190,-1,2189,2190,2191,-1,2191,2190,2192,-1,2191,2192,2193,-1,2193,2192,2194,-1,2193,2194,2195,-1,2195,2194,2196,-1,2195,2196,2197,-1,2197,2196,2198,-1,2197,2198,2199,-1,2199,2198,2200,-1,2199,2200,2201,-1,2200,2202,2201,-1,2201,2202,191,-1,2201,191,189,-1,831,830,2168,-1,2168,830,2203,-1,2203,2204,2168,-1,2168,2204,2205,-1,2168,2205,2166,-1,2205,2206,2166,-1,2166,2206,2207,-1,2166,2207,2165,-1,2207,2208,2165,-1,2165,2208,2209,-1,2165,2209,2163,-1,2163,2209,2210,-1,2163,2210,2162,-1,2210,2211,2162,-1,2162,2211,2212,-1,2162,2212,2160,-1,2212,2213,2160,-1,2160,2213,2214,-1,2160,2214,2159,-1,2159,2214,2215,-1,825,824,2216,-1,2216,824,2156,-1,2216,2156,2215,-1,2215,2156,2157,-1,2215,2157,2159,-1,180,182,820,-1,820,182,2217,-1,820,2217,2218,-1,2218,2217,2219,-1,2219,2217,2220,-1,2219,2220,2221,-1,2221,2220,2222,-1,2222,2220,2223,-1,2222,2223,2224,-1,2224,2223,2225,-1,2225,2223,2226,-1,2225,2226,2227,-1,2227,2226,2228,-1,2228,2226,2229,-1,2228,2229,2230,-1,179,177,2229,-1,2229,177,819,-1,2229,819,2230,-1,2231,2232,2233,-1,2234,2235,2236,-1,2237,2238,2239,-1,2173,2240,2241,-1,2242,2243,822,-1,822,2243,2169,-1,2169,2243,2170,-1,2170,2243,2244,-1,2170,2244,2171,-1,2240,2173,2244,-1,2244,2173,2172,-1,2244,2172,2171,-1,2176,2175,2241,-1,2241,2175,2174,-1,2241,2174,2173,-1,2245,2179,2178,-1,829,2182,2184,-1,2184,2182,2246,-1,2184,2246,2186,-1,2186,2246,2247,-1,2248,2190,2247,-1,2247,2190,2188,-1,2247,2188,2186,-1,2249,2194,2248,-1,2248,2194,2192,-1,2248,2192,2190,-1,2202,2200,2250,-1,2250,2200,2198,-1,2250,2198,2249,-1,2249,2198,2196,-1,2249,2196,2194,-1,191,2202,2251,-1,2251,2202,2250,-1,2251,2250,2252,-1,2252,2250,2253,-1,2238,2253,2239,-1,2239,2253,2250,-1,2239,2250,2254,-1,2254,2250,2249,-1,2254,2249,2255,-1,2255,2249,2248,-1,2255,2248,2256,-1,2256,2248,2247,-1,2256,2247,2257,-1,2257,2247,2246,-1,2257,2246,2181,-1,2181,2246,2182,-1,2235,2237,2236,-1,2236,2237,2239,-1,2236,2239,2258,-1,2258,2239,2254,-1,2258,2254,2259,-1,2259,2254,2255,-1,2259,2255,2260,-1,2260,2255,2256,-1,2260,2256,2261,-1,2261,2256,2257,-1,2261,2257,2180,-1,2180,2257,2181,-1,2232,2234,2233,-1,2233,2234,2236,-1,2233,2236,2262,-1,2262,2236,2258,-1,2262,2258,2263,-1,2263,2258,2259,-1,2263,2259,2264,-1,2264,2259,2260,-1,2264,2260,2245,-1,2245,2260,2261,-1,2245,2261,2179,-1,2179,2261,2180,-1,2242,2231,2243,-1,2243,2231,2233,-1,2243,2233,2244,-1,2244,2233,2262,-1,2244,2262,2240,-1,2240,2262,2263,-1,2240,2263,2241,-1,2241,2263,2264,-1,2241,2264,2176,-1,2176,2264,2245,-1,2176,2245,2177,-1,2177,2245,2178,-1,2265,2266,2267,-1,2268,2269,2270,-1,2271,2272,2273,-1,2274,2275,2276,-1,2277,2278,2279,-1,2207,2206,2280,-1,2281,2203,830,-1,2282,2209,2280,-1,2280,2209,2208,-1,2280,2208,2207,-1,2283,2211,2210,-1,2211,2283,2212,-1,2212,2283,2284,-1,2212,2284,2213,-1,2213,2284,2285,-1,2213,2285,2214,-1,2214,2285,2215,-1,2215,2285,2279,-1,2215,2279,2216,-1,2216,2279,2278,-1,2216,2278,825,-1,830,2183,2281,-1,2281,2183,2185,-1,2281,2185,2286,-1,2185,2187,2286,-1,2286,2187,2189,-1,2286,2189,2287,-1,2189,2191,2287,-1,2287,2191,2193,-1,2287,2193,2288,-1,2193,2195,2288,-1,2288,2195,2197,-1,2288,2197,2267,-1,2275,2277,2276,-1,2276,2277,2279,-1,2276,2279,2289,-1,2289,2279,2285,-1,2289,2285,2290,-1,2290,2285,2284,-1,2290,2284,2282,-1,2282,2284,2283,-1,2282,2283,2209,-1,2209,2283,2210,-1,2272,2274,2273,-1,2273,2274,2276,-1,2273,2276,2291,-1,2291,2276,2289,-1,2291,2289,2292,-1,2292,2289,2290,-1,2292,2290,2293,-1,2293,2290,2282,-1,2293,2282,2294,-1,2294,2282,2280,-1,2294,2280,2205,-1,2205,2280,2206,-1,2269,2271,2270,-1,2270,2271,2273,-1,2270,2273,2295,-1,2295,2273,2291,-1,2295,2291,2296,-1,2296,2291,2292,-1,2296,2292,2297,-1,2297,2292,2293,-1,2297,2293,2298,-1,2298,2293,2294,-1,2298,2294,2204,-1,2204,2294,2205,-1,2266,2268,2267,-1,2267,2268,2270,-1,2267,2270,2288,-1,2288,2270,2295,-1,2288,2295,2287,-1,2287,2295,2296,-1,2287,2296,2286,-1,2286,2296,2297,-1,2286,2297,2281,-1,2281,2297,2298,-1,2281,2298,2203,-1,2203,2298,2204,-1,189,2265,2201,-1,2201,2265,2267,-1,2201,2267,2199,-1,2199,2267,2197,-1,176,178,816,-1,816,178,2299,-1,816,2299,2300,-1,2300,2299,2301,-1,2301,2299,2302,-1,2301,2302,2303,-1,2303,2302,2304,-1,2304,2302,2305,-1,2304,2305,2306,-1,2306,2305,2307,-1,2307,2305,2308,-1,2307,2308,2309,-1,2309,2308,2310,-1,2310,2308,2311,-1,2310,2311,2312,-1,175,173,2311,-1,2311,173,827,-1,2311,827,2312,-1,819,818,2230,-1,2230,818,2313,-1,2230,2313,2314,-1,2314,2315,2230,-1,2230,2315,2316,-1,2230,2316,2228,-1,2228,2316,2317,-1,2228,2317,2227,-1,2317,2318,2227,-1,2227,2318,2319,-1,2227,2319,2225,-1,2225,2319,2320,-1,2225,2320,2224,-1,2320,2321,2224,-1,2224,2321,2322,-1,2224,2322,2222,-1,2322,2323,2222,-1,2222,2323,2324,-1,2222,2324,2221,-1,2221,2324,2325,-1,821,820,2326,-1,2326,820,2218,-1,2326,2218,2325,-1,2325,2218,2219,-1,2325,2219,2221,-1,822,821,2242,-1,2242,821,2327,-1,2242,2327,2231,-1,2231,2327,2328,-1,2231,2328,2232,-1,2232,2328,2329,-1,2232,2329,2234,-1,2234,2329,2330,-1,2234,2330,2235,-1,2235,2330,2331,-1,2235,2331,2237,-1,2237,2331,2332,-1,2237,2332,2238,-1,2238,2332,2333,-1,2238,2333,2253,-1,2253,2333,2334,-1,2253,2334,2252,-1,2252,2334,2335,-1,2252,2335,2251,-1,2335,2336,2251,-1,2251,2336,190,-1,2251,190,191,-1,826,825,2337,-1,2337,825,2278,-1,2337,2278,2338,-1,2338,2278,2277,-1,2338,2277,2339,-1,2339,2277,2275,-1,2339,2275,2340,-1,2340,2275,2274,-1,2340,2274,2341,-1,2341,2274,2272,-1,2341,2272,2342,-1,2342,2272,2271,-1,2342,2271,2343,-1,2343,2271,2269,-1,2343,2269,2344,-1,2344,2269,2268,-1,2344,2268,2345,-1,2345,2268,2266,-1,2345,2266,2346,-1,2266,2265,2346,-1,2346,2265,189,-1,2346,189,188,-1,2347,817,816,-1,827,826,2312,-1,2312,826,2348,-1,2312,2348,2310,-1,2310,2348,2349,-1,2310,2349,2309,-1,2309,2349,2350,-1,2309,2350,2307,-1,2350,2351,2307,-1,2307,2351,2352,-1,2307,2352,2306,-1,2306,2352,2353,-1,2306,2353,2304,-1,2304,2353,2354,-1,2304,2354,2303,-1,2347,816,2355,-1,2354,2356,2303,-1,2303,2356,2357,-1,2303,2357,2301,-1,2301,2357,2358,-1,2301,2358,2300,-1,2300,2358,2359,-1,2300,2359,816,-1,816,2359,2360,-1,816,2360,2355,-1,2328,2327,2361,-1,2330,2329,2362,-1,2332,2331,2363,-1,2334,2333,2364,-1,2317,2316,2365,-1,2366,2313,818,-1,2367,2319,2365,-1,2365,2319,2318,-1,2365,2318,2317,-1,2368,2321,2320,-1,2321,2368,2322,-1,2322,2368,2369,-1,2322,2369,2323,-1,2323,2369,2370,-1,2323,2370,2324,-1,2324,2370,2325,-1,2325,2370,2361,-1,2325,2361,2326,-1,2326,2361,2327,-1,2326,2327,821,-1,2335,2371,2336,-1,2336,2371,2372,-1,2336,2372,190,-1,2373,2374,2371,-1,2371,2374,2375,-1,2371,2375,2372,-1,2376,2377,2373,-1,2373,2377,2378,-1,2373,2378,2374,-1,2379,2380,2376,-1,2376,2380,2381,-1,2376,2381,2377,-1,2329,2328,2362,-1,2362,2328,2361,-1,2362,2361,2382,-1,2382,2361,2370,-1,2382,2370,2383,-1,2383,2370,2369,-1,2383,2369,2367,-1,2367,2369,2368,-1,2367,2368,2319,-1,2319,2368,2320,-1,818,2384,2366,-1,2366,2384,2385,-1,2366,2385,2379,-1,2379,2385,2386,-1,2379,2386,2380,-1,2335,2334,2371,-1,2371,2334,2364,-1,2371,2364,2373,-1,2373,2364,2387,-1,2373,2387,2376,-1,2376,2387,2388,-1,2376,2388,2379,-1,2379,2388,2389,-1,2379,2389,2366,-1,2366,2389,2390,-1,2366,2390,2313,-1,2313,2390,2314,-1,2333,2332,2364,-1,2364,2332,2363,-1,2364,2363,2387,-1,2387,2363,2391,-1,2387,2391,2388,-1,2388,2391,2392,-1,2388,2392,2389,-1,2389,2392,2393,-1,2389,2393,2390,-1,2390,2393,2394,-1,2390,2394,2314,-1,2314,2394,2315,-1,2331,2330,2363,-1,2363,2330,2362,-1,2363,2362,2391,-1,2391,2362,2382,-1,2391,2382,2392,-1,2392,2382,2383,-1,2392,2383,2393,-1,2393,2383,2367,-1,2393,2367,2394,-1,2394,2367,2365,-1,2394,2365,2315,-1,2315,2365,2316,-1,2349,2348,2395,-1,2395,2348,826,-1,2351,2350,2396,-1,2396,2350,2349,-1,2397,2353,2352,-1,2353,2397,2354,-1,2358,2357,2398,-1,2398,2357,2356,-1,2358,2398,2359,-1,2359,2398,2399,-1,2359,2399,2360,-1,2360,2399,2400,-1,2360,2400,2355,-1,2355,2400,2401,-1,2355,2401,2347,-1,2347,2401,2402,-1,2347,2402,817,-1,826,2337,2395,-1,2395,2337,2338,-1,2395,2338,2403,-1,2338,2339,2403,-1,2403,2339,2340,-1,2403,2340,2404,-1,2340,2341,2404,-1,2404,2341,2342,-1,2404,2342,2405,-1,2342,2343,2405,-1,2405,2343,2344,-1,2405,2344,2406,-1,188,2407,2346,-1,2346,2407,2406,-1,2346,2406,2345,-1,2345,2406,2344,-1,2349,2395,2396,-1,2396,2395,2403,-1,2396,2403,2408,-1,2408,2403,2404,-1,2408,2404,2409,-1,2409,2404,2405,-1,2409,2405,2410,-1,2410,2405,2406,-1,2410,2406,2411,-1,2407,2412,2406,-1,2406,2412,2413,-1,2406,2413,2411,-1,2411,2413,2414,-1,2411,2414,2415,-1,2415,2416,2411,-1,2411,2416,2417,-1,2411,2417,2410,-1,2410,2417,2418,-1,2410,2418,2409,-1,2409,2418,2419,-1,2409,2419,2408,-1,2408,2419,2420,-1,2408,2420,2396,-1,2351,2396,2352,-1,2352,2396,2420,-1,2352,2420,2397,-1,2397,2420,2419,-1,2397,2419,2421,-1,2421,2419,2418,-1,2421,2418,2422,-1,2422,2418,2417,-1,2422,2417,2423,-1,2423,2417,2416,-1,2423,2416,2424,-1,2415,2425,2416,-1,2416,2425,2426,-1,2416,2426,2424,-1,2424,2426,2427,-1,2424,2427,2428,-1,2354,2397,2356,-1,2356,2397,2421,-1,2356,2421,2398,-1,2398,2421,2422,-1,2398,2422,2399,-1,2399,2422,2423,-1,2399,2423,2400,-1,2400,2423,2424,-1,2400,2424,2401,-1,2401,2424,2428,-1,2401,2428,2402,-1,818,817,2384,-1,2384,817,2402,-1,2384,2402,2385,-1,2385,2402,2428,-1,2385,2428,2386,-1,2386,2428,2427,-1,2386,2427,2380,-1,2380,2427,2426,-1,2380,2426,2381,-1,2381,2426,2425,-1,2381,2425,2377,-1,2377,2425,2415,-1,2377,2415,2378,-1,2378,2415,2414,-1,2378,2414,2374,-1,2374,2414,2413,-1,2374,2413,2375,-1,2375,2413,2412,-1,2375,2412,2372,-1,2412,2407,2372,-1,2372,2407,188,-1,2372,188,190,-1,192,194,2429,-1,192,2429,2430,-1,2430,2429,2431,-1,2430,2431,2432,-1,2432,2431,2433,-1,2432,2433,2434,-1,2434,2433,2435,-1,2434,2435,2436,-1,2436,2435,2437,-1,2436,2437,2438,-1,2438,2437,204,-1,2438,204,206,-1,218,216,2439,-1,2439,216,2440,-1,2439,2440,2441,-1,2441,2440,2442,-1,2441,2442,2443,-1,2443,2442,2444,-1,2443,2444,2445,-1,2445,2444,2446,-1,2445,2446,2447,-1,2447,2446,2448,-1,2447,2448,245,-1,245,2448,247,-1,216,214,2440,-1,2440,214,2449,-1,2440,2449,2442,-1,2442,2449,2450,-1,2442,2450,2444,-1,2444,2450,2451,-1,2444,2451,2446,-1,2446,2451,2452,-1,2446,2452,2448,-1,2448,2452,2453,-1,2448,2453,247,-1,247,2453,249,-1,214,212,2449,-1,2449,212,2454,-1,2449,2454,2450,-1,2450,2454,2455,-1,2450,2455,2451,-1,2451,2455,2456,-1,2451,2456,2452,-1,2452,2456,2457,-1,2452,2457,2453,-1,2453,2457,2458,-1,2453,2458,249,-1,249,2458,251,-1,212,210,2454,-1,2454,210,2459,-1,2454,2459,2455,-1,2455,2459,2460,-1,2455,2460,2456,-1,2456,2460,2461,-1,2456,2461,2457,-1,2457,2461,2462,-1,2457,2462,2458,-1,2458,2462,2463,-1,2458,2463,251,-1,251,2463,253,-1,210,208,2459,-1,2459,208,2464,-1,2459,2464,2460,-1,2460,2464,2465,-1,2460,2465,2461,-1,2461,2465,2466,-1,2461,2466,2462,-1,2462,2466,2467,-1,2462,2467,2463,-1,2463,2467,2468,-1,2463,2468,253,-1,253,2468,255,-1,208,192,2464,-1,2464,192,2430,-1,2464,2430,2465,-1,2465,2430,2432,-1,2465,2432,2466,-1,2466,2432,2434,-1,2466,2434,2467,-1,2467,2434,2436,-1,2467,2436,2468,-1,2468,2436,2438,-1,2468,2438,255,-1,255,2438,206,-1,207,205,2469,-1,207,2469,2470,-1,2470,2469,2471,-1,2470,2471,2472,-1,2472,2471,2473,-1,2472,2473,2474,-1,2474,2473,2475,-1,2474,2475,2476,-1,2476,2475,2477,-1,2476,2477,2478,-1,2478,2477,203,-1,2478,203,201,-1,832,256,218,-1,832,218,2479,-1,2479,218,2439,-1,2479,2439,2480,-1,2480,2439,2441,-1,2480,2441,2481,-1,2481,2441,2482,-1,2482,2441,2443,-1,2482,2443,2483,-1,2483,2443,2484,-1,2484,2443,2445,-1,2484,2445,2485,-1,2485,2445,2486,-1,2486,2445,2447,-1,2486,2447,2487,-1,245,262,2447,-1,2447,262,839,-1,2447,839,2487,-1,199,197,2488,-1,199,2488,2489,-1,2489,2488,2490,-1,2489,2490,2491,-1,2491,2490,2492,-1,2491,2492,2493,-1,2493,2492,2494,-1,2493,2494,2495,-1,2495,2494,2496,-1,2495,2496,2497,-1,2497,2496,195,-1,2497,195,193,-1,244,246,2498,-1,2498,246,2499,-1,2498,2499,2500,-1,2500,2499,2501,-1,2500,2501,2502,-1,2502,2501,2503,-1,2502,2503,2504,-1,2504,2503,2505,-1,2504,2505,2506,-1,2506,2505,2507,-1,2506,2507,233,-1,233,2507,235,-1,246,248,2499,-1,2499,248,2508,-1,2499,2508,2501,-1,2501,2508,2509,-1,2501,2509,2503,-1,2503,2509,2510,-1,2503,2510,2505,-1,2505,2510,2511,-1,2505,2511,2507,-1,2507,2511,2512,-1,2507,2512,235,-1,235,2512,237,-1,248,250,2508,-1,2508,250,2513,-1,2508,2513,2509,-1,2509,2513,2514,-1,2509,2514,2510,-1,2510,2514,2515,-1,2510,2515,2511,-1,2511,2515,2516,-1,2511,2516,2512,-1,2512,2516,2517,-1,2512,2517,237,-1,237,2517,239,-1,250,252,2513,-1,2513,252,2518,-1,2513,2518,2514,-1,2514,2518,2519,-1,2514,2519,2515,-1,2515,2519,2520,-1,2515,2520,2516,-1,2516,2520,2521,-1,2516,2521,2517,-1,2517,2521,2522,-1,2517,2522,239,-1,239,2522,241,-1,252,254,2518,-1,2518,254,2523,-1,2518,2523,2519,-1,2519,2523,2524,-1,2519,2524,2520,-1,2520,2524,2525,-1,2520,2525,2521,-1,2521,2525,2526,-1,2521,2526,2522,-1,2522,2526,2527,-1,2522,2527,241,-1,241,2527,243,-1,254,207,2523,-1,2523,207,2470,-1,2523,2470,2524,-1,2524,2470,2472,-1,2524,2472,2525,-1,2525,2472,2474,-1,2525,2474,2526,-1,2526,2474,2476,-1,2526,2476,2527,-1,2527,2476,2478,-1,2527,2478,243,-1,243,2478,201,-1,2484,2485,2528,-1,2528,2485,2486,-1,2528,2486,838,-1,838,2486,2487,-1,838,2487,839,-1,2528,2529,2484,-1,2484,2529,2530,-1,2484,2530,2483,-1,2483,2530,2531,-1,2531,2532,2483,-1,2483,2532,2533,-1,2483,2533,2482,-1,2482,2533,2534,-1,2482,2534,2481,-1,2481,2534,2535,-1,2481,2535,2480,-1,2480,2535,2536,-1,2480,2536,2479,-1,2479,2536,833,-1,2479,833,832,-1,193,209,2497,-1,2497,209,2537,-1,2497,2537,2495,-1,2495,2537,2538,-1,2495,2538,2493,-1,2493,2538,2539,-1,2493,2539,2491,-1,2491,2539,2540,-1,2491,2540,2489,-1,2489,2540,2541,-1,2489,2541,199,-1,199,2541,221,-1,209,211,2537,-1,2537,211,2542,-1,2537,2542,2538,-1,2538,2542,2543,-1,2538,2543,2539,-1,2539,2543,2544,-1,2539,2544,2540,-1,2540,2544,2545,-1,2540,2545,2541,-1,2541,2545,2546,-1,2541,2546,221,-1,221,2546,223,-1,211,213,2542,-1,2542,213,2547,-1,2542,2547,2543,-1,2543,2547,2548,-1,2543,2548,2544,-1,2544,2548,2549,-1,2544,2549,2545,-1,2545,2549,2550,-1,2545,2550,2546,-1,2546,2550,2551,-1,2546,2551,223,-1,223,2551,225,-1,213,215,2547,-1,2547,215,2552,-1,2547,2552,2548,-1,2548,2552,2553,-1,2548,2553,2549,-1,2549,2553,2554,-1,2549,2554,2550,-1,2550,2554,2555,-1,2550,2555,2551,-1,2551,2555,2556,-1,2551,2556,225,-1,225,2556,227,-1,215,217,2552,-1,2552,217,2557,-1,2552,2557,2553,-1,2553,2557,2558,-1,2553,2558,2554,-1,2554,2558,2559,-1,2554,2559,2555,-1,2555,2559,2560,-1,2555,2560,2556,-1,2556,2560,2561,-1,2556,2561,227,-1,227,2561,229,-1,217,219,2557,-1,2557,219,2562,-1,2557,2562,2558,-1,2558,2562,2563,-1,2558,2563,2559,-1,2559,2563,2564,-1,2559,2564,2560,-1,2560,2564,2565,-1,2560,2565,2561,-1,2561,2565,2566,-1,2561,2566,229,-1,229,2566,231,-1,836,263,244,-1,836,244,2567,-1,2567,244,2498,-1,2567,2498,2568,-1,2568,2498,2500,-1,2568,2500,2569,-1,2569,2500,2570,-1,2570,2500,2502,-1,2570,2502,2571,-1,2571,2502,2572,-1,2572,2502,2504,-1,2572,2504,2573,-1,2573,2504,2574,-1,2574,2504,2506,-1,2574,2506,2575,-1,233,261,2506,-1,2506,261,847,-1,2506,847,2575,-1,2576,264,2577,-1,2578,2579,2580,-1,2581,2582,2583,-1,2584,2585,2586,-1,2528,838,2587,-1,2530,2529,2588,-1,2588,2529,2528,-1,2536,2535,2585,-1,2585,2535,2534,-1,2585,2534,2586,-1,2586,2534,2533,-1,2586,2533,2532,-1,833,2536,2589,-1,2589,2536,2585,-1,2589,2585,2590,-1,2590,2585,2584,-1,2590,2584,2591,-1,2591,2584,2592,-1,2528,2587,2588,-1,2588,2587,2593,-1,2588,2593,2594,-1,2582,2592,2583,-1,2583,2592,2584,-1,2583,2584,2595,-1,2595,2584,2586,-1,2595,2586,2596,-1,2596,2586,2532,-1,2593,2597,2594,-1,2594,2597,2598,-1,2594,2598,2599,-1,2579,2581,2580,-1,2580,2581,2583,-1,2580,2583,2600,-1,2600,2583,2595,-1,2600,2595,2601,-1,2601,2595,2596,-1,2598,2602,2599,-1,2599,2602,2603,-1,2599,2603,2604,-1,2601,2605,2600,-1,2600,2605,2606,-1,2600,2606,2580,-1,2580,2606,2607,-1,2580,2607,2578,-1,2531,2530,2608,-1,2608,2530,2588,-1,2608,2588,2609,-1,2609,2588,2594,-1,2609,2594,2610,-1,2610,2594,2599,-1,2610,2599,2611,-1,2611,2599,2604,-1,2611,2604,2612,-1,2612,2604,2577,-1,2612,2577,264,-1,264,2613,2607,-1,2607,2613,2614,-1,2607,2614,2578,-1,2605,2615,2606,-1,2606,2615,2616,-1,2606,2616,2607,-1,2607,2616,264,-1,2615,2617,2616,-1,2616,2617,264,-1,2603,2618,2604,-1,2604,2618,2619,-1,2604,2619,2577,-1,2577,2619,2620,-1,2577,2620,2576,-1,2532,2531,2596,-1,2596,2531,2608,-1,2596,2608,2601,-1,2601,2608,2609,-1,2601,2609,2605,-1,2605,2609,2610,-1,2605,2610,2615,-1,2615,2610,2611,-1,2615,2611,2617,-1,2617,2611,2612,-1,2617,2612,264,-1,840,259,231,-1,840,231,2621,-1,2621,231,2566,-1,2621,2566,2622,-1,2622,2566,2565,-1,2622,2565,2623,-1,2623,2565,2624,-1,2624,2565,2564,-1,2624,2564,2625,-1,2625,2564,2626,-1,2626,2564,2563,-1,2626,2563,2627,-1,2627,2563,2628,-1,2628,2563,2562,-1,2628,2562,2629,-1,219,257,2562,-1,2562,257,835,-1,2562,835,2629,-1,2572,2573,2630,-1,2630,2573,2574,-1,2630,2574,846,-1,846,2574,2575,-1,846,2575,847,-1,2630,2631,2572,-1,2572,2631,2632,-1,2572,2632,2571,-1,2632,2633,2571,-1,2571,2633,2634,-1,2571,2634,2570,-1,2634,2635,2570,-1,2570,2635,2636,-1,2570,2636,2569,-1,2569,2636,2637,-1,2569,2637,2568,-1,2568,2637,2638,-1,2568,2638,2567,-1,2567,2638,837,-1,2567,837,836,-1,838,837,2587,-1,2587,837,2639,-1,2587,2639,2593,-1,2593,2639,2640,-1,2593,2640,2597,-1,2597,2640,2641,-1,2597,2641,2598,-1,2598,2641,2642,-1,2598,2642,2602,-1,2602,2642,2643,-1,2602,2643,2603,-1,2603,2643,2644,-1,2603,2644,2618,-1,2618,2644,2645,-1,2618,2645,2619,-1,2619,2645,2646,-1,2619,2646,2620,-1,2620,2646,2647,-1,2620,2647,2576,-1,2647,2648,2576,-1,2576,2648,265,-1,2576,265,264,-1,834,833,2649,-1,2649,833,2589,-1,2649,2589,2650,-1,2650,2589,2590,-1,2650,2590,2651,-1,2651,2590,2591,-1,2651,2591,2652,-1,2652,2591,2592,-1,2652,2592,2653,-1,2653,2592,2582,-1,2653,2582,2654,-1,2654,2582,2581,-1,2654,2581,2655,-1,2655,2581,2579,-1,2655,2579,2656,-1,2656,2579,2578,-1,2656,2578,2657,-1,2657,2578,2614,-1,2657,2614,2658,-1,2614,2613,2658,-1,2658,2613,264,-1,2658,264,266,-1,835,834,2629,-1,2629,834,2659,-1,2629,2659,2628,-1,2628,2659,2660,-1,2628,2660,2627,-1,2627,2660,2661,-1,2627,2661,2626,-1,2661,2662,2626,-1,2626,2662,2663,-1,2626,2663,2625,-1,2625,2663,2664,-1,2625,2664,2624,-1,2624,2664,2665,-1,2624,2665,2623,-1,2623,2665,2666,-1,2623,2666,2622,-1,2622,2666,2621,-1,2621,2666,840,-1,840,2666,2667,-1,840,2667,841,-1,2668,265,2669,-1,2646,2645,2670,-1,2644,2643,2671,-1,2672,2673,2674,-1,2630,846,2675,-1,2632,2631,2676,-1,2676,2631,2630,-1,2638,2637,2673,-1,2673,2637,2636,-1,2673,2636,2674,-1,2674,2636,2635,-1,2674,2635,2634,-1,837,2638,2639,-1,2639,2638,2673,-1,2639,2673,2640,-1,2640,2673,2672,-1,2640,2672,2641,-1,2641,2672,2642,-1,2630,2675,2676,-1,2676,2675,2677,-1,2676,2677,2678,-1,2643,2642,2671,-1,2671,2642,2672,-1,2671,2672,2679,-1,2679,2672,2674,-1,2679,2674,2680,-1,2680,2674,2634,-1,2677,2681,2678,-1,2678,2681,2682,-1,2678,2682,2683,-1,2645,2644,2670,-1,2670,2644,2671,-1,2670,2671,2684,-1,2684,2671,2679,-1,2684,2679,2685,-1,2685,2679,2680,-1,2682,2686,2683,-1,2683,2686,2687,-1,2683,2687,2688,-1,2685,2689,2684,-1,2684,2689,2690,-1,2684,2690,2670,-1,2670,2690,2691,-1,2670,2691,2646,-1,2633,2632,2692,-1,2692,2632,2676,-1,2692,2676,2693,-1,2693,2676,2678,-1,2693,2678,2694,-1,2694,2678,2683,-1,2694,2683,2695,-1,2695,2683,2688,-1,2695,2688,2696,-1,2696,2688,2669,-1,2696,2669,265,-1,265,2648,2691,-1,2691,2648,2647,-1,2691,2647,2646,-1,2689,2697,2690,-1,2690,2697,2698,-1,2690,2698,2691,-1,2691,2698,265,-1,2697,2699,2698,-1,2698,2699,265,-1,2687,2700,2688,-1,2688,2700,2701,-1,2688,2701,2669,-1,2669,2701,2702,-1,2669,2702,2668,-1,2634,2633,2680,-1,2680,2633,2692,-1,2680,2692,2685,-1,2685,2692,2693,-1,2685,2693,2689,-1,2689,2693,2694,-1,2689,2694,2697,-1,2697,2694,2695,-1,2697,2695,2699,-1,2699,2695,2696,-1,2699,2696,265,-1,2658,266,2703,-1,2704,2705,266,-1,2706,2707,2708,-1,2709,2710,2711,-1,2662,2661,2712,-1,2660,2659,2713,-1,2713,2659,834,-1,2662,2712,2663,-1,2667,2666,2714,-1,2714,2666,2715,-1,2714,2715,2716,-1,841,2667,2717,-1,2717,2667,2714,-1,2717,2714,2718,-1,2718,2714,2716,-1,2718,2716,2719,-1,2719,2716,2720,-1,834,2649,2713,-1,2713,2649,2650,-1,2713,2650,2721,-1,2710,2720,2711,-1,2711,2720,2716,-1,2711,2716,2722,-1,2722,2716,2715,-1,2722,2715,2723,-1,2650,2651,2721,-1,2721,2651,2652,-1,2721,2652,2724,-1,2707,2709,2708,-1,2708,2709,2711,-1,2708,2711,2725,-1,2725,2711,2722,-1,2725,2722,2726,-1,2726,2722,2723,-1,2726,2723,2727,-1,2652,2653,2724,-1,2724,2653,2654,-1,2724,2654,2728,-1,2727,2729,2726,-1,2726,2729,2730,-1,2726,2730,2725,-1,2725,2730,2731,-1,2725,2731,2708,-1,2708,2731,2732,-1,2708,2732,2706,-1,2705,2704,2733,-1,2661,2660,2712,-1,2712,2660,2713,-1,2712,2713,2734,-1,2734,2713,2721,-1,2734,2721,2735,-1,2735,2721,2724,-1,2735,2724,2736,-1,2736,2724,2728,-1,2736,2728,2737,-1,2737,2728,2703,-1,2737,2703,266,-1,266,2738,2732,-1,2732,2738,2739,-1,2732,2739,2706,-1,2729,2740,2730,-1,2730,2740,2741,-1,2730,2741,2731,-1,2731,2741,2742,-1,2731,2742,2732,-1,2732,2742,266,-1,2740,2733,2741,-1,2741,2733,2704,-1,2741,2704,2742,-1,2742,2704,266,-1,2654,2655,2728,-1,2728,2655,2656,-1,2728,2656,2703,-1,2703,2656,2657,-1,2703,2657,2658,-1,2666,2665,2715,-1,2715,2665,2664,-1,2715,2664,2723,-1,2723,2664,2663,-1,2723,2663,2727,-1,2727,2663,2712,-1,2727,2712,2729,-1,2729,2712,2734,-1,2729,2734,2740,-1,2740,2734,2735,-1,2740,2735,2733,-1,2733,2735,2736,-1,2733,2736,2705,-1,2705,2736,2737,-1,2705,2737,266,-1,846,845,2675,-1,2675,845,2743,-1,2675,2743,2677,-1,2677,2743,2744,-1,2677,2744,2681,-1,2681,2744,2745,-1,2681,2745,2682,-1,2682,2745,2746,-1,2682,2746,2686,-1,2686,2746,2747,-1,2686,2747,2687,-1,2687,2747,2748,-1,2687,2748,2700,-1,2700,2748,2749,-1,2700,2749,2701,-1,2701,2749,2750,-1,2701,2750,2702,-1,2702,2750,2751,-1,2702,2751,2668,-1,2751,2752,2668,-1,2668,2752,267,-1,2668,267,265,-1,842,841,2753,-1,2753,841,2717,-1,2753,2717,2754,-1,2754,2717,2718,-1,2754,2718,2755,-1,2755,2718,2719,-1,2755,2719,2756,-1,2756,2719,2720,-1,2756,2720,2757,-1,2757,2720,2710,-1,2757,2710,2758,-1,2758,2710,2709,-1,2758,2709,2759,-1,2759,2709,2707,-1,2759,2707,2760,-1,2760,2707,2706,-1,2760,2706,2761,-1,2761,2706,2739,-1,2761,2739,2762,-1,2739,2738,2762,-1,2762,2738,266,-1,2762,266,267,-1,2762,267,2763,-1,2764,2765,267,-1,2766,2767,2768,-1,2769,2770,2771,-1,2772,2773,2774,-1,2774,2773,842,-1,845,2775,2743,-1,2743,2775,2776,-1,2743,2776,2744,-1,2744,2776,2777,-1,2744,2777,2745,-1,2770,2778,2771,-1,2771,2778,2779,-1,2771,2779,2780,-1,2780,2779,2781,-1,2780,2781,2782,-1,842,2753,2774,-1,2774,2753,2754,-1,2774,2754,2783,-1,2767,2769,2768,-1,2768,2769,2771,-1,2768,2771,2784,-1,2784,2771,2780,-1,2784,2780,2785,-1,2785,2780,2782,-1,2785,2782,2786,-1,2754,2755,2783,-1,2783,2755,2756,-1,2783,2756,2787,-1,2788,2789,2749,-1,2749,2748,2788,-1,2788,2748,2747,-1,2788,2747,2777,-1,2777,2747,2746,-1,2777,2746,2745,-1,2775,2766,2776,-1,2776,2766,2768,-1,2776,2768,2777,-1,2777,2768,2784,-1,2777,2784,2788,-1,2788,2784,2785,-1,2788,2785,2789,-1,2789,2785,2786,-1,2789,2786,2790,-1,2756,2757,2787,-1,2787,2757,2758,-1,2787,2758,2791,-1,2765,2764,2792,-1,2793,2772,2794,-1,2794,2772,2774,-1,2794,2774,2795,-1,2795,2774,2783,-1,2795,2783,2796,-1,2796,2783,2787,-1,2796,2787,2797,-1,2797,2787,2791,-1,2797,2791,2798,-1,2798,2791,2763,-1,2798,2763,267,-1,267,2752,2790,-1,2790,2752,2751,-1,2790,2751,2789,-1,2789,2751,2750,-1,2789,2750,2749,-1,2781,2799,2782,-1,2782,2799,2800,-1,2782,2800,2786,-1,2786,2800,2801,-1,2786,2801,2790,-1,2790,2801,267,-1,2799,2792,2800,-1,2800,2792,2764,-1,2800,2764,2801,-1,2801,2764,267,-1,2758,2759,2791,-1,2791,2759,2760,-1,2791,2760,2763,-1,2763,2760,2761,-1,2763,2761,2762,-1,2778,2793,2779,-1,2779,2793,2794,-1,2779,2794,2781,-1,2781,2794,2795,-1,2781,2795,2799,-1,2799,2795,2796,-1,2799,2796,2792,-1,2792,2796,2797,-1,2792,2797,2765,-1,2765,2797,2798,-1,2765,2798,267,-1,843,842,2802,-1,2802,842,2773,-1,2802,2773,2803,-1,2803,2773,2772,-1,2803,2772,2804,-1,2804,2772,2805,-1,2772,2793,2805,-1,2805,2793,2778,-1,2805,2778,2806,-1,2806,2778,2770,-1,2806,2770,2769,-1,845,844,2775,-1,2775,844,2807,-1,2775,2807,2766,-1,2766,2807,2808,-1,2766,2808,2767,-1,2767,2808,2809,-1,2767,2809,2769,-1,2769,2809,2810,-1,2769,2810,2806,-1,844,260,232,-1,844,232,2807,-1,2807,232,2811,-1,2807,2811,2808,-1,2808,2811,2812,-1,2808,2812,2809,-1,2809,2812,2810,-1,2810,2812,2813,-1,2810,2813,2806,-1,2806,2813,2805,-1,2805,2813,2814,-1,2805,2814,2804,-1,2804,2814,2803,-1,2803,2814,2815,-1,2803,2815,2802,-1,230,258,2815,-1,2815,258,843,-1,2815,843,2802,-1,198,220,2816,-1,2816,220,2817,-1,2816,2817,2818,-1,2818,2817,2819,-1,2818,2819,2820,-1,2820,2819,2821,-1,2820,2821,2822,-1,2822,2821,2823,-1,2822,2823,2824,-1,2824,2823,2825,-1,2824,2825,200,-1,200,2825,242,-1,220,222,2817,-1,2817,222,2826,-1,2817,2826,2819,-1,2819,2826,2827,-1,2819,2827,2821,-1,2821,2827,2828,-1,2821,2828,2823,-1,2823,2828,2829,-1,2823,2829,2825,-1,2825,2829,2830,-1,2825,2830,242,-1,242,2830,240,-1,222,224,2826,-1,2826,224,2831,-1,2826,2831,2827,-1,2827,2831,2832,-1,2827,2832,2828,-1,2828,2832,2833,-1,2828,2833,2829,-1,2829,2833,2834,-1,2829,2834,2830,-1,2830,2834,2835,-1,2830,2835,240,-1,240,2835,238,-1,224,226,2831,-1,2831,226,2836,-1,2831,2836,2832,-1,2832,2836,2837,-1,2832,2837,2833,-1,2833,2837,2838,-1,2833,2838,2834,-1,2834,2838,2839,-1,2834,2839,2835,-1,2835,2839,2840,-1,2835,2840,238,-1,238,2840,236,-1,226,228,2836,-1,2836,228,2841,-1,2836,2841,2837,-1,2837,2841,2842,-1,2837,2842,2838,-1,2838,2842,2843,-1,2838,2843,2839,-1,2839,2843,2844,-1,2839,2844,2840,-1,2840,2844,2845,-1,2840,2845,236,-1,236,2845,234,-1,228,230,2841,-1,2841,230,2815,-1,2841,2815,2842,-1,2842,2815,2814,-1,2842,2814,2843,-1,2843,2814,2813,-1,2843,2813,2844,-1,2844,2813,2812,-1,2844,2812,2845,-1,2845,2812,2811,-1,2845,2811,234,-1,234,2811,232,-1,200,202,2846,-1,200,2846,2824,-1,2824,2846,2847,-1,2824,2847,2822,-1,2822,2847,2848,-1,2822,2848,2820,-1,2820,2848,2849,-1,2820,2849,2818,-1,2818,2849,2850,-1,2818,2850,2816,-1,2816,2850,196,-1,2816,196,198,-1,283,281,860,-1,860,281,2851,-1,860,2851,2852,-1,2852,2851,2853,-1,2853,2851,2854,-1,2853,2854,2855,-1,2855,2854,2856,-1,2856,2854,2857,-1,2856,2857,2858,-1,2858,2857,2859,-1,2859,2857,2860,-1,2859,2860,2861,-1,2861,2860,2862,-1,2862,2860,2863,-1,2862,2863,2864,-1,279,277,2863,-1,2863,277,855,-1,2863,855,2864,-1,268,270,856,-1,856,270,2865,-1,856,2865,2866,-1,2866,2865,2867,-1,2867,2865,2868,-1,2867,2868,2869,-1,2869,2868,2870,-1,2870,2868,2871,-1,2870,2871,2872,-1,2872,2871,2873,-1,2873,2871,2874,-1,2873,2874,2875,-1,2875,2874,2876,-1,2876,2874,2877,-1,2876,2877,2878,-1,280,282,2877,-1,2877,282,863,-1,2877,863,2878,-1,855,854,2864,-1,2864,854,2879,-1,2864,2879,2862,-1,2862,2879,2880,-1,2862,2880,2861,-1,2861,2880,2881,-1,2861,2881,2859,-1,2881,2882,2859,-1,2859,2882,2883,-1,2859,2883,2858,-1,2858,2883,2884,-1,2858,2884,2856,-1,2856,2884,2885,-1,2856,2885,2855,-1,2885,2886,2855,-1,2855,2886,2887,-1,2855,2887,2853,-1,2887,2888,2853,-1,2853,2888,2889,-1,2853,2889,2852,-1,2889,2890,2852,-1,2852,2890,2891,-1,2852,2891,860,-1,860,2891,2892,-1,860,2892,861,-1,862,861,2893,-1,2893,861,2894,-1,2893,2894,2895,-1,2895,2894,2896,-1,2895,2896,2897,-1,2897,2896,2898,-1,2897,2898,2899,-1,2899,2898,2900,-1,2899,2900,2901,-1,2901,2900,2902,-1,2901,2902,2903,-1,2903,2902,2904,-1,2903,2904,2905,-1,2905,2904,2906,-1,2905,2906,2907,-1,2907,2906,2908,-1,2907,2908,2909,-1,2909,2908,2910,-1,2909,2910,2911,-1,2910,2912,2911,-1,2911,2912,287,-1,2911,287,285,-1,862,2913,863,-1,863,2913,2914,-1,863,2914,2878,-1,2878,2914,2915,-1,2878,2915,2876,-1,2915,2916,2876,-1,2876,2916,2917,-1,2876,2917,2875,-1,2917,2918,2875,-1,2875,2918,2919,-1,2875,2919,2873,-1,2873,2919,2920,-1,2873,2920,2872,-1,2920,2921,2872,-1,2872,2921,2922,-1,2872,2922,2870,-1,2922,2923,2870,-1,2870,2923,2924,-1,2870,2924,2869,-1,2869,2924,2925,-1,857,856,2926,-1,2926,856,2866,-1,2926,2866,2925,-1,2925,2866,2867,-1,2925,2867,2869,-1,276,278,852,-1,852,278,2927,-1,852,2927,2928,-1,2928,2927,2929,-1,2929,2927,2930,-1,2929,2930,2931,-1,2931,2930,2932,-1,2932,2930,2933,-1,2932,2933,2934,-1,2934,2933,2935,-1,2935,2933,2936,-1,2935,2936,2937,-1,2937,2936,2938,-1,2938,2936,2939,-1,2938,2939,2940,-1,275,273,2939,-1,2939,273,851,-1,2939,851,2940,-1,2941,2942,2943,-1,2944,2945,2946,-1,2947,2948,2949,-1,2908,2906,2950,-1,2883,2951,2952,-1,2953,2954,854,-1,854,2954,2879,-1,2879,2954,2880,-1,2880,2954,2955,-1,2880,2955,2881,-1,2951,2883,2955,-1,2955,2883,2882,-1,2955,2882,2881,-1,2886,2885,2952,-1,2952,2885,2884,-1,2952,2884,2883,-1,2956,2889,2888,-1,861,2892,2894,-1,2894,2892,2957,-1,2894,2957,2896,-1,2896,2957,2958,-1,2896,2958,2898,-1,2898,2958,2900,-1,2900,2958,2959,-1,2900,2959,2902,-1,2950,2906,2959,-1,2959,2906,2904,-1,2959,2904,2902,-1,2960,2961,2962,-1,2962,2961,2963,-1,2908,2950,2910,-1,2910,2950,2962,-1,2910,2962,2912,-1,2912,2962,2963,-1,2912,2963,287,-1,2948,2960,2949,-1,2949,2960,2962,-1,2949,2962,2964,-1,2964,2962,2950,-1,2964,2950,2965,-1,2965,2950,2959,-1,2965,2959,2966,-1,2966,2959,2958,-1,2966,2958,2967,-1,2967,2958,2957,-1,2967,2957,2891,-1,2891,2957,2892,-1,2945,2947,2946,-1,2946,2947,2949,-1,2946,2949,2968,-1,2968,2949,2964,-1,2968,2964,2969,-1,2969,2964,2965,-1,2969,2965,2970,-1,2970,2965,2966,-1,2970,2966,2971,-1,2971,2966,2967,-1,2971,2967,2890,-1,2890,2967,2891,-1,2942,2944,2943,-1,2943,2944,2946,-1,2943,2946,2972,-1,2972,2946,2968,-1,2972,2968,2973,-1,2973,2968,2969,-1,2973,2969,2974,-1,2974,2969,2970,-1,2974,2970,2956,-1,2956,2970,2971,-1,2956,2971,2889,-1,2889,2971,2890,-1,2953,2941,2954,-1,2954,2941,2943,-1,2954,2943,2955,-1,2955,2943,2972,-1,2955,2972,2951,-1,2951,2972,2973,-1,2951,2973,2952,-1,2952,2973,2974,-1,2952,2974,2886,-1,2886,2974,2956,-1,2886,2956,2887,-1,2887,2956,2888,-1,2975,2976,2977,-1,2978,2979,2980,-1,2981,2982,2983,-1,2984,2985,2986,-1,2987,2988,2989,-1,2917,2916,2990,-1,2991,2913,862,-1,2992,2919,2990,-1,2990,2919,2918,-1,2990,2918,2917,-1,2993,2921,2920,-1,2921,2993,2922,-1,2922,2993,2994,-1,2922,2994,2923,-1,2923,2994,2995,-1,2923,2995,2924,-1,2924,2995,2925,-1,2925,2995,2989,-1,2925,2989,2926,-1,2926,2989,2988,-1,2926,2988,857,-1,862,2893,2991,-1,2991,2893,2895,-1,2991,2895,2996,-1,2895,2897,2996,-1,2996,2897,2899,-1,2996,2899,2997,-1,2899,2901,2997,-1,2997,2901,2903,-1,2997,2903,2998,-1,2903,2905,2998,-1,2998,2905,2907,-1,2998,2907,2977,-1,2985,2987,2986,-1,2986,2987,2989,-1,2986,2989,2999,-1,2999,2989,2995,-1,2999,2995,3000,-1,3000,2995,2994,-1,3000,2994,2992,-1,2992,2994,2993,-1,2992,2993,2919,-1,2919,2993,2920,-1,2982,2984,2983,-1,2983,2984,2986,-1,2983,2986,3001,-1,3001,2986,2999,-1,3001,2999,3002,-1,3002,2999,3000,-1,3002,3000,3003,-1,3003,3000,2992,-1,3003,2992,3004,-1,3004,2992,2990,-1,3004,2990,2915,-1,2915,2990,2916,-1,2979,2981,2980,-1,2980,2981,2983,-1,2980,2983,3005,-1,3005,2983,3001,-1,3005,3001,3006,-1,3006,3001,3002,-1,3006,3002,3007,-1,3007,3002,3003,-1,3007,3003,3008,-1,3008,3003,3004,-1,3008,3004,2914,-1,2914,3004,2915,-1,2976,2978,2977,-1,2977,2978,2980,-1,2977,2980,2998,-1,2998,2980,3005,-1,2998,3005,2997,-1,2997,3005,3006,-1,2997,3006,2996,-1,2996,3006,3007,-1,2996,3007,2991,-1,2991,3007,3008,-1,2991,3008,2913,-1,2913,3008,2914,-1,285,2975,2911,-1,2911,2975,2977,-1,2911,2977,2909,-1,2909,2977,2907,-1,272,274,848,-1,848,274,3009,-1,848,3009,3010,-1,3010,3009,3011,-1,3011,3009,3012,-1,3011,3012,3013,-1,3013,3012,3014,-1,3014,3012,3015,-1,3014,3015,3016,-1,3016,3015,3017,-1,3017,3015,3018,-1,3017,3018,3019,-1,3019,3018,3020,-1,3020,3018,3021,-1,3020,3021,3022,-1,271,269,3021,-1,3021,269,859,-1,3021,859,3022,-1,851,850,2940,-1,2940,850,3023,-1,2940,3023,3024,-1,3024,3025,2940,-1,2940,3025,3026,-1,2940,3026,2938,-1,2938,3026,3027,-1,2938,3027,2937,-1,3027,3028,2937,-1,2937,3028,3029,-1,2937,3029,2935,-1,2935,3029,3030,-1,2935,3030,2934,-1,3030,3031,2934,-1,2934,3031,3032,-1,2934,3032,2932,-1,3032,3033,2932,-1,2932,3033,3034,-1,2932,3034,2931,-1,2931,3034,3035,-1,853,852,3036,-1,3036,852,2928,-1,3036,2928,3035,-1,3035,2928,2929,-1,3035,2929,2931,-1,854,853,2953,-1,2953,853,3037,-1,2953,3037,2941,-1,2941,3037,3038,-1,2941,3038,2942,-1,2942,3038,3039,-1,2942,3039,2944,-1,2944,3039,3040,-1,2944,3040,2945,-1,2945,3040,3041,-1,2945,3041,2947,-1,2947,3041,3042,-1,2947,3042,2948,-1,2948,3042,3043,-1,2948,3043,2960,-1,2960,3043,3044,-1,2960,3044,2961,-1,2961,3044,3045,-1,2961,3045,2963,-1,3045,3046,2963,-1,2963,3046,286,-1,2963,286,287,-1,858,857,3047,-1,3047,857,2988,-1,3047,2988,3048,-1,3048,2988,2987,-1,3048,2987,3049,-1,3049,2987,2985,-1,3049,2985,3050,-1,3050,2985,2984,-1,3050,2984,3051,-1,3051,2984,2982,-1,3051,2982,3052,-1,3052,2982,2981,-1,3052,2981,3053,-1,3053,2981,2979,-1,3053,2979,3054,-1,3054,2979,2978,-1,3054,2978,3055,-1,3055,2978,2976,-1,3055,2976,3056,-1,2976,2975,3056,-1,3056,2975,285,-1,3056,285,284,-1,3057,849,848,-1,859,858,3022,-1,3022,858,3058,-1,3022,3058,3020,-1,3020,3058,3059,-1,3020,3059,3019,-1,3019,3059,3060,-1,3019,3060,3017,-1,3060,3061,3017,-1,3017,3061,3062,-1,3017,3062,3016,-1,3016,3062,3063,-1,3016,3063,3014,-1,3014,3063,3064,-1,3014,3064,3013,-1,3057,848,3065,-1,3064,3066,3013,-1,3013,3066,3067,-1,3013,3067,3011,-1,3011,3067,3068,-1,3011,3068,3010,-1,3010,3068,3069,-1,3010,3069,848,-1,848,3069,3070,-1,848,3070,3065,-1,3038,3037,3071,-1,3040,3039,3072,-1,3042,3041,3073,-1,3044,3043,3074,-1,3027,3026,3075,-1,3076,3023,850,-1,3077,3029,3075,-1,3075,3029,3028,-1,3075,3028,3027,-1,3078,3031,3030,-1,3031,3078,3032,-1,3032,3078,3079,-1,3032,3079,3033,-1,3033,3079,3080,-1,3033,3080,3034,-1,3034,3080,3035,-1,3035,3080,3071,-1,3035,3071,3036,-1,3036,3071,3037,-1,3036,3037,853,-1,3045,3081,3046,-1,3046,3081,3082,-1,3046,3082,286,-1,3083,3084,3081,-1,3081,3084,3085,-1,3081,3085,3082,-1,3086,3087,3083,-1,3083,3087,3088,-1,3083,3088,3084,-1,3089,3090,3086,-1,3086,3090,3091,-1,3086,3091,3087,-1,3039,3038,3072,-1,3072,3038,3071,-1,3072,3071,3092,-1,3092,3071,3080,-1,3092,3080,3093,-1,3093,3080,3079,-1,3093,3079,3077,-1,3077,3079,3078,-1,3077,3078,3029,-1,3029,3078,3030,-1,850,3094,3076,-1,3076,3094,3095,-1,3076,3095,3089,-1,3089,3095,3096,-1,3089,3096,3090,-1,3045,3044,3081,-1,3081,3044,3074,-1,3081,3074,3083,-1,3083,3074,3097,-1,3083,3097,3086,-1,3086,3097,3098,-1,3086,3098,3089,-1,3089,3098,3099,-1,3089,3099,3076,-1,3076,3099,3100,-1,3076,3100,3023,-1,3023,3100,3024,-1,3043,3042,3074,-1,3074,3042,3073,-1,3074,3073,3097,-1,3097,3073,3101,-1,3097,3101,3098,-1,3098,3101,3102,-1,3098,3102,3099,-1,3099,3102,3103,-1,3099,3103,3100,-1,3100,3103,3104,-1,3100,3104,3024,-1,3024,3104,3025,-1,3041,3040,3073,-1,3073,3040,3072,-1,3073,3072,3101,-1,3101,3072,3092,-1,3101,3092,3102,-1,3102,3092,3093,-1,3102,3093,3103,-1,3103,3093,3077,-1,3103,3077,3104,-1,3104,3077,3075,-1,3104,3075,3025,-1,3025,3075,3026,-1,3059,3058,3105,-1,3105,3058,858,-1,3061,3060,3106,-1,3106,3060,3059,-1,3107,3063,3062,-1,3063,3107,3064,-1,3068,3067,3108,-1,3108,3067,3066,-1,3068,3108,3069,-1,3069,3108,3109,-1,3069,3109,3070,-1,3070,3109,3110,-1,3070,3110,3065,-1,3065,3110,3111,-1,3065,3111,3057,-1,3057,3111,3112,-1,3057,3112,849,-1,858,3047,3105,-1,3105,3047,3048,-1,3105,3048,3113,-1,3048,3049,3113,-1,3113,3049,3050,-1,3113,3050,3114,-1,3050,3051,3114,-1,3114,3051,3052,-1,3114,3052,3115,-1,3052,3053,3115,-1,3115,3053,3054,-1,3115,3054,3116,-1,284,3117,3056,-1,3056,3117,3116,-1,3056,3116,3055,-1,3055,3116,3054,-1,3059,3105,3106,-1,3106,3105,3113,-1,3106,3113,3118,-1,3118,3113,3114,-1,3118,3114,3119,-1,3119,3114,3115,-1,3119,3115,3120,-1,3120,3115,3116,-1,3120,3116,3121,-1,3117,3122,3116,-1,3116,3122,3123,-1,3116,3123,3121,-1,3121,3123,3124,-1,3121,3124,3125,-1,3125,3126,3121,-1,3121,3126,3127,-1,3121,3127,3120,-1,3120,3127,3128,-1,3120,3128,3119,-1,3119,3128,3129,-1,3119,3129,3118,-1,3118,3129,3130,-1,3118,3130,3106,-1,3061,3106,3062,-1,3062,3106,3130,-1,3062,3130,3107,-1,3107,3130,3129,-1,3107,3129,3131,-1,3131,3129,3128,-1,3131,3128,3132,-1,3132,3128,3127,-1,3132,3127,3133,-1,3133,3127,3126,-1,3133,3126,3134,-1,3125,3135,3126,-1,3126,3135,3136,-1,3126,3136,3134,-1,3134,3136,3137,-1,3134,3137,3138,-1,3064,3107,3066,-1,3066,3107,3131,-1,3066,3131,3108,-1,3108,3131,3132,-1,3108,3132,3109,-1,3109,3132,3133,-1,3109,3133,3110,-1,3110,3133,3134,-1,3110,3134,3111,-1,3111,3134,3138,-1,3111,3138,3112,-1,850,849,3094,-1,3094,849,3112,-1,3094,3112,3095,-1,3095,3112,3138,-1,3095,3138,3096,-1,3096,3138,3137,-1,3096,3137,3090,-1,3090,3137,3136,-1,3090,3136,3091,-1,3091,3136,3135,-1,3091,3135,3087,-1,3087,3135,3125,-1,3087,3125,3088,-1,3088,3125,3124,-1,3088,3124,3084,-1,3084,3124,3123,-1,3084,3123,3085,-1,3085,3123,3122,-1,3085,3122,3082,-1,3122,3117,3082,-1,3082,3117,284,-1,3082,284,286,-1,288,290,3139,-1,288,3139,3140,-1,3140,3139,3141,-1,3140,3141,3142,-1,3142,3141,3143,-1,3142,3143,3144,-1,3144,3143,3145,-1,3144,3145,3146,-1,3146,3145,3147,-1,3146,3147,3148,-1,3148,3147,300,-1,3148,300,302,-1,314,312,3149,-1,3149,312,3150,-1,3149,3150,3151,-1,3151,3150,3152,-1,3151,3152,3153,-1,3153,3152,3154,-1,3153,3154,3155,-1,3155,3154,3156,-1,3155,3156,3157,-1,3157,3156,3158,-1,3157,3158,341,-1,341,3158,343,-1,312,310,3150,-1,3150,310,3159,-1,3150,3159,3152,-1,3152,3159,3160,-1,3152,3160,3154,-1,3154,3160,3161,-1,3154,3161,3156,-1,3156,3161,3162,-1,3156,3162,3158,-1,3158,3162,3163,-1,3158,3163,343,-1,343,3163,345,-1,310,308,3159,-1,3159,308,3164,-1,3159,3164,3160,-1,3160,3164,3165,-1,3160,3165,3161,-1,3161,3165,3166,-1,3161,3166,3162,-1,3162,3166,3167,-1,3162,3167,3163,-1,3163,3167,3168,-1,3163,3168,345,-1,345,3168,347,-1,308,306,3164,-1,3164,306,3169,-1,3164,3169,3165,-1,3165,3169,3170,-1,3165,3170,3166,-1,3166,3170,3171,-1,3166,3171,3167,-1,3167,3171,3172,-1,3167,3172,3168,-1,3168,3172,3173,-1,3168,3173,347,-1,347,3173,349,-1,306,304,3169,-1,3169,304,3174,-1,3169,3174,3170,-1,3170,3174,3175,-1,3170,3175,3171,-1,3171,3175,3176,-1,3171,3176,3172,-1,3172,3176,3177,-1,3172,3177,3173,-1,3173,3177,3178,-1,3173,3178,349,-1,349,3178,351,-1,304,288,3174,-1,3174,288,3140,-1,3174,3140,3175,-1,3175,3140,3142,-1,3175,3142,3176,-1,3176,3142,3144,-1,3176,3144,3177,-1,3177,3144,3146,-1,3177,3146,3178,-1,3178,3146,3148,-1,3178,3148,351,-1,351,3148,302,-1,303,301,3179,-1,303,3179,3180,-1,3180,3179,3181,-1,3180,3181,3182,-1,3182,3181,3183,-1,3182,3183,3184,-1,3184,3183,3185,-1,3184,3185,3186,-1,3186,3185,3187,-1,3186,3187,3188,-1,3188,3187,299,-1,3188,299,297,-1,864,352,314,-1,864,314,3189,-1,3189,314,3149,-1,3189,3149,3190,-1,3190,3149,3151,-1,3190,3151,3191,-1,3191,3151,3192,-1,3192,3151,3153,-1,3192,3153,3193,-1,3193,3153,3194,-1,3194,3153,3155,-1,3194,3155,3195,-1,3195,3155,3196,-1,3196,3155,3157,-1,3196,3157,3197,-1,341,358,3157,-1,3157,358,871,-1,3157,871,3197,-1,295,293,3198,-1,295,3198,3199,-1,3199,3198,3200,-1,3199,3200,3201,-1,3201,3200,3202,-1,3201,3202,3203,-1,3203,3202,3204,-1,3203,3204,3205,-1,3205,3204,3206,-1,3205,3206,3207,-1,3207,3206,291,-1,3207,291,289,-1,340,342,3208,-1,3208,342,3209,-1,3208,3209,3210,-1,3210,3209,3211,-1,3210,3211,3212,-1,3212,3211,3213,-1,3212,3213,3214,-1,3214,3213,3215,-1,3214,3215,3216,-1,3216,3215,3217,-1,3216,3217,329,-1,329,3217,331,-1,342,344,3209,-1,3209,344,3218,-1,3209,3218,3211,-1,3211,3218,3219,-1,3211,3219,3213,-1,3213,3219,3220,-1,3213,3220,3215,-1,3215,3220,3221,-1,3215,3221,3217,-1,3217,3221,3222,-1,3217,3222,331,-1,331,3222,333,-1,344,346,3218,-1,3218,346,3223,-1,3218,3223,3219,-1,3219,3223,3224,-1,3219,3224,3220,-1,3220,3224,3225,-1,3220,3225,3221,-1,3221,3225,3226,-1,3221,3226,3222,-1,3222,3226,3227,-1,3222,3227,333,-1,333,3227,335,-1,346,348,3223,-1,3223,348,3228,-1,3223,3228,3224,-1,3224,3228,3229,-1,3224,3229,3225,-1,3225,3229,3230,-1,3225,3230,3226,-1,3226,3230,3231,-1,3226,3231,3227,-1,3227,3231,3232,-1,3227,3232,335,-1,335,3232,337,-1,348,350,3228,-1,3228,350,3233,-1,3228,3233,3229,-1,3229,3233,3234,-1,3229,3234,3230,-1,3230,3234,3235,-1,3230,3235,3231,-1,3231,3235,3236,-1,3231,3236,3232,-1,3232,3236,3237,-1,3232,3237,337,-1,337,3237,339,-1,350,303,3233,-1,3233,303,3180,-1,3233,3180,3234,-1,3234,3180,3182,-1,3234,3182,3235,-1,3235,3182,3184,-1,3235,3184,3236,-1,3236,3184,3186,-1,3236,3186,3237,-1,3237,3186,3188,-1,3237,3188,339,-1,339,3188,297,-1,3194,3195,3238,-1,3238,3195,3196,-1,3238,3196,870,-1,870,3196,3197,-1,870,3197,871,-1,3238,3239,3194,-1,3194,3239,3240,-1,3194,3240,3193,-1,3193,3240,3241,-1,3241,3242,3193,-1,3193,3242,3243,-1,3193,3243,3192,-1,3192,3243,3244,-1,3192,3244,3191,-1,3191,3244,3245,-1,3191,3245,3190,-1,3190,3245,3246,-1,3190,3246,3189,-1,3189,3246,865,-1,3189,865,864,-1,289,305,3207,-1,3207,305,3247,-1,3207,3247,3205,-1,3205,3247,3248,-1,3205,3248,3203,-1,3203,3248,3249,-1,3203,3249,3201,-1,3201,3249,3250,-1,3201,3250,3199,-1,3199,3250,3251,-1,3199,3251,295,-1,295,3251,317,-1,305,307,3247,-1,3247,307,3252,-1,3247,3252,3248,-1,3248,3252,3253,-1,3248,3253,3249,-1,3249,3253,3254,-1,3249,3254,3250,-1,3250,3254,3255,-1,3250,3255,3251,-1,3251,3255,3256,-1,3251,3256,317,-1,317,3256,319,-1,307,309,3252,-1,3252,309,3257,-1,3252,3257,3253,-1,3253,3257,3258,-1,3253,3258,3254,-1,3254,3258,3259,-1,3254,3259,3255,-1,3255,3259,3260,-1,3255,3260,3256,-1,3256,3260,3261,-1,3256,3261,319,-1,319,3261,321,-1,309,311,3257,-1,3257,311,3262,-1,3257,3262,3258,-1,3258,3262,3263,-1,3258,3263,3259,-1,3259,3263,3264,-1,3259,3264,3260,-1,3260,3264,3265,-1,3260,3265,3261,-1,3261,3265,3266,-1,3261,3266,321,-1,321,3266,323,-1,311,313,3262,-1,3262,313,3267,-1,3262,3267,3263,-1,3263,3267,3268,-1,3263,3268,3264,-1,3264,3268,3269,-1,3264,3269,3265,-1,3265,3269,3270,-1,3265,3270,3266,-1,3266,3270,3271,-1,3266,3271,323,-1,323,3271,325,-1,313,315,3267,-1,3267,315,3272,-1,3267,3272,3268,-1,3268,3272,3273,-1,3268,3273,3269,-1,3269,3273,3274,-1,3269,3274,3270,-1,3270,3274,3275,-1,3270,3275,3271,-1,3271,3275,3276,-1,3271,3276,325,-1,325,3276,327,-1,868,359,340,-1,868,340,3277,-1,3277,340,3208,-1,3277,3208,3278,-1,3278,3208,3210,-1,3278,3210,3279,-1,3279,3210,3280,-1,3280,3210,3212,-1,3280,3212,3281,-1,3281,3212,3282,-1,3282,3212,3214,-1,3282,3214,3283,-1,3283,3214,3284,-1,3284,3214,3216,-1,3284,3216,3285,-1,329,357,3216,-1,3216,357,879,-1,3216,879,3285,-1,3286,360,3287,-1,3288,3289,3290,-1,3291,3292,3293,-1,3294,3295,3296,-1,3238,870,3297,-1,3240,3239,3298,-1,3298,3239,3238,-1,3246,3245,3295,-1,3295,3245,3244,-1,3295,3244,3296,-1,3296,3244,3243,-1,3296,3243,3242,-1,865,3246,3299,-1,3299,3246,3295,-1,3299,3295,3300,-1,3300,3295,3294,-1,3300,3294,3301,-1,3301,3294,3302,-1,3238,3297,3298,-1,3298,3297,3303,-1,3298,3303,3304,-1,3292,3302,3293,-1,3293,3302,3294,-1,3293,3294,3305,-1,3305,3294,3296,-1,3305,3296,3306,-1,3306,3296,3242,-1,3303,3307,3304,-1,3304,3307,3308,-1,3304,3308,3309,-1,3289,3291,3290,-1,3290,3291,3293,-1,3290,3293,3310,-1,3310,3293,3305,-1,3310,3305,3311,-1,3311,3305,3306,-1,3308,3312,3309,-1,3309,3312,3313,-1,3309,3313,3314,-1,3311,3315,3310,-1,3310,3315,3316,-1,3310,3316,3290,-1,3290,3316,3317,-1,3290,3317,3288,-1,3241,3240,3318,-1,3318,3240,3298,-1,3318,3298,3319,-1,3319,3298,3304,-1,3319,3304,3320,-1,3320,3304,3309,-1,3320,3309,3321,-1,3321,3309,3314,-1,3321,3314,3322,-1,3322,3314,3287,-1,3322,3287,360,-1,360,3323,3317,-1,3317,3323,3324,-1,3317,3324,3288,-1,3315,3325,3316,-1,3316,3325,3326,-1,3316,3326,3317,-1,3317,3326,360,-1,3325,3327,3326,-1,3326,3327,360,-1,3313,3328,3314,-1,3314,3328,3329,-1,3314,3329,3287,-1,3287,3329,3330,-1,3287,3330,3286,-1,3242,3241,3306,-1,3306,3241,3318,-1,3306,3318,3311,-1,3311,3318,3319,-1,3311,3319,3315,-1,3315,3319,3320,-1,3315,3320,3325,-1,3325,3320,3321,-1,3325,3321,3327,-1,3327,3321,3322,-1,3327,3322,360,-1,872,355,327,-1,872,327,3331,-1,3331,327,3276,-1,3331,3276,3332,-1,3332,3276,3275,-1,3332,3275,3333,-1,3333,3275,3334,-1,3334,3275,3274,-1,3334,3274,3335,-1,3335,3274,3336,-1,3336,3274,3273,-1,3336,3273,3337,-1,3337,3273,3338,-1,3338,3273,3272,-1,3338,3272,3339,-1,315,353,3272,-1,3272,353,867,-1,3272,867,3339,-1,3282,3283,3340,-1,3340,3283,3284,-1,3340,3284,878,-1,878,3284,3285,-1,878,3285,879,-1,3340,3341,3282,-1,3282,3341,3342,-1,3282,3342,3281,-1,3342,3343,3281,-1,3281,3343,3344,-1,3281,3344,3280,-1,3344,3345,3280,-1,3280,3345,3346,-1,3280,3346,3279,-1,3279,3346,3347,-1,3279,3347,3278,-1,3278,3347,3348,-1,3278,3348,3277,-1,3277,3348,869,-1,3277,869,868,-1,870,869,3297,-1,3297,869,3349,-1,3297,3349,3303,-1,3303,3349,3350,-1,3303,3350,3307,-1,3307,3350,3351,-1,3307,3351,3308,-1,3308,3351,3352,-1,3308,3352,3312,-1,3312,3352,3353,-1,3312,3353,3313,-1,3313,3353,3354,-1,3313,3354,3328,-1,3328,3354,3355,-1,3328,3355,3329,-1,3329,3355,3356,-1,3329,3356,3330,-1,3330,3356,3357,-1,3330,3357,3286,-1,3357,3358,3286,-1,3286,3358,361,-1,3286,361,360,-1,866,865,3359,-1,3359,865,3299,-1,3359,3299,3360,-1,3360,3299,3300,-1,3360,3300,3361,-1,3361,3300,3301,-1,3361,3301,3362,-1,3362,3301,3302,-1,3362,3302,3363,-1,3363,3302,3292,-1,3363,3292,3364,-1,3364,3292,3291,-1,3364,3291,3365,-1,3365,3291,3289,-1,3365,3289,3366,-1,3366,3289,3288,-1,3366,3288,3367,-1,3367,3288,3324,-1,3367,3324,3368,-1,3324,3323,3368,-1,3368,3323,360,-1,3368,360,362,-1,3336,3337,3369,-1,3369,3337,3338,-1,3369,3338,866,-1,866,3338,3339,-1,866,3339,867,-1,3369,3370,3336,-1,3336,3370,3371,-1,3336,3371,3335,-1,3335,3371,3372,-1,3372,3373,3335,-1,3335,3373,3374,-1,3335,3374,3334,-1,3334,3374,3375,-1,3334,3375,3333,-1,3333,3375,3376,-1,3333,3376,3332,-1,3332,3376,3377,-1,3332,3377,3331,-1,3331,3377,873,-1,3331,873,872,-1,3378,361,3379,-1,3356,3355,3380,-1,3354,3353,3381,-1,3382,3383,3384,-1,3340,878,3385,-1,3342,3341,3386,-1,3386,3341,3340,-1,3348,3347,3383,-1,3383,3347,3346,-1,3383,3346,3384,-1,3384,3346,3345,-1,3384,3345,3344,-1,869,3348,3349,-1,3349,3348,3383,-1,3349,3383,3350,-1,3350,3383,3382,-1,3350,3382,3351,-1,3351,3382,3352,-1,3340,3385,3386,-1,3386,3385,3387,-1,3386,3387,3388,-1,3353,3352,3381,-1,3381,3352,3382,-1,3381,3382,3389,-1,3389,3382,3384,-1,3389,3384,3390,-1,3390,3384,3344,-1,3387,3391,3388,-1,3388,3391,3392,-1,3388,3392,3393,-1,3355,3354,3380,-1,3380,3354,3381,-1,3380,3381,3394,-1,3394,3381,3389,-1,3394,3389,3395,-1,3395,3389,3390,-1,3392,3396,3393,-1,3393,3396,3397,-1,3393,3397,3398,-1,3395,3399,3394,-1,3394,3399,3400,-1,3394,3400,3380,-1,3380,3400,3401,-1,3380,3401,3356,-1,3343,3342,3402,-1,3402,3342,3386,-1,3402,3386,3403,-1,3403,3386,3388,-1,3403,3388,3404,-1,3404,3388,3393,-1,3404,3393,3405,-1,3405,3393,3398,-1,3405,3398,3406,-1,3406,3398,3379,-1,3406,3379,361,-1,361,3358,3401,-1,3401,3358,3357,-1,3401,3357,3356,-1,3399,3407,3400,-1,3400,3407,3408,-1,3400,3408,3401,-1,3401,3408,361,-1,3407,3409,3408,-1,3408,3409,361,-1,3397,3410,3398,-1,3398,3410,3411,-1,3398,3411,3379,-1,3379,3411,3412,-1,3379,3412,3378,-1,3344,3343,3390,-1,3390,3343,3402,-1,3390,3402,3395,-1,3395,3402,3403,-1,3395,3403,3399,-1,3399,3403,3404,-1,3399,3404,3407,-1,3407,3404,3405,-1,3407,3405,3409,-1,3409,3405,3406,-1,3409,3406,361,-1,3368,362,3413,-1,3414,3415,3416,-1,3417,3418,3419,-1,3420,3421,3422,-1,3369,866,3359,-1,3371,3370,3423,-1,3423,3370,3369,-1,3377,3376,3421,-1,3421,3376,3375,-1,3421,3375,3422,-1,3422,3375,3374,-1,3422,3374,3373,-1,873,3377,3424,-1,3424,3377,3421,-1,3424,3421,3425,-1,3425,3421,3420,-1,3425,3420,3426,-1,3426,3420,3427,-1,3369,3359,3423,-1,3423,3359,3360,-1,3423,3360,3428,-1,3418,3427,3419,-1,3419,3427,3420,-1,3419,3420,3429,-1,3429,3420,3422,-1,3429,3422,3430,-1,3430,3422,3373,-1,3360,3361,3428,-1,3428,3361,3362,-1,3428,3362,3431,-1,3415,3417,3416,-1,3416,3417,3419,-1,3416,3419,3432,-1,3432,3419,3429,-1,3432,3429,3433,-1,3433,3429,3430,-1,3362,3363,3431,-1,3431,3363,3364,-1,3431,3364,3434,-1,3433,3435,3432,-1,3432,3435,3436,-1,3432,3436,3416,-1,3416,3436,3437,-1,3416,3437,3414,-1,3372,3371,3438,-1,3438,3371,3423,-1,3438,3423,3439,-1,3439,3423,3428,-1,3439,3428,3440,-1,3440,3428,3431,-1,3440,3431,3441,-1,3441,3431,3434,-1,3441,3434,3442,-1,3442,3434,3413,-1,3442,3413,362,-1,362,3443,3437,-1,3437,3443,3444,-1,3437,3444,3414,-1,3435,3445,3436,-1,3436,3445,3446,-1,3436,3446,3437,-1,3437,3446,362,-1,3445,3447,3446,-1,3446,3447,362,-1,3364,3365,3434,-1,3434,3365,3366,-1,3434,3366,3413,-1,3413,3366,3367,-1,3413,3367,3368,-1,3373,3372,3430,-1,3430,3372,3438,-1,3430,3438,3433,-1,3433,3438,3439,-1,3433,3439,3435,-1,3435,3439,3440,-1,3435,3440,3445,-1,3445,3440,3441,-1,3445,3441,3447,-1,3447,3441,3442,-1,3447,3442,362,-1,878,877,3385,-1,3385,877,3448,-1,3385,3448,3387,-1,3387,3448,3449,-1,3387,3449,3391,-1,3391,3449,3450,-1,3391,3450,3392,-1,3392,3450,3451,-1,3392,3451,3396,-1,3396,3451,3452,-1,3396,3452,3397,-1,3397,3452,3453,-1,3397,3453,3410,-1,3410,3453,3454,-1,3410,3454,3411,-1,3411,3454,3455,-1,3411,3455,3412,-1,3412,3455,3456,-1,3412,3456,3378,-1,3456,3457,3378,-1,3378,3457,363,-1,3378,363,361,-1,874,873,3458,-1,3458,873,3424,-1,3458,3424,3459,-1,3459,3424,3425,-1,3459,3425,3460,-1,3460,3425,3426,-1,3460,3426,3461,-1,3461,3426,3427,-1,3461,3427,3462,-1,3462,3427,3418,-1,3462,3418,3463,-1,3463,3418,3417,-1,3463,3417,3464,-1,3464,3417,3415,-1,3464,3415,3465,-1,3465,3415,3414,-1,3465,3414,3466,-1,3466,3414,3444,-1,3466,3444,3467,-1,3444,3443,3467,-1,3467,3443,362,-1,3467,362,363,-1,3467,363,3468,-1,3469,3470,363,-1,3471,3472,3473,-1,3474,3475,3476,-1,3477,3478,3479,-1,3479,3478,874,-1,3480,3481,3450,-1,877,3482,3448,-1,3448,3482,3480,-1,3448,3480,3449,-1,3449,3480,3450,-1,3475,3483,3476,-1,3476,3483,3484,-1,3476,3484,3485,-1,3485,3484,3486,-1,3485,3486,3487,-1,874,3458,3479,-1,3479,3458,3459,-1,3479,3459,3488,-1,3472,3474,3473,-1,3473,3474,3476,-1,3473,3476,3489,-1,3489,3476,3485,-1,3489,3485,3490,-1,3490,3485,3487,-1,3490,3487,3491,-1,3459,3460,3488,-1,3488,3460,3461,-1,3488,3461,3492,-1,3493,3494,3454,-1,3454,3453,3493,-1,3493,3453,3452,-1,3493,3452,3481,-1,3481,3452,3451,-1,3481,3451,3450,-1,3482,3471,3480,-1,3480,3471,3473,-1,3480,3473,3481,-1,3481,3473,3489,-1,3481,3489,3493,-1,3493,3489,3490,-1,3493,3490,3494,-1,3494,3490,3491,-1,3494,3491,3495,-1,3461,3462,3492,-1,3492,3462,3463,-1,3492,3463,3496,-1,3470,3469,3497,-1,3498,3477,3499,-1,3499,3477,3479,-1,3499,3479,3500,-1,3500,3479,3488,-1,3500,3488,3501,-1,3501,3488,3492,-1,3501,3492,3502,-1,3502,3492,3496,-1,3502,3496,3503,-1,3503,3496,3468,-1,3503,3468,363,-1,363,3457,3495,-1,3495,3457,3456,-1,3495,3456,3494,-1,3494,3456,3455,-1,3494,3455,3454,-1,3486,3504,3487,-1,3487,3504,3505,-1,3487,3505,3491,-1,3491,3505,3506,-1,3491,3506,3495,-1,3495,3506,363,-1,3504,3497,3505,-1,3505,3497,3469,-1,3505,3469,3506,-1,3506,3469,363,-1,3463,3464,3496,-1,3496,3464,3465,-1,3496,3465,3468,-1,3468,3465,3466,-1,3468,3466,3467,-1,3483,3498,3484,-1,3484,3498,3499,-1,3484,3499,3486,-1,3486,3499,3500,-1,3486,3500,3504,-1,3504,3500,3501,-1,3504,3501,3497,-1,3497,3501,3502,-1,3497,3502,3470,-1,3470,3502,3503,-1,3470,3503,363,-1,875,874,3507,-1,3507,874,3478,-1,3507,3478,3508,-1,3508,3478,3477,-1,3508,3477,3509,-1,3509,3477,3510,-1,3477,3498,3510,-1,3510,3498,3483,-1,3510,3483,3511,-1,3511,3483,3475,-1,3511,3475,3474,-1,3512,3513,3474,-1,3474,3513,3514,-1,3474,3514,3511,-1,877,876,3482,-1,3482,876,3515,-1,3482,3515,3471,-1,3471,3515,3512,-1,3471,3512,3472,-1,3472,3512,3474,-1,876,356,328,-1,876,328,3515,-1,3515,328,3516,-1,3515,3516,3512,-1,3512,3516,3517,-1,3512,3517,3513,-1,3513,3517,3514,-1,3514,3517,3518,-1,3514,3518,3511,-1,3511,3518,3510,-1,3510,3518,3519,-1,3510,3519,3509,-1,3509,3519,3508,-1,3508,3519,3520,-1,3508,3520,3507,-1,326,354,3520,-1,3520,354,875,-1,3520,875,3507,-1,294,316,3521,-1,3521,316,3522,-1,3521,3522,3523,-1,3523,3522,3524,-1,3523,3524,3525,-1,3525,3524,3526,-1,3525,3526,3527,-1,3527,3526,3528,-1,3527,3528,3529,-1,3529,3528,3530,-1,3529,3530,296,-1,296,3530,338,-1,316,318,3522,-1,3522,318,3531,-1,3522,3531,3524,-1,3524,3531,3532,-1,3524,3532,3526,-1,3526,3532,3533,-1,3526,3533,3528,-1,3528,3533,3534,-1,3528,3534,3530,-1,3530,3534,3535,-1,3530,3535,338,-1,338,3535,336,-1,318,320,3531,-1,3531,320,3536,-1,3531,3536,3532,-1,3532,3536,3537,-1,3532,3537,3533,-1,3533,3537,3538,-1,3533,3538,3534,-1,3534,3538,3539,-1,3534,3539,3535,-1,3535,3539,3540,-1,3535,3540,336,-1,336,3540,334,-1,320,322,3536,-1,3536,322,3541,-1,3536,3541,3537,-1,3537,3541,3542,-1,3537,3542,3538,-1,3538,3542,3543,-1,3538,3543,3539,-1,3539,3543,3544,-1,3539,3544,3540,-1,3540,3544,3545,-1,3540,3545,334,-1,334,3545,332,-1,322,324,3541,-1,3541,324,3546,-1,3541,3546,3542,-1,3542,3546,3547,-1,3542,3547,3543,-1,3543,3547,3548,-1,3543,3548,3544,-1,3544,3548,3549,-1,3544,3549,3545,-1,3545,3549,3550,-1,3545,3550,332,-1,332,3550,330,-1,324,326,3546,-1,3546,326,3520,-1,3546,3520,3547,-1,3547,3520,3519,-1,3547,3519,3548,-1,3548,3519,3518,-1,3548,3518,3549,-1,3549,3518,3517,-1,3549,3517,3550,-1,3550,3517,3516,-1,3550,3516,330,-1,330,3516,328,-1,296,298,3551,-1,296,3551,3529,-1,3529,3551,3552,-1,3529,3552,3527,-1,3527,3552,3553,-1,3527,3553,3525,-1,3525,3553,3554,-1,3525,3554,3523,-1,3523,3554,3555,-1,3523,3555,3521,-1,3521,3555,292,-1,3521,292,294,-1,379,377,892,-1,892,377,3556,-1,892,3556,3557,-1,3557,3556,3558,-1,3558,3556,3559,-1,3558,3559,3560,-1,3560,3559,3561,-1,3561,3559,3562,-1,3561,3562,3563,-1,3563,3562,3564,-1,3564,3562,3565,-1,3564,3565,3566,-1,3566,3565,3567,-1,3567,3565,3568,-1,3567,3568,3569,-1,375,373,3568,-1,3568,373,887,-1,3568,887,3569,-1,364,366,888,-1,888,366,3570,-1,888,3570,3571,-1,3571,3570,3572,-1,3572,3570,3573,-1,3572,3573,3574,-1,3574,3573,3575,-1,3575,3573,3576,-1,3575,3576,3577,-1,3577,3576,3578,-1,3578,3576,3579,-1,3578,3579,3580,-1,3580,3579,3581,-1,3581,3579,3582,-1,3581,3582,3583,-1,376,378,3582,-1,3582,378,895,-1,3582,895,3583,-1,887,886,3569,-1,3569,886,3584,-1,3569,3584,3567,-1,3567,3584,3585,-1,3567,3585,3566,-1,3566,3585,3586,-1,3566,3586,3564,-1,3587,3558,3588,-1,3588,3558,3560,-1,3588,3560,3589,-1,3589,3560,3561,-1,3589,3561,3590,-1,3590,3561,3563,-1,3590,3563,3591,-1,3591,3563,3564,-1,3591,3564,3592,-1,3592,3564,3586,-1,3587,3593,3558,-1,3558,3593,3594,-1,3558,3594,3557,-1,3594,3595,3557,-1,3557,3595,3596,-1,3557,3596,892,-1,892,3596,3597,-1,892,3597,893,-1,894,893,3598,-1,3598,893,3599,-1,3598,3599,3600,-1,3600,3599,3601,-1,3600,3601,3602,-1,3602,3601,3603,-1,3602,3603,3604,-1,3604,3603,3605,-1,3604,3605,3606,-1,3606,3605,3607,-1,3606,3607,3608,-1,3608,3607,3609,-1,3608,3609,3610,-1,3610,3609,3611,-1,3610,3611,3612,-1,3612,3611,3613,-1,3612,3613,3614,-1,3614,3613,3615,-1,3614,3615,3616,-1,3615,3617,3616,-1,3616,3617,383,-1,3616,383,381,-1,895,894,3583,-1,3583,894,3618,-1,3583,3618,3619,-1,3619,3620,3583,-1,3583,3620,3621,-1,3583,3621,3581,-1,3581,3621,3622,-1,3581,3622,3580,-1,3622,3623,3580,-1,3580,3623,3624,-1,3580,3624,3578,-1,3578,3624,3625,-1,3578,3625,3577,-1,3625,3626,3577,-1,3577,3626,3627,-1,3577,3627,3575,-1,3627,3628,3575,-1,3575,3628,3629,-1,3575,3629,3574,-1,3574,3629,3630,-1,889,888,3631,-1,3631,888,3571,-1,3631,3571,3630,-1,3630,3571,3572,-1,3630,3572,3574,-1,372,374,884,-1,884,374,3632,-1,884,3632,3633,-1,3633,3632,3634,-1,3634,3632,3635,-1,3634,3635,3636,-1,3636,3635,3637,-1,3637,3635,3638,-1,3637,3638,3639,-1,3639,3638,3640,-1,3640,3638,3641,-1,3640,3641,3642,-1,3642,3641,3643,-1,3643,3641,3644,-1,3643,3644,3645,-1,371,369,3644,-1,3644,369,883,-1,3644,883,3645,-1,3646,3647,3648,-1,3649,3650,3651,-1,3652,3653,3654,-1,3591,3655,3656,-1,3657,3658,886,-1,886,3658,3584,-1,3584,3658,3585,-1,3585,3658,3659,-1,3585,3659,3586,-1,3655,3591,3659,-1,3659,3591,3592,-1,3659,3592,3586,-1,3588,3589,3656,-1,3656,3589,3590,-1,3656,3590,3591,-1,3660,3594,3593,-1,893,3597,3599,-1,3599,3597,3661,-1,3599,3661,3601,-1,3601,3661,3662,-1,3663,3605,3662,-1,3662,3605,3603,-1,3662,3603,3601,-1,3664,3609,3663,-1,3663,3609,3607,-1,3663,3607,3605,-1,3617,3615,3665,-1,3665,3615,3613,-1,3665,3613,3664,-1,3664,3613,3611,-1,3664,3611,3609,-1,383,3617,3666,-1,3666,3617,3665,-1,3666,3665,3667,-1,3667,3665,3668,-1,3653,3668,3654,-1,3654,3668,3665,-1,3654,3665,3669,-1,3669,3665,3664,-1,3669,3664,3670,-1,3670,3664,3663,-1,3670,3663,3671,-1,3671,3663,3662,-1,3671,3662,3672,-1,3672,3662,3661,-1,3672,3661,3596,-1,3596,3661,3597,-1,3650,3652,3651,-1,3651,3652,3654,-1,3651,3654,3673,-1,3673,3654,3669,-1,3673,3669,3674,-1,3674,3669,3670,-1,3674,3670,3675,-1,3675,3670,3671,-1,3675,3671,3676,-1,3676,3671,3672,-1,3676,3672,3595,-1,3595,3672,3596,-1,3647,3649,3648,-1,3648,3649,3651,-1,3648,3651,3677,-1,3677,3651,3673,-1,3677,3673,3678,-1,3678,3673,3674,-1,3678,3674,3679,-1,3679,3674,3675,-1,3679,3675,3660,-1,3660,3675,3676,-1,3660,3676,3594,-1,3594,3676,3595,-1,3657,3646,3658,-1,3658,3646,3648,-1,3658,3648,3659,-1,3659,3648,3677,-1,3659,3677,3655,-1,3655,3677,3678,-1,3655,3678,3656,-1,3656,3678,3679,-1,3656,3679,3588,-1,3588,3679,3660,-1,3588,3660,3587,-1,3587,3660,3593,-1,3680,3681,3682,-1,3683,3684,3685,-1,3686,3687,3688,-1,3689,3690,3691,-1,3692,3693,3694,-1,3622,3621,3695,-1,3696,3618,894,-1,3697,3624,3695,-1,3695,3624,3623,-1,3695,3623,3622,-1,3698,3626,3625,-1,3626,3698,3627,-1,3627,3698,3699,-1,3627,3699,3628,-1,3628,3699,3700,-1,3628,3700,3629,-1,3629,3700,3630,-1,3630,3700,3694,-1,3630,3694,3631,-1,3631,3694,3693,-1,3631,3693,889,-1,894,3598,3696,-1,3696,3598,3600,-1,3696,3600,3701,-1,3600,3602,3701,-1,3701,3602,3604,-1,3701,3604,3702,-1,3604,3606,3702,-1,3702,3606,3608,-1,3702,3608,3703,-1,3608,3610,3703,-1,3703,3610,3612,-1,3703,3612,3682,-1,3690,3692,3691,-1,3691,3692,3694,-1,3691,3694,3704,-1,3704,3694,3700,-1,3704,3700,3705,-1,3705,3700,3699,-1,3705,3699,3697,-1,3697,3699,3698,-1,3697,3698,3624,-1,3624,3698,3625,-1,3687,3689,3688,-1,3688,3689,3691,-1,3688,3691,3706,-1,3706,3691,3704,-1,3706,3704,3707,-1,3707,3704,3705,-1,3707,3705,3708,-1,3708,3705,3697,-1,3708,3697,3709,-1,3709,3697,3695,-1,3709,3695,3620,-1,3620,3695,3621,-1,3684,3686,3685,-1,3685,3686,3688,-1,3685,3688,3710,-1,3710,3688,3706,-1,3710,3706,3711,-1,3711,3706,3707,-1,3711,3707,3712,-1,3712,3707,3708,-1,3712,3708,3713,-1,3713,3708,3709,-1,3713,3709,3619,-1,3619,3709,3620,-1,3681,3683,3682,-1,3682,3683,3685,-1,3682,3685,3703,-1,3703,3685,3710,-1,3703,3710,3702,-1,3702,3710,3711,-1,3702,3711,3701,-1,3701,3711,3712,-1,3701,3712,3696,-1,3696,3712,3713,-1,3696,3713,3618,-1,3618,3713,3619,-1,381,3680,3616,-1,3616,3680,3682,-1,3616,3682,3614,-1,3614,3682,3612,-1,368,370,880,-1,880,370,3714,-1,880,3714,3715,-1,3715,3714,3716,-1,3716,3714,3717,-1,3716,3717,3718,-1,3718,3717,3719,-1,3719,3717,3720,-1,3719,3720,3721,-1,3721,3720,3722,-1,3722,3720,3723,-1,3722,3723,3724,-1,3724,3723,3725,-1,3725,3723,3726,-1,3725,3726,3727,-1,367,365,3726,-1,3726,365,891,-1,3726,891,3727,-1,883,882,3645,-1,3645,882,3728,-1,3645,3728,3729,-1,3729,3730,3645,-1,3645,3730,3731,-1,3645,3731,3643,-1,3643,3731,3732,-1,3643,3732,3642,-1,3732,3733,3642,-1,3642,3733,3734,-1,3642,3734,3640,-1,3640,3734,3735,-1,3640,3735,3639,-1,3735,3736,3639,-1,3639,3736,3737,-1,3639,3737,3637,-1,3737,3738,3637,-1,3637,3738,3739,-1,3637,3739,3636,-1,3636,3739,3740,-1,885,884,3741,-1,3741,884,3633,-1,3741,3633,3740,-1,3740,3633,3634,-1,3740,3634,3636,-1,886,885,3657,-1,3657,885,3742,-1,3657,3742,3646,-1,3646,3742,3743,-1,3646,3743,3647,-1,3647,3743,3744,-1,3647,3744,3649,-1,3649,3744,3745,-1,3649,3745,3650,-1,3650,3745,3746,-1,3650,3746,3652,-1,3652,3746,3747,-1,3652,3747,3653,-1,3653,3747,3748,-1,3653,3748,3668,-1,3668,3748,3749,-1,3668,3749,3667,-1,3667,3749,3750,-1,3667,3750,3666,-1,3750,3751,3666,-1,3666,3751,382,-1,3666,382,383,-1,890,889,3752,-1,3752,889,3693,-1,3752,3693,3753,-1,3753,3693,3692,-1,3753,3692,3754,-1,3754,3692,3690,-1,3754,3690,3755,-1,3755,3690,3689,-1,3755,3689,3756,-1,3756,3689,3687,-1,3756,3687,3757,-1,3757,3687,3686,-1,3757,3686,3758,-1,3758,3686,3684,-1,3758,3684,3759,-1,3759,3684,3683,-1,3759,3683,3760,-1,3760,3683,3681,-1,3760,3681,3761,-1,3681,3680,3761,-1,3761,3680,381,-1,3761,381,380,-1,3762,881,880,-1,891,890,3727,-1,3727,890,3763,-1,3727,3763,3725,-1,3725,3763,3764,-1,3725,3764,3724,-1,3724,3764,3765,-1,3724,3765,3722,-1,3765,3766,3722,-1,3722,3766,3767,-1,3722,3767,3721,-1,3721,3767,3768,-1,3721,3768,3719,-1,3719,3768,3769,-1,3719,3769,3718,-1,3762,880,3770,-1,3769,3771,3718,-1,3718,3771,3772,-1,3718,3772,3716,-1,3716,3772,3773,-1,3716,3773,3715,-1,3715,3773,3774,-1,3715,3774,880,-1,880,3774,3775,-1,880,3775,3770,-1,3743,3742,3776,-1,3745,3744,3777,-1,3747,3746,3778,-1,3749,3748,3779,-1,3732,3731,3780,-1,3781,3728,882,-1,3782,3734,3780,-1,3780,3734,3733,-1,3780,3733,3732,-1,3783,3736,3735,-1,3736,3783,3737,-1,3737,3783,3784,-1,3737,3784,3738,-1,3738,3784,3785,-1,3738,3785,3739,-1,3739,3785,3740,-1,3740,3785,3776,-1,3740,3776,3741,-1,3741,3776,3742,-1,3741,3742,885,-1,3786,382,3787,-1,3787,382,3751,-1,3787,3751,3750,-1,3788,3789,3787,-1,3787,3789,3790,-1,3787,3790,3786,-1,3791,3792,3788,-1,3788,3792,3793,-1,3788,3793,3789,-1,3794,3795,3791,-1,3791,3795,3796,-1,3791,3796,3792,-1,3744,3743,3777,-1,3777,3743,3776,-1,3777,3776,3797,-1,3797,3776,3785,-1,3797,3785,3798,-1,3798,3785,3784,-1,3798,3784,3782,-1,3782,3784,3783,-1,3782,3783,3734,-1,3734,3783,3735,-1,882,3799,3781,-1,3781,3799,3800,-1,3781,3800,3794,-1,3794,3800,3801,-1,3794,3801,3795,-1,3750,3749,3787,-1,3787,3749,3779,-1,3787,3779,3788,-1,3788,3779,3802,-1,3788,3802,3791,-1,3791,3802,3803,-1,3791,3803,3794,-1,3794,3803,3804,-1,3794,3804,3781,-1,3781,3804,3805,-1,3781,3805,3728,-1,3728,3805,3729,-1,3748,3747,3779,-1,3779,3747,3778,-1,3779,3778,3802,-1,3802,3778,3806,-1,3802,3806,3803,-1,3803,3806,3807,-1,3803,3807,3804,-1,3804,3807,3808,-1,3804,3808,3805,-1,3805,3808,3809,-1,3805,3809,3729,-1,3729,3809,3730,-1,3746,3745,3778,-1,3778,3745,3777,-1,3778,3777,3806,-1,3806,3777,3797,-1,3806,3797,3807,-1,3807,3797,3798,-1,3807,3798,3808,-1,3808,3798,3782,-1,3808,3782,3809,-1,3809,3782,3780,-1,3809,3780,3730,-1,3730,3780,3731,-1,3764,3763,3810,-1,3810,3763,890,-1,3766,3765,3811,-1,3811,3765,3764,-1,3812,3768,3767,-1,3768,3812,3769,-1,3773,3772,3813,-1,3813,3772,3771,-1,3773,3813,3774,-1,3774,3813,3814,-1,3774,3814,3775,-1,3775,3814,3815,-1,3775,3815,3770,-1,3770,3815,3816,-1,3770,3816,3762,-1,3762,3816,3817,-1,3762,3817,881,-1,890,3752,3810,-1,3810,3752,3753,-1,3810,3753,3818,-1,3753,3754,3818,-1,3818,3754,3755,-1,3818,3755,3819,-1,3755,3756,3819,-1,3819,3756,3757,-1,3819,3757,3820,-1,3757,3758,3820,-1,3820,3758,3759,-1,3820,3759,3821,-1,380,3822,3761,-1,3761,3822,3821,-1,3761,3821,3760,-1,3760,3821,3759,-1,3764,3810,3811,-1,3811,3810,3818,-1,3811,3818,3823,-1,3823,3818,3819,-1,3823,3819,3824,-1,3824,3819,3820,-1,3824,3820,3825,-1,3825,3820,3821,-1,3825,3821,3826,-1,3822,3827,3821,-1,3821,3827,3828,-1,3821,3828,3826,-1,3826,3828,3829,-1,3826,3829,3830,-1,3830,3831,3826,-1,3826,3831,3832,-1,3826,3832,3825,-1,3825,3832,3833,-1,3825,3833,3824,-1,3824,3833,3834,-1,3824,3834,3823,-1,3823,3834,3835,-1,3823,3835,3811,-1,3766,3811,3767,-1,3767,3811,3835,-1,3767,3835,3812,-1,3812,3835,3834,-1,3812,3834,3836,-1,3836,3834,3833,-1,3836,3833,3837,-1,3837,3833,3832,-1,3837,3832,3838,-1,3838,3832,3831,-1,3838,3831,3839,-1,3830,3840,3831,-1,3831,3840,3841,-1,3831,3841,3839,-1,3839,3841,3842,-1,3839,3842,3843,-1,3769,3812,3771,-1,3771,3812,3836,-1,3771,3836,3813,-1,3813,3836,3837,-1,3813,3837,3814,-1,3814,3837,3838,-1,3814,3838,3815,-1,3815,3838,3839,-1,3815,3839,3816,-1,3816,3839,3843,-1,3816,3843,3817,-1,882,881,3799,-1,3799,881,3817,-1,3799,3817,3800,-1,3800,3817,3843,-1,3800,3843,3801,-1,3801,3843,3842,-1,3801,3842,3795,-1,3795,3842,3841,-1,3795,3841,3796,-1,3796,3841,3840,-1,3796,3840,3792,-1,3792,3840,3830,-1,3792,3830,3793,-1,3793,3830,3829,-1,3793,3829,3789,-1,3789,3829,3828,-1,3789,3828,3790,-1,3790,3828,3827,-1,3790,3827,3786,-1,3827,3822,3786,-1,3786,3822,380,-1,3786,380,382,-1,384,386,3844,-1,384,3844,3845,-1,3845,3844,3846,-1,3845,3846,3847,-1,3847,3846,3848,-1,3847,3848,3849,-1,3849,3848,3850,-1,3849,3850,3851,-1,3851,3850,3852,-1,3851,3852,3853,-1,3853,3852,396,-1,3853,396,398,-1,410,408,3854,-1,3854,408,3855,-1,3854,3855,3856,-1,3856,3855,3857,-1,3856,3857,3858,-1,3858,3857,3859,-1,3858,3859,3860,-1,3860,3859,3861,-1,3860,3861,3862,-1,3862,3861,3863,-1,3862,3863,437,-1,437,3863,439,-1,408,406,3855,-1,3855,406,3864,-1,3855,3864,3857,-1,3857,3864,3865,-1,3857,3865,3859,-1,3859,3865,3866,-1,3859,3866,3861,-1,3861,3866,3867,-1,3861,3867,3863,-1,3863,3867,3868,-1,3863,3868,439,-1,439,3868,441,-1,406,404,3864,-1,3864,404,3869,-1,3864,3869,3865,-1,3865,3869,3870,-1,3865,3870,3866,-1,3866,3870,3871,-1,3866,3871,3867,-1,3867,3871,3872,-1,3867,3872,3868,-1,3868,3872,3873,-1,3868,3873,441,-1,441,3873,443,-1,404,402,3869,-1,3869,402,3874,-1,3869,3874,3870,-1,3870,3874,3875,-1,3870,3875,3871,-1,3871,3875,3876,-1,3871,3876,3872,-1,3872,3876,3877,-1,3872,3877,3873,-1,3873,3877,3878,-1,3873,3878,443,-1,443,3878,445,-1,402,400,3874,-1,3874,400,3879,-1,3874,3879,3875,-1,3875,3879,3880,-1,3875,3880,3876,-1,3876,3880,3881,-1,3876,3881,3877,-1,3877,3881,3882,-1,3877,3882,3878,-1,3878,3882,3883,-1,3878,3883,445,-1,445,3883,447,-1,400,384,3879,-1,3879,384,3845,-1,3879,3845,3880,-1,3880,3845,3847,-1,3880,3847,3881,-1,3881,3847,3849,-1,3881,3849,3882,-1,3882,3849,3851,-1,3882,3851,3883,-1,3883,3851,3853,-1,3883,3853,447,-1,447,3853,398,-1,399,397,3884,-1,399,3884,3885,-1,3885,3884,3886,-1,3885,3886,3887,-1,3887,3886,3888,-1,3887,3888,3889,-1,3889,3888,3890,-1,3889,3890,3891,-1,3891,3890,3892,-1,3891,3892,3893,-1,3893,3892,395,-1,3893,395,393,-1,896,448,410,-1,896,410,3894,-1,3894,410,3854,-1,3894,3854,3895,-1,3895,3854,3856,-1,3895,3856,3896,-1,3896,3856,3897,-1,3897,3856,3858,-1,3897,3858,3898,-1,3898,3858,3899,-1,3899,3858,3860,-1,3899,3860,3900,-1,3900,3860,3901,-1,3901,3860,3862,-1,3901,3862,3902,-1,437,454,3862,-1,3862,454,903,-1,3862,903,3902,-1,391,389,3903,-1,391,3903,3904,-1,3904,3903,3905,-1,3904,3905,3906,-1,3906,3905,3907,-1,3906,3907,3908,-1,3908,3907,3909,-1,3908,3909,3910,-1,3910,3909,3911,-1,3910,3911,3912,-1,3912,3911,387,-1,3912,387,385,-1,436,438,3913,-1,3913,438,3914,-1,3913,3914,3915,-1,3915,3914,3916,-1,3915,3916,3917,-1,3917,3916,3918,-1,3917,3918,3919,-1,3919,3918,3920,-1,3919,3920,3921,-1,3921,3920,3922,-1,3921,3922,425,-1,425,3922,427,-1,438,440,3914,-1,3914,440,3923,-1,3914,3923,3916,-1,3916,3923,3924,-1,3916,3924,3918,-1,3918,3924,3925,-1,3918,3925,3920,-1,3920,3925,3926,-1,3920,3926,3922,-1,3922,3926,3927,-1,3922,3927,427,-1,427,3927,429,-1,440,442,3923,-1,3923,442,3928,-1,3923,3928,3924,-1,3924,3928,3929,-1,3924,3929,3925,-1,3925,3929,3930,-1,3925,3930,3926,-1,3926,3930,3931,-1,3926,3931,3927,-1,3927,3931,3932,-1,3927,3932,429,-1,429,3932,431,-1,442,444,3928,-1,3928,444,3933,-1,3928,3933,3929,-1,3929,3933,3934,-1,3929,3934,3930,-1,3930,3934,3935,-1,3930,3935,3931,-1,3931,3935,3936,-1,3931,3936,3932,-1,3932,3936,3937,-1,3932,3937,431,-1,431,3937,433,-1,444,446,3933,-1,3933,446,3938,-1,3933,3938,3934,-1,3934,3938,3939,-1,3934,3939,3935,-1,3935,3939,3940,-1,3935,3940,3936,-1,3936,3940,3941,-1,3936,3941,3937,-1,3937,3941,3942,-1,3937,3942,433,-1,433,3942,435,-1,446,399,3938,-1,3938,399,3885,-1,3938,3885,3939,-1,3939,3885,3887,-1,3939,3887,3940,-1,3940,3887,3889,-1,3940,3889,3941,-1,3941,3889,3891,-1,3941,3891,3942,-1,3942,3891,3893,-1,3942,3893,435,-1,435,3893,393,-1,3899,3900,3943,-1,3943,3900,3901,-1,3943,3901,902,-1,902,3901,3902,-1,902,3902,903,-1,3943,3944,3899,-1,3899,3944,3945,-1,3899,3945,3898,-1,3898,3945,3946,-1,3946,3947,3898,-1,3898,3947,3948,-1,3898,3948,3897,-1,3897,3948,3949,-1,3897,3949,3896,-1,3896,3949,3950,-1,3896,3950,3895,-1,3895,3950,3951,-1,3895,3951,3894,-1,3894,3951,897,-1,3894,897,896,-1,385,401,3912,-1,3912,401,3952,-1,3912,3952,3910,-1,3910,3952,3953,-1,3910,3953,3908,-1,3908,3953,3954,-1,3908,3954,3906,-1,3906,3954,3955,-1,3906,3955,3904,-1,3904,3955,3956,-1,3904,3956,391,-1,391,3956,413,-1,401,403,3952,-1,3952,403,3957,-1,3952,3957,3953,-1,3953,3957,3958,-1,3953,3958,3954,-1,3954,3958,3959,-1,3954,3959,3955,-1,3955,3959,3960,-1,3955,3960,3956,-1,3956,3960,3961,-1,3956,3961,413,-1,413,3961,415,-1,403,405,3957,-1,3957,405,3962,-1,3957,3962,3958,-1,3958,3962,3963,-1,3958,3963,3959,-1,3959,3963,3964,-1,3959,3964,3960,-1,3960,3964,3965,-1,3960,3965,3961,-1,3961,3965,3966,-1,3961,3966,415,-1,415,3966,417,-1,405,407,3962,-1,3962,407,3967,-1,3962,3967,3963,-1,3963,3967,3968,-1,3963,3968,3964,-1,3964,3968,3969,-1,3964,3969,3965,-1,3965,3969,3970,-1,3965,3970,3966,-1,3966,3970,3971,-1,3966,3971,417,-1,417,3971,419,-1,407,409,3967,-1,3967,409,3972,-1,3967,3972,3968,-1,3968,3972,3973,-1,3968,3973,3969,-1,3969,3973,3974,-1,3969,3974,3970,-1,3970,3974,3975,-1,3970,3975,3971,-1,3971,3975,3976,-1,3971,3976,419,-1,419,3976,421,-1,409,411,3972,-1,3972,411,3977,-1,3972,3977,3973,-1,3973,3977,3978,-1,3973,3978,3974,-1,3974,3978,3979,-1,3974,3979,3975,-1,3975,3979,3980,-1,3975,3980,3976,-1,3976,3980,3981,-1,3976,3981,421,-1,421,3981,423,-1,900,455,436,-1,900,436,3982,-1,3982,436,3913,-1,3982,3913,3983,-1,3983,3913,3915,-1,3983,3915,3984,-1,3984,3915,3985,-1,3985,3915,3917,-1,3985,3917,3986,-1,3986,3917,3987,-1,3987,3917,3919,-1,3987,3919,3988,-1,3988,3919,3989,-1,3989,3919,3921,-1,3989,3921,3990,-1,425,453,3921,-1,3921,453,911,-1,3921,911,3990,-1,3991,456,3992,-1,3993,3994,3995,-1,3996,3997,3998,-1,3999,4000,4001,-1,3943,902,4002,-1,3945,3944,4003,-1,4003,3944,3943,-1,3951,3950,4000,-1,4000,3950,3949,-1,4000,3949,4001,-1,4001,3949,3948,-1,4001,3948,3947,-1,897,3951,4004,-1,4004,3951,4000,-1,4004,4000,4005,-1,4005,4000,3999,-1,4005,3999,4006,-1,4006,3999,4007,-1,3943,4002,4003,-1,4003,4002,4008,-1,4003,4008,4009,-1,3997,4007,3998,-1,3998,4007,3999,-1,3998,3999,4010,-1,4010,3999,4001,-1,4010,4001,4011,-1,4011,4001,3947,-1,4008,4012,4009,-1,4009,4012,4013,-1,4009,4013,4014,-1,3994,3996,3995,-1,3995,3996,3998,-1,3995,3998,4015,-1,4015,3998,4010,-1,4015,4010,4016,-1,4016,4010,4011,-1,4013,4017,4014,-1,4014,4017,4018,-1,4014,4018,4019,-1,4016,4020,4015,-1,4015,4020,4021,-1,4015,4021,3995,-1,3995,4021,4022,-1,3995,4022,3993,-1,3946,3945,4023,-1,4023,3945,4003,-1,4023,4003,4024,-1,4024,4003,4009,-1,4024,4009,4025,-1,4025,4009,4014,-1,4025,4014,4026,-1,4026,4014,4019,-1,4026,4019,4027,-1,4027,4019,3992,-1,4027,3992,456,-1,456,4028,4022,-1,4022,4028,4029,-1,4022,4029,3993,-1,4020,4030,4021,-1,4021,4030,4031,-1,4021,4031,4022,-1,4022,4031,456,-1,4030,4032,4031,-1,4031,4032,456,-1,4018,4033,4019,-1,4019,4033,4034,-1,4019,4034,3992,-1,3992,4034,4035,-1,3992,4035,3991,-1,3947,3946,4011,-1,4011,3946,4023,-1,4011,4023,4016,-1,4016,4023,4024,-1,4016,4024,4020,-1,4020,4024,4025,-1,4020,4025,4030,-1,4030,4025,4026,-1,4030,4026,4032,-1,4032,4026,4027,-1,4032,4027,456,-1,904,451,423,-1,904,423,4036,-1,4036,423,3981,-1,4036,3981,4037,-1,4037,3981,3980,-1,4037,3980,4038,-1,4038,3980,4039,-1,4039,3980,3979,-1,4039,3979,4040,-1,4040,3979,4041,-1,4041,3979,3978,-1,4041,3978,4042,-1,4042,3978,4043,-1,4043,3978,3977,-1,4043,3977,4044,-1,411,449,3977,-1,3977,449,899,-1,3977,899,4044,-1,3987,3988,4045,-1,4045,3988,3989,-1,4045,3989,910,-1,910,3989,3990,-1,910,3990,911,-1,4045,4046,3987,-1,3987,4046,4047,-1,3987,4047,3986,-1,4047,4048,3986,-1,3986,4048,4049,-1,3986,4049,3985,-1,4049,4050,3985,-1,3985,4050,4051,-1,3985,4051,3984,-1,3984,4051,4052,-1,3984,4052,3983,-1,3983,4052,4053,-1,3983,4053,3982,-1,3982,4053,901,-1,3982,901,900,-1,902,901,4002,-1,4002,901,4054,-1,4002,4054,4008,-1,4008,4054,4055,-1,4008,4055,4012,-1,4012,4055,4056,-1,4012,4056,4013,-1,4013,4056,4057,-1,4013,4057,4017,-1,4017,4057,4058,-1,4017,4058,4018,-1,4018,4058,4059,-1,4018,4059,4033,-1,4033,4059,4060,-1,4033,4060,4034,-1,4034,4060,4061,-1,4034,4061,4035,-1,4035,4061,4062,-1,4035,4062,3991,-1,4062,4063,3991,-1,3991,4063,457,-1,3991,457,456,-1,898,897,4064,-1,4064,897,4004,-1,4064,4004,4065,-1,4065,4004,4005,-1,4065,4005,4066,-1,4066,4005,4006,-1,4066,4006,4067,-1,4067,4006,4007,-1,4067,4007,4068,-1,4068,4007,3997,-1,4068,3997,4069,-1,4069,3997,3996,-1,4069,3996,4070,-1,4070,3996,3994,-1,4070,3994,4071,-1,4071,3994,3993,-1,4071,3993,4072,-1,4072,3993,4029,-1,4072,4029,4073,-1,4029,4028,4073,-1,4073,4028,456,-1,4073,456,458,-1,4041,4042,4074,-1,4074,4042,4043,-1,4074,4043,898,-1,898,4043,4044,-1,898,4044,899,-1,4074,4075,4041,-1,4041,4075,4076,-1,4041,4076,4040,-1,4040,4076,4077,-1,4077,4078,4040,-1,4040,4078,4079,-1,4040,4079,4039,-1,4039,4079,4080,-1,4039,4080,4038,-1,4038,4080,4081,-1,4038,4081,4037,-1,4037,4081,4082,-1,4037,4082,4036,-1,4036,4082,905,-1,4036,905,904,-1,4083,457,4084,-1,4061,4060,4085,-1,4059,4058,4086,-1,4087,4088,4089,-1,4045,910,4090,-1,4047,4046,4091,-1,4091,4046,4045,-1,4053,4052,4088,-1,4088,4052,4051,-1,4088,4051,4089,-1,4089,4051,4050,-1,4089,4050,4049,-1,901,4053,4054,-1,4054,4053,4088,-1,4054,4088,4055,-1,4055,4088,4087,-1,4055,4087,4056,-1,4056,4087,4057,-1,4045,4090,4091,-1,4091,4090,4092,-1,4091,4092,4093,-1,4058,4057,4086,-1,4086,4057,4087,-1,4086,4087,4094,-1,4094,4087,4089,-1,4094,4089,4095,-1,4095,4089,4049,-1,4092,4096,4093,-1,4093,4096,4097,-1,4093,4097,4098,-1,4060,4059,4085,-1,4085,4059,4086,-1,4085,4086,4099,-1,4099,4086,4094,-1,4099,4094,4100,-1,4100,4094,4095,-1,4097,4101,4098,-1,4098,4101,4102,-1,4098,4102,4103,-1,4100,4104,4099,-1,4099,4104,4105,-1,4099,4105,4085,-1,4085,4105,4106,-1,4085,4106,4061,-1,4048,4047,4107,-1,4107,4047,4091,-1,4107,4091,4108,-1,4108,4091,4093,-1,4108,4093,4109,-1,4109,4093,4098,-1,4109,4098,4110,-1,4110,4098,4103,-1,4110,4103,4111,-1,4111,4103,4084,-1,4111,4084,457,-1,457,4063,4106,-1,4106,4063,4062,-1,4106,4062,4061,-1,4104,4112,4105,-1,4105,4112,4113,-1,4105,4113,4106,-1,4106,4113,457,-1,4112,4114,4113,-1,4113,4114,457,-1,4102,4115,4103,-1,4103,4115,4116,-1,4103,4116,4084,-1,4084,4116,4117,-1,4084,4117,4083,-1,4049,4048,4095,-1,4095,4048,4107,-1,4095,4107,4100,-1,4100,4107,4108,-1,4100,4108,4104,-1,4104,4108,4109,-1,4104,4109,4112,-1,4112,4109,4110,-1,4112,4110,4114,-1,4114,4110,4111,-1,4114,4111,457,-1,4073,458,4118,-1,4119,4120,4121,-1,4122,4123,4124,-1,4125,4126,4127,-1,4074,898,4064,-1,4076,4075,4128,-1,4128,4075,4074,-1,4082,4081,4126,-1,4126,4081,4080,-1,4126,4080,4127,-1,4127,4080,4079,-1,4127,4079,4078,-1,905,4082,4129,-1,4129,4082,4126,-1,4129,4126,4130,-1,4130,4126,4125,-1,4130,4125,4131,-1,4131,4125,4132,-1,4074,4064,4128,-1,4128,4064,4065,-1,4128,4065,4133,-1,4123,4132,4124,-1,4124,4132,4125,-1,4124,4125,4134,-1,4134,4125,4127,-1,4134,4127,4135,-1,4135,4127,4078,-1,4065,4066,4133,-1,4133,4066,4067,-1,4133,4067,4136,-1,4120,4122,4121,-1,4121,4122,4124,-1,4121,4124,4137,-1,4137,4124,4134,-1,4137,4134,4138,-1,4138,4134,4135,-1,4067,4068,4136,-1,4136,4068,4069,-1,4136,4069,4139,-1,4138,4140,4137,-1,4137,4140,4141,-1,4137,4141,4121,-1,4121,4141,4142,-1,4121,4142,4119,-1,4077,4076,4143,-1,4143,4076,4128,-1,4143,4128,4144,-1,4144,4128,4133,-1,4144,4133,4145,-1,4145,4133,4136,-1,4145,4136,4146,-1,4146,4136,4139,-1,4146,4139,4147,-1,4147,4139,4118,-1,4147,4118,458,-1,458,4148,4142,-1,4142,4148,4149,-1,4142,4149,4119,-1,4140,4150,4141,-1,4141,4150,4151,-1,4141,4151,4142,-1,4142,4151,458,-1,4150,4152,4151,-1,4151,4152,458,-1,4069,4070,4139,-1,4139,4070,4071,-1,4139,4071,4118,-1,4118,4071,4072,-1,4118,4072,4073,-1,4078,4077,4135,-1,4135,4077,4143,-1,4135,4143,4138,-1,4138,4143,4144,-1,4138,4144,4140,-1,4140,4144,4145,-1,4140,4145,4150,-1,4150,4145,4146,-1,4150,4146,4152,-1,4152,4146,4147,-1,4152,4147,458,-1,910,909,4090,-1,4090,909,4153,-1,4090,4153,4092,-1,4092,4153,4154,-1,4092,4154,4096,-1,4096,4154,4155,-1,4096,4155,4097,-1,4097,4155,4156,-1,4097,4156,4101,-1,4101,4156,4157,-1,4101,4157,4102,-1,4102,4157,4158,-1,4102,4158,4115,-1,4115,4158,4159,-1,4115,4159,4116,-1,4116,4159,4160,-1,4116,4160,4117,-1,4117,4160,4161,-1,4117,4161,4083,-1,4161,4162,4083,-1,4083,4162,459,-1,4083,459,457,-1,906,905,4163,-1,4163,905,4129,-1,4163,4129,4164,-1,4164,4129,4130,-1,4164,4130,4165,-1,4165,4130,4131,-1,4165,4131,4166,-1,4166,4131,4132,-1,4166,4132,4167,-1,4167,4132,4123,-1,4167,4123,4168,-1,4168,4123,4122,-1,4168,4122,4169,-1,4169,4122,4120,-1,4169,4120,4170,-1,4170,4120,4119,-1,4170,4119,4171,-1,4171,4119,4149,-1,4171,4149,4172,-1,4149,4148,4172,-1,4172,4148,458,-1,4172,458,459,-1,4172,459,4173,-1,4174,4175,4176,-1,4177,4178,4179,-1,4180,906,4163,-1,4181,4182,4183,-1,4183,4182,4180,-1,909,4174,4153,-1,4153,4174,4176,-1,4153,4176,4154,-1,4154,4176,4184,-1,4154,4184,4155,-1,4180,4163,4183,-1,4183,4163,4164,-1,4183,4164,4185,-1,4164,4165,4185,-1,4185,4165,4166,-1,4185,4166,4186,-1,4187,4188,4159,-1,4159,4158,4187,-1,4187,4158,4157,-1,4187,4157,4184,-1,4184,4157,4156,-1,4184,4156,4155,-1,4166,4167,4186,-1,4186,4167,4168,-1,4186,4168,4189,-1,4175,4177,4176,-1,4176,4177,4179,-1,4176,4179,4184,-1,4184,4179,4190,-1,4184,4190,4187,-1,4187,4190,4191,-1,4187,4191,4188,-1,4188,4191,4192,-1,4188,4192,4193,-1,4193,4192,4194,-1,4193,4194,459,-1,4178,4195,4179,-1,4179,4195,4196,-1,4179,4196,4190,-1,4190,4196,4197,-1,4190,4197,4191,-1,4191,4197,4198,-1,4191,4198,4192,-1,4192,4198,4199,-1,4192,4199,4194,-1,4194,4199,4200,-1,4194,4200,459,-1,4201,4181,4202,-1,4202,4181,4183,-1,4202,4183,4203,-1,4203,4183,4185,-1,4203,4185,4204,-1,4204,4185,4186,-1,4204,4186,4205,-1,4205,4186,4189,-1,4205,4189,4206,-1,4206,4189,4173,-1,4206,4173,459,-1,459,4162,4193,-1,4193,4162,4161,-1,4193,4161,4188,-1,4188,4161,4160,-1,4188,4160,4159,-1,4168,4169,4189,-1,4189,4169,4170,-1,4189,4170,4173,-1,4173,4170,4171,-1,4173,4171,4172,-1,4195,4201,4196,-1,4196,4201,4202,-1,4196,4202,4197,-1,4197,4202,4203,-1,4197,4203,4198,-1,4198,4203,4204,-1,4198,4204,4199,-1,4199,4204,4205,-1,4199,4205,4200,-1,4200,4205,4206,-1,4200,4206,459,-1,4207,4208,4180,-1,4180,4208,4209,-1,4180,4209,906,-1,906,4209,4210,-1,906,4210,907,-1,4180,4182,4207,-1,4207,4182,4181,-1,4207,4181,4211,-1,4211,4181,4201,-1,4201,4195,4211,-1,4211,4195,4178,-1,4211,4178,4212,-1,4212,4178,4177,-1,4212,4177,4213,-1,4213,4177,4175,-1,4213,4175,4214,-1,4214,4175,4174,-1,4214,4174,4215,-1,4215,4174,909,-1,4215,909,908,-1,908,452,424,-1,908,424,4215,-1,4215,424,4216,-1,4215,4216,4214,-1,4214,4216,4217,-1,4214,4217,4213,-1,4213,4217,4212,-1,4212,4217,4218,-1,4212,4218,4211,-1,4211,4218,4207,-1,4207,4218,4219,-1,4207,4219,4208,-1,4208,4219,4209,-1,4209,4219,4220,-1,4209,4220,4210,-1,422,450,4220,-1,4220,450,907,-1,4220,907,4210,-1,390,412,4221,-1,4221,412,4222,-1,4221,4222,4223,-1,4223,4222,4224,-1,4223,4224,4225,-1,4225,4224,4226,-1,4225,4226,4227,-1,4227,4226,4228,-1,4227,4228,4229,-1,4229,4228,4230,-1,4229,4230,392,-1,392,4230,434,-1,412,414,4222,-1,4222,414,4231,-1,4222,4231,4224,-1,4224,4231,4232,-1,4224,4232,4226,-1,4226,4232,4233,-1,4226,4233,4228,-1,4228,4233,4234,-1,4228,4234,4230,-1,4230,4234,4235,-1,4230,4235,434,-1,434,4235,432,-1,414,416,4231,-1,4231,416,4236,-1,4231,4236,4232,-1,4232,4236,4237,-1,4232,4237,4233,-1,4233,4237,4238,-1,4233,4238,4234,-1,4234,4238,4239,-1,4234,4239,4235,-1,4235,4239,4240,-1,4235,4240,432,-1,432,4240,430,-1,416,418,4236,-1,4236,418,4241,-1,4236,4241,4237,-1,4237,4241,4242,-1,4237,4242,4238,-1,4238,4242,4243,-1,4238,4243,4239,-1,4239,4243,4244,-1,4239,4244,4240,-1,4240,4244,4245,-1,4240,4245,430,-1,430,4245,428,-1,418,420,4241,-1,4241,420,4246,-1,4241,4246,4242,-1,4242,4246,4247,-1,4242,4247,4243,-1,4243,4247,4248,-1,4243,4248,4244,-1,4244,4248,4249,-1,4244,4249,4245,-1,4245,4249,4250,-1,4245,4250,428,-1,428,4250,426,-1,420,422,4246,-1,4246,422,4220,-1,4246,4220,4247,-1,4247,4220,4219,-1,4247,4219,4248,-1,4248,4219,4218,-1,4248,4218,4249,-1,4249,4218,4217,-1,4249,4217,4250,-1,4250,4217,4216,-1,4250,4216,426,-1,426,4216,424,-1,392,394,4251,-1,392,4251,4229,-1,4229,4251,4252,-1,4229,4252,4227,-1,4227,4252,4253,-1,4227,4253,4225,-1,4225,4253,4254,-1,4225,4254,4223,-1,4223,4254,4255,-1,4223,4255,4221,-1,4221,4255,388,-1,4221,388,390,-1,475,473,924,-1,924,473,4256,-1,924,4256,4257,-1,4257,4256,4258,-1,4258,4256,4259,-1,4258,4259,4260,-1,4260,4259,4261,-1,4261,4259,4262,-1,4261,4262,4263,-1,4263,4262,4264,-1,4264,4262,4265,-1,4264,4265,4266,-1,4266,4265,4267,-1,4267,4265,4268,-1,4267,4268,4269,-1,471,469,4268,-1,4268,469,919,-1,4268,919,4269,-1,460,462,920,-1,920,462,4270,-1,920,4270,4271,-1,4271,4270,4272,-1,4272,4270,4273,-1,4272,4273,4274,-1,4274,4273,4275,-1,4275,4273,4276,-1,4275,4276,4277,-1,4277,4276,4278,-1,4278,4276,4279,-1,4278,4279,4280,-1,4280,4279,4281,-1,4281,4279,4282,-1,4281,4282,4283,-1,472,474,4282,-1,4282,474,927,-1,4282,927,4283,-1,919,918,4269,-1,4269,918,4284,-1,4269,4284,4267,-1,4267,4284,4285,-1,4267,4285,4266,-1,4266,4285,4286,-1,4266,4286,4264,-1,4286,4287,4264,-1,4264,4287,4288,-1,4264,4288,4263,-1,4263,4288,4289,-1,4263,4289,4261,-1,4261,4289,4290,-1,4261,4290,4260,-1,4260,4290,4258,-1,4258,4290,4291,-1,4258,4291,4292,-1,4292,4293,4258,-1,4258,4293,4294,-1,4258,4294,4257,-1,4294,4295,4257,-1,4257,4295,4296,-1,4257,4296,924,-1,924,4296,4297,-1,924,4297,925,-1,926,925,4298,-1,4298,925,4299,-1,4298,4299,4300,-1,4300,4299,4301,-1,4300,4301,4302,-1,4302,4301,4303,-1,4302,4303,4304,-1,4304,4303,4305,-1,4304,4305,4306,-1,4306,4305,4307,-1,4306,4307,4308,-1,4308,4307,4309,-1,4308,4309,4310,-1,4310,4309,4311,-1,4310,4311,4312,-1,4312,4311,4313,-1,4312,4313,4314,-1,4314,4313,4315,-1,4314,4315,4316,-1,4315,4317,4316,-1,4316,4317,479,-1,4316,479,477,-1,927,926,4283,-1,4283,926,4318,-1,4318,4319,4283,-1,4283,4319,4320,-1,4283,4320,4281,-1,4321,4322,4278,-1,4320,4323,4281,-1,4281,4323,4321,-1,4281,4321,4280,-1,4280,4321,4278,-1,4322,4324,4278,-1,4278,4324,4325,-1,4278,4325,4277,-1,4325,4326,4277,-1,4277,4326,4327,-1,4277,4327,4275,-1,4327,4328,4275,-1,4275,4328,4329,-1,4275,4329,4274,-1,4274,4329,4330,-1,921,920,4331,-1,4331,920,4271,-1,4331,4271,4330,-1,4330,4271,4272,-1,4330,4272,4274,-1,468,470,916,-1,916,470,4332,-1,916,4332,4333,-1,4333,4332,4334,-1,4334,4332,4335,-1,4334,4335,4336,-1,4336,4335,4337,-1,4337,4335,4338,-1,4337,4338,4339,-1,4339,4338,4340,-1,4340,4338,4341,-1,4340,4341,4342,-1,4342,4341,4343,-1,4343,4341,4344,-1,4343,4344,4345,-1,467,465,4344,-1,4344,465,915,-1,4344,915,4345,-1,4346,4347,4348,-1,4349,4350,4351,-1,4352,4353,4354,-1,4288,4355,4356,-1,4357,4358,918,-1,918,4358,4284,-1,4284,4358,4285,-1,4285,4358,4359,-1,4285,4359,4286,-1,4355,4288,4359,-1,4359,4288,4287,-1,4359,4287,4286,-1,4291,4290,4356,-1,4356,4290,4289,-1,4356,4289,4288,-1,4360,4294,4293,-1,925,4297,4299,-1,4299,4297,4361,-1,4299,4361,4301,-1,4301,4361,4362,-1,4363,4305,4362,-1,4362,4305,4303,-1,4362,4303,4301,-1,4364,4309,4363,-1,4363,4309,4307,-1,4363,4307,4305,-1,4317,4315,4365,-1,4365,4315,4313,-1,4365,4313,4364,-1,4364,4313,4311,-1,4364,4311,4309,-1,479,4317,4366,-1,4366,4317,4365,-1,4366,4365,4367,-1,4367,4365,4368,-1,4353,4368,4354,-1,4354,4368,4365,-1,4354,4365,4369,-1,4369,4365,4364,-1,4369,4364,4370,-1,4370,4364,4363,-1,4370,4363,4371,-1,4371,4363,4362,-1,4371,4362,4372,-1,4372,4362,4361,-1,4372,4361,4296,-1,4296,4361,4297,-1,4350,4352,4351,-1,4351,4352,4354,-1,4351,4354,4373,-1,4373,4354,4369,-1,4373,4369,4374,-1,4374,4369,4370,-1,4374,4370,4375,-1,4375,4370,4371,-1,4375,4371,4376,-1,4376,4371,4372,-1,4376,4372,4295,-1,4295,4372,4296,-1,4347,4349,4348,-1,4348,4349,4351,-1,4348,4351,4377,-1,4377,4351,4373,-1,4377,4373,4378,-1,4378,4373,4374,-1,4378,4374,4379,-1,4379,4374,4375,-1,4379,4375,4360,-1,4360,4375,4376,-1,4360,4376,4294,-1,4294,4376,4295,-1,4357,4346,4358,-1,4358,4346,4348,-1,4358,4348,4359,-1,4359,4348,4377,-1,4359,4377,4355,-1,4355,4377,4378,-1,4355,4378,4356,-1,4356,4378,4379,-1,4356,4379,4291,-1,4291,4379,4360,-1,4291,4360,4292,-1,4292,4360,4293,-1,4380,4381,4382,-1,4383,4384,4385,-1,4386,4387,4388,-1,4389,4390,4391,-1,4392,4393,4394,-1,4321,4323,4395,-1,4396,4318,926,-1,4397,4324,4395,-1,4395,4324,4322,-1,4395,4322,4321,-1,4398,4326,4325,-1,4326,4398,4327,-1,4327,4398,4399,-1,4327,4399,4328,-1,4328,4399,4400,-1,4328,4400,4329,-1,4329,4400,4330,-1,4330,4400,4394,-1,4330,4394,4331,-1,4331,4394,4393,-1,4331,4393,921,-1,926,4298,4396,-1,4396,4298,4300,-1,4396,4300,4401,-1,4300,4302,4401,-1,4401,4302,4304,-1,4401,4304,4402,-1,4304,4306,4402,-1,4402,4306,4308,-1,4402,4308,4403,-1,4308,4310,4403,-1,4403,4310,4312,-1,4403,4312,4382,-1,4390,4392,4391,-1,4391,4392,4394,-1,4391,4394,4404,-1,4404,4394,4400,-1,4404,4400,4405,-1,4405,4400,4399,-1,4405,4399,4397,-1,4397,4399,4398,-1,4397,4398,4324,-1,4324,4398,4325,-1,4387,4389,4388,-1,4388,4389,4391,-1,4388,4391,4406,-1,4406,4391,4404,-1,4406,4404,4407,-1,4407,4404,4405,-1,4407,4405,4408,-1,4408,4405,4397,-1,4408,4397,4409,-1,4409,4397,4395,-1,4409,4395,4320,-1,4320,4395,4323,-1,4384,4386,4385,-1,4385,4386,4388,-1,4385,4388,4410,-1,4410,4388,4406,-1,4410,4406,4411,-1,4411,4406,4407,-1,4411,4407,4412,-1,4412,4407,4408,-1,4412,4408,4413,-1,4413,4408,4409,-1,4413,4409,4319,-1,4319,4409,4320,-1,4381,4383,4382,-1,4382,4383,4385,-1,4382,4385,4403,-1,4403,4385,4410,-1,4403,4410,4402,-1,4402,4410,4411,-1,4402,4411,4401,-1,4401,4411,4412,-1,4401,4412,4396,-1,4396,4412,4413,-1,4396,4413,4318,-1,4318,4413,4319,-1,477,4380,4316,-1,4316,4380,4382,-1,4316,4382,4314,-1,4314,4382,4312,-1,464,466,912,-1,912,466,4414,-1,912,4414,4415,-1,4415,4414,4416,-1,4416,4414,4417,-1,4416,4417,4418,-1,4418,4417,4419,-1,4419,4417,4420,-1,4419,4420,4421,-1,4421,4420,4422,-1,4422,4420,4423,-1,4422,4423,4424,-1,4424,4423,4425,-1,4425,4423,4426,-1,4425,4426,4427,-1,463,461,4426,-1,4426,461,923,-1,4426,923,4427,-1,915,914,4345,-1,4345,914,4428,-1,4345,4428,4429,-1,4429,4430,4345,-1,4345,4430,4431,-1,4345,4431,4343,-1,4343,4431,4432,-1,4343,4432,4342,-1,4432,4433,4342,-1,4342,4433,4434,-1,4342,4434,4340,-1,4340,4434,4435,-1,4340,4435,4339,-1,4435,4436,4339,-1,4339,4436,4437,-1,4339,4437,4337,-1,4437,4438,4337,-1,4337,4438,4439,-1,4337,4439,4336,-1,4336,4439,4440,-1,917,916,4441,-1,4441,916,4333,-1,4441,4333,4440,-1,4440,4333,4334,-1,4440,4334,4336,-1,918,917,4357,-1,4357,917,4442,-1,4357,4442,4346,-1,4346,4442,4443,-1,4346,4443,4347,-1,4347,4443,4444,-1,4347,4444,4349,-1,4349,4444,4445,-1,4349,4445,4350,-1,4350,4445,4446,-1,4350,4446,4352,-1,4352,4446,4447,-1,4352,4447,4353,-1,4353,4447,4448,-1,4353,4448,4368,-1,4368,4448,4449,-1,4368,4449,4367,-1,4367,4449,4450,-1,4367,4450,4366,-1,4450,4451,4366,-1,4366,4451,478,-1,4366,478,479,-1,922,921,4452,-1,4452,921,4393,-1,4452,4393,4453,-1,4453,4393,4392,-1,4453,4392,4454,-1,4454,4392,4390,-1,4454,4390,4455,-1,4455,4390,4389,-1,4455,4389,4456,-1,4456,4389,4387,-1,4456,4387,4457,-1,4457,4387,4386,-1,4457,4386,4458,-1,4458,4386,4384,-1,4458,4384,4459,-1,4459,4384,4383,-1,4459,4383,4460,-1,4460,4383,4381,-1,4460,4381,4461,-1,4381,4380,4461,-1,4461,4380,477,-1,4461,477,476,-1,923,922,4427,-1,4427,922,4462,-1,4427,4462,4425,-1,4425,4462,4463,-1,4425,4463,4424,-1,4424,4463,4464,-1,4424,4464,4422,-1,4464,4465,4422,-1,4422,4465,4466,-1,4422,4466,4421,-1,4421,4466,4467,-1,4421,4467,4419,-1,4419,4467,4468,-1,4419,4468,4418,-1,4468,4469,4418,-1,4418,4469,4470,-1,4418,4470,4416,-1,4416,4470,4471,-1,4416,4471,4415,-1,4415,4471,4472,-1,4415,4472,912,-1,912,4472,4473,-1,4473,4474,912,-1,912,4474,4475,-1,912,4475,913,-1,4443,4442,4476,-1,4445,4444,4477,-1,4447,4446,4478,-1,4449,4448,4479,-1,4432,4431,4480,-1,4481,4428,914,-1,4482,4434,4480,-1,4480,4434,4433,-1,4480,4433,4432,-1,4483,4436,4435,-1,4436,4483,4437,-1,4437,4483,4484,-1,4437,4484,4438,-1,4438,4484,4485,-1,4438,4485,4439,-1,4439,4485,4440,-1,4440,4485,4476,-1,4440,4476,4441,-1,4441,4476,4442,-1,4441,4442,917,-1,4450,4486,4451,-1,4451,4486,4487,-1,4451,4487,478,-1,4488,4489,4486,-1,4486,4489,4490,-1,4486,4490,4487,-1,4491,4492,4488,-1,4488,4492,4493,-1,4488,4493,4489,-1,4494,4495,4491,-1,4491,4495,4496,-1,4491,4496,4492,-1,4444,4443,4477,-1,4477,4443,4476,-1,4477,4476,4497,-1,4497,4476,4485,-1,4497,4485,4498,-1,4498,4485,4484,-1,4498,4484,4482,-1,4482,4484,4483,-1,4482,4483,4434,-1,4434,4483,4435,-1,914,4499,4481,-1,4481,4499,4500,-1,4481,4500,4494,-1,4494,4500,4501,-1,4494,4501,4495,-1,4450,4449,4486,-1,4486,4449,4479,-1,4486,4479,4488,-1,4488,4479,4502,-1,4488,4502,4491,-1,4491,4502,4503,-1,4491,4503,4494,-1,4494,4503,4504,-1,4494,4504,4481,-1,4481,4504,4505,-1,4481,4505,4428,-1,4428,4505,4429,-1,4448,4447,4479,-1,4479,4447,4478,-1,4479,4478,4502,-1,4502,4478,4506,-1,4502,4506,4503,-1,4503,4506,4507,-1,4503,4507,4504,-1,4504,4507,4508,-1,4504,4508,4505,-1,4505,4508,4509,-1,4505,4509,4429,-1,4429,4509,4430,-1,4446,4445,4478,-1,4478,4445,4477,-1,4478,4477,4506,-1,4506,4477,4497,-1,4506,4497,4507,-1,4507,4497,4498,-1,4507,4498,4508,-1,4508,4498,4482,-1,4508,4482,4509,-1,4509,4482,4480,-1,4509,4480,4430,-1,4430,4480,4431,-1,4463,4462,4510,-1,4510,4462,922,-1,4465,4464,4511,-1,4511,4464,4463,-1,4512,4467,4466,-1,4467,4512,4468,-1,4471,4470,4513,-1,4513,4470,4469,-1,4471,4513,4472,-1,4472,4513,4514,-1,4472,4514,4473,-1,4473,4514,4515,-1,4473,4515,4474,-1,4474,4515,4516,-1,4474,4516,4475,-1,4475,4516,4517,-1,4475,4517,913,-1,922,4452,4510,-1,4510,4452,4453,-1,4510,4453,4518,-1,4453,4454,4518,-1,4518,4454,4455,-1,4518,4455,4519,-1,4455,4456,4519,-1,4519,4456,4457,-1,4519,4457,4520,-1,4457,4458,4520,-1,4520,4458,4459,-1,4520,4459,4521,-1,476,4522,4461,-1,4461,4522,4521,-1,4461,4521,4460,-1,4460,4521,4459,-1,4463,4510,4511,-1,4511,4510,4518,-1,4511,4518,4523,-1,4523,4518,4519,-1,4523,4519,4524,-1,4524,4519,4520,-1,4524,4520,4525,-1,4525,4520,4521,-1,4525,4521,4526,-1,4522,4527,4521,-1,4521,4527,4528,-1,4521,4528,4526,-1,4526,4528,4529,-1,4526,4529,4530,-1,4530,4531,4526,-1,4526,4531,4532,-1,4526,4532,4525,-1,4525,4532,4533,-1,4525,4533,4524,-1,4524,4533,4534,-1,4524,4534,4523,-1,4523,4534,4535,-1,4523,4535,4511,-1,4465,4511,4466,-1,4466,4511,4535,-1,4466,4535,4512,-1,4512,4535,4534,-1,4512,4534,4536,-1,4536,4534,4533,-1,4536,4533,4537,-1,4537,4533,4532,-1,4537,4532,4538,-1,4538,4532,4531,-1,4538,4531,4539,-1,4530,4540,4531,-1,4531,4540,4541,-1,4531,4541,4539,-1,4539,4541,4542,-1,4539,4542,4543,-1,4468,4512,4469,-1,4469,4512,4536,-1,4469,4536,4513,-1,4513,4536,4537,-1,4513,4537,4514,-1,4514,4537,4538,-1,4514,4538,4515,-1,4515,4538,4539,-1,4515,4539,4516,-1,4516,4539,4543,-1,4516,4543,4517,-1,914,913,4499,-1,4499,913,4517,-1,4499,4517,4500,-1,4500,4517,4543,-1,4500,4543,4501,-1,4501,4543,4542,-1,4501,4542,4495,-1,4495,4542,4541,-1,4495,4541,4496,-1,4496,4541,4540,-1,4496,4540,4492,-1,4492,4540,4530,-1,4492,4530,4493,-1,4493,4530,4529,-1,4493,4529,4489,-1,4489,4529,4528,-1,4489,4528,4490,-1,4490,4528,4527,-1,4490,4527,4487,-1,4527,4522,4487,-1,4487,4522,476,-1,4487,476,478,-1,480,482,4544,-1,480,4544,4545,-1,4545,4544,4546,-1,4545,4546,4547,-1,4547,4546,4548,-1,4547,4548,4549,-1,4549,4548,4550,-1,4549,4550,4551,-1,4551,4550,4552,-1,4551,4552,4553,-1,4553,4552,492,-1,4553,492,494,-1,506,504,4554,-1,4554,504,4555,-1,4554,4555,4556,-1,4556,4555,4557,-1,4556,4557,4558,-1,4558,4557,4559,-1,4558,4559,4560,-1,4560,4559,4561,-1,4560,4561,4562,-1,4562,4561,4563,-1,4562,4563,533,-1,533,4563,535,-1,504,502,4555,-1,4555,502,4564,-1,4555,4564,4557,-1,4557,4564,4565,-1,4557,4565,4559,-1,4559,4565,4566,-1,4559,4566,4561,-1,4561,4566,4567,-1,4561,4567,4563,-1,4563,4567,4568,-1,4563,4568,535,-1,535,4568,537,-1,502,500,4564,-1,4564,500,4569,-1,4564,4569,4565,-1,4565,4569,4570,-1,4565,4570,4566,-1,4566,4570,4571,-1,4566,4571,4567,-1,4567,4571,4572,-1,4567,4572,4568,-1,4568,4572,4573,-1,4568,4573,537,-1,537,4573,539,-1,500,498,4569,-1,4569,498,4574,-1,4569,4574,4570,-1,4570,4574,4575,-1,4570,4575,4571,-1,4571,4575,4576,-1,4571,4576,4572,-1,4572,4576,4577,-1,4572,4577,4573,-1,4573,4577,4578,-1,4573,4578,539,-1,539,4578,541,-1,498,496,4574,-1,4574,496,4579,-1,4574,4579,4575,-1,4575,4579,4580,-1,4575,4580,4576,-1,4576,4580,4581,-1,4576,4581,4577,-1,4577,4581,4582,-1,4577,4582,4578,-1,4578,4582,4583,-1,4578,4583,541,-1,541,4583,543,-1,496,480,4579,-1,4579,480,4545,-1,4579,4545,4580,-1,4580,4545,4547,-1,4580,4547,4581,-1,4581,4547,4549,-1,4581,4549,4582,-1,4582,4549,4551,-1,4582,4551,4583,-1,4583,4551,4553,-1,4583,4553,543,-1,543,4553,494,-1,495,493,4584,-1,495,4584,4585,-1,4585,4584,4586,-1,4585,4586,4587,-1,4587,4586,4588,-1,4587,4588,4589,-1,4589,4588,4590,-1,4589,4590,4591,-1,4591,4590,4592,-1,4591,4592,4593,-1,4593,4592,491,-1,4593,491,489,-1,928,544,506,-1,928,506,4594,-1,4594,506,4554,-1,4594,4554,4595,-1,4595,4554,4556,-1,4595,4556,4596,-1,4596,4556,4597,-1,4597,4556,4558,-1,4597,4558,4598,-1,4598,4558,4599,-1,4599,4558,4560,-1,4599,4560,4600,-1,4600,4560,4601,-1,4601,4560,4562,-1,4601,4562,4602,-1,533,550,4562,-1,4562,550,935,-1,4562,935,4602,-1,487,485,4603,-1,487,4603,4604,-1,4604,4603,4605,-1,4604,4605,4606,-1,4606,4605,4607,-1,4606,4607,4608,-1,4608,4607,4609,-1,4608,4609,4610,-1,4610,4609,4611,-1,4610,4611,4612,-1,4612,4611,483,-1,4612,483,481,-1,532,534,4613,-1,4613,534,4614,-1,4613,4614,4615,-1,4615,4614,4616,-1,4615,4616,4617,-1,4617,4616,4618,-1,4617,4618,4619,-1,4619,4618,4620,-1,4619,4620,4621,-1,4621,4620,4622,-1,4621,4622,521,-1,521,4622,523,-1,534,536,4614,-1,4614,536,4623,-1,4614,4623,4616,-1,4616,4623,4624,-1,4616,4624,4618,-1,4618,4624,4625,-1,4618,4625,4620,-1,4620,4625,4626,-1,4620,4626,4622,-1,4622,4626,4627,-1,4622,4627,523,-1,523,4627,525,-1,536,538,4623,-1,4623,538,4628,-1,4623,4628,4624,-1,4624,4628,4629,-1,4624,4629,4625,-1,4625,4629,4630,-1,4625,4630,4626,-1,4626,4630,4631,-1,4626,4631,4627,-1,4627,4631,4632,-1,4627,4632,525,-1,525,4632,527,-1,538,540,4628,-1,4628,540,4633,-1,4628,4633,4629,-1,4629,4633,4634,-1,4629,4634,4630,-1,4630,4634,4635,-1,4630,4635,4631,-1,4631,4635,4636,-1,4631,4636,4632,-1,4632,4636,4637,-1,4632,4637,527,-1,527,4637,529,-1,540,542,4633,-1,4633,542,4638,-1,4633,4638,4634,-1,4634,4638,4639,-1,4634,4639,4635,-1,4635,4639,4640,-1,4635,4640,4636,-1,4636,4640,4641,-1,4636,4641,4637,-1,4637,4641,4642,-1,4637,4642,529,-1,529,4642,531,-1,542,495,4638,-1,4638,495,4585,-1,4638,4585,4639,-1,4639,4585,4587,-1,4639,4587,4640,-1,4640,4587,4589,-1,4640,4589,4641,-1,4641,4589,4591,-1,4641,4591,4642,-1,4642,4591,4593,-1,4642,4593,531,-1,531,4593,489,-1,4599,4600,4643,-1,4643,4600,4601,-1,4643,4601,934,-1,934,4601,4602,-1,934,4602,935,-1,4643,4644,4599,-1,4599,4644,4645,-1,4599,4645,4598,-1,4598,4645,4646,-1,4646,4647,4598,-1,4598,4647,4648,-1,4598,4648,4597,-1,4597,4648,4649,-1,4597,4649,4596,-1,4596,4649,4650,-1,4596,4650,4595,-1,4595,4650,4651,-1,4595,4651,4594,-1,4594,4651,929,-1,4594,929,928,-1,481,497,4612,-1,4612,497,4652,-1,4612,4652,4610,-1,4610,4652,4653,-1,4610,4653,4608,-1,4608,4653,4654,-1,4608,4654,4606,-1,4606,4654,4655,-1,4606,4655,4604,-1,4604,4655,4656,-1,4604,4656,487,-1,487,4656,509,-1,497,499,4652,-1,4652,499,4657,-1,4652,4657,4653,-1,4653,4657,4658,-1,4653,4658,4654,-1,4654,4658,4659,-1,4654,4659,4655,-1,4655,4659,4660,-1,4655,4660,4656,-1,4656,4660,4661,-1,4656,4661,509,-1,509,4661,511,-1,499,501,4657,-1,4657,501,4662,-1,4657,4662,4658,-1,4658,4662,4663,-1,4658,4663,4659,-1,4659,4663,4664,-1,4659,4664,4660,-1,4660,4664,4665,-1,4660,4665,4661,-1,4661,4665,4666,-1,4661,4666,511,-1,511,4666,513,-1,501,503,4662,-1,4662,503,4667,-1,4662,4667,4663,-1,4663,4667,4668,-1,4663,4668,4664,-1,4664,4668,4669,-1,4664,4669,4665,-1,4665,4669,4670,-1,4665,4670,4666,-1,4666,4670,4671,-1,4666,4671,513,-1,513,4671,515,-1,503,505,4667,-1,4667,505,4672,-1,4667,4672,4668,-1,4668,4672,4673,-1,4668,4673,4669,-1,4669,4673,4674,-1,4669,4674,4670,-1,4670,4674,4675,-1,4670,4675,4671,-1,4671,4675,4676,-1,4671,4676,515,-1,515,4676,517,-1,505,507,4672,-1,4672,507,4677,-1,4672,4677,4673,-1,4673,4677,4678,-1,4673,4678,4674,-1,4674,4678,4679,-1,4674,4679,4675,-1,4675,4679,4680,-1,4675,4680,4676,-1,4676,4680,4681,-1,4676,4681,517,-1,517,4681,519,-1,932,551,532,-1,932,532,4682,-1,4682,532,4613,-1,4682,4613,4683,-1,4683,4613,4615,-1,4683,4615,4684,-1,4684,4615,4685,-1,4685,4615,4617,-1,4685,4617,4686,-1,4686,4617,4687,-1,4687,4617,4619,-1,4687,4619,4688,-1,4688,4619,4689,-1,4689,4619,4621,-1,4689,4621,4690,-1,521,549,4621,-1,4621,549,943,-1,4621,943,4690,-1,4691,552,4692,-1,4693,4694,4695,-1,4696,4697,4698,-1,4699,4700,4701,-1,4643,934,4702,-1,4645,4644,4703,-1,4703,4644,4643,-1,4651,4650,4700,-1,4700,4650,4649,-1,4700,4649,4701,-1,4701,4649,4648,-1,4701,4648,4647,-1,929,4651,4704,-1,4704,4651,4700,-1,4704,4700,4705,-1,4705,4700,4699,-1,4705,4699,4706,-1,4706,4699,4707,-1,4643,4702,4703,-1,4703,4702,4708,-1,4703,4708,4709,-1,4697,4707,4698,-1,4698,4707,4699,-1,4698,4699,4710,-1,4710,4699,4701,-1,4710,4701,4711,-1,4711,4701,4647,-1,4708,4712,4709,-1,4709,4712,4713,-1,4709,4713,4714,-1,4694,4696,4695,-1,4695,4696,4698,-1,4695,4698,4715,-1,4715,4698,4710,-1,4715,4710,4716,-1,4716,4710,4711,-1,4713,4717,4714,-1,4714,4717,4718,-1,4714,4718,4719,-1,4716,4720,4715,-1,4715,4720,4721,-1,4715,4721,4695,-1,4695,4721,4722,-1,4695,4722,4693,-1,4646,4645,4723,-1,4723,4645,4703,-1,4723,4703,4724,-1,4724,4703,4709,-1,4724,4709,4725,-1,4725,4709,4714,-1,4725,4714,4726,-1,4726,4714,4719,-1,4726,4719,4727,-1,4727,4719,4692,-1,4727,4692,552,-1,552,4728,4722,-1,4722,4728,4729,-1,4722,4729,4693,-1,4720,4730,4721,-1,4721,4730,4731,-1,4721,4731,4722,-1,4722,4731,552,-1,4730,4732,4731,-1,4731,4732,552,-1,4718,4733,4719,-1,4719,4733,4734,-1,4719,4734,4692,-1,4692,4734,4735,-1,4692,4735,4691,-1,4647,4646,4711,-1,4711,4646,4723,-1,4711,4723,4716,-1,4716,4723,4724,-1,4716,4724,4720,-1,4720,4724,4725,-1,4720,4725,4730,-1,4730,4725,4726,-1,4730,4726,4732,-1,4732,4726,4727,-1,4732,4727,552,-1,936,547,519,-1,936,519,4736,-1,4736,519,4681,-1,4736,4681,4737,-1,4737,4681,4680,-1,4737,4680,4738,-1,4738,4680,4739,-1,4739,4680,4679,-1,4739,4679,4740,-1,4740,4679,4741,-1,4741,4679,4678,-1,4741,4678,4742,-1,4742,4678,4743,-1,4743,4678,4677,-1,4743,4677,4744,-1,507,545,4677,-1,4677,545,931,-1,4677,931,4744,-1,4687,4688,4745,-1,4745,4688,4689,-1,4745,4689,942,-1,942,4689,4690,-1,942,4690,943,-1,4745,4746,4687,-1,4687,4746,4747,-1,4687,4747,4686,-1,4686,4747,4748,-1,4748,4749,4686,-1,4686,4749,4750,-1,4686,4750,4685,-1,4685,4750,4751,-1,4685,4751,4684,-1,4684,4751,4752,-1,4684,4752,4683,-1,4683,4752,4753,-1,4683,4753,4682,-1,4682,4753,933,-1,4682,933,932,-1,934,933,4702,-1,4702,933,4754,-1,4702,4754,4708,-1,4708,4754,4755,-1,4708,4755,4712,-1,4712,4755,4756,-1,4712,4756,4713,-1,4713,4756,4757,-1,4713,4757,4717,-1,4717,4757,4758,-1,4717,4758,4718,-1,4718,4758,4759,-1,4718,4759,4733,-1,4733,4759,4760,-1,4733,4760,4734,-1,4734,4760,4761,-1,4734,4761,4735,-1,4735,4761,4762,-1,4735,4762,4691,-1,4762,4763,4691,-1,4691,4763,553,-1,4691,553,552,-1,930,929,4764,-1,4764,929,4704,-1,4764,4704,4765,-1,4765,4704,4705,-1,4765,4705,4766,-1,4766,4705,4706,-1,4766,4706,4767,-1,4767,4706,4707,-1,4767,4707,4768,-1,4768,4707,4697,-1,4768,4697,4769,-1,4769,4697,4696,-1,4769,4696,4770,-1,4770,4696,4694,-1,4770,4694,4771,-1,4771,4694,4693,-1,4771,4693,4772,-1,4772,4693,4729,-1,4772,4729,4773,-1,4729,4728,4773,-1,4773,4728,552,-1,4773,552,554,-1,4741,4742,4774,-1,4774,4742,4743,-1,4774,4743,930,-1,930,4743,4744,-1,930,4744,931,-1,4774,4775,4741,-1,4741,4775,4776,-1,4741,4776,4740,-1,4740,4776,4777,-1,4777,4778,4740,-1,4740,4778,4779,-1,4740,4779,4739,-1,4739,4779,4780,-1,4739,4780,4738,-1,4738,4780,4781,-1,4738,4781,4737,-1,4737,4781,4782,-1,4737,4782,4736,-1,4736,4782,937,-1,4736,937,936,-1,4783,553,4784,-1,4761,4760,4785,-1,4759,4758,4786,-1,4787,4788,4789,-1,4745,942,4790,-1,4747,4746,4791,-1,4791,4746,4745,-1,4753,4752,4788,-1,4788,4752,4751,-1,4788,4751,4789,-1,4789,4751,4750,-1,4789,4750,4749,-1,933,4753,4754,-1,4754,4753,4788,-1,4754,4788,4755,-1,4755,4788,4787,-1,4755,4787,4756,-1,4756,4787,4757,-1,4745,4790,4791,-1,4791,4790,4792,-1,4791,4792,4793,-1,4758,4757,4786,-1,4786,4757,4787,-1,4786,4787,4794,-1,4794,4787,4789,-1,4794,4789,4795,-1,4795,4789,4749,-1,4792,4796,4793,-1,4793,4796,4797,-1,4793,4797,4798,-1,4760,4759,4785,-1,4785,4759,4786,-1,4785,4786,4799,-1,4799,4786,4794,-1,4799,4794,4800,-1,4800,4794,4795,-1,4797,4801,4798,-1,4798,4801,4802,-1,4798,4802,4803,-1,4800,4804,4799,-1,4799,4804,4805,-1,4799,4805,4785,-1,4785,4805,4806,-1,4785,4806,4761,-1,4748,4747,4807,-1,4807,4747,4791,-1,4807,4791,4808,-1,4808,4791,4793,-1,4808,4793,4809,-1,4809,4793,4798,-1,4809,4798,4810,-1,4810,4798,4803,-1,4810,4803,4811,-1,4811,4803,4784,-1,4811,4784,553,-1,553,4763,4806,-1,4806,4763,4762,-1,4806,4762,4761,-1,4804,4812,4805,-1,4805,4812,4813,-1,4805,4813,4806,-1,4806,4813,553,-1,4812,4814,4813,-1,4813,4814,553,-1,4802,4815,4803,-1,4803,4815,4816,-1,4803,4816,4784,-1,4784,4816,4817,-1,4784,4817,4783,-1,4749,4748,4795,-1,4795,4748,4807,-1,4795,4807,4800,-1,4800,4807,4808,-1,4800,4808,4804,-1,4804,4808,4809,-1,4804,4809,4812,-1,4812,4809,4810,-1,4812,4810,4814,-1,4814,4810,4811,-1,4814,4811,553,-1,4773,554,4818,-1,4819,4820,4821,-1,4822,4823,4824,-1,4825,4826,4827,-1,4774,930,4764,-1,4776,4775,4828,-1,4828,4775,4774,-1,4782,4781,4826,-1,4826,4781,4780,-1,4826,4780,4827,-1,4827,4780,4779,-1,4827,4779,4778,-1,937,4782,4829,-1,4829,4782,4826,-1,4829,4826,4830,-1,4830,4826,4825,-1,4830,4825,4831,-1,4831,4825,4832,-1,4774,4764,4828,-1,4828,4764,4765,-1,4828,4765,4833,-1,4823,4832,4824,-1,4824,4832,4825,-1,4824,4825,4834,-1,4834,4825,4827,-1,4834,4827,4835,-1,4835,4827,4778,-1,4765,4766,4833,-1,4833,4766,4767,-1,4833,4767,4836,-1,4820,4822,4821,-1,4821,4822,4824,-1,4821,4824,4837,-1,4837,4824,4834,-1,4837,4834,4838,-1,4838,4834,4835,-1,4767,4768,4836,-1,4836,4768,4769,-1,4836,4769,4839,-1,4838,4840,4837,-1,4837,4840,4841,-1,4837,4841,4821,-1,4821,4841,4842,-1,4821,4842,4819,-1,4777,4776,4843,-1,4843,4776,4828,-1,4843,4828,4844,-1,4844,4828,4833,-1,4844,4833,4845,-1,4845,4833,4836,-1,4845,4836,4846,-1,4846,4836,4839,-1,4846,4839,4847,-1,4847,4839,4818,-1,4847,4818,554,-1,554,4848,4842,-1,4842,4848,4849,-1,4842,4849,4819,-1,4840,4850,4841,-1,4841,4850,4851,-1,4841,4851,4842,-1,4842,4851,554,-1,4850,4852,4851,-1,4851,4852,554,-1,4769,4770,4839,-1,4839,4770,4771,-1,4839,4771,4818,-1,4818,4771,4772,-1,4818,4772,4773,-1,4778,4777,4835,-1,4835,4777,4843,-1,4835,4843,4838,-1,4838,4843,4844,-1,4838,4844,4840,-1,4840,4844,4845,-1,4840,4845,4850,-1,4850,4845,4846,-1,4850,4846,4852,-1,4852,4846,4847,-1,4852,4847,554,-1,942,941,4790,-1,4790,941,4853,-1,4790,4853,4792,-1,4792,4853,4854,-1,4792,4854,4796,-1,4796,4854,4855,-1,4796,4855,4797,-1,4797,4855,4856,-1,4797,4856,4801,-1,4801,4856,4857,-1,4801,4857,4802,-1,4802,4857,4858,-1,4802,4858,4815,-1,4815,4858,4859,-1,4815,4859,4816,-1,4816,4859,4860,-1,4816,4860,4817,-1,4817,4860,4861,-1,4817,4861,4783,-1,4861,4862,4783,-1,4783,4862,555,-1,4783,555,553,-1,938,937,4863,-1,4863,937,4829,-1,4863,4829,4864,-1,4864,4829,4830,-1,4864,4830,4865,-1,4865,4830,4831,-1,4865,4831,4866,-1,4866,4831,4832,-1,4866,4832,4867,-1,4867,4832,4823,-1,4867,4823,4868,-1,4868,4823,4822,-1,4868,4822,4869,-1,4869,4822,4820,-1,4869,4820,4870,-1,4870,4820,4819,-1,4870,4819,4871,-1,4871,4819,4849,-1,4871,4849,4872,-1,4849,4848,4872,-1,4872,4848,554,-1,4872,554,555,-1,4872,555,4873,-1,4874,4875,555,-1,4860,4859,4876,-1,4858,4857,4877,-1,4878,4879,4880,-1,4881,4882,4883,-1,4883,4882,938,-1,4884,4885,4886,-1,4880,4887,4888,-1,4887,4880,4889,-1,4889,4880,4879,-1,4889,4879,4890,-1,941,4890,4853,-1,4853,4890,4879,-1,4853,4879,4854,-1,4854,4879,4878,-1,4854,4878,4855,-1,4855,4878,4856,-1,938,4863,4883,-1,4883,4863,4864,-1,4883,4864,4891,-1,4857,4856,4877,-1,4877,4856,4878,-1,4877,4878,4892,-1,4892,4878,4880,-1,4892,4880,4884,-1,4884,4880,4888,-1,4884,4888,4885,-1,4864,4865,4891,-1,4891,4865,4866,-1,4891,4866,4893,-1,4859,4858,4876,-1,4876,4858,4877,-1,4876,4877,4894,-1,4894,4877,4892,-1,4894,4892,4895,-1,4895,4892,4884,-1,4895,4884,4896,-1,4896,4884,4886,-1,4866,4867,4893,-1,4893,4867,4868,-1,4893,4868,4897,-1,4896,4898,4895,-1,4895,4898,4899,-1,4895,4899,4894,-1,4894,4899,4900,-1,4894,4900,4876,-1,4876,4900,4901,-1,4876,4901,4860,-1,4875,4874,4902,-1,4903,4881,4904,-1,4904,4881,4883,-1,4904,4883,4905,-1,4905,4883,4891,-1,4905,4891,4906,-1,4906,4891,4893,-1,4906,4893,4907,-1,4907,4893,4897,-1,4907,4897,4908,-1,4908,4897,4873,-1,4908,4873,555,-1,555,4862,4901,-1,4901,4862,4861,-1,4901,4861,4860,-1,4898,4909,4899,-1,4899,4909,4910,-1,4899,4910,4900,-1,4900,4910,4911,-1,4900,4911,4901,-1,4901,4911,555,-1,4909,4902,4910,-1,4910,4902,4874,-1,4910,4874,4911,-1,4911,4874,555,-1,4868,4869,4897,-1,4897,4869,4870,-1,4897,4870,4873,-1,4873,4870,4871,-1,4873,4871,4872,-1,4886,4903,4896,-1,4896,4903,4904,-1,4896,4904,4898,-1,4898,4904,4905,-1,4898,4905,4909,-1,4909,4905,4906,-1,4909,4906,4902,-1,4902,4906,4907,-1,4902,4907,4875,-1,4875,4907,4908,-1,4875,4908,555,-1,939,938,4912,-1,4912,938,4882,-1,4912,4882,4913,-1,4913,4882,4881,-1,4913,4881,4914,-1,4914,4881,4915,-1,4881,4903,4915,-1,4915,4903,4886,-1,4915,4886,4916,-1,4916,4886,4885,-1,4916,4885,4888,-1,941,940,4890,-1,4890,940,4917,-1,4890,4917,4889,-1,4889,4917,4918,-1,4889,4918,4887,-1,4887,4918,4919,-1,4887,4919,4888,-1,4888,4919,4920,-1,4888,4920,4916,-1,940,548,520,-1,940,520,4917,-1,4917,520,4921,-1,4917,4921,4918,-1,4918,4921,4922,-1,4918,4922,4919,-1,4919,4922,4920,-1,4920,4922,4923,-1,4920,4923,4916,-1,4916,4923,4915,-1,4915,4923,4924,-1,4915,4924,4914,-1,4914,4924,4913,-1,4913,4924,4925,-1,4913,4925,4912,-1,518,546,4925,-1,4925,546,939,-1,4925,939,4912,-1,486,508,4926,-1,4926,508,4927,-1,4926,4927,4928,-1,4928,4927,4929,-1,4928,4929,4930,-1,4930,4929,4931,-1,4930,4931,4932,-1,4932,4931,4933,-1,4932,4933,4934,-1,4934,4933,4935,-1,4934,4935,488,-1,488,4935,530,-1,508,510,4927,-1,4927,510,4936,-1,4927,4936,4929,-1,4929,4936,4937,-1,4929,4937,4931,-1,4931,4937,4938,-1,4931,4938,4933,-1,4933,4938,4939,-1,4933,4939,4935,-1,4935,4939,4940,-1,4935,4940,530,-1,530,4940,528,-1,510,512,4936,-1,4936,512,4941,-1,4936,4941,4937,-1,4937,4941,4942,-1,4937,4942,4938,-1,4938,4942,4943,-1,4938,4943,4939,-1,4939,4943,4944,-1,4939,4944,4940,-1,4940,4944,4945,-1,4940,4945,528,-1,528,4945,526,-1,512,514,4941,-1,4941,514,4946,-1,4941,4946,4942,-1,4942,4946,4947,-1,4942,4947,4943,-1,4943,4947,4948,-1,4943,4948,4944,-1,4944,4948,4949,-1,4944,4949,4945,-1,4945,4949,4950,-1,4945,4950,526,-1,526,4950,524,-1,514,516,4946,-1,4946,516,4951,-1,4946,4951,4947,-1,4947,4951,4952,-1,4947,4952,4948,-1,4948,4952,4953,-1,4948,4953,4949,-1,4949,4953,4954,-1,4949,4954,4950,-1,4950,4954,4955,-1,4950,4955,524,-1,524,4955,522,-1,516,518,4951,-1,4951,518,4925,-1,4951,4925,4952,-1,4952,4925,4924,-1,4952,4924,4953,-1,4953,4924,4923,-1,4953,4923,4954,-1,4954,4923,4922,-1,4954,4922,4955,-1,4955,4922,4921,-1,4955,4921,522,-1,522,4921,520,-1,488,490,4956,-1,488,4956,4934,-1,4934,4956,4957,-1,4934,4957,4932,-1,4932,4957,4958,-1,4932,4958,4930,-1,4930,4958,4959,-1,4930,4959,4928,-1,4928,4959,4960,-1,4928,4960,4926,-1,4926,4960,484,-1,4926,484,486,-1,571,569,956,-1,956,569,4961,-1,956,4961,4962,-1,4962,4961,4963,-1,4963,4961,4964,-1,4963,4964,4965,-1,4965,4964,4966,-1,4966,4964,4967,-1,4966,4967,4968,-1,4968,4967,4969,-1,4969,4967,4970,-1,4969,4970,4971,-1,4971,4970,4972,-1,4972,4970,4973,-1,4972,4973,4974,-1,567,565,4973,-1,4973,565,951,-1,4973,951,4974,-1,556,558,952,-1,952,558,4975,-1,952,4975,4976,-1,4976,4975,4977,-1,4977,4975,4978,-1,4977,4978,4979,-1,4979,4978,4980,-1,4980,4978,4981,-1,4980,4981,4982,-1,4982,4981,4983,-1,4983,4981,4984,-1,4983,4984,4985,-1,4985,4984,4986,-1,4986,4984,4987,-1,4986,4987,4988,-1,568,570,4987,-1,4987,570,959,-1,4987,959,4988,-1,4989,957,956,-1,951,950,4974,-1,4974,950,4990,-1,4974,4990,4972,-1,4972,4990,4991,-1,4972,4991,4971,-1,4971,4991,4992,-1,4971,4992,4969,-1,4992,4993,4969,-1,4969,4993,4994,-1,4969,4994,4968,-1,4968,4994,4995,-1,4968,4995,4966,-1,4966,4995,4996,-1,4966,4996,4965,-1,4989,956,4997,-1,4996,4998,4965,-1,4965,4998,4999,-1,4965,4999,4963,-1,4963,4999,5000,-1,4963,5000,4962,-1,4962,5000,5001,-1,4962,5001,956,-1,956,5001,5002,-1,956,5002,4997,-1,958,957,5003,-1,5003,957,5004,-1,5003,5004,5005,-1,5005,5004,5006,-1,5005,5006,5007,-1,5007,5006,5008,-1,5007,5008,5009,-1,5009,5008,5010,-1,5009,5010,5011,-1,5011,5010,5012,-1,5011,5012,5013,-1,5013,5012,5014,-1,5013,5014,5015,-1,5015,5014,5016,-1,5015,5016,5017,-1,5017,5016,5018,-1,5017,5018,5019,-1,5019,5018,5020,-1,5019,5020,5021,-1,5020,5022,5021,-1,5021,5022,575,-1,5021,575,573,-1,958,5023,959,-1,959,5023,5024,-1,959,5024,4988,-1,4988,5024,5025,-1,4988,5025,4986,-1,5025,5026,4986,-1,4986,5026,5027,-1,4986,5027,4985,-1,5027,5028,4985,-1,4985,5028,5029,-1,4985,5029,4983,-1,4983,5029,5030,-1,4983,5030,4982,-1,5030,5031,4982,-1,4982,5031,5032,-1,4982,5032,4980,-1,5032,5033,4980,-1,4980,5033,5034,-1,4980,5034,4979,-1,4979,5034,5035,-1,953,952,5036,-1,5036,952,4976,-1,5036,4976,5035,-1,5035,4976,4977,-1,5035,4977,4979,-1,564,566,948,-1,948,566,5037,-1,948,5037,5038,-1,5038,5037,5039,-1,5039,5037,5040,-1,5039,5040,5041,-1,5041,5040,5042,-1,5042,5040,5043,-1,5042,5043,5044,-1,5044,5043,5045,-1,5045,5043,5046,-1,5045,5046,5047,-1,5047,5046,5048,-1,5048,5046,5049,-1,5048,5049,5050,-1,563,561,5049,-1,5049,561,947,-1,5049,947,5050,-1,5051,5052,5053,-1,5054,5055,5056,-1,5057,5058,5059,-1,4994,5060,5061,-1,5062,5063,950,-1,950,5063,4990,-1,4990,5063,4991,-1,4991,5063,5064,-1,4991,5064,4992,-1,5060,4994,5064,-1,5064,4994,4993,-1,5064,4993,4992,-1,4998,4996,5061,-1,5061,4996,4995,-1,5061,4995,4994,-1,5065,5001,5000,-1,957,4989,5004,-1,5004,4989,5066,-1,5004,5066,5006,-1,5006,5066,5067,-1,5068,5010,5067,-1,5067,5010,5008,-1,5067,5008,5006,-1,5069,5014,5068,-1,5068,5014,5012,-1,5068,5012,5010,-1,5022,5020,5070,-1,5070,5020,5018,-1,5070,5018,5069,-1,5069,5018,5016,-1,5069,5016,5014,-1,575,5022,5071,-1,5071,5022,5070,-1,5071,5070,5072,-1,5072,5070,5073,-1,5058,5073,5059,-1,5059,5073,5070,-1,5059,5070,5074,-1,5074,5070,5069,-1,5074,5069,5075,-1,5075,5069,5068,-1,5075,5068,5076,-1,5076,5068,5067,-1,5076,5067,5077,-1,5077,5067,5066,-1,5077,5066,4997,-1,4997,5066,4989,-1,5055,5057,5056,-1,5056,5057,5059,-1,5056,5059,5078,-1,5078,5059,5074,-1,5078,5074,5079,-1,5079,5074,5075,-1,5079,5075,5080,-1,5080,5075,5076,-1,5080,5076,5081,-1,5081,5076,5077,-1,5081,5077,5002,-1,5002,5077,4997,-1,5052,5054,5053,-1,5053,5054,5056,-1,5053,5056,5082,-1,5082,5056,5078,-1,5082,5078,5083,-1,5083,5078,5079,-1,5083,5079,5084,-1,5084,5079,5080,-1,5084,5080,5065,-1,5065,5080,5081,-1,5065,5081,5001,-1,5001,5081,5002,-1,5062,5051,5063,-1,5063,5051,5053,-1,5063,5053,5064,-1,5064,5053,5082,-1,5064,5082,5060,-1,5060,5082,5083,-1,5060,5083,5061,-1,5061,5083,5084,-1,5061,5084,4998,-1,4998,5084,5065,-1,4998,5065,4999,-1,4999,5065,5000,-1,5085,5086,5087,-1,5088,5089,5090,-1,5091,5092,5093,-1,5094,5095,5096,-1,5097,5098,5099,-1,5027,5026,5100,-1,5101,5023,958,-1,5102,5029,5100,-1,5100,5029,5028,-1,5100,5028,5027,-1,5103,5031,5030,-1,5031,5103,5032,-1,5032,5103,5104,-1,5032,5104,5033,-1,5033,5104,5105,-1,5033,5105,5034,-1,5034,5105,5035,-1,5035,5105,5099,-1,5035,5099,5036,-1,5036,5099,5098,-1,5036,5098,953,-1,958,5003,5101,-1,5101,5003,5005,-1,5101,5005,5106,-1,5005,5007,5106,-1,5106,5007,5009,-1,5106,5009,5107,-1,5009,5011,5107,-1,5107,5011,5013,-1,5107,5013,5108,-1,5013,5015,5108,-1,5108,5015,5017,-1,5108,5017,5087,-1,5095,5097,5096,-1,5096,5097,5099,-1,5096,5099,5109,-1,5109,5099,5105,-1,5109,5105,5110,-1,5110,5105,5104,-1,5110,5104,5102,-1,5102,5104,5103,-1,5102,5103,5029,-1,5029,5103,5030,-1,5092,5094,5093,-1,5093,5094,5096,-1,5093,5096,5111,-1,5111,5096,5109,-1,5111,5109,5112,-1,5112,5109,5110,-1,5112,5110,5113,-1,5113,5110,5102,-1,5113,5102,5114,-1,5114,5102,5100,-1,5114,5100,5025,-1,5025,5100,5026,-1,5089,5091,5090,-1,5090,5091,5093,-1,5090,5093,5115,-1,5115,5093,5111,-1,5115,5111,5116,-1,5116,5111,5112,-1,5116,5112,5117,-1,5117,5112,5113,-1,5117,5113,5118,-1,5118,5113,5114,-1,5118,5114,5024,-1,5024,5114,5025,-1,5086,5088,5087,-1,5087,5088,5090,-1,5087,5090,5108,-1,5108,5090,5115,-1,5108,5115,5107,-1,5107,5115,5116,-1,5107,5116,5106,-1,5106,5116,5117,-1,5106,5117,5101,-1,5101,5117,5118,-1,5101,5118,5023,-1,5023,5118,5024,-1,573,5085,5021,-1,5021,5085,5087,-1,5021,5087,5019,-1,5019,5087,5017,-1,560,562,944,-1,944,562,5119,-1,944,5119,5120,-1,5120,5119,5121,-1,5121,5119,5122,-1,5121,5122,5123,-1,5123,5122,5124,-1,5124,5122,5125,-1,5124,5125,5126,-1,5126,5125,5127,-1,5127,5125,5128,-1,5127,5128,5129,-1,5129,5128,5130,-1,5130,5128,5131,-1,5130,5131,5132,-1,559,557,5131,-1,5131,557,955,-1,5131,955,5132,-1,947,946,5050,-1,5050,946,5133,-1,5050,5133,5134,-1,5134,5135,5050,-1,5050,5135,5136,-1,5050,5136,5048,-1,5048,5136,5137,-1,5048,5137,5047,-1,5137,5138,5047,-1,5047,5138,5139,-1,5047,5139,5045,-1,5045,5139,5140,-1,5045,5140,5044,-1,5140,5141,5044,-1,5044,5141,5142,-1,5044,5142,5042,-1,5142,5143,5042,-1,5042,5143,5144,-1,5042,5144,5041,-1,5041,5144,5145,-1,5041,5145,5039,-1,5039,5145,5038,-1,5038,5145,948,-1,948,5145,5146,-1,948,5146,949,-1,950,949,5062,-1,5062,949,5147,-1,5062,5147,5051,-1,5051,5147,5148,-1,5051,5148,5052,-1,5052,5148,5149,-1,5052,5149,5054,-1,5054,5149,5150,-1,5054,5150,5055,-1,5055,5150,5151,-1,5055,5151,5057,-1,5057,5151,5152,-1,5057,5152,5058,-1,5058,5152,5153,-1,5058,5153,5073,-1,5073,5153,5154,-1,5073,5154,5072,-1,5072,5154,5155,-1,5072,5155,5071,-1,5155,5156,5071,-1,5071,5156,574,-1,5071,574,575,-1,954,953,5157,-1,5157,953,5098,-1,5157,5098,5158,-1,5158,5098,5097,-1,5158,5097,5159,-1,5159,5097,5095,-1,5159,5095,5160,-1,5160,5095,5094,-1,5160,5094,5161,-1,5161,5094,5092,-1,5161,5092,5162,-1,5162,5092,5091,-1,5162,5091,5163,-1,5163,5091,5089,-1,5163,5089,5164,-1,5164,5089,5088,-1,5164,5088,5165,-1,5165,5088,5086,-1,5165,5086,5166,-1,5086,5085,5166,-1,5166,5085,573,-1,5166,573,572,-1,955,954,5132,-1,5132,954,5167,-1,5132,5167,5130,-1,5130,5167,5168,-1,5130,5168,5129,-1,5129,5168,5169,-1,5129,5169,5127,-1,5169,5170,5127,-1,5127,5170,5171,-1,5127,5171,5126,-1,5126,5171,5172,-1,5126,5172,5124,-1,5124,5172,5173,-1,5124,5173,5123,-1,5123,5173,5174,-1,5123,5174,5121,-1,5174,5175,5121,-1,5121,5175,5176,-1,5121,5176,5120,-1,5120,5176,5177,-1,5120,5177,944,-1,944,5177,5178,-1,5178,5179,944,-1,944,5179,5180,-1,944,5180,945,-1,5148,5147,5181,-1,5150,5149,5182,-1,5152,5151,5183,-1,5154,5153,5184,-1,5137,5136,5185,-1,5186,5133,946,-1,5187,5139,5185,-1,5185,5139,5138,-1,5185,5138,5137,-1,5188,5141,5140,-1,5141,5188,5142,-1,5142,5188,5189,-1,5142,5189,5143,-1,5143,5189,5190,-1,5143,5190,5144,-1,5144,5190,5145,-1,5145,5190,5181,-1,5145,5181,5146,-1,5146,5181,5147,-1,5146,5147,949,-1,5155,5191,5156,-1,5156,5191,5192,-1,5156,5192,574,-1,5193,5194,5191,-1,5191,5194,5195,-1,5191,5195,5192,-1,5196,5197,5193,-1,5193,5197,5198,-1,5193,5198,5194,-1,5199,5200,5196,-1,5196,5200,5201,-1,5196,5201,5197,-1,5149,5148,5182,-1,5182,5148,5181,-1,5182,5181,5202,-1,5202,5181,5190,-1,5202,5190,5203,-1,5203,5190,5189,-1,5203,5189,5187,-1,5187,5189,5188,-1,5187,5188,5139,-1,5139,5188,5140,-1,946,5204,5186,-1,5186,5204,5205,-1,5186,5205,5199,-1,5199,5205,5206,-1,5199,5206,5200,-1,5155,5154,5191,-1,5191,5154,5184,-1,5191,5184,5193,-1,5193,5184,5207,-1,5193,5207,5196,-1,5196,5207,5208,-1,5196,5208,5199,-1,5199,5208,5209,-1,5199,5209,5186,-1,5186,5209,5210,-1,5186,5210,5133,-1,5133,5210,5134,-1,5153,5152,5184,-1,5184,5152,5183,-1,5184,5183,5207,-1,5207,5183,5211,-1,5207,5211,5208,-1,5208,5211,5212,-1,5208,5212,5209,-1,5209,5212,5213,-1,5209,5213,5210,-1,5210,5213,5214,-1,5210,5214,5134,-1,5134,5214,5135,-1,5151,5150,5183,-1,5183,5150,5182,-1,5183,5182,5211,-1,5211,5182,5202,-1,5211,5202,5212,-1,5212,5202,5203,-1,5212,5203,5213,-1,5213,5203,5187,-1,5213,5187,5214,-1,5214,5187,5185,-1,5214,5185,5135,-1,5135,5185,5136,-1,5168,5167,5215,-1,5215,5167,954,-1,5170,5169,5216,-1,5216,5169,5168,-1,5217,5172,5171,-1,5172,5217,5173,-1,5176,5175,5218,-1,5218,5175,5174,-1,5176,5218,5177,-1,5177,5218,5219,-1,5177,5219,5178,-1,5178,5219,5220,-1,5178,5220,5179,-1,5179,5220,5221,-1,5179,5221,5180,-1,5180,5221,5222,-1,5180,5222,945,-1,954,5157,5215,-1,5215,5157,5158,-1,5215,5158,5223,-1,5158,5159,5223,-1,5223,5159,5160,-1,5223,5160,5224,-1,5160,5161,5224,-1,5224,5161,5162,-1,5224,5162,5225,-1,5162,5163,5225,-1,5225,5163,5164,-1,5225,5164,5226,-1,572,5227,5166,-1,5166,5227,5226,-1,5166,5226,5165,-1,5165,5226,5164,-1,5168,5215,5216,-1,5216,5215,5223,-1,5216,5223,5228,-1,5228,5223,5224,-1,5228,5224,5229,-1,5229,5224,5225,-1,5229,5225,5230,-1,5230,5225,5226,-1,5230,5226,5231,-1,5227,5232,5226,-1,5226,5232,5233,-1,5226,5233,5231,-1,5231,5233,5234,-1,5231,5234,5235,-1,5235,5236,5231,-1,5231,5236,5237,-1,5231,5237,5230,-1,5230,5237,5238,-1,5230,5238,5229,-1,5229,5238,5239,-1,5229,5239,5228,-1,5228,5239,5240,-1,5228,5240,5216,-1,5170,5216,5171,-1,5171,5216,5240,-1,5171,5240,5217,-1,5217,5240,5239,-1,5217,5239,5241,-1,5241,5239,5238,-1,5241,5238,5242,-1,5242,5238,5237,-1,5242,5237,5243,-1,5243,5237,5236,-1,5243,5236,5244,-1,5235,5245,5236,-1,5236,5245,5246,-1,5236,5246,5244,-1,5244,5246,5247,-1,5244,5247,5248,-1,5173,5217,5174,-1,5174,5217,5241,-1,5174,5241,5218,-1,5218,5241,5242,-1,5218,5242,5219,-1,5219,5242,5243,-1,5219,5243,5220,-1,5220,5243,5244,-1,5220,5244,5221,-1,5221,5244,5248,-1,5221,5248,5222,-1,946,945,5204,-1,5204,945,5222,-1,5204,5222,5205,-1,5205,5222,5248,-1,5205,5248,5206,-1,5206,5248,5247,-1,5206,5247,5200,-1,5200,5247,5246,-1,5200,5246,5201,-1,5201,5246,5245,-1,5201,5245,5197,-1,5197,5245,5235,-1,5197,5235,5198,-1,5198,5235,5234,-1,5198,5234,5194,-1,5194,5234,5233,-1,5194,5233,5195,-1,5195,5233,5232,-1,5195,5232,5192,-1,5232,5227,5192,-1,5192,5227,572,-1,5192,572,574,-1,576,578,5249,-1,576,5249,5250,-1,5250,5249,5251,-1,5250,5251,5252,-1,5252,5251,5253,-1,5252,5253,5254,-1,5254,5253,5255,-1,5254,5255,5256,-1,5256,5255,5257,-1,5256,5257,5258,-1,5258,5257,588,-1,5258,588,590,-1,602,600,5259,-1,5259,600,5260,-1,5259,5260,5261,-1,5261,5260,5262,-1,5261,5262,5263,-1,5263,5262,5264,-1,5263,5264,5265,-1,5265,5264,5266,-1,5265,5266,5267,-1,5267,5266,5268,-1,5267,5268,629,-1,629,5268,631,-1,600,598,5260,-1,5260,598,5269,-1,5260,5269,5262,-1,5262,5269,5270,-1,5262,5270,5264,-1,5264,5270,5271,-1,5264,5271,5266,-1,5266,5271,5272,-1,5266,5272,5268,-1,5268,5272,5273,-1,5268,5273,631,-1,631,5273,633,-1,598,596,5269,-1,5269,596,5274,-1,5269,5274,5270,-1,5270,5274,5275,-1,5270,5275,5271,-1,5271,5275,5276,-1,5271,5276,5272,-1,5272,5276,5277,-1,5272,5277,5273,-1,5273,5277,5278,-1,5273,5278,633,-1,633,5278,635,-1,596,594,5274,-1,5274,594,5279,-1,5274,5279,5275,-1,5275,5279,5280,-1,5275,5280,5276,-1,5276,5280,5281,-1,5276,5281,5277,-1,5277,5281,5282,-1,5277,5282,5278,-1,5278,5282,5283,-1,5278,5283,635,-1,635,5283,637,-1,594,592,5279,-1,5279,592,5284,-1,5279,5284,5280,-1,5280,5284,5285,-1,5280,5285,5281,-1,5281,5285,5286,-1,5281,5286,5282,-1,5282,5286,5287,-1,5282,5287,5283,-1,5283,5287,5288,-1,5283,5288,637,-1,637,5288,639,-1,592,576,5284,-1,5284,576,5250,-1,5284,5250,5285,-1,5285,5250,5252,-1,5285,5252,5286,-1,5286,5252,5254,-1,5286,5254,5287,-1,5287,5254,5256,-1,5287,5256,5288,-1,5288,5256,5258,-1,5288,5258,639,-1,639,5258,590,-1,591,589,5289,-1,591,5289,5290,-1,5290,5289,5291,-1,5290,5291,5292,-1,5292,5291,5293,-1,5292,5293,5294,-1,5294,5293,5295,-1,5294,5295,5296,-1,5296,5295,5297,-1,5296,5297,5298,-1,5298,5297,587,-1,5298,587,585,-1,960,640,602,-1,960,602,5299,-1,5299,602,5259,-1,5299,5259,5300,-1,5300,5259,5261,-1,5300,5261,5301,-1,5301,5261,5302,-1,5302,5261,5263,-1,5302,5263,5303,-1,5303,5263,5304,-1,5304,5263,5265,-1,5304,5265,5305,-1,5305,5265,5306,-1,5306,5265,5267,-1,5306,5267,5307,-1,629,646,5267,-1,5267,646,967,-1,5267,967,5307,-1,583,581,5308,-1,583,5308,5309,-1,5309,5308,5310,-1,5309,5310,5311,-1,5311,5310,5312,-1,5311,5312,5313,-1,5313,5312,5314,-1,5313,5314,5315,-1,5315,5314,5316,-1,5315,5316,5317,-1,5317,5316,579,-1,5317,579,577,-1,628,630,5318,-1,5318,630,5319,-1,5318,5319,5320,-1,5320,5319,5321,-1,5320,5321,5322,-1,5322,5321,5323,-1,5322,5323,5324,-1,5324,5323,5325,-1,5324,5325,5326,-1,5326,5325,5327,-1,5326,5327,617,-1,617,5327,619,-1,630,632,5319,-1,5319,632,5328,-1,5319,5328,5321,-1,5321,5328,5329,-1,5321,5329,5323,-1,5323,5329,5330,-1,5323,5330,5325,-1,5325,5330,5331,-1,5325,5331,5327,-1,5327,5331,5332,-1,5327,5332,619,-1,619,5332,621,-1,632,634,5328,-1,5328,634,5333,-1,5328,5333,5329,-1,5329,5333,5334,-1,5329,5334,5330,-1,5330,5334,5335,-1,5330,5335,5331,-1,5331,5335,5336,-1,5331,5336,5332,-1,5332,5336,5337,-1,5332,5337,621,-1,621,5337,623,-1,634,636,5333,-1,5333,636,5338,-1,5333,5338,5334,-1,5334,5338,5339,-1,5334,5339,5335,-1,5335,5339,5340,-1,5335,5340,5336,-1,5336,5340,5341,-1,5336,5341,5337,-1,5337,5341,5342,-1,5337,5342,623,-1,623,5342,625,-1,636,638,5338,-1,5338,638,5343,-1,5338,5343,5339,-1,5339,5343,5344,-1,5339,5344,5340,-1,5340,5344,5345,-1,5340,5345,5341,-1,5341,5345,5346,-1,5341,5346,5342,-1,5342,5346,5347,-1,5342,5347,625,-1,625,5347,627,-1,638,591,5343,-1,5343,591,5290,-1,5343,5290,5344,-1,5344,5290,5292,-1,5344,5292,5345,-1,5345,5292,5294,-1,5345,5294,5346,-1,5346,5294,5296,-1,5346,5296,5347,-1,5347,5296,5298,-1,5347,5298,627,-1,627,5298,585,-1,5304,5305,5348,-1,5348,5305,5306,-1,5348,5306,966,-1,966,5306,5307,-1,966,5307,967,-1,5348,5349,5304,-1,5304,5349,5350,-1,5304,5350,5303,-1,5303,5350,5351,-1,5351,5352,5303,-1,5303,5352,5353,-1,5303,5353,5302,-1,5302,5353,5354,-1,5302,5354,5301,-1,5301,5354,5355,-1,5301,5355,5300,-1,5300,5355,5356,-1,5300,5356,5299,-1,5299,5356,961,-1,5299,961,960,-1,577,593,5317,-1,5317,593,5357,-1,5317,5357,5315,-1,5315,5357,5358,-1,5315,5358,5313,-1,5313,5358,5359,-1,5313,5359,5311,-1,5311,5359,5360,-1,5311,5360,5309,-1,5309,5360,5361,-1,5309,5361,583,-1,583,5361,605,-1,593,595,5357,-1,5357,595,5362,-1,5357,5362,5358,-1,5358,5362,5363,-1,5358,5363,5359,-1,5359,5363,5364,-1,5359,5364,5360,-1,5360,5364,5365,-1,5360,5365,5361,-1,5361,5365,5366,-1,5361,5366,605,-1,605,5366,607,-1,595,597,5362,-1,5362,597,5367,-1,5362,5367,5363,-1,5363,5367,5368,-1,5363,5368,5364,-1,5364,5368,5369,-1,5364,5369,5365,-1,5365,5369,5370,-1,5365,5370,5366,-1,5366,5370,5371,-1,5366,5371,607,-1,607,5371,609,-1,597,599,5367,-1,5367,599,5372,-1,5367,5372,5368,-1,5368,5372,5373,-1,5368,5373,5369,-1,5369,5373,5374,-1,5369,5374,5370,-1,5370,5374,5375,-1,5370,5375,5371,-1,5371,5375,5376,-1,5371,5376,609,-1,609,5376,611,-1,599,601,5372,-1,5372,601,5377,-1,5372,5377,5373,-1,5373,5377,5378,-1,5373,5378,5374,-1,5374,5378,5379,-1,5374,5379,5375,-1,5375,5379,5380,-1,5375,5380,5376,-1,5376,5380,5381,-1,5376,5381,611,-1,611,5381,613,-1,601,603,5377,-1,5377,603,5382,-1,5377,5382,5378,-1,5378,5382,5383,-1,5378,5383,5379,-1,5379,5383,5384,-1,5379,5384,5380,-1,5380,5384,5385,-1,5380,5385,5381,-1,5381,5385,5386,-1,5381,5386,613,-1,613,5386,615,-1,964,647,628,-1,964,628,5387,-1,5387,628,5318,-1,5387,5318,5388,-1,5388,5318,5320,-1,5388,5320,5389,-1,5389,5320,5390,-1,5390,5320,5322,-1,5390,5322,5391,-1,5391,5322,5392,-1,5392,5322,5324,-1,5392,5324,5393,-1,5393,5324,5394,-1,5394,5324,5326,-1,5394,5326,5395,-1,617,645,5326,-1,5326,645,975,-1,5326,975,5395,-1,5396,648,5397,-1,5398,5399,5400,-1,5401,5402,5403,-1,5404,5405,5406,-1,5348,966,5407,-1,5350,5349,5408,-1,5408,5349,5348,-1,5356,5355,5405,-1,5405,5355,5354,-1,5405,5354,5406,-1,5406,5354,5353,-1,5406,5353,5352,-1,961,5356,5409,-1,5409,5356,5405,-1,5409,5405,5410,-1,5410,5405,5404,-1,5410,5404,5411,-1,5411,5404,5412,-1,5348,5407,5408,-1,5408,5407,5413,-1,5408,5413,5414,-1,5402,5412,5403,-1,5403,5412,5404,-1,5403,5404,5415,-1,5415,5404,5406,-1,5415,5406,5416,-1,5416,5406,5352,-1,5413,5417,5414,-1,5414,5417,5418,-1,5414,5418,5419,-1,5399,5401,5400,-1,5400,5401,5403,-1,5400,5403,5420,-1,5420,5403,5415,-1,5420,5415,5421,-1,5421,5415,5416,-1,5418,5422,5419,-1,5419,5422,5423,-1,5419,5423,5424,-1,5421,5425,5420,-1,5420,5425,5426,-1,5420,5426,5400,-1,5400,5426,5427,-1,5400,5427,5398,-1,5351,5350,5428,-1,5428,5350,5408,-1,5428,5408,5429,-1,5429,5408,5414,-1,5429,5414,5430,-1,5430,5414,5419,-1,5430,5419,5431,-1,5431,5419,5424,-1,5431,5424,5432,-1,5432,5424,5397,-1,5432,5397,648,-1,648,5433,5427,-1,5427,5433,5434,-1,5427,5434,5398,-1,5425,5435,5426,-1,5426,5435,5436,-1,5426,5436,5427,-1,5427,5436,648,-1,5435,5437,5436,-1,5436,5437,648,-1,5423,5438,5424,-1,5424,5438,5439,-1,5424,5439,5397,-1,5397,5439,5440,-1,5397,5440,5396,-1,5352,5351,5416,-1,5416,5351,5428,-1,5416,5428,5421,-1,5421,5428,5429,-1,5421,5429,5425,-1,5425,5429,5430,-1,5425,5430,5435,-1,5435,5430,5431,-1,5435,5431,5437,-1,5437,5431,5432,-1,5437,5432,648,-1,968,643,615,-1,968,615,5441,-1,5441,615,5386,-1,5441,5386,5442,-1,5442,5386,5385,-1,5442,5385,5443,-1,5443,5385,5444,-1,5444,5385,5384,-1,5444,5384,5445,-1,5445,5384,5446,-1,5446,5384,5383,-1,5446,5383,5447,-1,5447,5383,5448,-1,5448,5383,5382,-1,5448,5382,5449,-1,603,641,5382,-1,5382,641,963,-1,5382,963,5449,-1,5392,5393,5450,-1,5450,5393,5394,-1,5450,5394,974,-1,974,5394,5395,-1,974,5395,975,-1,5450,5451,5392,-1,5392,5451,5452,-1,5392,5452,5391,-1,5391,5452,5453,-1,5453,5454,5391,-1,5391,5454,5455,-1,5391,5455,5390,-1,5390,5455,5456,-1,5390,5456,5389,-1,5389,5456,5457,-1,5389,5457,5388,-1,5388,5457,5458,-1,5388,5458,5387,-1,5387,5458,965,-1,5387,965,964,-1,966,965,5407,-1,5407,965,5459,-1,5407,5459,5413,-1,5413,5459,5460,-1,5413,5460,5417,-1,5417,5460,5461,-1,5417,5461,5418,-1,5418,5461,5462,-1,5418,5462,5422,-1,5422,5462,5463,-1,5422,5463,5423,-1,5423,5463,5464,-1,5423,5464,5438,-1,5438,5464,5465,-1,5438,5465,5439,-1,5439,5465,5466,-1,5439,5466,5440,-1,5440,5466,5467,-1,5440,5467,5396,-1,5467,5468,5396,-1,5396,5468,649,-1,5396,649,648,-1,962,961,5469,-1,5469,961,5409,-1,5469,5409,5470,-1,5470,5409,5410,-1,5470,5410,5471,-1,5471,5410,5411,-1,5471,5411,5472,-1,5472,5411,5412,-1,5472,5412,5473,-1,5473,5412,5402,-1,5473,5402,5474,-1,5474,5402,5401,-1,5474,5401,5475,-1,5475,5401,5399,-1,5475,5399,5476,-1,5476,5399,5398,-1,5476,5398,5477,-1,5477,5398,5434,-1,5477,5434,5478,-1,5434,5433,5478,-1,5478,5433,648,-1,5478,648,650,-1,5446,5447,5479,-1,5479,5447,5448,-1,5479,5448,962,-1,962,5448,5449,-1,962,5449,963,-1,5479,5480,5446,-1,5446,5480,5481,-1,5446,5481,5445,-1,5445,5481,5482,-1,5482,5483,5445,-1,5445,5483,5484,-1,5445,5484,5444,-1,5444,5484,5485,-1,5444,5485,5443,-1,5443,5485,5486,-1,5443,5486,5442,-1,5442,5486,5487,-1,5442,5487,5441,-1,5441,5487,969,-1,5441,969,968,-1,5488,649,5489,-1,5466,5465,5490,-1,5464,5463,5491,-1,5492,5493,5494,-1,5450,974,5495,-1,5452,5451,5496,-1,5496,5451,5450,-1,5458,5457,5493,-1,5493,5457,5456,-1,5493,5456,5494,-1,5494,5456,5455,-1,5494,5455,5454,-1,965,5458,5459,-1,5459,5458,5493,-1,5459,5493,5460,-1,5460,5493,5492,-1,5460,5492,5461,-1,5461,5492,5462,-1,5450,5495,5496,-1,5496,5495,5497,-1,5496,5497,5498,-1,5463,5462,5491,-1,5491,5462,5492,-1,5491,5492,5499,-1,5499,5492,5494,-1,5499,5494,5500,-1,5500,5494,5454,-1,5497,5501,5498,-1,5498,5501,5502,-1,5498,5502,5503,-1,5465,5464,5490,-1,5490,5464,5491,-1,5490,5491,5504,-1,5504,5491,5499,-1,5504,5499,5505,-1,5505,5499,5500,-1,5502,5506,5503,-1,5503,5506,5507,-1,5503,5507,5508,-1,5505,5509,5504,-1,5504,5509,5510,-1,5504,5510,5490,-1,5490,5510,5511,-1,5490,5511,5466,-1,5453,5452,5512,-1,5512,5452,5496,-1,5512,5496,5513,-1,5513,5496,5498,-1,5513,5498,5514,-1,5514,5498,5503,-1,5514,5503,5515,-1,5515,5503,5508,-1,5515,5508,5516,-1,5516,5508,5489,-1,5516,5489,649,-1,649,5468,5511,-1,5511,5468,5467,-1,5511,5467,5466,-1,5509,5517,5510,-1,5510,5517,5518,-1,5510,5518,5511,-1,5511,5518,649,-1,5517,5519,5518,-1,5518,5519,649,-1,5507,5520,5508,-1,5508,5520,5521,-1,5508,5521,5489,-1,5489,5521,5522,-1,5489,5522,5488,-1,5454,5453,5500,-1,5500,5453,5512,-1,5500,5512,5505,-1,5505,5512,5513,-1,5505,5513,5509,-1,5509,5513,5514,-1,5509,5514,5517,-1,5517,5514,5515,-1,5517,5515,5519,-1,5519,5515,5516,-1,5519,5516,649,-1,5478,650,5523,-1,5524,5525,5526,-1,5527,5528,5529,-1,5530,5531,5532,-1,5479,962,5469,-1,5481,5480,5533,-1,5533,5480,5479,-1,5487,5486,5531,-1,5531,5486,5485,-1,5531,5485,5532,-1,5532,5485,5484,-1,5532,5484,5483,-1,969,5487,5534,-1,5534,5487,5531,-1,5534,5531,5535,-1,5535,5531,5530,-1,5535,5530,5536,-1,5536,5530,5537,-1,5479,5469,5533,-1,5533,5469,5470,-1,5533,5470,5538,-1,5528,5537,5529,-1,5529,5537,5530,-1,5529,5530,5539,-1,5539,5530,5532,-1,5539,5532,5540,-1,5540,5532,5483,-1,5470,5471,5538,-1,5538,5471,5472,-1,5538,5472,5541,-1,5525,5527,5526,-1,5526,5527,5529,-1,5526,5529,5542,-1,5542,5529,5539,-1,5542,5539,5543,-1,5543,5539,5540,-1,5472,5473,5541,-1,5541,5473,5474,-1,5541,5474,5544,-1,5543,5545,5542,-1,5542,5545,5546,-1,5542,5546,5526,-1,5526,5546,5547,-1,5526,5547,5524,-1,5482,5481,5548,-1,5548,5481,5533,-1,5548,5533,5549,-1,5549,5533,5538,-1,5549,5538,5550,-1,5550,5538,5541,-1,5550,5541,5551,-1,5551,5541,5544,-1,5551,5544,5552,-1,5552,5544,5523,-1,5552,5523,650,-1,650,5553,5547,-1,5547,5553,5554,-1,5547,5554,5524,-1,5545,5555,5546,-1,5546,5555,5556,-1,5546,5556,5547,-1,5547,5556,650,-1,5555,5557,5556,-1,5556,5557,650,-1,5474,5475,5544,-1,5544,5475,5476,-1,5544,5476,5523,-1,5523,5476,5477,-1,5523,5477,5478,-1,5483,5482,5540,-1,5540,5482,5548,-1,5540,5548,5543,-1,5543,5548,5549,-1,5543,5549,5545,-1,5545,5549,5550,-1,5545,5550,5555,-1,5555,5550,5551,-1,5555,5551,5557,-1,5557,5551,5552,-1,5557,5552,650,-1,974,973,5495,-1,5495,973,5558,-1,5495,5558,5497,-1,5497,5558,5559,-1,5497,5559,5501,-1,5501,5559,5560,-1,5501,5560,5502,-1,5502,5560,5561,-1,5502,5561,5506,-1,5506,5561,5562,-1,5506,5562,5507,-1,5507,5562,5563,-1,5507,5563,5520,-1,5520,5563,5564,-1,5520,5564,5521,-1,5521,5564,5565,-1,5521,5565,5522,-1,5522,5565,5566,-1,5522,5566,5488,-1,5566,5567,5488,-1,5488,5567,651,-1,5488,651,649,-1,970,969,5568,-1,5568,969,5534,-1,5568,5534,5569,-1,5569,5534,5535,-1,5569,5535,5570,-1,5570,5535,5536,-1,5570,5536,5571,-1,5571,5536,5537,-1,5571,5537,5572,-1,5572,5537,5528,-1,5572,5528,5573,-1,5573,5528,5527,-1,5573,5527,5574,-1,5574,5527,5525,-1,5574,5525,5575,-1,5575,5525,5524,-1,5575,5524,5576,-1,5576,5524,5554,-1,5576,5554,5577,-1,5554,5553,5577,-1,5577,5553,650,-1,5577,650,651,-1,5577,651,5578,-1,5579,5580,651,-1,5565,5564,5581,-1,5563,5562,5582,-1,5583,5584,5585,-1,5586,5587,5588,-1,5588,5587,970,-1,5589,5590,5591,-1,5585,5592,5593,-1,5592,5585,5594,-1,5594,5585,5584,-1,5594,5584,5595,-1,973,5595,5558,-1,5558,5595,5584,-1,5558,5584,5559,-1,5559,5584,5583,-1,5559,5583,5560,-1,5560,5583,5561,-1,970,5568,5588,-1,5588,5568,5569,-1,5588,5569,5596,-1,5562,5561,5582,-1,5582,5561,5583,-1,5582,5583,5597,-1,5597,5583,5585,-1,5597,5585,5589,-1,5589,5585,5593,-1,5589,5593,5590,-1,5569,5570,5596,-1,5596,5570,5571,-1,5596,5571,5598,-1,5564,5563,5581,-1,5581,5563,5582,-1,5581,5582,5599,-1,5599,5582,5597,-1,5599,5597,5600,-1,5600,5597,5589,-1,5600,5589,5601,-1,5601,5589,5591,-1,5571,5572,5598,-1,5598,5572,5573,-1,5598,5573,5602,-1,5601,5603,5600,-1,5600,5603,5604,-1,5600,5604,5599,-1,5599,5604,5605,-1,5599,5605,5581,-1,5581,5605,5606,-1,5581,5606,5565,-1,5580,5579,5607,-1,5608,5586,5609,-1,5609,5586,5588,-1,5609,5588,5610,-1,5610,5588,5596,-1,5610,5596,5611,-1,5611,5596,5598,-1,5611,5598,5612,-1,5612,5598,5602,-1,5612,5602,5613,-1,5613,5602,5578,-1,5613,5578,651,-1,651,5567,5606,-1,5606,5567,5566,-1,5606,5566,5565,-1,5603,5614,5604,-1,5604,5614,5615,-1,5604,5615,5605,-1,5605,5615,5616,-1,5605,5616,5606,-1,5606,5616,651,-1,5614,5607,5615,-1,5615,5607,5579,-1,5615,5579,5616,-1,5616,5579,651,-1,5573,5574,5602,-1,5602,5574,5575,-1,5602,5575,5578,-1,5578,5575,5576,-1,5578,5576,5577,-1,5591,5608,5601,-1,5601,5608,5609,-1,5601,5609,5603,-1,5603,5609,5610,-1,5603,5610,5614,-1,5614,5610,5611,-1,5614,5611,5607,-1,5607,5611,5612,-1,5607,5612,5580,-1,5580,5612,5613,-1,5580,5613,651,-1,971,970,5617,-1,5617,970,5587,-1,5617,5587,5618,-1,5618,5587,5586,-1,5618,5586,5619,-1,5619,5586,5620,-1,5586,5608,5620,-1,5620,5608,5591,-1,5620,5591,5621,-1,5621,5591,5590,-1,5621,5590,5593,-1,973,972,5595,-1,5595,972,5622,-1,5595,5622,5594,-1,5594,5622,5623,-1,5594,5623,5592,-1,5592,5623,5624,-1,5592,5624,5593,-1,5593,5624,5625,-1,5593,5625,5621,-1,972,644,616,-1,972,616,5622,-1,5622,616,5626,-1,5622,5626,5623,-1,5623,5626,5627,-1,5623,5627,5624,-1,5624,5627,5625,-1,5625,5627,5628,-1,5625,5628,5621,-1,5621,5628,5620,-1,5620,5628,5629,-1,5620,5629,5619,-1,5619,5629,5618,-1,5618,5629,5630,-1,5618,5630,5617,-1,614,642,5630,-1,5630,642,971,-1,5630,971,5617,-1,582,604,5631,-1,5631,604,5632,-1,5631,5632,5633,-1,5633,5632,5634,-1,5633,5634,5635,-1,5635,5634,5636,-1,5635,5636,5637,-1,5637,5636,5638,-1,5637,5638,5639,-1,5639,5638,5640,-1,5639,5640,584,-1,584,5640,626,-1,604,606,5632,-1,5632,606,5641,-1,5632,5641,5634,-1,5634,5641,5642,-1,5634,5642,5636,-1,5636,5642,5643,-1,5636,5643,5638,-1,5638,5643,5644,-1,5638,5644,5640,-1,5640,5644,5645,-1,5640,5645,626,-1,626,5645,624,-1,606,608,5641,-1,5641,608,5646,-1,5641,5646,5642,-1,5642,5646,5647,-1,5642,5647,5643,-1,5643,5647,5648,-1,5643,5648,5644,-1,5644,5648,5649,-1,5644,5649,5645,-1,5645,5649,5650,-1,5645,5650,624,-1,624,5650,622,-1,608,610,5646,-1,5646,610,5651,-1,5646,5651,5647,-1,5647,5651,5652,-1,5647,5652,5648,-1,5648,5652,5653,-1,5648,5653,5649,-1,5649,5653,5654,-1,5649,5654,5650,-1,5650,5654,5655,-1,5650,5655,622,-1,622,5655,620,-1,610,612,5651,-1,5651,612,5656,-1,5651,5656,5652,-1,5652,5656,5657,-1,5652,5657,5653,-1,5653,5657,5658,-1,5653,5658,5654,-1,5654,5658,5659,-1,5654,5659,5655,-1,5655,5659,5660,-1,5655,5660,620,-1,620,5660,618,-1,612,614,5656,-1,5656,614,5630,-1,5656,5630,5657,-1,5657,5630,5629,-1,5657,5629,5658,-1,5658,5629,5628,-1,5658,5628,5659,-1,5659,5628,5627,-1,5659,5627,5660,-1,5660,5627,5626,-1,5660,5626,618,-1,618,5626,616,-1,584,586,5661,-1,584,5661,5639,-1,5639,5661,5662,-1,5639,5662,5637,-1,5637,5662,5663,-1,5637,5663,5635,-1,5635,5663,5664,-1,5635,5664,5633,-1,5633,5664,5665,-1,5633,5665,5631,-1,5631,5665,580,-1,5631,580,582,-1,667,665,988,-1,988,665,5666,-1,988,5666,5667,-1,5667,5666,5668,-1,5668,5666,5669,-1,5668,5669,5670,-1,5670,5669,5671,-1,5671,5669,5672,-1,5671,5672,5673,-1,5673,5672,5674,-1,5674,5672,5675,-1,5674,5675,5676,-1,5676,5675,5677,-1,5677,5675,5678,-1,5677,5678,5679,-1,663,661,5678,-1,5678,661,983,-1,5678,983,5679,-1,652,654,984,-1,984,654,5680,-1,984,5680,5681,-1,5681,5680,5682,-1,5682,5680,5683,-1,5682,5683,5684,-1,5684,5683,5685,-1,5685,5683,5686,-1,5685,5686,5687,-1,5687,5686,5688,-1,5688,5686,5689,-1,5688,5689,5690,-1,5690,5689,5691,-1,5691,5689,5692,-1,5691,5692,5693,-1,664,666,5692,-1,5692,666,991,-1,5692,991,5693,-1,5694,989,988,-1,983,982,5679,-1,5679,982,5695,-1,5679,5695,5677,-1,5677,5695,5696,-1,5677,5696,5676,-1,5676,5696,5697,-1,5676,5697,5674,-1,5697,5698,5674,-1,5674,5698,5699,-1,5674,5699,5673,-1,5673,5699,5700,-1,5673,5700,5671,-1,5671,5700,5701,-1,5671,5701,5670,-1,5694,988,5702,-1,5701,5703,5670,-1,5670,5703,5704,-1,5670,5704,5668,-1,5668,5704,5705,-1,5668,5705,5667,-1,5667,5705,5706,-1,5667,5706,988,-1,988,5706,5707,-1,988,5707,5702,-1,990,989,5708,-1,5708,989,5709,-1,5708,5709,5710,-1,5710,5709,5711,-1,5710,5711,5712,-1,5712,5711,5713,-1,5712,5713,5714,-1,5714,5713,5715,-1,5714,5715,5716,-1,5716,5715,5717,-1,5716,5717,5718,-1,5718,5717,5719,-1,5718,5719,5720,-1,5720,5719,5721,-1,5720,5721,5722,-1,5722,5721,5723,-1,5722,5723,5724,-1,5724,5723,5725,-1,5724,5725,5726,-1,5725,5727,5726,-1,5726,5727,671,-1,5726,671,669,-1,991,990,5693,-1,5693,990,5728,-1,5693,5728,5729,-1,5729,5730,5693,-1,5693,5730,5731,-1,5693,5731,5691,-1,5691,5731,5732,-1,5691,5732,5690,-1,5732,5733,5690,-1,5690,5733,5734,-1,5690,5734,5688,-1,5688,5734,5735,-1,5688,5735,5687,-1,5735,5736,5687,-1,5687,5736,5737,-1,5687,5737,5685,-1,5737,5738,5685,-1,5685,5738,5739,-1,5685,5739,5684,-1,5684,5739,5740,-1,985,984,5741,-1,5741,984,5681,-1,5741,5681,5740,-1,5740,5681,5682,-1,5740,5682,5684,-1,660,662,980,-1,980,662,5742,-1,980,5742,5743,-1,5743,5742,5744,-1,5744,5742,5745,-1,5744,5745,5746,-1,5746,5745,5747,-1,5747,5745,5748,-1,5747,5748,5749,-1,5749,5748,5750,-1,5750,5748,5751,-1,5750,5751,5752,-1,5752,5751,5753,-1,5753,5751,5754,-1,5753,5754,5755,-1,659,657,5754,-1,5754,657,979,-1,5754,979,5755,-1,5756,5757,5758,-1,5759,5760,5761,-1,5762,5763,5764,-1,5699,5765,5766,-1,5767,5768,982,-1,982,5768,5695,-1,5695,5768,5696,-1,5696,5768,5769,-1,5696,5769,5697,-1,5765,5699,5769,-1,5769,5699,5698,-1,5769,5698,5697,-1,5703,5701,5766,-1,5766,5701,5700,-1,5766,5700,5699,-1,5770,5706,5705,-1,989,5694,5709,-1,5709,5694,5771,-1,5709,5771,5711,-1,5711,5771,5772,-1,5773,5715,5772,-1,5772,5715,5713,-1,5772,5713,5711,-1,5774,5719,5773,-1,5773,5719,5717,-1,5773,5717,5715,-1,5727,5725,5775,-1,5775,5725,5723,-1,5775,5723,5774,-1,5774,5723,5721,-1,5774,5721,5719,-1,671,5727,5776,-1,5776,5727,5775,-1,5776,5775,5777,-1,5777,5775,5778,-1,5763,5778,5764,-1,5764,5778,5775,-1,5764,5775,5779,-1,5779,5775,5774,-1,5779,5774,5780,-1,5780,5774,5773,-1,5780,5773,5781,-1,5781,5773,5772,-1,5781,5772,5782,-1,5782,5772,5771,-1,5782,5771,5702,-1,5702,5771,5694,-1,5760,5762,5761,-1,5761,5762,5764,-1,5761,5764,5783,-1,5783,5764,5779,-1,5783,5779,5784,-1,5784,5779,5780,-1,5784,5780,5785,-1,5785,5780,5781,-1,5785,5781,5786,-1,5786,5781,5782,-1,5786,5782,5707,-1,5707,5782,5702,-1,5757,5759,5758,-1,5758,5759,5761,-1,5758,5761,5787,-1,5787,5761,5783,-1,5787,5783,5788,-1,5788,5783,5784,-1,5788,5784,5789,-1,5789,5784,5785,-1,5789,5785,5770,-1,5770,5785,5786,-1,5770,5786,5706,-1,5706,5786,5707,-1,5767,5756,5768,-1,5768,5756,5758,-1,5768,5758,5769,-1,5769,5758,5787,-1,5769,5787,5765,-1,5765,5787,5788,-1,5765,5788,5766,-1,5766,5788,5789,-1,5766,5789,5703,-1,5703,5789,5770,-1,5703,5770,5704,-1,5704,5770,5705,-1,5790,5791,5792,-1,5793,5794,5795,-1,5796,5797,5798,-1,5799,5800,5801,-1,5802,5803,5804,-1,5732,5731,5805,-1,5806,5728,990,-1,5807,5734,5805,-1,5805,5734,5733,-1,5805,5733,5732,-1,5808,5736,5735,-1,5736,5808,5737,-1,5737,5808,5809,-1,5737,5809,5738,-1,5738,5809,5810,-1,5738,5810,5739,-1,5739,5810,5740,-1,5740,5810,5804,-1,5740,5804,5741,-1,5741,5804,5803,-1,5741,5803,985,-1,990,5708,5806,-1,5806,5708,5710,-1,5806,5710,5811,-1,5710,5712,5811,-1,5811,5712,5714,-1,5811,5714,5812,-1,5714,5716,5812,-1,5812,5716,5718,-1,5812,5718,5813,-1,5718,5720,5813,-1,5813,5720,5722,-1,5813,5722,5792,-1,5800,5802,5801,-1,5801,5802,5804,-1,5801,5804,5814,-1,5814,5804,5810,-1,5814,5810,5815,-1,5815,5810,5809,-1,5815,5809,5807,-1,5807,5809,5808,-1,5807,5808,5734,-1,5734,5808,5735,-1,5797,5799,5798,-1,5798,5799,5801,-1,5798,5801,5816,-1,5816,5801,5814,-1,5816,5814,5817,-1,5817,5814,5815,-1,5817,5815,5818,-1,5818,5815,5807,-1,5818,5807,5819,-1,5819,5807,5805,-1,5819,5805,5730,-1,5730,5805,5731,-1,5794,5796,5795,-1,5795,5796,5798,-1,5795,5798,5820,-1,5820,5798,5816,-1,5820,5816,5821,-1,5821,5816,5817,-1,5821,5817,5822,-1,5822,5817,5818,-1,5822,5818,5823,-1,5823,5818,5819,-1,5823,5819,5729,-1,5729,5819,5730,-1,5791,5793,5792,-1,5792,5793,5795,-1,5792,5795,5813,-1,5813,5795,5820,-1,5813,5820,5812,-1,5812,5820,5821,-1,5812,5821,5811,-1,5811,5821,5822,-1,5811,5822,5806,-1,5806,5822,5823,-1,5806,5823,5728,-1,5728,5823,5729,-1,669,5790,5726,-1,5726,5790,5792,-1,5726,5792,5724,-1,5724,5792,5722,-1,656,658,976,-1,976,658,5824,-1,976,5824,5825,-1,5825,5824,5826,-1,5826,5824,5827,-1,5826,5827,5828,-1,5828,5827,5829,-1,5829,5827,5830,-1,5829,5830,5831,-1,5831,5830,5832,-1,5832,5830,5833,-1,5832,5833,5834,-1,5834,5833,5835,-1,5835,5833,5836,-1,5835,5836,5837,-1,655,653,5836,-1,5836,653,987,-1,5836,987,5837,-1,979,978,5755,-1,5755,978,5838,-1,5755,5838,5839,-1,5839,5840,5755,-1,5755,5840,5841,-1,5755,5841,5753,-1,5753,5841,5842,-1,5753,5842,5752,-1,5842,5843,5752,-1,5752,5843,5844,-1,5752,5844,5750,-1,5750,5844,5845,-1,5750,5845,5749,-1,5845,5846,5749,-1,5749,5846,5847,-1,5749,5847,5747,-1,5847,5848,5747,-1,5747,5848,5849,-1,5747,5849,5746,-1,5746,5849,5850,-1,5746,5850,5744,-1,5744,5850,5743,-1,5743,5850,980,-1,980,5850,5851,-1,980,5851,981,-1,982,981,5767,-1,5767,981,5852,-1,5767,5852,5756,-1,5756,5852,5853,-1,5756,5853,5757,-1,5757,5853,5854,-1,5757,5854,5759,-1,5759,5854,5855,-1,5759,5855,5760,-1,5760,5855,5856,-1,5760,5856,5762,-1,5762,5856,5857,-1,5762,5857,5763,-1,5763,5857,5858,-1,5763,5858,5778,-1,5778,5858,5859,-1,5778,5859,5777,-1,5777,5859,5860,-1,5777,5860,5776,-1,5860,5861,5776,-1,5776,5861,670,-1,5776,670,671,-1,986,985,5862,-1,5862,985,5803,-1,5862,5803,5863,-1,5863,5803,5802,-1,5863,5802,5864,-1,5864,5802,5800,-1,5864,5800,5865,-1,5865,5800,5799,-1,5865,5799,5866,-1,5866,5799,5797,-1,5866,5797,5867,-1,5867,5797,5796,-1,5867,5796,5868,-1,5868,5796,5794,-1,5868,5794,5869,-1,5869,5794,5793,-1,5869,5793,5870,-1,5870,5793,5791,-1,5870,5791,5871,-1,5791,5790,5871,-1,5871,5790,669,-1,5871,669,668,-1,987,986,5837,-1,5837,986,5872,-1,5837,5872,5835,-1,5835,5872,5873,-1,5835,5873,5834,-1,5834,5873,5874,-1,5834,5874,5832,-1,5875,5829,5876,-1,5876,5829,5831,-1,5876,5831,5877,-1,5877,5831,5832,-1,5877,5832,5878,-1,5878,5832,5874,-1,5879,5826,5875,-1,5875,5826,5828,-1,5875,5828,5829,-1,5879,5880,5826,-1,5826,5880,5881,-1,5826,5881,5825,-1,5825,5881,5882,-1,5882,5883,5825,-1,5825,5883,5884,-1,5825,5884,976,-1,976,5884,5885,-1,976,5885,977,-1,5853,5852,5886,-1,5855,5854,5887,-1,5857,5856,5888,-1,5859,5858,5889,-1,5842,5841,5890,-1,5891,5838,978,-1,5892,5844,5890,-1,5890,5844,5843,-1,5890,5843,5842,-1,5893,5846,5845,-1,5846,5893,5847,-1,5847,5893,5894,-1,5847,5894,5848,-1,5848,5894,5895,-1,5848,5895,5849,-1,5849,5895,5850,-1,5850,5895,5886,-1,5850,5886,5851,-1,5851,5886,5852,-1,5851,5852,981,-1,5860,5896,5861,-1,5861,5896,5897,-1,5861,5897,670,-1,5898,5899,5896,-1,5896,5899,5900,-1,5896,5900,5897,-1,5901,5902,5898,-1,5898,5902,5903,-1,5898,5903,5899,-1,5904,5905,5901,-1,5901,5905,5906,-1,5901,5906,5902,-1,5854,5853,5887,-1,5887,5853,5886,-1,5887,5886,5907,-1,5907,5886,5895,-1,5907,5895,5908,-1,5908,5895,5894,-1,5908,5894,5892,-1,5892,5894,5893,-1,5892,5893,5844,-1,5844,5893,5845,-1,978,5909,5891,-1,5891,5909,5910,-1,5891,5910,5904,-1,5904,5910,5911,-1,5904,5911,5905,-1,5860,5859,5896,-1,5896,5859,5889,-1,5896,5889,5898,-1,5898,5889,5912,-1,5898,5912,5901,-1,5901,5912,5913,-1,5901,5913,5904,-1,5904,5913,5914,-1,5904,5914,5891,-1,5891,5914,5915,-1,5891,5915,5838,-1,5838,5915,5839,-1,5858,5857,5889,-1,5889,5857,5888,-1,5889,5888,5912,-1,5912,5888,5916,-1,5912,5916,5913,-1,5913,5916,5917,-1,5913,5917,5914,-1,5914,5917,5918,-1,5914,5918,5915,-1,5915,5918,5919,-1,5915,5919,5839,-1,5839,5919,5840,-1,5856,5855,5888,-1,5888,5855,5887,-1,5888,5887,5916,-1,5916,5887,5907,-1,5916,5907,5917,-1,5917,5907,5908,-1,5917,5908,5918,-1,5918,5908,5892,-1,5918,5892,5919,-1,5919,5892,5890,-1,5919,5890,5840,-1,5840,5890,5841,-1,5873,5872,5920,-1,5920,5872,986,-1,5878,5874,5921,-1,5921,5874,5873,-1,5922,5876,5877,-1,5876,5922,5875,-1,5881,5880,5923,-1,5923,5880,5879,-1,5881,5923,5882,-1,5882,5923,5924,-1,5882,5924,5883,-1,5883,5924,5925,-1,5883,5925,5884,-1,5884,5925,5926,-1,5884,5926,5885,-1,5885,5926,5927,-1,5885,5927,977,-1,986,5862,5920,-1,5920,5862,5863,-1,5920,5863,5928,-1,5863,5864,5928,-1,5928,5864,5865,-1,5928,5865,5929,-1,5865,5866,5929,-1,5929,5866,5867,-1,5929,5867,5930,-1,5867,5868,5930,-1,5930,5868,5869,-1,5930,5869,5931,-1,668,5932,5871,-1,5871,5932,5931,-1,5871,5931,5870,-1,5870,5931,5869,-1,5873,5920,5921,-1,5921,5920,5928,-1,5921,5928,5933,-1,5933,5928,5929,-1,5933,5929,5934,-1,5934,5929,5930,-1,5934,5930,5935,-1,5935,5930,5931,-1,5935,5931,5936,-1,5932,5937,5931,-1,5931,5937,5938,-1,5931,5938,5936,-1,5936,5938,5939,-1,5936,5939,5940,-1,5940,5941,5936,-1,5936,5941,5942,-1,5936,5942,5935,-1,5935,5942,5943,-1,5935,5943,5934,-1,5934,5943,5944,-1,5934,5944,5933,-1,5933,5944,5945,-1,5933,5945,5921,-1,5878,5921,5877,-1,5877,5921,5945,-1,5877,5945,5922,-1,5922,5945,5944,-1,5922,5944,5946,-1,5946,5944,5943,-1,5946,5943,5947,-1,5947,5943,5942,-1,5947,5942,5948,-1,5948,5942,5941,-1,5948,5941,5949,-1,5940,5950,5941,-1,5941,5950,5951,-1,5941,5951,5949,-1,5949,5951,5952,-1,5949,5952,5953,-1,5875,5922,5879,-1,5879,5922,5946,-1,5879,5946,5923,-1,5923,5946,5947,-1,5923,5947,5924,-1,5924,5947,5948,-1,5924,5948,5925,-1,5925,5948,5949,-1,5925,5949,5926,-1,5926,5949,5953,-1,5926,5953,5927,-1,978,977,5909,-1,5909,977,5927,-1,5909,5927,5910,-1,5910,5927,5953,-1,5910,5953,5911,-1,5911,5953,5952,-1,5911,5952,5905,-1,5905,5952,5951,-1,5905,5951,5906,-1,5906,5951,5950,-1,5906,5950,5902,-1,5902,5950,5940,-1,5902,5940,5903,-1,5903,5940,5939,-1,5903,5939,5899,-1,5899,5939,5938,-1,5899,5938,5900,-1,5900,5938,5937,-1,5900,5937,5897,-1,5937,5932,5897,-1,5897,5932,668,-1,5897,668,670,-1,672,674,5954,-1,672,5954,5955,-1,5955,5954,5956,-1,5955,5956,5957,-1,5957,5956,5958,-1,5957,5958,5959,-1,5959,5958,5960,-1,5959,5960,5961,-1,5961,5960,5962,-1,5961,5962,5963,-1,5963,5962,684,-1,5963,684,686,-1,698,696,5964,-1,5964,696,5965,-1,5964,5965,5966,-1,5966,5965,5967,-1,5966,5967,5968,-1,5968,5967,5969,-1,5968,5969,5970,-1,5970,5969,5971,-1,5970,5971,5972,-1,5972,5971,5973,-1,5972,5973,725,-1,725,5973,727,-1,696,694,5965,-1,5965,694,5974,-1,5965,5974,5967,-1,5967,5974,5975,-1,5967,5975,5969,-1,5969,5975,5976,-1,5969,5976,5971,-1,5971,5976,5977,-1,5971,5977,5973,-1,5973,5977,5978,-1,5973,5978,727,-1,727,5978,729,-1,694,692,5974,-1,5974,692,5979,-1,5974,5979,5975,-1,5975,5979,5980,-1,5975,5980,5976,-1,5976,5980,5981,-1,5976,5981,5977,-1,5977,5981,5982,-1,5977,5982,5978,-1,5978,5982,5983,-1,5978,5983,729,-1,729,5983,731,-1,692,690,5979,-1,5979,690,5984,-1,5979,5984,5980,-1,5980,5984,5985,-1,5980,5985,5981,-1,5981,5985,5986,-1,5981,5986,5982,-1,5982,5986,5987,-1,5982,5987,5983,-1,5983,5987,5988,-1,5983,5988,731,-1,731,5988,733,-1,690,688,5984,-1,5984,688,5989,-1,5984,5989,5985,-1,5985,5989,5990,-1,5985,5990,5986,-1,5986,5990,5991,-1,5986,5991,5987,-1,5987,5991,5992,-1,5987,5992,5988,-1,5988,5992,5993,-1,5988,5993,733,-1,733,5993,735,-1,688,672,5989,-1,5989,672,5955,-1,5989,5955,5990,-1,5990,5955,5957,-1,5990,5957,5991,-1,5991,5957,5959,-1,5991,5959,5992,-1,5992,5959,5961,-1,5992,5961,5993,-1,5993,5961,5963,-1,5993,5963,735,-1,735,5963,686,-1,687,685,5994,-1,687,5994,5995,-1,5995,5994,5996,-1,5995,5996,5997,-1,5997,5996,5998,-1,5997,5998,5999,-1,5999,5998,6000,-1,5999,6000,6001,-1,6001,6000,6002,-1,6001,6002,6003,-1,6003,6002,683,-1,6003,683,681,-1,992,736,698,-1,992,698,6004,-1,6004,698,5964,-1,6004,5964,6005,-1,6005,5964,5966,-1,6005,5966,6006,-1,6006,5966,6007,-1,6007,5966,5968,-1,6007,5968,6008,-1,6008,5968,6009,-1,6009,5968,5970,-1,6009,5970,6010,-1,6010,5970,6011,-1,6011,5970,5972,-1,6011,5972,6012,-1,725,742,5972,-1,5972,742,999,-1,5972,999,6012,-1,679,677,6013,-1,679,6013,6014,-1,6014,6013,6015,-1,6014,6015,6016,-1,6016,6015,6017,-1,6016,6017,6018,-1,6018,6017,6019,-1,6018,6019,6020,-1,6020,6019,6021,-1,6020,6021,6022,-1,6022,6021,675,-1,6022,675,673,-1,724,726,6023,-1,6023,726,6024,-1,6023,6024,6025,-1,6025,6024,6026,-1,6025,6026,6027,-1,6027,6026,6028,-1,6027,6028,6029,-1,6029,6028,6030,-1,6029,6030,6031,-1,6031,6030,6032,-1,6031,6032,713,-1,713,6032,715,-1,726,728,6024,-1,6024,728,6033,-1,6024,6033,6026,-1,6026,6033,6034,-1,6026,6034,6028,-1,6028,6034,6035,-1,6028,6035,6030,-1,6030,6035,6036,-1,6030,6036,6032,-1,6032,6036,6037,-1,6032,6037,715,-1,715,6037,717,-1,728,730,6033,-1,6033,730,6038,-1,6033,6038,6034,-1,6034,6038,6039,-1,6034,6039,6035,-1,6035,6039,6040,-1,6035,6040,6036,-1,6036,6040,6041,-1,6036,6041,6037,-1,6037,6041,6042,-1,6037,6042,717,-1,717,6042,719,-1,730,732,6038,-1,6038,732,6043,-1,6038,6043,6039,-1,6039,6043,6044,-1,6039,6044,6040,-1,6040,6044,6045,-1,6040,6045,6041,-1,6041,6045,6046,-1,6041,6046,6042,-1,6042,6046,6047,-1,6042,6047,719,-1,719,6047,721,-1,732,734,6043,-1,6043,734,6048,-1,6043,6048,6044,-1,6044,6048,6049,-1,6044,6049,6045,-1,6045,6049,6050,-1,6045,6050,6046,-1,6046,6050,6051,-1,6046,6051,6047,-1,6047,6051,6052,-1,6047,6052,721,-1,721,6052,723,-1,734,687,6048,-1,6048,687,5995,-1,6048,5995,6049,-1,6049,5995,5997,-1,6049,5997,6050,-1,6050,5997,5999,-1,6050,5999,6051,-1,6051,5999,6001,-1,6051,6001,6052,-1,6052,6001,6003,-1,6052,6003,723,-1,723,6003,681,-1,6009,6010,6053,-1,6053,6010,6011,-1,6053,6011,998,-1,998,6011,6012,-1,998,6012,999,-1,6053,6054,6009,-1,6009,6054,6055,-1,6009,6055,6008,-1,6008,6055,6056,-1,6056,6057,6008,-1,6008,6057,6058,-1,6008,6058,6007,-1,6007,6058,6059,-1,6007,6059,6006,-1,6006,6059,6060,-1,6006,6060,6005,-1,6005,6060,6061,-1,6005,6061,6004,-1,6004,6061,993,-1,6004,993,992,-1,673,689,6022,-1,6022,689,6062,-1,6022,6062,6020,-1,6020,6062,6063,-1,6020,6063,6018,-1,6018,6063,6064,-1,6018,6064,6016,-1,6016,6064,6065,-1,6016,6065,6014,-1,6014,6065,6066,-1,6014,6066,679,-1,679,6066,701,-1,689,691,6062,-1,6062,691,6067,-1,6062,6067,6063,-1,6063,6067,6068,-1,6063,6068,6064,-1,6064,6068,6069,-1,6064,6069,6065,-1,6065,6069,6070,-1,6065,6070,6066,-1,6066,6070,6071,-1,6066,6071,701,-1,701,6071,703,-1,691,693,6067,-1,6067,693,6072,-1,6067,6072,6068,-1,6068,6072,6073,-1,6068,6073,6069,-1,6069,6073,6074,-1,6069,6074,6070,-1,6070,6074,6075,-1,6070,6075,6071,-1,6071,6075,6076,-1,6071,6076,703,-1,703,6076,705,-1,693,695,6072,-1,6072,695,6077,-1,6072,6077,6073,-1,6073,6077,6078,-1,6073,6078,6074,-1,6074,6078,6079,-1,6074,6079,6075,-1,6075,6079,6080,-1,6075,6080,6076,-1,6076,6080,6081,-1,6076,6081,705,-1,705,6081,707,-1,695,697,6077,-1,6077,697,6082,-1,6077,6082,6078,-1,6078,6082,6083,-1,6078,6083,6079,-1,6079,6083,6084,-1,6079,6084,6080,-1,6080,6084,6085,-1,6080,6085,6081,-1,6081,6085,6086,-1,6081,6086,707,-1,707,6086,709,-1,697,699,6082,-1,6082,699,6087,-1,6082,6087,6083,-1,6083,6087,6088,-1,6083,6088,6084,-1,6084,6088,6089,-1,6084,6089,6085,-1,6085,6089,6090,-1,6085,6090,6086,-1,6086,6090,6091,-1,6086,6091,709,-1,709,6091,711,-1,996,743,724,-1,996,724,6092,-1,6092,724,6023,-1,6092,6023,6093,-1,6093,6023,6025,-1,6093,6025,6094,-1,6094,6025,6095,-1,6095,6025,6027,-1,6095,6027,6096,-1,6096,6027,6097,-1,6097,6027,6029,-1,6097,6029,6098,-1,6098,6029,6099,-1,6099,6029,6031,-1,6099,6031,6100,-1,713,741,6031,-1,6031,741,1007,-1,6031,1007,6100,-1,6101,744,6102,-1,6103,6104,6105,-1,6106,6107,6108,-1,6109,6110,6111,-1,6053,998,6112,-1,6055,6054,6113,-1,6113,6054,6053,-1,6061,6060,6110,-1,6110,6060,6059,-1,6110,6059,6111,-1,6111,6059,6058,-1,6111,6058,6057,-1,993,6061,6114,-1,6114,6061,6110,-1,6114,6110,6115,-1,6115,6110,6109,-1,6115,6109,6116,-1,6116,6109,6117,-1,6053,6112,6113,-1,6113,6112,6118,-1,6113,6118,6119,-1,6107,6117,6108,-1,6108,6117,6109,-1,6108,6109,6120,-1,6120,6109,6111,-1,6120,6111,6121,-1,6121,6111,6057,-1,6118,6122,6119,-1,6119,6122,6123,-1,6119,6123,6124,-1,6104,6106,6105,-1,6105,6106,6108,-1,6105,6108,6125,-1,6125,6108,6120,-1,6125,6120,6126,-1,6126,6120,6121,-1,6123,6127,6124,-1,6124,6127,6128,-1,6124,6128,6129,-1,6126,6130,6125,-1,6125,6130,6131,-1,6125,6131,6105,-1,6105,6131,6132,-1,6105,6132,6103,-1,6056,6055,6133,-1,6133,6055,6113,-1,6133,6113,6134,-1,6134,6113,6119,-1,6134,6119,6135,-1,6135,6119,6124,-1,6135,6124,6136,-1,6136,6124,6129,-1,6136,6129,6137,-1,6137,6129,6102,-1,6137,6102,744,-1,744,6138,6132,-1,6132,6138,6139,-1,6132,6139,6103,-1,6130,6140,6131,-1,6131,6140,6141,-1,6131,6141,6132,-1,6132,6141,744,-1,6140,6142,6141,-1,6141,6142,744,-1,6128,6143,6129,-1,6129,6143,6144,-1,6129,6144,6102,-1,6102,6144,6145,-1,6102,6145,6101,-1,6057,6056,6121,-1,6121,6056,6133,-1,6121,6133,6126,-1,6126,6133,6134,-1,6126,6134,6130,-1,6130,6134,6135,-1,6130,6135,6140,-1,6140,6135,6136,-1,6140,6136,6142,-1,6142,6136,6137,-1,6142,6137,744,-1,1000,739,711,-1,1000,711,6146,-1,6146,711,6091,-1,6146,6091,6147,-1,6147,6091,6090,-1,6147,6090,6148,-1,6148,6090,6149,-1,6149,6090,6089,-1,6149,6089,6150,-1,6150,6089,6151,-1,6151,6089,6088,-1,6151,6088,6152,-1,6152,6088,6153,-1,6153,6088,6087,-1,6153,6087,6154,-1,699,737,6087,-1,6087,737,995,-1,6087,995,6154,-1,1007,1006,6100,-1,6100,1006,6155,-1,6100,6155,6099,-1,6099,6155,6156,-1,6099,6156,6098,-1,6098,6156,6157,-1,6098,6157,6097,-1,6157,6158,6097,-1,6097,6158,6159,-1,6097,6159,6096,-1,6096,6159,6160,-1,6096,6160,6095,-1,6095,6160,6161,-1,6095,6161,6094,-1,6094,6161,6162,-1,997,996,6163,-1,6163,996,6092,-1,6163,6092,6162,-1,6162,6092,6093,-1,6162,6093,6094,-1,998,997,6112,-1,6112,997,6164,-1,6112,6164,6118,-1,6118,6164,6165,-1,6118,6165,6122,-1,6122,6165,6166,-1,6122,6166,6123,-1,6123,6166,6167,-1,6123,6167,6127,-1,6127,6167,6168,-1,6127,6168,6128,-1,6128,6168,6169,-1,6128,6169,6143,-1,6143,6169,6170,-1,6143,6170,6144,-1,6144,6170,6171,-1,6144,6171,6145,-1,6145,6171,6172,-1,6145,6172,6101,-1,6172,6173,6101,-1,6101,6173,745,-1,6101,745,744,-1,994,993,6174,-1,6174,993,6114,-1,6174,6114,6175,-1,6175,6114,6115,-1,6175,6115,6176,-1,6176,6115,6116,-1,6176,6116,6177,-1,6177,6116,6117,-1,6177,6117,6178,-1,6178,6117,6107,-1,6178,6107,6179,-1,6179,6107,6106,-1,6179,6106,6180,-1,6180,6106,6104,-1,6180,6104,6181,-1,6181,6104,6103,-1,6181,6103,6182,-1,6182,6103,6139,-1,6182,6139,6183,-1,6139,6138,6183,-1,6183,6138,744,-1,6183,744,746,-1,995,994,6154,-1,6154,994,6184,-1,6154,6184,6153,-1,6153,6184,6185,-1,6153,6185,6152,-1,6152,6185,6186,-1,6152,6186,6151,-1,6186,6187,6151,-1,6151,6187,6188,-1,6151,6188,6150,-1,6150,6188,6189,-1,6150,6189,6149,-1,6149,6189,6190,-1,6149,6190,6148,-1,6148,6190,6191,-1,6148,6191,6147,-1,6147,6191,6146,-1,6146,6191,1000,-1,1000,6191,6192,-1,1000,6192,1001,-1,6193,745,6194,-1,6195,6196,745,-1,6171,6170,6197,-1,6169,6168,6198,-1,6158,6157,6199,-1,6156,6155,6200,-1,6200,6155,1006,-1,6158,6199,6159,-1,6163,6162,6201,-1,6201,6162,6202,-1,6201,6202,6203,-1,997,6163,6164,-1,6164,6163,6201,-1,6164,6201,6165,-1,6165,6201,6203,-1,6165,6203,6166,-1,6166,6203,6167,-1,1006,6204,6200,-1,6200,6204,6205,-1,6200,6205,6206,-1,6168,6167,6198,-1,6198,6167,6203,-1,6198,6203,6207,-1,6207,6203,6202,-1,6207,6202,6208,-1,6205,6209,6206,-1,6206,6209,6210,-1,6206,6210,6211,-1,6170,6169,6197,-1,6197,6169,6198,-1,6197,6198,6212,-1,6212,6198,6207,-1,6212,6207,6213,-1,6213,6207,6208,-1,6213,6208,6214,-1,6210,6215,6211,-1,6211,6215,6216,-1,6211,6216,6217,-1,6214,6218,6213,-1,6213,6218,6219,-1,6213,6219,6212,-1,6212,6219,6220,-1,6212,6220,6197,-1,6197,6220,6221,-1,6197,6221,6171,-1,6196,6195,6222,-1,6157,6156,6199,-1,6199,6156,6200,-1,6199,6200,6223,-1,6223,6200,6206,-1,6223,6206,6224,-1,6224,6206,6211,-1,6224,6211,6225,-1,6225,6211,6217,-1,6225,6217,6226,-1,6226,6217,6194,-1,6226,6194,745,-1,745,6173,6221,-1,6221,6173,6172,-1,6221,6172,6171,-1,6218,6227,6219,-1,6219,6227,6228,-1,6219,6228,6220,-1,6220,6228,6229,-1,6220,6229,6221,-1,6221,6229,745,-1,6227,6222,6228,-1,6228,6222,6195,-1,6228,6195,6229,-1,6229,6195,745,-1,6216,6230,6217,-1,6217,6230,6231,-1,6217,6231,6194,-1,6194,6231,6232,-1,6194,6232,6193,-1,6162,6161,6202,-1,6202,6161,6160,-1,6202,6160,6208,-1,6208,6160,6159,-1,6208,6159,6214,-1,6214,6159,6199,-1,6214,6199,6218,-1,6218,6199,6223,-1,6218,6223,6227,-1,6227,6223,6224,-1,6227,6224,6222,-1,6222,6224,6225,-1,6222,6225,6196,-1,6196,6225,6226,-1,6196,6226,745,-1,6183,746,6233,-1,6234,6235,746,-1,6236,6237,6238,-1,6239,6240,6241,-1,6187,6186,6242,-1,6185,6184,6243,-1,6243,6184,994,-1,6187,6242,6188,-1,6192,6191,6244,-1,6244,6191,6245,-1,6244,6245,6246,-1,1001,6192,6247,-1,6247,6192,6244,-1,6247,6244,6248,-1,6248,6244,6246,-1,6248,6246,6249,-1,6249,6246,6250,-1,994,6174,6243,-1,6243,6174,6175,-1,6243,6175,6251,-1,6240,6250,6241,-1,6241,6250,6246,-1,6241,6246,6252,-1,6252,6246,6245,-1,6252,6245,6253,-1,6175,6176,6251,-1,6251,6176,6177,-1,6251,6177,6254,-1,6237,6239,6238,-1,6238,6239,6241,-1,6238,6241,6255,-1,6255,6241,6252,-1,6255,6252,6256,-1,6256,6252,6253,-1,6256,6253,6257,-1,6177,6178,6254,-1,6254,6178,6179,-1,6254,6179,6258,-1,6257,6259,6256,-1,6256,6259,6260,-1,6256,6260,6255,-1,6255,6260,6261,-1,6255,6261,6238,-1,6238,6261,6262,-1,6238,6262,6236,-1,6235,6234,6263,-1,6186,6185,6242,-1,6242,6185,6243,-1,6242,6243,6264,-1,6264,6243,6251,-1,6264,6251,6265,-1,6265,6251,6254,-1,6265,6254,6266,-1,6266,6254,6258,-1,6266,6258,6267,-1,6267,6258,6233,-1,6267,6233,746,-1,746,6268,6262,-1,6262,6268,6269,-1,6262,6269,6236,-1,6259,6270,6260,-1,6260,6270,6271,-1,6260,6271,6261,-1,6261,6271,6272,-1,6261,6272,6262,-1,6262,6272,746,-1,6270,6263,6271,-1,6271,6263,6234,-1,6271,6234,6272,-1,6272,6234,746,-1,6179,6180,6258,-1,6258,6180,6181,-1,6258,6181,6233,-1,6233,6181,6182,-1,6233,6182,6183,-1,6191,6190,6245,-1,6245,6190,6189,-1,6245,6189,6253,-1,6253,6189,6188,-1,6253,6188,6257,-1,6257,6188,6242,-1,6257,6242,6259,-1,6259,6242,6264,-1,6259,6264,6270,-1,6270,6264,6265,-1,6270,6265,6263,-1,6263,6265,6266,-1,6263,6266,6235,-1,6235,6266,6267,-1,6235,6267,746,-1,1006,1005,6204,-1,6204,1005,6273,-1,6204,6273,6205,-1,6205,6273,6274,-1,6205,6274,6209,-1,6209,6274,6275,-1,6209,6275,6210,-1,6210,6275,6276,-1,6210,6276,6215,-1,6215,6276,6277,-1,6215,6277,6216,-1,6216,6277,6278,-1,6216,6278,6230,-1,6230,6278,6279,-1,6230,6279,6231,-1,6231,6279,6280,-1,6231,6280,6232,-1,6232,6280,6281,-1,6232,6281,6193,-1,6281,6282,6193,-1,6193,6282,747,-1,6193,747,745,-1,1002,1001,6283,-1,6283,1001,6247,-1,6283,6247,6284,-1,6284,6247,6248,-1,6284,6248,6285,-1,6285,6248,6249,-1,6285,6249,6286,-1,6286,6249,6250,-1,6286,6250,6287,-1,6287,6250,6240,-1,6287,6240,6288,-1,6288,6240,6239,-1,6288,6239,6289,-1,6289,6239,6237,-1,6289,6237,6290,-1,6290,6237,6236,-1,6290,6236,6291,-1,6291,6236,6269,-1,6291,6269,6292,-1,6269,6268,6292,-1,6292,6268,746,-1,6292,746,747,-1,6292,747,6293,-1,6280,6279,6294,-1,6278,6277,6295,-1,6296,6297,6298,-1,6299,1002,6283,-1,6300,6301,6302,-1,6302,6301,6299,-1,6303,6304,6297,-1,6297,6304,6305,-1,6297,6305,6298,-1,6298,6305,6306,-1,6298,6306,6307,-1,1005,6303,6273,-1,6273,6303,6297,-1,6273,6297,6274,-1,6274,6297,6296,-1,6274,6296,6275,-1,6275,6296,6276,-1,6299,6283,6302,-1,6302,6283,6284,-1,6302,6284,6308,-1,6277,6276,6295,-1,6295,6276,6296,-1,6295,6296,6309,-1,6309,6296,6298,-1,6309,6298,6310,-1,6310,6298,6307,-1,6284,6285,6308,-1,6308,6285,6286,-1,6308,6286,6311,-1,6279,6278,6294,-1,6294,6278,6295,-1,6294,6295,6312,-1,6312,6295,6309,-1,6312,6309,6313,-1,6313,6309,6310,-1,6286,6287,6311,-1,6311,6287,6288,-1,6311,6288,6314,-1,6313,6315,6312,-1,6312,6315,6316,-1,6312,6316,6294,-1,6294,6316,6317,-1,6294,6317,6280,-1,6318,6300,6319,-1,6319,6300,6302,-1,6319,6302,6320,-1,6320,6302,6308,-1,6320,6308,6321,-1,6321,6308,6311,-1,6321,6311,6322,-1,6322,6311,6314,-1,6322,6314,6323,-1,6323,6314,6293,-1,6323,6293,747,-1,747,6282,6317,-1,6317,6282,6281,-1,6317,6281,6280,-1,6315,6324,6316,-1,6316,6324,6325,-1,6316,6325,6317,-1,6317,6325,747,-1,6324,6326,6325,-1,6325,6326,747,-1,6288,6289,6314,-1,6314,6289,6290,-1,6314,6290,6293,-1,6293,6290,6291,-1,6293,6291,6292,-1,6307,6318,6310,-1,6310,6318,6319,-1,6310,6319,6313,-1,6313,6319,6320,-1,6313,6320,6315,-1,6315,6320,6321,-1,6315,6321,6324,-1,6324,6321,6322,-1,6324,6322,6326,-1,6326,6322,6323,-1,6326,6323,747,-1,6327,6328,6299,-1,6299,6328,6329,-1,6299,6329,1002,-1,1002,6329,6330,-1,1002,6330,1003,-1,6299,6301,6327,-1,6327,6301,6300,-1,6327,6300,6331,-1,6331,6300,6318,-1,6318,6307,6331,-1,6331,6307,6306,-1,6331,6306,6332,-1,6332,6306,6305,-1,6332,6305,6333,-1,6333,6305,6304,-1,6333,6304,6334,-1,6334,6304,6303,-1,6334,6303,6335,-1,6335,6303,1005,-1,6335,1005,1004,-1,1004,740,712,-1,1004,712,6335,-1,6335,712,6336,-1,6335,6336,6334,-1,6334,6336,6337,-1,6334,6337,6333,-1,6333,6337,6332,-1,6332,6337,6338,-1,6332,6338,6331,-1,6331,6338,6327,-1,6327,6338,6339,-1,6327,6339,6328,-1,6328,6339,6329,-1,6329,6339,6340,-1,6329,6340,6330,-1,710,738,6340,-1,6340,738,1003,-1,6340,1003,6330,-1,678,700,6341,-1,6341,700,6342,-1,6341,6342,6343,-1,6343,6342,6344,-1,6343,6344,6345,-1,6345,6344,6346,-1,6345,6346,6347,-1,6347,6346,6348,-1,6347,6348,6349,-1,6349,6348,6350,-1,6349,6350,680,-1,680,6350,722,-1,700,702,6342,-1,6342,702,6351,-1,6342,6351,6344,-1,6344,6351,6352,-1,6344,6352,6346,-1,6346,6352,6353,-1,6346,6353,6348,-1,6348,6353,6354,-1,6348,6354,6350,-1,6350,6354,6355,-1,6350,6355,722,-1,722,6355,720,-1,702,704,6351,-1,6351,704,6356,-1,6351,6356,6352,-1,6352,6356,6357,-1,6352,6357,6353,-1,6353,6357,6358,-1,6353,6358,6354,-1,6354,6358,6359,-1,6354,6359,6355,-1,6355,6359,6360,-1,6355,6360,720,-1,720,6360,718,-1,704,706,6356,-1,6356,706,6361,-1,6356,6361,6357,-1,6357,6361,6362,-1,6357,6362,6358,-1,6358,6362,6363,-1,6358,6363,6359,-1,6359,6363,6364,-1,6359,6364,6360,-1,6360,6364,6365,-1,6360,6365,718,-1,718,6365,716,-1,706,708,6361,-1,6361,708,6366,-1,6361,6366,6362,-1,6362,6366,6367,-1,6362,6367,6363,-1,6363,6367,6368,-1,6363,6368,6364,-1,6364,6368,6369,-1,6364,6369,6365,-1,6365,6369,6370,-1,6365,6370,716,-1,716,6370,714,-1,708,710,6366,-1,6366,710,6340,-1,6366,6340,6367,-1,6367,6340,6339,-1,6367,6339,6368,-1,6368,6339,6338,-1,6368,6338,6369,-1,6369,6338,6337,-1,6369,6337,6370,-1,6370,6337,6336,-1,6370,6336,714,-1,714,6336,712,-1,680,682,6371,-1,680,6371,6349,-1,6349,6371,6372,-1,6349,6372,6347,-1,6347,6372,6373,-1,6347,6373,6345,-1,6345,6373,6374,-1,6345,6374,6343,-1,6343,6374,6375,-1,6343,6375,6341,-1,6341,6375,676,-1,6341,676,678,-1,763,761,1020,-1,1020,761,6376,-1,1020,6376,6377,-1,6377,6376,6378,-1,6378,6376,6379,-1,6378,6379,6380,-1,6380,6379,6381,-1,6381,6379,6382,-1,6381,6382,6383,-1,6383,6382,6384,-1,6384,6382,6385,-1,6384,6385,6386,-1,6386,6385,6387,-1,6387,6385,6388,-1,6387,6388,6389,-1,759,757,6388,-1,6388,757,1015,-1,6388,1015,6389,-1,748,750,1016,-1,1016,750,6390,-1,1016,6390,6391,-1,6391,6390,6392,-1,6392,6390,6393,-1,6392,6393,6394,-1,6394,6393,6395,-1,6395,6393,6396,-1,6395,6396,6397,-1,6397,6396,6398,-1,6398,6396,6399,-1,6398,6399,6400,-1,6400,6399,6401,-1,6401,6399,6402,-1,6401,6402,6403,-1,760,762,6402,-1,6402,762,1023,-1,6402,1023,6403,-1,6404,1021,1020,-1,1015,1014,6389,-1,6389,1014,6405,-1,6389,6405,6387,-1,6387,6405,6406,-1,6387,6406,6386,-1,6386,6406,6407,-1,6386,6407,6384,-1,6407,6408,6384,-1,6384,6408,6409,-1,6384,6409,6383,-1,6383,6409,6410,-1,6383,6410,6381,-1,6381,6410,6411,-1,6381,6411,6380,-1,6380,6411,6412,-1,6380,6412,6378,-1,6404,1020,6413,-1,6412,6414,6378,-1,6378,6414,6415,-1,6378,6415,6377,-1,6377,6415,6416,-1,6377,6416,1020,-1,1020,6416,6417,-1,1020,6417,6413,-1,1022,1021,6418,-1,6418,1021,6419,-1,6418,6419,6420,-1,6420,6419,6421,-1,6420,6421,6422,-1,6422,6421,6423,-1,6422,6423,6424,-1,6424,6423,6425,-1,6424,6425,6426,-1,6426,6425,6427,-1,6426,6427,6428,-1,6428,6427,6429,-1,6428,6429,6430,-1,6430,6429,6431,-1,6430,6431,6432,-1,6432,6431,6433,-1,6432,6433,6434,-1,6434,6433,6435,-1,6434,6435,6436,-1,6435,6437,6436,-1,6436,6437,767,-1,6436,767,765,-1,1022,6438,1023,-1,1023,6438,6439,-1,1023,6439,6403,-1,6403,6439,6440,-1,6403,6440,6401,-1,6440,6441,6401,-1,6401,6441,6442,-1,6401,6442,6400,-1,6442,6443,6400,-1,6400,6443,6444,-1,6400,6444,6398,-1,6398,6444,6445,-1,6398,6445,6397,-1,6445,6446,6397,-1,6397,6446,6447,-1,6397,6447,6395,-1,6447,6448,6395,-1,6395,6448,6449,-1,6395,6449,6394,-1,6394,6449,6450,-1,1017,1016,6451,-1,6451,1016,6391,-1,6451,6391,6450,-1,6450,6391,6392,-1,6450,6392,6394,-1,756,758,1012,-1,1012,758,6452,-1,1012,6452,6453,-1,6453,6452,6454,-1,6454,6452,6455,-1,6454,6455,6456,-1,6456,6455,6457,-1,6457,6455,6458,-1,6457,6458,6459,-1,6459,6458,6460,-1,6460,6458,6461,-1,6460,6461,6462,-1,6462,6461,6463,-1,6463,6461,6464,-1,6463,6464,6465,-1,755,753,6464,-1,6464,753,1011,-1,6464,1011,6465,-1,6466,6467,6468,-1,6469,6470,6471,-1,6472,6473,6474,-1,6409,6475,6476,-1,6477,6478,1014,-1,1014,6478,6405,-1,6405,6478,6406,-1,6406,6478,6479,-1,6406,6479,6407,-1,6475,6409,6479,-1,6479,6409,6408,-1,6479,6408,6407,-1,6412,6411,6476,-1,6476,6411,6410,-1,6476,6410,6409,-1,6480,6416,6415,-1,1021,6404,6419,-1,6419,6404,6481,-1,6419,6481,6421,-1,6421,6481,6482,-1,6483,6425,6482,-1,6482,6425,6423,-1,6482,6423,6421,-1,6484,6429,6483,-1,6483,6429,6427,-1,6483,6427,6425,-1,6437,6435,6485,-1,6485,6435,6433,-1,6485,6433,6484,-1,6484,6433,6431,-1,6484,6431,6429,-1,767,6437,6486,-1,6486,6437,6485,-1,6486,6485,6487,-1,6487,6485,6488,-1,6473,6488,6474,-1,6474,6488,6485,-1,6474,6485,6489,-1,6489,6485,6484,-1,6489,6484,6490,-1,6490,6484,6483,-1,6490,6483,6491,-1,6491,6483,6482,-1,6491,6482,6492,-1,6492,6482,6481,-1,6492,6481,6413,-1,6413,6481,6404,-1,6470,6472,6471,-1,6471,6472,6474,-1,6471,6474,6493,-1,6493,6474,6489,-1,6493,6489,6494,-1,6494,6489,6490,-1,6494,6490,6495,-1,6495,6490,6491,-1,6495,6491,6496,-1,6496,6491,6492,-1,6496,6492,6417,-1,6417,6492,6413,-1,6467,6469,6468,-1,6468,6469,6471,-1,6468,6471,6497,-1,6497,6471,6493,-1,6497,6493,6498,-1,6498,6493,6494,-1,6498,6494,6499,-1,6499,6494,6495,-1,6499,6495,6480,-1,6480,6495,6496,-1,6480,6496,6416,-1,6416,6496,6417,-1,6477,6466,6478,-1,6478,6466,6468,-1,6478,6468,6479,-1,6479,6468,6497,-1,6479,6497,6475,-1,6475,6497,6498,-1,6475,6498,6476,-1,6476,6498,6499,-1,6476,6499,6412,-1,6412,6499,6480,-1,6412,6480,6414,-1,6414,6480,6415,-1,6500,6501,6502,-1,6503,6504,6505,-1,6506,6507,6508,-1,6509,6510,6511,-1,6512,6513,6514,-1,6442,6441,6515,-1,6516,6438,1022,-1,6517,6444,6515,-1,6515,6444,6443,-1,6515,6443,6442,-1,6518,6446,6445,-1,6446,6518,6447,-1,6447,6518,6519,-1,6447,6519,6448,-1,6448,6519,6520,-1,6448,6520,6449,-1,6449,6520,6450,-1,6450,6520,6514,-1,6450,6514,6451,-1,6451,6514,6513,-1,6451,6513,1017,-1,1022,6418,6516,-1,6516,6418,6420,-1,6516,6420,6521,-1,6420,6422,6521,-1,6521,6422,6424,-1,6521,6424,6522,-1,6424,6426,6522,-1,6522,6426,6428,-1,6522,6428,6523,-1,6428,6430,6523,-1,6523,6430,6432,-1,6523,6432,6502,-1,6510,6512,6511,-1,6511,6512,6514,-1,6511,6514,6524,-1,6524,6514,6520,-1,6524,6520,6525,-1,6525,6520,6519,-1,6525,6519,6517,-1,6517,6519,6518,-1,6517,6518,6444,-1,6444,6518,6445,-1,6507,6509,6508,-1,6508,6509,6511,-1,6508,6511,6526,-1,6526,6511,6524,-1,6526,6524,6527,-1,6527,6524,6525,-1,6527,6525,6528,-1,6528,6525,6517,-1,6528,6517,6529,-1,6529,6517,6515,-1,6529,6515,6440,-1,6440,6515,6441,-1,6504,6506,6505,-1,6505,6506,6508,-1,6505,6508,6530,-1,6530,6508,6526,-1,6530,6526,6531,-1,6531,6526,6527,-1,6531,6527,6532,-1,6532,6527,6528,-1,6532,6528,6533,-1,6533,6528,6529,-1,6533,6529,6439,-1,6439,6529,6440,-1,6501,6503,6502,-1,6502,6503,6505,-1,6502,6505,6523,-1,6523,6505,6530,-1,6523,6530,6522,-1,6522,6530,6531,-1,6522,6531,6521,-1,6521,6531,6532,-1,6521,6532,6516,-1,6516,6532,6533,-1,6516,6533,6438,-1,6438,6533,6439,-1,765,6500,6436,-1,6436,6500,6502,-1,6436,6502,6434,-1,6434,6502,6432,-1,752,754,1008,-1,1008,754,6534,-1,1008,6534,6535,-1,6535,6534,6536,-1,6536,6534,6537,-1,6536,6537,6538,-1,6538,6537,6539,-1,6539,6537,6540,-1,6539,6540,6541,-1,6541,6540,6542,-1,6542,6540,6543,-1,6542,6543,6544,-1,6544,6543,6545,-1,6545,6543,6546,-1,6545,6546,6547,-1,751,749,6546,-1,6546,749,1019,-1,6546,1019,6547,-1,1011,1010,6465,-1,6465,1010,6548,-1,6465,6548,6549,-1,6550,6551,6460,-1,6549,6552,6465,-1,6465,6552,6553,-1,6465,6553,6463,-1,6463,6553,6550,-1,6463,6550,6462,-1,6462,6550,6460,-1,6551,6554,6460,-1,6460,6554,6555,-1,6460,6555,6459,-1,6555,6556,6459,-1,6459,6556,6557,-1,6459,6557,6457,-1,6557,6558,6457,-1,6457,6558,6559,-1,6457,6559,6456,-1,6456,6559,6560,-1,1013,1012,6561,-1,6561,1012,6453,-1,6561,6453,6560,-1,6560,6453,6454,-1,6560,6454,6456,-1,1014,1013,6477,-1,6477,1013,6562,-1,6477,6562,6466,-1,6466,6562,6563,-1,6466,6563,6467,-1,6467,6563,6564,-1,6467,6564,6469,-1,6469,6564,6565,-1,6469,6565,6470,-1,6470,6565,6566,-1,6470,6566,6472,-1,6472,6566,6567,-1,6472,6567,6473,-1,6473,6567,6568,-1,6473,6568,6488,-1,6488,6568,6569,-1,6488,6569,6487,-1,6487,6569,6570,-1,6487,6570,6486,-1,6570,6571,6486,-1,6486,6571,766,-1,6486,766,767,-1,1018,1017,6572,-1,6572,1017,6513,-1,6572,6513,6573,-1,6573,6513,6512,-1,6573,6512,6574,-1,6574,6512,6510,-1,6574,6510,6575,-1,6575,6510,6509,-1,6575,6509,6576,-1,6576,6509,6507,-1,6576,6507,6577,-1,6577,6507,6506,-1,6577,6506,6578,-1,6578,6506,6504,-1,6578,6504,6579,-1,6579,6504,6503,-1,6579,6503,6580,-1,6580,6503,6501,-1,6580,6501,6581,-1,6501,6500,6581,-1,6581,6500,765,-1,6581,765,764,-1,1019,1018,6547,-1,6547,1018,6582,-1,6547,6582,6545,-1,6545,6582,6583,-1,6545,6583,6544,-1,6544,6583,6584,-1,6544,6584,6542,-1,6584,6585,6542,-1,6542,6585,6586,-1,6542,6586,6541,-1,6541,6586,6587,-1,6541,6587,6539,-1,6539,6587,6588,-1,6539,6588,6538,-1,6589,1009,1008,-1,6589,1008,6590,-1,6588,6591,6538,-1,6538,6591,6592,-1,6538,6592,6536,-1,6536,6592,6593,-1,6536,6593,6535,-1,6535,6593,6594,-1,6535,6594,1008,-1,1008,6594,6595,-1,1008,6595,6590,-1,6563,6562,6596,-1,6565,6564,6597,-1,6567,6566,6598,-1,6569,6568,6599,-1,6550,6553,6600,-1,6601,6548,1010,-1,6602,6554,6600,-1,6600,6554,6551,-1,6600,6551,6550,-1,6603,6556,6555,-1,6556,6603,6557,-1,6557,6603,6604,-1,6557,6604,6558,-1,6558,6604,6605,-1,6558,6605,6559,-1,6559,6605,6560,-1,6560,6605,6596,-1,6560,6596,6561,-1,6561,6596,6562,-1,6561,6562,1013,-1,6570,6606,6571,-1,6571,6606,6607,-1,6571,6607,766,-1,6608,6609,6606,-1,6606,6609,6610,-1,6606,6610,6607,-1,6611,6612,6608,-1,6608,6612,6613,-1,6608,6613,6609,-1,6614,6615,6611,-1,6611,6615,6616,-1,6611,6616,6612,-1,6564,6563,6597,-1,6597,6563,6596,-1,6597,6596,6617,-1,6617,6596,6605,-1,6617,6605,6618,-1,6618,6605,6604,-1,6618,6604,6602,-1,6602,6604,6603,-1,6602,6603,6554,-1,6554,6603,6555,-1,1010,6619,6601,-1,6601,6619,6620,-1,6601,6620,6614,-1,6614,6620,6621,-1,6614,6621,6615,-1,6570,6569,6606,-1,6606,6569,6599,-1,6606,6599,6608,-1,6608,6599,6622,-1,6608,6622,6611,-1,6611,6622,6623,-1,6611,6623,6614,-1,6614,6623,6624,-1,6614,6624,6601,-1,6601,6624,6625,-1,6601,6625,6548,-1,6548,6625,6549,-1,6568,6567,6599,-1,6599,6567,6598,-1,6599,6598,6622,-1,6622,6598,6626,-1,6622,6626,6623,-1,6623,6626,6627,-1,6623,6627,6624,-1,6624,6627,6628,-1,6624,6628,6625,-1,6625,6628,6629,-1,6625,6629,6549,-1,6549,6629,6552,-1,6566,6565,6598,-1,6598,6565,6597,-1,6598,6597,6626,-1,6626,6597,6617,-1,6626,6617,6627,-1,6627,6617,6618,-1,6627,6618,6628,-1,6628,6618,6602,-1,6628,6602,6629,-1,6629,6602,6600,-1,6629,6600,6552,-1,6552,6600,6553,-1,6630,6631,6632,-1,6633,6582,1018,-1,6585,6584,6634,-1,6634,6584,6583,-1,6635,6587,6586,-1,6587,6635,6588,-1,6593,6592,6636,-1,6636,6592,6591,-1,6593,6636,6594,-1,6594,6636,6637,-1,6594,6637,6595,-1,6595,6637,6638,-1,6595,6638,6590,-1,6590,6638,6639,-1,6590,6639,6589,-1,6589,6639,6640,-1,6589,6640,1009,-1,1018,6572,6633,-1,6633,6572,6573,-1,6633,6573,6641,-1,6573,6574,6641,-1,6641,6574,6575,-1,6641,6575,6642,-1,6575,6576,6642,-1,6642,6576,6577,-1,6642,6577,6643,-1,6577,6578,6643,-1,6643,6578,6579,-1,6643,6579,6632,-1,764,6630,6581,-1,6581,6630,6632,-1,6581,6632,6580,-1,6580,6632,6579,-1,6631,6644,6632,-1,6632,6644,6645,-1,6632,6645,6643,-1,6643,6645,6646,-1,6643,6646,6642,-1,6642,6646,6647,-1,6642,6647,6641,-1,6641,6647,6634,-1,6641,6634,6633,-1,6633,6634,6583,-1,6633,6583,6582,-1,6631,6648,6644,-1,6644,6648,6649,-1,6644,6649,6650,-1,6650,6651,6644,-1,6644,6651,6652,-1,6644,6652,6645,-1,6645,6652,6653,-1,6645,6653,6646,-1,6646,6653,6654,-1,6646,6654,6647,-1,6647,6654,6655,-1,6647,6655,6634,-1,6585,6634,6586,-1,6586,6634,6655,-1,6586,6655,6635,-1,6635,6655,6654,-1,6635,6654,6656,-1,6656,6654,6653,-1,6656,6653,6657,-1,6657,6653,6652,-1,6657,6652,6658,-1,6658,6652,6651,-1,6658,6651,6659,-1,6650,6660,6651,-1,6651,6660,6661,-1,6651,6661,6659,-1,6659,6661,6662,-1,6659,6662,6663,-1,6588,6635,6591,-1,6591,6635,6656,-1,6591,6656,6636,-1,6636,6656,6657,-1,6636,6657,6637,-1,6637,6657,6658,-1,6637,6658,6638,-1,6638,6658,6659,-1,6638,6659,6639,-1,6639,6659,6663,-1,6639,6663,6640,-1,1010,1009,6619,-1,6619,1009,6640,-1,6619,6640,6620,-1,6620,6640,6663,-1,6620,6663,6621,-1,6621,6663,6662,-1,6621,6662,6615,-1,6615,6662,6661,-1,6615,6661,6616,-1,6616,6661,6660,-1,6616,6660,6612,-1,6612,6660,6650,-1,6612,6650,6613,-1,6613,6650,6649,-1,6613,6649,6609,-1,6609,6649,6648,-1,6609,6648,6610,-1,6610,6648,6631,-1,6610,6631,6607,-1,6631,6630,6607,-1,6607,6630,764,-1,6607,764,766,-1,
        ]
    }
}