#VRML V2.0 utf8
# 3D model generated by easyeda2kicad.py (https://github.com/uPesy/easyeda2kicad.py)

Shape{
    appearance Appearance {
        material  Material 	{
            diffuseColor 1.0 1.0 1.0
            specularColor 0.5019607843137255 0.5019607843137255 0.5019607843137255
            ambientIntensity 1.0
            transparency 0.0
            shininess 0.5
        }
    }
    geometry IndexedFaceSet {
        ccw TRUE
        solid FALSE
        coord DEF co Coordinate {
            point [
                5.0965 -1.4835 1.0768, 5.0965 -2.3819 1.0304, 5.0965 -2.3819 0.8727, 5.0965 -1.4835 1.1016, 5.0965 -1.752 1.6603, 5.0965 -1.4847 1.0901, 5.0965 -1.4846 1.0847, 5.0965 0.4528 0.8727, 5.0965 -1.4606 0.8919, 5.0965 -1.4835 0.8727, 5.0965 -1.4823 0.8919, 5.0965 -1.4823 0.9975, 5.0965 -1.307 0.8967, 5.0965 -1.307 0.9711, 5.0965 -1.3718 0.9711, 5.0965 -1.4721 1.0359, 5.0965 -1.4504 1.0359, 5.0965 -1.2854 0.9975, 5.0965 -1.3934 0.9711, 5.0965 -1.4606 0.9711, 5.0965 -1.3934 0.9015, 5.0965 -1.3718 0.9015, 5.0965 -1.4823 1.3, 5.0965 -1.4823 1.1991, 5.0965 -1.4821 1.1143, 5.0965 -1.4756 1.1334, 5.0965 -1.2854 1.2736, 5.0965 -1.2854 1.3, 5.0965 0.4528 1.7717, 5.0965 -1.4835 1.7717, 5.0965 -1.752 1.7717, 5.0965 -1.2854 0.8967, 5.0965 -1.3068 1.1014, 5.0965 -1.3121 1.1161, 5.0965 -1.4524 1.0394, 5.0965 -1.3212 1.1297, 5.0965 -1.3343 1.1416, 5.0965 -1.3859 1.1559, 5.0965 -1.4072 1.1539, 5.0965 -1.4242 1.1486, 5.0965 -1.461 1.1048, 5.0965 -1.463 1.0864, 5.0965 -1.4557 1.1191, 5.0965 -1.4476 1.1312, 5.0965 -1.4378 1.1404, 5.0965 -1.4601 1.0603, 5.0965 -1.3495 1.1497, 5.0965 -1.3706 1.155, 5.0965 -1.3018 1.1426, 5.0965 -1.3188 1.1604, 5.0965 -1.3373 1.1719, 5.0965 -1.4655 1.1492, 5.0965 -1.4499 1.164, 5.0965 -1.4606 1.1991, 5.0965 -1.4312 1.1745, 5.0965 -1.4606 1.2736, 5.0965 -1.4103 1.1804, 5.0965 -1.3875 1.1823, 5.0965 -1.3596 1.1795, 5.0965 -1.291 1.1239, 5.0965 -1.2846 1.102, 5.0965 -1.283 1.0822, 5.0965 -1.2846 1.0587, 5.0965 -1.2908 1.0359, 5.0965 -1.3172 1.0359, 5.0965 -1.3077 1.0581, 5.0965 -1.3046 1.082, 5.0965 -2.3819 0.0394, 5.0965 -1.4835 0.0394, 5.0965 -1.4807 1.0569, 5.0965 -1.4823 0.6806, 5.0965 -1.4283 0.7048, 5.0965 -1.4459 0.7161, 5.0965 -1.4614 0.7323, 5.0965 -1.4734 0.7529, 5.0965 -1.4801 0.7756, 5.0965 -1.4823 0.5318, 5.0965 -1.4823 0.503, 5.0965 -1.2854 0.5798, 5.0965 0.4528 0.0394, 5.0965 -1.2854 0.6062, 5.0965 -1.4823 0.7999, 5.0965 -1.4823 0.6518, 5.0965 -1.427 0.633, 5.0965 -1.427 0.5517, 5.0965 -1.4823 0.8535, 5.0965 -1.2854 0.8535, 5.0965 -1.2854 0.7979, 5.0965 -1.3111 0.7248, 5.0965 -1.3265 0.7109, 5.0965 -1.3434 0.7017, 5.0965 -1.2884 0.7695, 5.0965 -1.2965 0.7464, 5.0965 -1.3109 0.725, 5.0965 -1.3628 0.6964, 5.0965 -1.3814 0.695, 5.0965 -1.4077 0.6978, 4.4272 -1.6339 1.0658, 4.4862 -1.6339 0.0, 4.4862 -1.6339 1.3386, 4.1713 -1.6339 0.0, 4.2303 -1.6339 1.0658, 4.1713 -1.6339 1.3386, 4.2303 -1.6339 1.2696, 4.4272 -1.6339 1.2696, 3.6398 -1.6339 1.0658, 3.6988 -1.6339 0.0, 3.6988 -1.6339 1.3386, 3.3839 -1.6339 0.0, 3.4429 -1.6339 1.0658, 3.3839 -1.6339 1.3386, 3.4429 -1.6339 1.2696, 3.6398 -1.6339 1.2696, 2.8524 -1.6339 1.0658, 2.9114 -1.6339 0.0, 2.9114 -1.6339 1.3386, 2.5965 -1.6339 0.0, 2.6555 -1.6339 1.0658, 2.5965 -1.6339 1.3386, 2.6555 -1.6339 1.2696, 2.8524 -1.6339 1.2696, 2.065 -1.6339 1.0658, 2.124 -1.6339 0.0, 2.124 -1.6339 1.3386, 1.8091 -1.6339 0.0, 1.8681 -1.6339 1.0658, 1.8091 -1.6339 1.3386, 1.8681 -1.6339 1.2696, 2.065 -1.6339 1.2696, 1.2776 -1.6339 1.0658, 1.3366 -1.6339 0.0, 1.3366 -1.6339 1.3386, 1.0217 -1.6339 0.0, 1.0807 -1.6339 1.0658, 1.0217 -1.6339 1.3386, 1.0807 -1.6339 1.2696, 1.2776 -1.6339 1.2696, 0.4902 -1.6339 1.0658, 0.5492 -1.6339 0.0, 0.5492 -1.6339 1.3386, 0.2343 -1.6339 0.0, 0.2933 -1.6339 1.0658, 0.2343 -1.6339 1.3386, 0.2933 -1.6339 1.2696, 0.4902 -1.6339 1.2696, -0.2972 -1.6339 1.0658, -0.2382 -1.6339 0.0, -0.2382 -1.6339 1.3386, -0.5531 -1.6339 0.0, -0.4941 -1.6339 1.0658, -0.5531 -1.6339 1.3386, -0.4941 -1.6339 1.2696, -0.2972 -1.6339 1.2696, -1.0846 -1.6339 1.0658, -1.0256 -1.6339 0.0, -1.0256 -1.6339 1.3386, -1.3406 -1.6339 0.0, -1.2815 -1.6339 1.0658, -1.3406 -1.6339 1.3386, -1.2815 -1.6339 1.2696, -1.0846 -1.6339 1.2696, -1.872 -1.6339 1.0658, -1.813 -1.6339 0.0, -1.813 -1.6339 1.3386, -2.128 -1.6339 0.0, -2.0689 -1.6339 1.0658, -2.128 -1.6339 1.3386, -2.0689 -1.6339 1.2696, -1.872 -1.6339 1.2696, -2.6594 -1.6339 1.0658, -2.6004 -1.6339 0.0, -2.6004 -1.6339 1.3386, -2.9154 -1.6339 0.0, -2.8563 -1.6339 1.0658, -2.9154 -1.6339 1.3386, -2.8563 -1.6339 1.2696, -2.6594 -1.6339 1.2696, -3.4469 -1.6339 1.0658, -3.3878 -1.6339 0.0, -3.3878 -1.6339 1.3386, -3.7028 -1.6339 0.0, -3.6437 -1.6339 1.0658, -3.7028 -1.6339 1.3386, -3.6437 -1.6339 1.2696, -3.4469 -1.6339 1.2696, -4.2343 -1.6339 1.0658, -4.1752 -1.6339 0.0, -4.1752 -1.6339 1.3386, -4.4902 -1.6339 0.0, -4.4311 -1.6339 1.0658, -4.4902 -1.6339 1.3386, -4.4311 -1.6339 1.2696, -4.2343 -1.6339 1.2696, -5.0217 0.5315 -0.0394, -4.9508 0.5315 -0.0394, -4.9508 -1.8307 -0.0394, -4.7264 -1.8307 -0.0394, -4.7264 -2.4606 -0.0394, -5.0217 -2.4606 -0.0394, 4.7224 -1.8307 1.6929, 5.0177 -1.8307 1.6929, 5.0177 -1.8307 1.7717, -5.0217 -1.8307 1.7717, -5.0217 -1.8307 1.6929, -4.7264 -1.8307 1.6929, -4.7264 -1.8307 0.0, -4.4902 -1.8307 0.0, -4.4902 -1.8307 1.3386, -4.1752 -1.8307 1.3386, -3.3878 -1.8307 1.3386, -3.3878 -1.8307 0.0, -2.9154 -1.8307 0.0, -2.9154 -1.8307 1.3386, -2.6004 -1.8307 1.3386, -1.813 -1.8307 1.3386, -1.813 -1.8307 0.0, -1.3406 -1.8307 0.0, -4.1752 -1.8307 0.0, -3.7028 -1.8307 0.0, -3.7028 -1.8307 1.3386, -1.3406 -1.8307 1.3386, -1.0256 -1.8307 1.3386, -2.128 -1.8307 1.3386, -2.128 -1.8307 0.0, -2.6004 -1.8307 0.0, -0.2382 -1.8307 1.3386, -0.2382 -1.8307 0.0, 0.2343 -1.8307 0.0, 0.2343 -1.8307 1.3386, 0.5492 -1.8307 1.3386, -0.5531 -1.8307 1.3386, -0.5531 -1.8307 0.0, -1.0256 -1.8307 0.0, 3.6988 -1.8307 1.3386, 3.6988 -1.8307 0.0, 4.1713 -1.8307 0.0, 0.5492 -1.8307 0.0, 1.0217 -1.8307 0.0, 1.0217 -1.8307 1.3386, 1.3366 -1.8307 1.3386, 4.4862 -1.8307 0.0, 4.7224 -1.8307 0.0, 4.4862 -1.8307 1.3386, 4.1713 -1.8307 1.3386, 1.3366 -1.8307 0.0, 1.8091 -1.8307 0.0, 1.8091 -1.8307 1.3386, 2.124 -1.8307 1.3386, 2.124 -1.8307 0.0, 2.5965 -1.8307 0.0, 2.5965 -1.8307 1.3386, 2.9114 -1.8307 1.3386, 3.3839 -1.8307 1.3386, 3.3839 -1.8307 0.0, 2.9114 -1.8307 0.0, -4.9429 -1.5551 1.6929, -4.9429 0.5315 1.6929, -4.687 -1.5551 1.6929, -4.5026 0.5315 1.6929, -4.5026 -1.5551 1.6929, -4.5026 -1.5551 1.7717, -3.939 -1.5551 1.7717, -4.2343 -1.5551 1.2791, -4.2343 -1.5551 1.082, -3.939 -1.5551 0.6001, -4.4311 -1.5551 1.082, -4.687 -1.5551 0.6001, -4.4311 -1.5551 1.2791, -4.9429 -1.5551 0.6001, 3.935 -1.5551 1.7717, 4.4053 -1.5551 1.7717, 3.935 -1.5551 0.6001, 4.4053 -1.5551 1.6929, 4.2303 -1.5551 1.2791, 4.4272 -1.5551 1.2791, 4.939 -1.5551 1.6929, 4.4272 -1.5551 1.082, 4.939 -1.5551 0.6001, 4.2303 -1.5551 1.082, 3.6398 -1.5551 1.082, 3.4429 -1.5551 1.082, 3.1476 -1.5551 0.6001, 3.4429 -1.5551 1.2791, 3.1476 -1.5551 1.7717, 3.6398 -1.5551 1.2791, 2.8524 -1.5551 1.082, 2.6555 -1.5551 1.082, 2.3602 -1.5551 0.6001, 2.6555 -1.5551 1.2791, 2.3602 -1.5551 1.7717, 2.8524 -1.5551 1.2791, 2.065 -1.5551 1.082, 1.8681 -1.5551 1.082, 1.5728 -1.5551 0.6001, 1.8681 -1.5551 1.2791, 1.5728 -1.5551 1.7717, 2.065 -1.5551 1.2791, 1.2776 -1.5551 1.082, 1.0807 -1.5551 1.082, 0.7854 -1.5551 0.6001, 1.0807 -1.5551 1.2791, 0.7854 -1.5551 1.7717, 1.2776 -1.5551 1.2791, 0.4902 -1.5551 1.082, 0.2933 -1.5551 1.082, -0.002 -1.5551 0.6001, 0.2933 -1.5551 1.2791, -0.002 -1.5551 1.7717, 0.4902 -1.5551 1.2791, -0.4941 -1.5551 1.082, -0.2972 -1.5551 1.082, -1.0846 -1.5551 1.2791, -1.2815 -1.5551 1.2791, -1.5768 -1.5551 1.7717, -0.2972 -1.5551 1.2791, -0.4941 -1.5551 1.2791, -1.5768 -1.5551 0.6001, -1.2815 -1.5551 1.082, -1.0846 -1.5551 1.082, -1.872 -1.5551 1.082, -2.0689 -1.5551 1.082, -2.3642 -1.5551 0.6001, -2.0689 -1.5551 1.2791, -2.3642 -1.5551 1.7717, -1.872 -1.5551 1.2791, -2.6594 -1.5551 1.082, -2.8563 -1.5551 1.082, -3.1516 -1.5551 0.6001, -2.8563 -1.5551 1.2791, -3.1516 -1.5551 1.7717, -2.6594 -1.5551 1.2791, -3.4469 -1.5551 1.082, -3.6437 -1.5551 1.082, -3.6437 -1.5551 1.2791, -3.4469 -1.5551 1.2791, 4.939 -1.5551 0.1181, 3.935 -1.5551 0.1181, 3.1476 -1.5551 0.1181, 2.3602 -1.5551 0.1181, 1.5728 -1.5551 0.1181, 0.7854 -1.5551 0.1181, -0.002 -1.5551 0.1181, -1.5768 -1.5551 0.1181, -2.3642 -1.5551 0.1181, -3.1516 -1.5551 0.1181, -3.939 -1.5551 0.1181, -4.687 -1.5551 0.1181, -4.9429 -1.5551 0.1181, 5.0177 -2.4606 1.063, 4.7224 -2.4606 1.063, 5.0177 -2.4606 -0.0394, 4.7224 -2.4606 -0.0394, -5.1004 -1.752 1.7717, -5.1004 0.4528 1.7717, -5.1004 -1.752 1.6603, -5.1004 0.4528 0.0394, -5.1004 -2.3819 1.0304, -5.1004 -2.3819 0.0394, -5.0217 -2.4606 1.063, -4.7264 -2.4606 1.063, -4.9508 0.5315 0.0, 5.0177 0.5315 1.7717, 5.0177 0.5315 -0.0394, 4.9466 0.5315 0.0, 4.9466 0.5315 -0.0394, -4.5026 0.5315 1.7717, -5.0217 0.5315 1.7717, -4.9429 0.5315 0.1181, 4.4053 0.5315 1.6929, 4.4053 0.5315 1.7717, 4.939 0.5315 1.6929, 4.939 0.5315 0.1181, -4.5813 0.4528 1.8504, -5.0217 0.4528 1.8504, -4.5813 -1.6339 1.8504, -5.0217 -1.752 1.8504, 4.484 -1.6339 1.8504, 5.0177 -1.752 1.8504, 4.484 0.4528 1.8504, 5.0177 0.4528 1.8504, 4.9466 -1.8307 -0.0394, 4.7224 -1.8307 -0.0394
            ]
        }
        coordIndex [
            0,1,2,-1,3,4,5,-1,5,4,1,-1,5,1,6,-1,6,1,0,-1,7,8,9,-1,9,8,10,-1,9,10,11,-1,12,13,14,-1,15,11,16,-1,16,11,17,-1,18,19,20,-1,20,19,8,-1,20,8,21,-1,22,3,23,-1,23,3,24,-1,23,24,25,-1,26,7,27,-1,27,7,28,-1,27,28,22,-1,22,28,29,-1,22,29,3,-1,3,29,30,-1,3,30,4,-1,14,21,12,-1,12,21,8,-1,12,8,31,-1,31,8,7,-1,31,7,17,-1,32,33,34,-1,34,33,35,-1,34,35,36,-1,37,38,34,-1,34,38,39,-1,40,41,42,-1,42,41,43,-1,39,44,34,-1,34,44,43,-1,34,43,45,-1,45,43,41,-1,36,46,34,-1,34,46,47,-1,34,47,37,-1,48,7,49,-1,49,7,26,-1,49,26,50,-1,25,51,23,-1,23,51,52,-1,23,52,53,-1,53,52,54,-1,53,54,55,-1,54,56,55,-1,55,56,57,-1,55,57,26,-1,26,57,58,-1,26,58,50,-1,48,59,7,-1,7,59,60,-1,7,60,61,-1,61,62,7,-1,7,62,63,-1,7,63,17,-1,17,63,64,-1,17,64,16,-1,16,64,65,-1,16,65,34,-1,34,65,66,-1,34,66,32,-1,67,68,2,-1,2,68,9,-1,2,9,0,-1,0,9,11,-1,0,11,69,-1,69,11,15,-1,70,71,72,-1,72,73,70,-1,70,73,74,-1,70,74,75,-1,76,9,77,-1,77,9,68,-1,77,68,78,-1,78,68,79,-1,78,79,80,-1,80,79,7,-1,75,81,70,-1,70,81,9,-1,70,9,82,-1,82,9,76,-1,82,76,83,-1,83,76,84,-1,81,85,9,-1,9,85,86,-1,9,86,7,-1,7,86,87,-1,88,89,80,-1,80,89,90,-1,87,91,7,-1,7,91,92,-1,7,92,80,-1,80,92,93,-1,80,93,88,-1,90,94,80,-1,80,94,95,-1,80,95,70,-1,70,95,96,-1,70,96,71,-1,97,98,99,-1,98,97,100,-1,100,97,101,-1,100,101,102,-1,102,101,103,-1,102,103,99,-1,99,103,104,-1,99,104,97,-1,105,106,107,-1,106,105,108,-1,108,105,109,-1,108,109,110,-1,110,109,111,-1,110,111,107,-1,107,111,112,-1,107,112,105,-1,113,114,115,-1,114,113,116,-1,116,113,117,-1,116,117,118,-1,118,117,119,-1,118,119,115,-1,115,119,120,-1,115,120,113,-1,121,122,123,-1,122,121,124,-1,124,121,125,-1,124,125,126,-1,126,125,127,-1,126,127,123,-1,123,127,128,-1,123,128,121,-1,129,130,131,-1,130,129,132,-1,132,129,133,-1,132,133,134,-1,134,133,135,-1,134,135,131,-1,131,135,136,-1,131,136,129,-1,137,138,139,-1,138,137,140,-1,140,137,141,-1,140,141,142,-1,142,141,143,-1,142,143,139,-1,139,143,144,-1,139,144,137,-1,145,146,147,-1,146,145,148,-1,148,145,149,-1,148,149,150,-1,150,149,151,-1,150,151,147,-1,147,151,152,-1,147,152,145,-1,153,154,155,-1,154,153,156,-1,156,153,157,-1,156,157,158,-1,158,157,159,-1,158,159,155,-1,155,159,160,-1,155,160,153,-1,161,162,163,-1,162,161,164,-1,164,161,165,-1,164,165,166,-1,166,165,167,-1,166,167,163,-1,163,167,168,-1,163,168,161,-1,169,170,171,-1,170,169,172,-1,172,169,173,-1,172,173,174,-1,174,173,175,-1,174,175,171,-1,171,175,176,-1,171,176,169,-1,177,178,179,-1,178,177,180,-1,180,177,181,-1,180,181,182,-1,182,181,183,-1,182,183,179,-1,179,183,184,-1,179,184,177,-1,185,186,187,-1,186,185,188,-1,188,185,189,-1,188,189,190,-1,190,189,191,-1,190,191,187,-1,187,191,192,-1,187,192,185,-1,193,194,195,-1,196,197,195,-1,195,197,198,-1,195,198,193,-1,199,200,201,-1,202,203,204,-1,205,206,204,-1,204,206,207,-1,201,202,199,-1,199,202,204,-1,199,204,208,-1,208,204,207,-1,209,210,211,-1,212,213,199,-1,214,215,216,-1,217,218,208,-1,208,218,219,-1,208,219,199,-1,199,219,209,-1,199,209,212,-1,212,209,211,-1,220,221,199,-1,216,220,214,-1,214,220,199,-1,214,199,222,-1,222,199,213,-1,222,213,223,-1,223,213,224,-1,225,226,227,-1,228,229,199,-1,227,228,225,-1,225,228,199,-1,225,199,230,-1,230,199,221,-1,230,221,231,-1,231,221,232,-1,233,234,235,-1,236,237,229,-1,229,237,238,-1,229,238,199,-1,199,238,239,-1,240,241,242,-1,242,241,199,-1,242,199,243,-1,244,245,239,-1,239,245,246,-1,239,246,199,-1,199,246,247,-1,248,249,247,-1,247,249,250,-1,247,250,199,-1,199,250,251,-1,235,243,233,-1,233,243,199,-1,233,199,252,-1,252,199,251,-1,252,251,253,-1,253,251,254,-1,208,187,217,-1,217,187,186,-1,190,207,188,-1,188,207,206,-1,209,179,210,-1,210,179,178,-1,182,219,180,-1,180,219,218,-1,242,99,240,-1,240,99,98,-1,102,243,100,-1,100,243,235,-1,233,107,234,-1,234,107,106,-1,110,252,108,-1,108,252,253,-1,251,115,254,-1,254,115,114,-1,118,250,116,-1,116,250,249,-1,247,123,248,-1,248,123,122,-1,126,246,124,-1,124,246,245,-1,239,131,244,-1,244,131,130,-1,134,238,132,-1,132,238,237,-1,229,139,236,-1,236,139,138,-1,142,228,140,-1,140,228,227,-1,225,147,226,-1,226,147,146,-1,150,230,148,-1,148,230,231,-1,221,155,232,-1,232,155,154,-1,158,220,156,-1,156,220,216,-1,214,163,215,-1,215,163,162,-1,166,222,164,-1,164,222,223,-1,213,171,224,-1,224,171,170,-1,174,212,172,-1,172,212,211,-1,255,256,257,-1,257,256,258,-1,257,258,259,-1,259,260,261,-1,257,259,262,-1,262,259,261,-1,262,261,263,-1,263,261,264,-1,263,264,265,-1,265,264,266,-1,265,266,267,-1,262,267,257,-1,257,267,266,-1,257,266,255,-1,255,266,268,-1,269,270,271,-1,271,270,272,-1,273,272,274,-1,274,272,275,-1,274,275,276,-1,276,275,277,-1,276,277,278,-1,278,277,271,-1,278,271,273,-1,273,271,272,-1,279,271,280,-1,280,271,281,-1,280,281,282,-1,282,281,283,-1,282,283,284,-1,284,283,269,-1,284,269,279,-1,279,269,271,-1,285,281,286,-1,286,281,287,-1,286,287,288,-1,288,287,289,-1,288,289,290,-1,290,289,283,-1,290,283,285,-1,285,283,281,-1,291,287,292,-1,292,287,293,-1,292,293,294,-1,294,293,295,-1,294,295,296,-1,296,295,289,-1,296,289,291,-1,291,289,287,-1,297,293,298,-1,298,293,299,-1,298,299,300,-1,300,299,301,-1,300,301,302,-1,302,301,295,-1,302,295,297,-1,297,295,293,-1,303,299,304,-1,304,299,305,-1,304,305,306,-1,306,305,307,-1,306,307,308,-1,308,307,301,-1,308,301,303,-1,303,301,299,-1,309,310,305,-1,311,312,313,-1,305,310,307,-1,307,310,314,-1,307,314,315,-1,313,312,316,-1,316,312,317,-1,316,317,318,-1,313,307,311,-1,311,307,315,-1,311,315,318,-1,318,315,309,-1,318,309,316,-1,316,309,305,-1,319,316,320,-1,320,316,321,-1,320,321,322,-1,322,321,323,-1,322,323,324,-1,324,323,313,-1,324,313,319,-1,319,313,316,-1,325,321,326,-1,326,321,327,-1,326,327,328,-1,328,327,329,-1,328,329,330,-1,330,329,323,-1,330,323,325,-1,325,323,321,-1,331,327,332,-1,332,327,264,-1,332,264,333,-1,333,264,261,-1,333,261,334,-1,334,261,329,-1,334,329,331,-1,331,329,327,-1,277,335,271,-1,271,335,336,-1,271,336,281,-1,281,336,337,-1,281,337,287,-1,287,337,338,-1,287,338,293,-1,293,338,339,-1,293,339,299,-1,299,339,340,-1,299,340,305,-1,305,340,341,-1,305,341,316,-1,316,341,342,-1,316,342,321,-1,321,342,343,-1,321,343,327,-1,327,343,344,-1,327,344,264,-1,264,344,345,-1,264,345,266,-1,266,345,346,-1,266,346,268,-1,268,346,347,-1,348,349,350,-1,350,349,351,-1,200,199,348,-1,348,199,349,-1,352,353,354,-1,354,353,355,-1,354,355,356,-1,356,355,357,-1,198,197,358,-1,358,197,359,-1,360,194,193,-1,361,362,363,-1,363,362,364,-1,365,258,366,-1,366,258,256,-1,366,256,367,-1,368,369,370,-1,370,369,361,-1,370,361,371,-1,371,361,363,-1,371,363,367,-1,367,363,360,-1,367,360,366,-1,366,360,193,-1,372,373,374,-1,374,373,375,-1,374,375,376,-1,376,375,377,-1,376,377,378,-1,378,377,379,-1,364,362,380,-1,380,362,350,-1,380,350,381,-1,381,350,351,-1,358,359,203,-1,203,359,204,-1,349,199,351,-1,351,199,241,-1,351,241,381,-1,204,359,205,-1,205,359,197,-1,205,197,196,-1,187,208,190,-1,190,208,207,-1,179,209,182,-1,182,209,219,-1,99,242,102,-1,102,242,243,-1,107,233,110,-1,110,233,252,-1,115,251,118,-1,118,251,250,-1,123,247,126,-1,126,247,246,-1,131,239,134,-1,134,239,238,-1,139,229,142,-1,142,229,228,-1,147,225,150,-1,150,225,230,-1,155,221,158,-1,158,221,220,-1,163,214,166,-1,166,214,222,-1,171,213,174,-1,174,213,212,-1,370,371,275,-1,275,371,335,-1,368,370,272,-1,272,370,275,-1,367,256,347,-1,347,256,255,-1,371,367,335,-1,335,367,347,-1,
        ]
    }
}
Shape{
    appearance Appearance {
        material  Material 	{
            diffuseColor 1.0 1.0 1.0
            specularColor 0.8784313725490196 0.8784313725490196 0.8784313725490196
            ambientIntensity 1.0
            transparency 0.0
            shininess 0.5
        }
    }
    geometry IndexedFaceSet {
        ccw TRUE
        solid FALSE
        coord DEF co Coordinate {
            point [
                -4.3524 0.1378 1.1614, -4.3524 0.1378 1.2008, -4.313 0.1378 1.1614, -4.313 0.1378 1.2008, -4.2343 0.0591 1.2795, -4.2343 -1.5354 1.2795, -4.2343 0.0591 1.0827, -4.2343 -1.5354 1.0827, -4.4311 0.0591 1.0827, -4.4311 -1.5354 1.0827, -4.4311 0.0591 1.2795, -4.4311 -1.5354 1.2795, -4.2343 -1.5551 1.2791, -4.4311 -1.5551 1.2791, -4.4311 -1.5551 1.082, -4.2343 -1.5551 1.082, -4.2343 -2.0276 0.7874, -4.2343 -1.8307 0.7874, -4.2343 -2.0148 0.8988, -4.2343 -1.8218 0.8594, -4.2343 -1.9772 1.0043, -4.2343 -1.7956 0.927, -4.2343 -1.9166 1.0987, -4.2343 -1.7538 0.9862, -4.2343 -1.8363 1.1768, -4.2343 -1.6987 1.0334, -4.2343 -1.7404 1.2348, -4.2343 -1.6339 1.0658, -4.2343 -1.6339 1.2696, -4.4311 -1.6339 1.0658, -4.4311 -1.6987 1.0334, -4.4311 -1.7538 0.9862, -4.4311 -1.7956 0.927, -4.4311 -1.8218 0.8594, -4.4311 -1.8307 0.7874, -4.4311 -1.6339 1.2696, -4.4311 -1.7404 1.2348, -4.4311 -2.0276 0.7874, -4.4311 -2.0148 0.8988, -4.4311 -1.9772 1.0043, -4.4311 -1.9166 1.0987, -4.4311 -1.8363 1.1768, -4.3524 -1.9488 -1.378, -4.3524 -1.9095 -1.378, -4.313 -1.9488 -1.378, -4.313 -1.9095 -1.378, -4.2343 -1.8307 -1.2992, -4.2343 -2.0276 -1.2992, -4.4311 -1.8307 -1.2992, -4.4311 -2.0276 -1.2992, -4.408 -1.8538 -1.3549, -4.4148 -1.847 -1.3471, -4.2505 -1.847 -1.3471, -4.4206 -1.8413 -1.3386, -4.2448 -1.8413 -1.3386, -4.4251 -1.8367 -1.3293, -4.2402 -1.8367 -1.3293, -4.4284 -1.8334 -1.3196, -4.2369 -1.8334 -1.3196, -4.4304 -1.8314 -1.3095, -4.2349 -1.8314 -1.3095, -4.2573 -1.8538 -1.3549, -4.2736 -1.8701 -1.3674, -4.3917 -1.8701 -1.3674, -4.2926 -1.8891 -1.3753, -4.3727 -1.8891 -1.3753, -4.4304 -2.0269 -1.3095, -4.4284 -2.0249 -1.3196, -4.4251 -2.0216 -1.3293, -4.4206 -2.017 -1.3386, -4.4148 -2.0113 -1.3471, -4.408 -2.0045 -1.3549, -4.3917 -1.9882 -1.3674, -4.3727 -1.9692 -1.3753, -4.2926 -1.9692 -1.3753, -4.2736 -1.9882 -1.3674, -4.2573 -2.0045 -1.3549, -4.2505 -2.0113 -1.3471, -4.2448 -2.017 -1.3386, -4.2402 -2.0216 -1.3293, -4.2349 -2.0269 -1.3095, -4.2369 -2.0249 -1.3196, -4.3727 0.1351 1.2212, -4.2926 0.1351 1.2212, -4.3917 0.1272 1.2402, -4.2736 0.1272 1.2402, -4.408 0.1147 1.2565, -4.2573 0.1147 1.2565, -4.2505 0.107 1.2633, -4.4148 0.107 1.2633, -4.4206 0.0984 1.269, -4.4304 0.0693 1.2789, -4.2349 0.0693 1.2789, -4.4284 0.0794 1.2768, -4.2369 0.0794 1.2768, -4.4251 0.0892 1.2735, -4.2402 0.0892 1.2735, -4.2448 0.0984 1.269, -4.2736 0.1272 1.122, -4.2926 0.1351 1.141, -4.2349 0.0693 1.0834, -4.2369 0.0794 1.0854, -4.2402 0.0892 1.0887, -4.2448 0.0984 1.0932, -4.2505 0.107 1.099, -4.2573 0.1147 1.1057, -4.4304 0.0693 1.0834, -4.4284 0.0794 1.0854, -4.4251 0.0892 1.0887, -4.4206 0.0984 1.0932, -4.4148 0.107 1.099, -4.408 0.1147 1.1057, -4.3917 0.1272 1.122, -4.3727 0.1351 1.141, -3.565 -1.9488 -1.378, -3.565 -1.9095 -1.378, -3.5256 -1.9488 -1.378, -3.5256 -1.9095 -1.378, -3.4469 -1.8307 -1.2992, -3.4469 -1.8307 0.7874, -3.4469 -2.0276 -1.2992, -3.4469 -2.0276 0.7874, -3.6437 -1.8307 0.7874, -3.6437 -1.8307 -1.2992, -3.6437 -2.0276 -1.2992, -3.6437 -2.0276 0.7874, -3.4469 -2.0148 0.8988, -3.6437 -2.0148 0.8988, -3.4469 -1.9772 1.0043, -3.6437 -1.9772 1.0043, -3.4469 -1.9166 1.0987, -3.6437 -1.9166 1.0987, -3.4469 -1.8363 1.1768, -3.6437 -1.8363 1.1768, -3.4469 -1.7404 1.2348, -3.6437 -1.7404 1.2348, -3.4469 -1.6339 1.2696, -3.6437 -1.6339 1.2696, -3.6437 -1.6339 1.0658, -3.6437 -1.6987 1.0334, -3.6437 -1.8218 0.8594, -3.6437 -1.7956 0.927, -3.6437 -1.7538 0.9862, -3.4469 -1.6339 1.0658, -3.4469 -1.6987 1.0334, -3.4469 -1.7538 0.9862, -3.4469 -1.7956 0.927, -3.4469 -1.8218 0.8594, -3.565 0.1378 1.1614, -3.565 0.1378 1.2008, -3.5256 0.1378 1.1614, -3.5256 0.1378 1.2008, -3.4469 0.0591 1.2795, -3.4469 -1.5354 1.2795, -3.4469 0.0591 1.0827, -3.4469 -1.5354 1.0827, -3.6437 0.0591 1.0827, -3.6437 -1.5354 1.0827, -3.6437 0.0591 1.2795, -3.6437 -1.5354 1.2795, -3.4469 -1.5551 1.082, -3.4469 -1.5551 1.2791, -3.6437 -1.5551 1.082, -3.6437 -1.5551 1.2791, -2.7776 -1.9488 -1.378, -2.7776 -1.9095 -1.378, -2.7382 -1.9488 -1.378, -2.7382 -1.9095 -1.378, -2.6594 -1.8307 -1.2992, -2.6594 -1.8307 0.7874, -2.6594 -2.0276 -1.2992, -2.6594 -2.0276 0.7874, -2.8563 -1.8307 0.7874, -2.8563 -1.8307 -1.2992, -2.8563 -2.0276 -1.2992, -2.8563 -2.0276 0.7874, -2.6594 -2.0148 0.8988, -2.8563 -2.0148 0.8988, -2.6594 -1.9772 1.0043, -2.8563 -1.9772 1.0043, -2.6594 -1.9166 1.0987, -2.8563 -1.9166 1.0987, -2.6594 -1.8363 1.1768, -2.8563 -1.8363 1.1768, -2.6594 -1.7404 1.2348, -2.8563 -1.7404 1.2348, -2.6594 -1.6339 1.2696, -2.8563 -1.6339 1.2696, -2.8563 -1.6339 1.0658, -2.8563 -1.6987 1.0334, -2.8563 -1.8218 0.8594, -2.8563 -1.7956 0.927, -2.8563 -1.7538 0.9862, -2.6594 -1.6339 1.0658, -2.6594 -1.6987 1.0334, -2.6594 -1.7538 0.9862, -2.6594 -1.7956 0.927, -2.6594 -1.8218 0.8594, -2.7776 0.1378 1.1614, -2.7776 0.1378 1.2008, -2.7382 0.1378 1.1614, -2.7382 0.1378 1.2008, -2.6594 0.0591 1.2795, -2.6594 -1.5354 1.2795, -2.6594 0.0591 1.0827, -2.6594 -1.5354 1.0827, -2.8563 0.0591 1.0827, -2.8563 -1.5354 1.0827, -2.8563 0.0591 1.2795, -2.8563 -1.5354 1.2795, -2.6594 -1.5551 1.082, -2.6594 -1.5551 1.2791, -2.8563 -1.5551 1.082, -2.8563 -1.5551 1.2791, -1.9902 -1.9488 -1.378, -1.9902 -1.9095 -1.378, -1.9508 -1.9488 -1.378, -1.9508 -1.9095 -1.378, -1.872 -1.8307 -1.2992, -1.872 -1.8307 0.7874, -1.872 -2.0276 -1.2992, -1.872 -2.0276 0.7874, -2.0689 -1.8307 0.7874, -2.0689 -1.8307 -1.2992, -2.0689 -2.0276 -1.2992, -2.0689 -2.0276 0.7874, -1.872 -2.0148 0.8988, -2.0689 -2.0148 0.8988, -1.872 -1.9772 1.0043, -2.0689 -1.9772 1.0043, -1.872 -1.9166 1.0987, -2.0689 -1.9166 1.0987, -1.872 -1.8363 1.1768, -2.0689 -1.8363 1.1768, -1.872 -1.7404 1.2348, -2.0689 -1.7404 1.2348, -1.872 -1.6339 1.2696, -2.0689 -1.6339 1.2696, -2.0689 -1.6339 1.0658, -2.0689 -1.6987 1.0334, -2.0689 -1.8218 0.8594, -2.0689 -1.7956 0.927, -2.0689 -1.7538 0.9862, -1.872 -1.6339 1.0658, -1.872 -1.6987 1.0334, -1.872 -1.7538 0.9862, -1.872 -1.7956 0.927, -1.872 -1.8218 0.8594, -1.9902 0.1378 1.1614, -1.9902 0.1378 1.2008, -1.9508 0.1378 1.1614, -1.9508 0.1378 1.2008, -1.872 0.0591 1.2795, -1.872 -1.5354 1.2795, -1.872 0.0591 1.0827, -1.872 -1.5354 1.0827, -2.0689 0.0591 1.0827, -2.0689 -1.5354 1.0827, -2.0689 0.0591 1.2795, -2.0689 -1.5354 1.2795, -1.872 -1.5551 1.082, -1.872 -1.5551 1.2791, -2.0689 -1.5551 1.082, -2.0689 -1.5551 1.2791, -1.2028 -1.9488 -1.378, -1.2028 -1.9095 -1.378, -1.1634 -1.9488 -1.378, -1.1634 -1.9095 -1.378, -1.0846 -1.8307 -1.2992, -1.0846 -1.8307 0.7874, -1.0846 -2.0276 -1.2992, -1.0846 -2.0276 0.7874, -1.2815 -1.8307 0.7874, -1.2815 -1.8307 -1.2992, -1.2815 -2.0276 -1.2992, -1.2815 -2.0276 0.7874, -1.0846 -2.0148 0.8988, -1.2815 -2.0148 0.8988, -1.0846 -1.9772 1.0043, -1.2815 -1.9772 1.0043, -1.0846 -1.9166 1.0987, -1.2815 -1.9166 1.0987, -1.0846 -1.8363 1.1768, -1.2815 -1.8363 1.1768, -1.0846 -1.7404 1.2348, -1.2815 -1.7404 1.2348, -1.0846 -1.6339 1.2696, -1.2815 -1.6339 1.2696, -1.2815 -1.6339 1.0658, -1.2815 -1.6987 1.0334, -1.2815 -1.8218 0.8594, -1.2815 -1.7956 0.927, -1.2815 -1.7538 0.9862, -1.0846 -1.6339 1.0658, -1.0846 -1.6987 1.0334, -1.0846 -1.7538 0.9862, -1.0846 -1.7956 0.927, -1.0846 -1.8218 0.8594, -1.2028 0.1378 1.1614, -1.2028 0.1378 1.2008, -1.1634 0.1378 1.1614, -1.1634 0.1378 1.2008, -1.0846 0.0591 1.2795, -1.0846 -1.5354 1.2795, -1.0846 0.0591 1.0827, -1.0846 -1.5354 1.0827, -1.2815 0.0591 1.0827, -1.2815 -1.5354 1.0827, -1.2815 0.0591 1.2795, -1.2815 -1.5354 1.2795, -1.0846 -1.5551 1.082, -1.0846 -1.5551 1.2791, -1.2815 -1.5551 1.082, -1.2815 -1.5551 1.2791, -0.4154 -1.9488 -1.378, -0.4154 -1.9095 -1.378, -0.376 -1.9488 -1.378, -0.376 -1.9095 -1.378, -0.2972 -1.8307 -1.2992, -0.2972 -1.8307 0.7874, -0.2972 -2.0276 -1.2992, -0.2972 -2.0276 0.7874, -0.4941 -1.8307 0.7874, -0.4941 -1.8307 -1.2992, -0.4941 -2.0276 -1.2992, -0.4941 -2.0276 0.7874, -0.2972 -2.0148 0.8988, -0.4941 -2.0148 0.8988, -0.2972 -1.9772 1.0043, -0.4941 -1.9772 1.0043, -0.2972 -1.9166 1.0987, -0.4941 -1.9166 1.0987, -0.2972 -1.8363 1.1768, -0.4941 -1.8363 1.1768, -0.2972 -1.7404 1.2348, -0.4941 -1.7404 1.2348, -0.2972 -1.6339 1.2696, -0.4941 -1.6339 1.2696, -0.4941 -1.6339 1.0658, -0.4941 -1.6987 1.0334, -0.4941 -1.8218 0.8594, -0.4941 -1.7956 0.927, -0.4941 -1.7538 0.9862, -0.2972 -1.6339 1.0658, -0.2972 -1.6987 1.0334, -0.2972 -1.7538 0.9862, -0.2972 -1.7956 0.927, -0.2972 -1.8218 0.8594, -0.4154 0.1378 1.1614, -0.4154 0.1378 1.2008, -0.376 0.1378 1.1614, -0.376 0.1378 1.2008, -0.2972 0.0591 1.2795, -0.2972 -1.5354 1.2795, -0.2972 0.0591 1.0827, -0.2972 -1.5354 1.0827, -0.4941 0.0591 1.0827, -0.4941 -1.5354 1.0827, -0.4941 0.0591 1.2795, -0.4941 -1.5354 1.2795, -0.2972 -1.5551 1.082, -0.2972 -1.5551 1.2791, -0.4941 -1.5551 1.082, -0.4941 -1.5551 1.2791, 0.372 -1.9488 -1.378, 0.372 -1.9095 -1.378, 0.4114 -1.9488 -1.378, 0.4114 -1.9095 -1.378, 0.4902 -1.8307 -1.2992, 0.4902 -1.8307 0.7874, 0.4902 -2.0276 -1.2992, 0.4902 -2.0276 0.7874, 0.2933 -1.8307 0.7874, 0.2933 -1.8307 -1.2992, 0.2933 -2.0276 -1.2992, 0.2933 -2.0276 0.7874, 0.4902 -2.0148 0.8988, 0.2933 -2.0148 0.8988, 0.4902 -1.9772 1.0043, 0.2933 -1.9772 1.0043, 0.4902 -1.9166 1.0987, 0.2933 -1.9166 1.0987, 0.4902 -1.8363 1.1768, 0.2933 -1.8363 1.1768, 0.4902 -1.7404 1.2348, 0.2933 -1.7404 1.2348, 0.4902 -1.6339 1.2696, 0.2933 -1.6339 1.2696, 0.2933 -1.6339 1.0658, 0.2933 -1.6987 1.0334, 0.2933 -1.8218 0.8594, 0.2933 -1.7956 0.927, 0.2933 -1.7538 0.9862, 0.4902 -1.6339 1.0658, 0.4902 -1.6987 1.0334, 0.4902 -1.7538 0.9862, 0.4902 -1.7956 0.927, 0.4902 -1.8218 0.8594, 0.372 0.1378 1.1614, 0.372 0.1378 1.2008, 0.4114 0.1378 1.1614, 0.4114 0.1378 1.2008, 0.4902 0.0591 1.2795, 0.4902 -1.5354 1.2795, 0.4902 0.0591 1.0827, 0.4902 -1.5354 1.0827, 0.2933 0.0591 1.0827, 0.2933 -1.5354 1.0827, 0.2933 0.0591 1.2795, 0.2933 -1.5354 1.2795, 0.4902 -1.5551 1.082, 0.4902 -1.5551 1.2791, 0.2933 -1.5551 1.082, 0.2933 -1.5551 1.2791, 1.1594 -1.9488 -1.378, 1.1594 -1.9095 -1.378, 1.1988 -1.9488 -1.378, 1.1988 -1.9095 -1.378, 1.2776 -1.8307 -1.2992, 1.2776 -1.8307 0.7874, 1.2776 -2.0276 -1.2992, 1.2776 -2.0276 0.7874, 1.0807 -1.8307 0.7874, 1.0807 -1.8307 -1.2992, 1.0807 -2.0276 -1.2992, 1.0807 -2.0276 0.7874, 1.2776 -2.0148 0.8988, 1.0807 -2.0148 0.8988, 1.2776 -1.9772 1.0043, 1.0807 -1.9772 1.0043, 1.2776 -1.9166 1.0987, 1.0807 -1.9166 1.0987, 1.2776 -1.8363 1.1768, 1.0807 -1.8363 1.1768, 1.2776 -1.7404 1.2348, 1.0807 -1.7404 1.2348, 1.2776 -1.6339 1.2696, 1.0807 -1.6339 1.2696, 1.0807 -1.6339 1.0658, 1.0807 -1.6987 1.0334, 1.0807 -1.8218 0.8594, 1.0807 -1.7956 0.927, 1.0807 -1.7538 0.9862, 1.2776 -1.6339 1.0658, 1.2776 -1.6987 1.0334, 1.2776 -1.7538 0.9862, 1.2776 -1.7956 0.927, 1.2776 -1.8218 0.8594, 1.1594 0.1378 1.1614, 1.1594 0.1378 1.2008, 1.1988 0.1378 1.1614, 1.1988 0.1378 1.2008, 1.2776 0.0591 1.2795, 1.2776 -1.5354 1.2795, 1.2776 0.0591 1.0827, 1.2776 -1.5354 1.0827, 1.0807 0.0591 1.0827, 1.0807 -1.5354 1.0827, 1.0807 0.0591 1.2795, 1.0807 -1.5354 1.2795, 1.2776 -1.5551 1.082, 1.2776 -1.5551 1.2791, 1.0807 -1.5551 1.082, 1.0807 -1.5551 1.2791, 1.9469 -1.9488 -1.378, 1.9469 -1.9095 -1.378, 1.9862 -1.9488 -1.378, 1.9862 -1.9095 -1.378, 2.065 -1.8307 -1.2992, 2.065 -1.8307 0.7874, 2.065 -2.0276 -1.2992, 2.065 -2.0276 0.7874, 1.8681 -1.8307 0.7874, 1.8681 -1.8307 -1.2992, 1.8681 -2.0276 -1.2992, 1.8681 -2.0276 0.7874, 2.065 -2.0148 0.8988, 1.8681 -2.0148 0.8988, 2.065 -1.9772 1.0043, 1.8681 -1.9772 1.0043, 2.065 -1.9166 1.0987, 1.8681 -1.9166 1.0987, 2.065 -1.8363 1.1768, 1.8681 -1.8363 1.1768, 2.065 -1.7404 1.2348, 1.8681 -1.7404 1.2348, 2.065 -1.6339 1.2696, 1.8681 -1.6339 1.2696, 1.8681 -1.6339 1.0658, 1.8681 -1.6987 1.0334, 1.8681 -1.8218 0.8594, 1.8681 -1.7956 0.927, 1.8681 -1.7538 0.9862, 2.065 -1.6339 1.0658, 2.065 -1.6987 1.0334, 2.065 -1.7538 0.9862, 2.065 -1.7956 0.927, 2.065 -1.8218 0.8594, 1.9469 0.1378 1.1614, 1.9469 0.1378 1.2008, 1.9862 0.1378 1.1614, 1.9862 0.1378 1.2008, 2.065 0.0591 1.2795, 2.065 -1.5354 1.2795, 2.065 0.0591 1.0827, 2.065 -1.5354 1.0827, 1.8681 0.0591 1.0827, 1.8681 -1.5354 1.0827, 1.8681 0.0591 1.2795, 1.8681 -1.5354 1.2795, 2.065 -1.5551 1.082, 2.065 -1.5551 1.2791, 1.8681 -1.5551 1.082, 1.8681 -1.5551 1.2791, 2.7343 -1.9488 -1.378, 2.7343 -1.9095 -1.378, 2.7736 -1.9488 -1.378, 2.7736 -1.9095 -1.378, 2.8524 -1.8307 -1.2992, 2.8524 -1.8307 0.7874, 2.8524 -2.0276 -1.2992, 2.8524 -2.0276 0.7874, 2.6555 -1.8307 0.7874, 2.6555 -1.8307 -1.2992, 2.6555 -2.0276 -1.2992, 2.6555 -2.0276 0.7874, 2.8524 -2.0148 0.8988, 2.6555 -2.0148 0.8988, 2.8524 -1.9772 1.0043, 2.6555 -1.9772 1.0043, 2.8524 -1.9166 1.0987, 2.6555 -1.9166 1.0987, 2.8524 -1.8363 1.1768, 2.6555 -1.8363 1.1768, 2.8524 -1.7404 1.2348, 2.6555 -1.7404 1.2348, 2.8524 -1.6339 1.2696, 2.6555 -1.6339 1.2696, 2.6555 -1.6339 1.0658, 2.6555 -1.6987 1.0334, 2.6555 -1.8218 0.8594, 2.6555 -1.7956 0.927, 2.6555 -1.7538 0.9862, 2.8524 -1.6339 1.0658, 2.8524 -1.6987 1.0334, 2.8524 -1.7538 0.9862, 2.8524 -1.7956 0.927, 2.8524 -1.8218 0.8594, 2.7343 0.1378 1.1614, 2.7343 0.1378 1.2008, 2.7736 0.1378 1.1614, 2.7736 0.1378 1.2008, 2.8524 0.0591 1.2795, 2.8524 -1.5354 1.2795, 2.8524 0.0591 1.0827, 2.8524 -1.5354 1.0827, 2.6555 0.0591 1.0827, 2.6555 -1.5354 1.0827, 2.6555 0.0591 1.2795, 2.6555 -1.5354 1.2795, 2.8524 -1.5551 1.082, 2.8524 -1.5551 1.2791, 2.6555 -1.5551 1.082, 2.6555 -1.5551 1.2791, 3.5217 -1.9488 -1.378, 3.5217 -1.9095 -1.378, 3.561 -1.9488 -1.378, 3.561 -1.9095 -1.378, 3.6398 -1.8307 -1.2992, 3.6398 -1.8307 0.7874, 3.6398 -2.0276 -1.2992, 3.6398 -2.0276 0.7874, 3.4429 -1.8307 0.7874, 3.4429 -1.8307 -1.2992, 3.4429 -2.0276 -1.2992, 3.4429 -2.0276 0.7874, 3.6398 -2.0148 0.8988, 3.4429 -2.0148 0.8988, 3.6398 -1.9772 1.0043, 3.4429 -1.9772 1.0043, 3.6398 -1.9166 1.0987, 3.4429 -1.9166 1.0987, 3.6398 -1.8363 1.1768, 3.4429 -1.8363 1.1768, 3.6398 -1.7404 1.2348, 3.4429 -1.7404 1.2348, 3.6398 -1.6339 1.2696, 3.4429 -1.6339 1.2696, 3.4429 -1.6339 1.0658, 3.4429 -1.6987 1.0334, 3.4429 -1.8218 0.8594, 3.4429 -1.7956 0.927, 3.4429 -1.7538 0.9862, 3.6398 -1.6339 1.0658, 3.6398 -1.6987 1.0334, 3.6398 -1.7538 0.9862, 3.6398 -1.7956 0.927, 3.6398 -1.8218 0.8594, 3.5217 0.1378 1.1614, 3.5217 0.1378 1.2008, 3.561 0.1378 1.1614, 3.561 0.1378 1.2008, 3.6398 0.0591 1.2795, 3.6398 -1.5354 1.2795, 3.6398 0.0591 1.0827, 3.6398 -1.5354 1.0827, 3.4429 0.0591 1.0827, 3.4429 -1.5354 1.0827, 3.4429 0.0591 1.2795, 3.4429 -1.5354 1.2795, 3.6398 -1.5551 1.082, 3.6398 -1.5551 1.2791, 3.4429 -1.5551 1.082, 3.4429 -1.5551 1.2791, 4.3091 -1.9488 -1.378, 4.3091 -1.9095 -1.378, 4.3484 -1.9488 -1.378, 4.3484 -1.9095 -1.378, 4.4272 -1.8307 -1.2992, 4.4272 -1.8307 0.7874, 4.4272 -2.0276 -1.2992, 4.4272 -2.0276 0.7874, 4.2303 -1.8307 0.7874, 4.2303 -1.8307 -1.2992, 4.2303 -2.0276 -1.2992, 4.2303 -2.0276 0.7874, 4.4272 -2.0148 0.8988, 4.2303 -2.0148 0.8988, 4.4272 -1.9772 1.0043, 4.2303 -1.9772 1.0043, 4.4272 -1.9166 1.0987, 4.2303 -1.9166 1.0987, 4.4272 -1.8363 1.1768, 4.2303 -1.8363 1.1768, 4.4272 -1.7404 1.2348, 4.2303 -1.7404 1.2348, 4.4272 -1.6339 1.2696, 4.2303 -1.6339 1.2696, 4.2303 -1.6339 1.0658, 4.2303 -1.6987 1.0334, 4.2303 -1.8218 0.8594, 4.2303 -1.7956 0.927, 4.2303 -1.7538 0.9862, 4.4272 -1.6339 1.0658, 4.4272 -1.6987 1.0334, 4.4272 -1.7538 0.9862, 4.4272 -1.7956 0.927, 4.4272 -1.8218 0.8594, 4.3091 0.1378 1.1614, 4.3091 0.1378 1.2008, 4.3484 0.1378 1.1614, 4.3484 0.1378 1.2008, 4.4272 0.0591 1.2795, 4.4272 -1.5354 1.2795, 4.4272 0.0591 1.0827, 4.4272 -1.5354 1.0827, 4.2303 0.0591 1.0827, 4.2303 -1.5354 1.0827, 4.2303 0.0591 1.2795, 4.2303 -1.5354 1.2795, 4.4272 -1.5551 1.082, 4.4272 -1.5551 1.2791, 4.2303 -1.5551 1.082, 4.2303 -1.5551 1.2791, -3.643 -1.8314 -1.3095, -3.4475 -1.8314 -1.3095, -3.641 -1.8334 -1.3196, -3.4495 -1.8334 -1.3196, -3.6377 -1.8367 -1.3293, -3.4528 -1.8367 -1.3293, -3.6332 -1.8413 -1.3386, -3.4574 -1.8413 -1.3386, -3.4631 -1.847 -1.3471, -3.6274 -1.847 -1.3471, -3.6206 -1.8538 -1.3549, -3.4699 -1.8538 -1.3549, -3.4862 -1.8701 -1.3674, -3.6043 -1.8701 -1.3674, -3.5052 -1.8891 -1.3753, -3.5853 -1.8891 -1.3753, -3.643 -2.0269 -1.3095, -3.641 -2.0249 -1.3196, -3.6377 -2.0216 -1.3293, -3.6332 -2.017 -1.3386, -3.6274 -2.0113 -1.3471, -3.6206 -2.0045 -1.3549, -3.6043 -1.9882 -1.3674, -3.5853 -1.9692 -1.3753, -3.4862 -1.9882 -1.3674, -3.5052 -1.9692 -1.3753, -3.4475 -2.0269 -1.3095, -3.4495 -2.0249 -1.3196, -3.4528 -2.0216 -1.3293, -3.4574 -2.017 -1.3386, -3.4631 -2.0113 -1.3471, -3.4699 -2.0045 -1.3549, -3.5853 0.1351 1.2212, -3.5052 0.1351 1.2212, -3.6043 0.1272 1.2402, -3.4862 0.1272 1.2402, -3.6206 0.1147 1.2565, -3.4699 0.1147 1.2565, -3.4631 0.107 1.2633, -3.6274 0.107 1.2633, -3.6332 0.0984 1.269, -3.643 0.0693 1.2789, -3.4475 0.0693 1.2789, -3.641 0.0794 1.2768, -3.4495 0.0794 1.2768, -3.6377 0.0892 1.2735, -3.4528 0.0892 1.2735, -3.4574 0.0984 1.269, -3.4862 0.1272 1.122, -3.5052 0.1351 1.141, -3.4475 0.0693 1.0834, -3.4495 0.0794 1.0854, -3.4528 0.0892 1.0887, -3.4574 0.0984 1.0932, -3.4631 0.107 1.099, -3.4699 0.1147 1.1057, -3.643 0.0693 1.0834, -3.641 0.0794 1.0854, -3.6377 0.0892 1.0887, -3.6332 0.0984 1.0932, -3.6274 0.107 1.099, -3.6206 0.1147 1.1057, -3.6043 0.1272 1.122, -3.5853 0.1351 1.141, -2.8332 -1.8538 -1.3549, -2.84 -1.847 -1.3471, -2.6757 -1.847 -1.3471, -2.8457 -1.8413 -1.3386, -2.67 -1.8413 -1.3386, -2.8503 -1.8367 -1.3293, -2.6654 -1.8367 -1.3293, -2.8536 -1.8334 -1.3196, -2.6621 -1.8334 -1.3196, -2.8556 -1.8314 -1.3095, -2.6601 -1.8314 -1.3095, -2.6825 -1.8538 -1.3549, -2.6988 -1.8701 -1.3674, -2.8169 -1.8701 -1.3674, -2.7178 -1.8891 -1.3753, -2.7979 -1.8891 -1.3753, -2.8556 -2.0269 -1.3095, -2.8536 -2.0249 -1.3196, -2.8503 -2.0216 -1.3293, -2.8457 -2.017 -1.3386, -2.84 -2.0113 -1.3471, -2.8332 -2.0045 -1.3549, -2.8169 -1.9882 -1.3674, -2.7979 -1.9692 -1.3753, -2.7178 -1.9692 -1.3753, -2.6988 -1.9882 -1.3674, -2.6825 -2.0045 -1.3549, -2.6757 -2.0113 -1.3471, -2.6601 -2.0269 -1.3095, -2.6621 -2.0249 -1.3196, -2.6654 -2.0216 -1.3293, -2.67 -2.017 -1.3386, -2.8332 0.1147 1.2565, -2.6988 0.1272 1.2402, -2.8169 0.1272 1.2402, -2.7178 0.1351 1.2212, -2.7979 0.1351 1.2212, -2.8556 0.0693 1.2789, -2.6601 0.0693 1.2789, -2.8536 0.0794 1.2768, -2.6621 0.0794 1.2768, -2.8503 0.0892 1.2735, -2.6654 0.0892 1.2735, -2.8457 0.0984 1.269, -2.67 0.0984 1.269, -2.84 0.107 1.2633, -2.6757 0.107 1.2633, -2.6825 0.1147 1.2565, -2.7178 0.1351 1.141, -2.6988 0.1272 1.122, -2.6825 0.1147 1.1057, -2.6757 0.107 1.099, -2.6601 0.0693 1.0834, -2.6621 0.0794 1.0854, -2.6654 0.0892 1.0887, -2.67 0.0984 1.0932, -2.8556 0.0693 1.0834, -2.8536 0.0794 1.0854, -2.8503 0.0892 1.0887, -2.8457 0.0984 1.0932, -2.84 0.107 1.099, -2.8332 0.1147 1.1057, -2.8169 0.1272 1.122, -2.7979 0.1351 1.141, -2.0458 -1.8538 -1.3549, -2.0526 -1.847 -1.3471, -1.8883 -1.847 -1.3471, -2.0583 -1.8413 -1.3386, -1.8826 -1.8413 -1.3386, -2.0629 -1.8367 -1.3293, -1.878 -1.8367 -1.3293, -2.0662 -1.8334 -1.3196, -1.8747 -1.8334 -1.3196, -2.0682 -1.8314 -1.3095, -1.8727 -1.8314 -1.3095, -1.8951 -1.8538 -1.3549, -1.9114 -1.8701 -1.3674, -2.0295 -1.8701 -1.3674, -1.9304 -1.8891 -1.3753, -2.0105 -1.8891 -1.3753, -2.0682 -2.0269 -1.3095, -2.0662 -2.0249 -1.3196, -2.0629 -2.0216 -1.3293, -2.0583 -2.017 -1.3386, -2.0526 -2.0113 -1.3471, -2.0458 -2.0045 -1.3549, -2.0295 -1.9882 -1.3674, -2.0105 -1.9692 -1.3753, -1.9304 -1.9692 -1.3753, -1.9114 -1.9882 -1.3674, -1.8951 -2.0045 -1.3549, -1.8883 -2.0113 -1.3471, -1.8727 -2.0269 -1.3095, -1.8747 -2.0249 -1.3196, -1.878 -2.0216 -1.3293, -1.8826 -2.017 -1.3386, -2.0458 0.1147 1.2565, -1.9114 0.1272 1.2402, -2.0295 0.1272 1.2402, -1.9304 0.1351 1.2212, -2.0105 0.1351 1.2212, -2.0682 0.0693 1.2789, -1.8727 0.0693 1.2789, -2.0662 0.0794 1.2768, -1.8747 0.0794 1.2768, -2.0629 0.0892 1.2735, -1.878 0.0892 1.2735, -2.0583 0.0984 1.269, -1.8826 0.0984 1.269, -2.0526 0.107 1.2633, -1.8883 0.107 1.2633, -1.8951 0.1147 1.2565, -1.9304 0.1351 1.141, -1.9114 0.1272 1.122, -1.8951 0.1147 1.1057, -1.8883 0.107 1.099, -1.8727 0.0693 1.0834, -1.8747 0.0794 1.0854, -1.878 0.0892 1.0887, -1.8826 0.0984 1.0932, -2.0682 0.0693 1.0834, -2.0662 0.0794 1.0854, -2.0629 0.0892 1.0887, -2.0583 0.0984 1.0932, -2.0526 0.107 1.099, -2.0458 0.1147 1.1057, -2.0295 0.1272 1.122, -2.0105 0.1351 1.141, -1.2584 -1.8538 -1.3549, -1.2652 -1.847 -1.3471, -1.1009 -1.847 -1.3471, -1.2709 -1.8413 -1.3386, -1.0952 -1.8413 -1.3386, -1.2755 -1.8367 -1.3293, -1.0906 -1.8367 -1.3293, -1.2788 -1.8334 -1.3196, -1.0873 -1.8334 -1.3196, -1.2808 -1.8314 -1.3095, -1.0853 -1.8314 -1.3095, -1.1077 -1.8538 -1.3549, -1.124 -1.8701 -1.3674, -1.2421 -1.8701 -1.3674, -1.143 -1.8891 -1.3753, -1.2231 -1.8891 -1.3753, -1.2584 -2.0045 -1.3549, -1.2652 -2.0113 -1.3471, -1.2709 -2.017 -1.3386, -1.2755 -2.0216 -1.3293, -1.2788 -2.0249 -1.3196, -1.2808 -2.0269 -1.3095, -1.2421 -1.9882 -1.3674, -1.2231 -1.9692 -1.3753, -1.143 -1.9692 -1.3753, -1.124 -1.9882 -1.3674, -1.1077 -2.0045 -1.3549, -1.1009 -2.0113 -1.3471, -1.0952 -2.017 -1.3386, -1.0906 -2.0216 -1.3293, -1.0873 -2.0249 -1.3196, -1.0853 -2.0269 -1.3095, -1.1009 0.107 1.2633, -1.1077 0.1147 1.2565, -1.2584 0.1147 1.2565, -1.124 0.1272 1.2402, -1.2421 0.1272 1.2402, -1.143 0.1351 1.2212, -1.2231 0.1351 1.2212, -1.2788 0.0794 1.2768, -1.0906 0.0892 1.2735, -1.2755 0.0892 1.2735, -1.0952 0.0984 1.269, -1.2709 0.0984 1.269, -1.2652 0.107 1.2633, -1.2808 0.0693 1.2789, -1.0853 0.0693 1.2789, -1.0873 0.0794 1.2768, -1.124 0.1272 1.122, -1.143 0.1351 1.141, -1.0853 0.0693 1.0834, -1.0873 0.0794 1.0854, -1.0906 0.0892 1.0887, -1.0952 0.0984 1.0932, -1.1009 0.107 1.099, -1.1077 0.1147 1.1057, -1.2808 0.0693 1.0834, -1.2788 0.0794 1.0854, -1.2755 0.0892 1.0887, -1.2709 0.0984 1.0932, -1.2652 0.107 1.099, -1.2584 0.1147 1.1057, -1.2421 0.1272 1.122, -1.2231 0.1351 1.141, -0.4934 -1.8314 -1.3095, -0.2979 -1.8314 -1.3095, -0.4914 -1.8334 -1.3196, -0.2999 -1.8334 -1.3196, -0.3032 -1.8367 -1.3293, -0.4881 -1.8367 -1.3293, -0.3078 -1.8413 -1.3386, -0.4835 -1.8413 -1.3386, -0.3135 -1.847 -1.3471, -0.4778 -1.847 -1.3471, -0.471 -1.8538 -1.3549, -0.3203 -1.8538 -1.3549, -0.3366 -1.8701 -1.3674, -0.4547 -1.8701 -1.3674, -0.3556 -1.8891 -1.3753, -0.4357 -1.8891 -1.3753, -0.4934 -2.0269 -1.3095, -0.4914 -2.0249 -1.3196, -0.4881 -2.0216 -1.3293, -0.4835 -2.017 -1.3386, -0.4778 -2.0113 -1.3471, -0.471 -2.0045 -1.3549, -0.4547 -1.9882 -1.3674, -0.4357 -1.9692 -1.3753, -0.3556 -1.9692 -1.3753, -0.3366 -1.9882 -1.3674, -0.3203 -2.0045 -1.3549, -0.3135 -2.0113 -1.3471, -0.3078 -2.017 -1.3386, -0.3032 -2.0216 -1.3293, -0.2999 -2.0249 -1.3196, -0.2979 -2.0269 -1.3095, -0.3135 0.107 1.2633, -0.3203 0.1147 1.2565, -0.471 0.1147 1.2565, -0.3366 0.1272 1.2402, -0.4547 0.1272 1.2402, -0.3556 0.1351 1.2212, -0.4357 0.1351 1.2212, -0.4914 0.0794 1.2768, -0.3032 0.0892 1.2735, -0.4881 0.0892 1.2735, -0.3078 0.0984 1.269, -0.4835 0.0984 1.269, -0.4778 0.107 1.2633, -0.4934 0.0693 1.2789, -0.2979 0.0693 1.2789, -0.2999 0.0794 1.2768, -0.3556 0.1351 1.141, -0.3366 0.1272 1.122, -0.3203 0.1147 1.1057, -0.3135 0.107 1.099, -0.3078 0.0984 1.0932, -0.3032 0.0892 1.0887, -0.2979 0.0693 1.0834, -0.2999 0.0794 1.0854, -0.4934 0.0693 1.0834, -0.4914 0.0794 1.0854, -0.4881 0.0892 1.0887, -0.4835 0.0984 1.0932, -0.4778 0.107 1.099, -0.471 0.1147 1.1057, -0.4547 0.1272 1.122, -0.4357 0.1351 1.141, 0.4895 -1.8314 -1.3095, 0.294 -1.8314 -1.3095, 0.4875 -1.8334 -1.3196, 0.296 -1.8334 -1.3196, 0.2993 -1.8367 -1.3293, 0.4842 -1.8367 -1.3293, 0.3039 -1.8413 -1.3386, 0.4796 -1.8413 -1.3386, 0.3096 -1.847 -1.3471, 0.4739 -1.847 -1.3471, 0.3164 -1.8538 -1.3549, 0.4671 -1.8538 -1.3549, 0.4508 -1.8701 -1.3674, 0.3327 -1.8701 -1.3674, 0.4318 -1.8891 -1.3753, 0.3517 -1.8891 -1.3753, 0.3164 -2.0045 -1.3549, 0.3096 -2.0113 -1.3471, 0.3039 -2.017 -1.3386, 0.2993 -2.0216 -1.3293, 0.296 -2.0249 -1.3196, 0.294 -2.0269 -1.3095, 0.3327 -1.9882 -1.3674, 0.3517 -1.9692 -1.3753, 0.4318 -1.9692 -1.3753, 0.4508 -1.9882 -1.3674, 0.4671 -2.0045 -1.3549, 0.4739 -2.0113 -1.3471, 0.4895 -2.0269 -1.3095, 0.4875 -2.0249 -1.3196, 0.4842 -2.0216 -1.3293, 0.4796 -2.017 -1.3386, 0.3517 0.1351 1.2212, 0.4318 0.1351 1.2212, 0.3327 0.1272 1.2402, 0.4508 0.1272 1.2402, 0.3164 0.1147 1.2565, 0.4671 0.1147 1.2565, 0.4739 0.107 1.2633, 0.3096 0.107 1.2633, 0.3039 0.0984 1.269, 0.294 0.0693 1.2789, 0.4895 0.0693 1.2789, 0.296 0.0794 1.2768, 0.4875 0.0794 1.2768, 0.2993 0.0892 1.2735, 0.4842 0.0892 1.2735, 0.4796 0.0984 1.269, 0.4318 0.1351 1.141, 0.4508 0.1272 1.122, 0.4671 0.1147 1.1057, 0.4739 0.107 1.099, 0.4895 0.0693 1.0834, 0.4875 0.0794 1.0854, 0.4842 0.0892 1.0887, 0.4796 0.0984 1.0932, 0.294 0.0693 1.0834, 0.296 0.0794 1.0854, 0.2993 0.0892 1.0887, 0.3039 0.0984 1.0932, 0.3096 0.107 1.099, 0.3164 0.1147 1.1057, 0.3327 0.1272 1.122, 0.3517 0.1351 1.141, 1.1038 -1.8538 -1.3549, 1.097 -1.847 -1.3471, 1.2613 -1.847 -1.3471, 1.0913 -1.8413 -1.3386, 1.267 -1.8413 -1.3386, 1.0867 -1.8367 -1.3293, 1.2716 -1.8367 -1.3293, 1.0834 -1.8334 -1.3196, 1.2749 -1.8334 -1.3196, 1.0814 -1.8314 -1.3095, 1.2769 -1.8314 -1.3095, 1.2545 -1.8538 -1.3549, 1.2382 -1.8701 -1.3674, 1.1201 -1.8701 -1.3674, 1.2192 -1.8891 -1.3753, 1.1391 -1.8891 -1.3753, 1.1038 -2.0045 -1.3549, 1.097 -2.0113 -1.3471, 1.0913 -2.017 -1.3386, 1.0867 -2.0216 -1.3293, 1.0834 -2.0249 -1.3196, 1.0814 -2.0269 -1.3095, 1.1201 -1.9882 -1.3674, 1.1391 -1.9692 -1.3753, 1.2192 -1.9692 -1.3753, 1.2382 -1.9882 -1.3674, 1.2545 -2.0045 -1.3549, 1.2613 -2.0113 -1.3471, 1.267 -2.017 -1.3386, 1.2716 -2.0216 -1.3293, 1.2749 -2.0249 -1.3196, 1.2769 -2.0269 -1.3095, 1.2613 0.107 1.2633, 1.2545 0.1147 1.2565, 1.1038 0.1147 1.2565, 1.2382 0.1272 1.2402, 1.1201 0.1272 1.2402, 1.2192 0.1351 1.2212, 1.1391 0.1351 1.2212, 1.0834 0.0794 1.2768, 1.2716 0.0892 1.2735, 1.0867 0.0892 1.2735, 1.267 0.0984 1.269, 1.0913 0.0984 1.269, 1.097 0.107 1.2633, 1.0814 0.0693 1.2789, 1.2769 0.0693 1.2789, 1.2749 0.0794 1.2768, 1.2382 0.1272 1.122, 1.2192 0.1351 1.141, 1.2769 0.0693 1.0834, 1.2749 0.0794 1.0854, 1.2716 0.0892 1.0887, 1.267 0.0984 1.0932, 1.2613 0.107 1.099, 1.2545 0.1147 1.1057, 1.0814 0.0693 1.0834, 1.0834 0.0794 1.0854, 1.0867 0.0892 1.0887, 1.0913 0.0984 1.0932, 1.097 0.107 1.099, 1.1038 0.1147 1.1057, 1.1201 0.1272 1.122, 1.1391 0.1351 1.141, 1.8912 -1.8538 -1.3549, 1.8844 -1.847 -1.3471, 2.0487 -1.847 -1.3471, 1.8787 -1.8413 -1.3386, 2.0544 -1.8413 -1.3386, 1.8741 -1.8367 -1.3293, 2.059 -1.8367 -1.3293, 1.8708 -1.8334 -1.3196, 2.0623 -1.8334 -1.3196, 1.8688 -1.8314 -1.3095, 2.0643 -1.8314 -1.3095, 2.0419 -1.8538 -1.3549, 2.0256 -1.8701 -1.3674, 1.9075 -1.8701 -1.3674, 2.0066 -1.8891 -1.3753, 1.9265 -1.8891 -1.3753, 1.8688 -2.0269 -1.3095, 1.8708 -2.0249 -1.3196, 1.8741 -2.0216 -1.3293, 1.8787 -2.017 -1.3386, 1.8844 -2.0113 -1.3471, 1.8912 -2.0045 -1.3549, 1.9075 -1.9882 -1.3674, 1.9265 -1.9692 -1.3753, 2.0066 -1.9692 -1.3753, 2.0256 -1.9882 -1.3674, 2.0419 -2.0045 -1.3549, 2.0487 -2.0113 -1.3471, 2.0643 -2.0269 -1.3095, 2.0623 -2.0249 -1.3196, 2.059 -2.0216 -1.3293, 2.0544 -2.017 -1.3386, 1.8912 0.1147 1.2565, 2.0256 0.1272 1.2402, 1.9075 0.1272 1.2402, 2.0066 0.1351 1.2212, 1.9265 0.1351 1.2212, 1.8688 0.0693 1.2789, 2.0643 0.0693 1.2789, 1.8708 0.0794 1.2768, 2.0623 0.0794 1.2768, 1.8741 0.0892 1.2735, 2.059 0.0892 1.2735, 1.8787 0.0984 1.269, 2.0544 0.0984 1.269, 1.8844 0.107 1.2633, 2.0487 0.107 1.2633, 2.0419 0.1147 1.2565, 2.0066 0.1351 1.141, 2.0256 0.1272 1.122, 2.0419 0.1147 1.1057, 2.0487 0.107 1.099, 2.0643 0.0693 1.0834, 2.0623 0.0794 1.0854, 2.059 0.0892 1.0887, 2.0544 0.0984 1.0932, 1.8688 0.0693 1.0834, 1.8708 0.0794 1.0854, 1.8741 0.0892 1.0887, 1.8787 0.0984 1.0932, 1.8844 0.107 1.099, 1.8912 0.1147 1.1057, 1.9075 0.1272 1.122, 1.9265 0.1351 1.141, 2.6786 -1.8538 -1.3549, 2.6718 -1.847 -1.3471, 2.8361 -1.847 -1.3471, 2.6661 -1.8413 -1.3386, 2.8418 -1.8413 -1.3386, 2.6615 -1.8367 -1.3293, 2.8464 -1.8367 -1.3293, 2.6582 -1.8334 -1.3196, 2.8497 -1.8334 -1.3196, 2.6562 -1.8314 -1.3095, 2.8517 -1.8314 -1.3095, 2.8293 -1.8538 -1.3549, 2.813 -1.8701 -1.3674, 2.6949 -1.8701 -1.3674, 2.794 -1.8891 -1.3753, 2.7139 -1.8891 -1.3753, 2.6562 -2.0269 -1.3095, 2.6582 -2.0249 -1.3196, 2.6615 -2.0216 -1.3293, 2.6661 -2.017 -1.3386, 2.6718 -2.0113 -1.3471, 2.6786 -2.0045 -1.3549, 2.6949 -1.9882 -1.3674, 2.7139 -1.9692 -1.3753, 2.794 -1.9692 -1.3753, 2.813 -1.9882 -1.3674, 2.8293 -2.0045 -1.3549, 2.8361 -2.0113 -1.3471, 2.8517 -2.0269 -1.3095, 2.8497 -2.0249 -1.3196, 2.8464 -2.0216 -1.3293, 2.8418 -2.017 -1.3386, 2.6786 0.1147 1.2565, 2.813 0.1272 1.2402, 2.6949 0.1272 1.2402, 2.794 0.1351 1.2212, 2.7139 0.1351 1.2212, 2.6562 0.0693 1.2789, 2.8517 0.0693 1.2789, 2.6582 0.0794 1.2768, 2.8497 0.0794 1.2768, 2.6615 0.0892 1.2735, 2.8464 0.0892 1.2735, 2.6661 0.0984 1.269, 2.8418 0.0984 1.269, 2.6718 0.107 1.2633, 2.8361 0.107 1.2633, 2.8293 0.1147 1.2565, 2.794 0.1351 1.141, 2.813 0.1272 1.122, 2.8293 0.1147 1.1057, 2.8361 0.107 1.099, 2.8517 0.0693 1.0834, 2.8497 0.0794 1.0854, 2.8464 0.0892 1.0887, 2.8418 0.0984 1.0932, 2.6562 0.0693 1.0834, 2.6582 0.0794 1.0854, 2.6615 0.0892 1.0887, 2.6661 0.0984 1.0932, 2.6718 0.107 1.099, 2.6786 0.1147 1.1057, 2.6949 0.1272 1.122, 2.7139 0.1351 1.141, 3.466 -1.8538 -1.3549, 3.4592 -1.847 -1.3471, 3.6235 -1.847 -1.3471, 3.4535 -1.8413 -1.3386, 3.6292 -1.8413 -1.3386, 3.4489 -1.8367 -1.3293, 3.6338 -1.8367 -1.3293, 3.4456 -1.8334 -1.3196, 3.6371 -1.8334 -1.3196, 3.4436 -1.8314 -1.3095, 3.6391 -1.8314 -1.3095, 3.6167 -1.8538 -1.3549, 3.6004 -1.8701 -1.3674, 3.4823 -1.8701 -1.3674, 3.5814 -1.8891 -1.3753, 3.5013 -1.8891 -1.3753, 3.4436 -2.0269 -1.3095, 3.4456 -2.0249 -1.3196, 3.4489 -2.0216 -1.3293, 3.4535 -2.017 -1.3386, 3.4592 -2.0113 -1.3471, 3.466 -2.0045 -1.3549, 3.4823 -1.9882 -1.3674, 3.5013 -1.9692 -1.3753, 3.5814 -1.9692 -1.3753, 3.6004 -1.9882 -1.3674, 3.6167 -2.0045 -1.3549, 3.6235 -2.0113 -1.3471, 3.6292 -2.017 -1.3386, 3.6338 -2.0216 -1.3293, 3.6391 -2.0269 -1.3095, 3.6371 -2.0249 -1.3196, 3.5013 0.1351 1.2212, 3.5814 0.1351 1.2212, 3.4823 0.1272 1.2402, 3.6004 0.1272 1.2402, 3.466 0.1147 1.2565, 3.6167 0.1147 1.2565, 3.6235 0.107 1.2633, 3.4592 0.107 1.2633, 3.4535 0.0984 1.269, 3.4436 0.0693 1.2789, 3.6391 0.0693 1.2789, 3.4456 0.0794 1.2768, 3.6371 0.0794 1.2768, 3.4489 0.0892 1.2735, 3.6338 0.0892 1.2735, 3.6292 0.0984 1.269, 3.6004 0.1272 1.122, 3.5814 0.1351 1.141, 3.6391 0.0693 1.0834, 3.6371 0.0794 1.0854, 3.6338 0.0892 1.0887, 3.6292 0.0984 1.0932, 3.6235 0.107 1.099, 3.6167 0.1147 1.1057, 3.4436 0.0693 1.0834, 3.4456 0.0794 1.0854, 3.4489 0.0892 1.0887, 3.4535 0.0984 1.0932, 3.4592 0.107 1.099, 3.466 0.1147 1.1057, 3.4823 0.1272 1.122, 3.5013 0.1351 1.141, 4.2534 -1.8538 -1.3549, 4.2466 -1.847 -1.3471, 4.4109 -1.847 -1.3471, 4.2409 -1.8413 -1.3386, 4.4166 -1.8413 -1.3386, 4.2363 -1.8367 -1.3293, 4.4212 -1.8367 -1.3293, 4.233 -1.8334 -1.3196, 4.4245 -1.8334 -1.3196, 4.231 -1.8314 -1.3095, 4.4265 -1.8314 -1.3095, 4.4041 -1.8538 -1.3549, 4.3878 -1.8701 -1.3674, 4.2697 -1.8701 -1.3674, 4.3688 -1.8891 -1.3753, 4.2887 -1.8891 -1.3753, 4.231 -2.0269 -1.3095, 4.233 -2.0249 -1.3196, 4.2363 -2.0216 -1.3293, 4.2409 -2.017 -1.3386, 4.2466 -2.0113 -1.3471, 4.2534 -2.0045 -1.3549, 4.2697 -1.9882 -1.3674, 4.2887 -1.9692 -1.3753, 4.3688 -1.9692 -1.3753, 4.3878 -1.9882 -1.3674, 4.4041 -2.0045 -1.3549, 4.4109 -2.0113 -1.3471, 4.4166 -2.017 -1.3386, 4.4212 -2.0216 -1.3293, 4.4265 -2.0269 -1.3095, 4.4245 -2.0249 -1.3196, 4.2887 0.1351 1.2212, 4.3688 0.1351 1.2212, 4.2697 0.1272 1.2402, 4.3878 0.1272 1.2402, 4.2534 0.1147 1.2565, 4.4041 0.1147 1.2565, 4.4109 0.107 1.2633, 4.2466 0.107 1.2633, 4.2409 0.0984 1.269, 4.231 0.0693 1.2789, 4.4265 0.0693 1.2789, 4.233 0.0794 1.2768, 4.4245 0.0794 1.2768, 4.2363 0.0892 1.2735, 4.4212 0.0892 1.2735, 4.4166 0.0984 1.269, 4.3878 0.1272 1.122, 4.3688 0.1351 1.141, 4.4265 0.0693 1.0834, 4.4245 0.0794 1.0854, 4.4212 0.0892 1.0887, 4.4166 0.0984 1.0932, 4.4109 0.107 1.099, 4.4041 0.1147 1.1057, 4.231 0.0693 1.0834, 4.233 0.0794 1.0854, 4.2363 0.0892 1.0887, 4.2409 0.0984 1.0932, 4.2466 0.107 1.099, 4.2534 0.1147 1.1057, 4.2697 0.1272 1.122, 4.2887 0.1351 1.141, -4.5026 -1.5551 1.7717, -4.5026 -1.5551 1.6929, -4.5026 0.5315 1.7717, -4.5026 0.5315 1.6929, 4.4053 0.5315 1.7717, 4.4053 0.5315 1.6929, 4.4053 -1.5551 1.7717, 4.4053 -1.5551 1.6929
            ]
        }
        coordIndex [
            0,1,2,-1,2,1,3,-1,4,5,6,-1,6,5,7,-1,6,7,8,-1,8,7,9,-1,8,9,10,-1,10,9,11,-1,10,11,4,-1,4,11,5,-1,12,5,13,-1,13,5,11,-1,11,9,13,-1,13,9,14,-1,9,7,14,-1,14,7,15,-1,7,5,15,-1,15,5,12,-1,16,17,18,-1,18,17,19,-1,18,19,20,-1,20,19,21,-1,20,21,22,-1,22,21,23,-1,22,23,24,-1,24,23,25,-1,24,25,26,-1,26,25,27,-1,26,27,28,-1,29,27,30,-1,30,27,25,-1,30,25,31,-1,31,25,23,-1,31,23,32,-1,32,23,21,-1,32,21,33,-1,33,21,19,-1,33,19,34,-1,34,19,17,-1,35,29,36,-1,36,29,30,-1,34,37,33,-1,33,37,38,-1,33,38,32,-1,32,38,39,-1,32,39,31,-1,31,39,40,-1,31,40,30,-1,30,40,41,-1,30,41,36,-1,37,16,18,-1,37,18,38,-1,38,18,20,-1,38,20,39,-1,39,20,22,-1,39,22,40,-1,40,22,24,-1,40,24,41,-1,41,24,26,-1,41,26,36,-1,36,26,28,-1,36,28,35,-1,42,43,44,-1,44,43,45,-1,46,17,47,-1,47,17,16,-1,34,17,48,-1,48,17,46,-1,49,37,48,-1,48,37,34,-1,47,16,49,-1,49,16,37,-1,50,51,52,-1,52,51,53,-1,52,53,54,-1,54,53,55,-1,54,55,56,-1,56,55,57,-1,56,57,58,-1,58,57,59,-1,58,59,60,-1,60,59,48,-1,60,48,46,-1,52,61,50,-1,50,61,62,-1,50,62,63,-1,63,62,64,-1,63,64,65,-1,65,64,45,-1,65,45,43,-1,49,48,59,-1,49,59,66,-1,66,59,57,-1,66,57,67,-1,67,57,68,-1,68,57,55,-1,68,55,69,-1,69,55,53,-1,69,53,70,-1,70,53,51,-1,70,51,71,-1,51,50,71,-1,71,50,63,-1,71,63,72,-1,72,63,65,-1,72,65,73,-1,73,65,43,-1,73,43,42,-1,44,45,64,-1,44,64,74,-1,74,64,62,-1,74,62,75,-1,75,62,61,-1,75,61,76,-1,76,61,77,-1,77,61,52,-1,77,52,78,-1,58,79,56,-1,56,79,78,-1,56,78,54,-1,54,78,52,-1,46,47,60,-1,60,47,80,-1,60,80,58,-1,58,80,81,-1,58,81,79,-1,47,49,66,-1,47,66,80,-1,80,66,67,-1,80,67,81,-1,81,67,79,-1,79,67,68,-1,79,68,78,-1,68,69,78,-1,78,69,70,-1,78,70,77,-1,77,70,76,-1,70,71,76,-1,76,71,72,-1,76,72,75,-1,75,72,73,-1,75,73,74,-1,74,73,42,-1,74,42,44,-1,3,1,82,-1,3,82,83,-1,83,82,84,-1,83,84,85,-1,85,84,86,-1,85,86,87,-1,87,86,88,-1,88,86,89,-1,88,89,90,-1,10,4,91,-1,91,4,92,-1,91,92,93,-1,93,92,94,-1,93,94,95,-1,95,94,96,-1,95,96,90,-1,90,96,97,-1,90,97,88,-1,87,98,85,-1,85,98,99,-1,85,99,83,-1,83,99,2,-1,83,2,3,-1,4,6,92,-1,92,6,100,-1,92,100,94,-1,94,100,101,-1,94,101,96,-1,96,101,102,-1,96,102,97,-1,97,102,103,-1,97,103,88,-1,88,103,104,-1,88,104,87,-1,87,104,105,-1,87,105,98,-1,8,10,106,-1,106,10,91,-1,106,91,107,-1,107,91,93,-1,107,93,108,-1,108,93,95,-1,108,95,109,-1,95,90,109,-1,109,90,89,-1,109,89,110,-1,110,89,111,-1,89,86,111,-1,111,86,84,-1,111,84,112,-1,112,84,82,-1,112,82,113,-1,113,82,1,-1,113,1,0,-1,110,111,105,-1,105,111,112,-1,105,112,98,-1,98,112,113,-1,98,113,99,-1,99,113,0,-1,99,0,2,-1,101,108,102,-1,102,108,109,-1,102,109,103,-1,103,109,110,-1,103,110,104,-1,104,110,105,-1,6,8,100,-1,100,8,106,-1,100,106,101,-1,101,106,107,-1,101,107,108,-1,114,115,116,-1,116,115,117,-1,118,119,120,-1,120,119,121,-1,122,119,123,-1,123,119,118,-1,124,125,123,-1,123,125,122,-1,120,121,124,-1,124,121,125,-1,125,121,126,-1,125,126,127,-1,127,126,128,-1,127,128,129,-1,129,128,130,-1,129,130,131,-1,131,130,132,-1,131,132,133,-1,133,132,134,-1,133,134,135,-1,135,134,136,-1,135,136,137,-1,137,138,135,-1,135,138,139,-1,122,125,140,-1,140,125,127,-1,140,127,141,-1,141,127,129,-1,141,129,142,-1,142,129,131,-1,142,131,139,-1,139,131,133,-1,139,133,135,-1,138,143,139,-1,139,143,144,-1,139,144,142,-1,142,144,145,-1,142,145,141,-1,141,145,146,-1,141,146,140,-1,140,146,147,-1,140,147,122,-1,122,147,119,-1,121,119,126,-1,126,119,147,-1,126,147,128,-1,128,147,146,-1,128,146,130,-1,130,146,145,-1,130,145,132,-1,132,145,144,-1,132,144,134,-1,134,144,143,-1,134,143,136,-1,148,149,150,-1,150,149,151,-1,152,153,154,-1,154,153,155,-1,154,155,156,-1,156,155,157,-1,156,157,158,-1,158,157,159,-1,158,159,152,-1,152,159,153,-1,155,153,160,-1,160,153,161,-1,157,155,162,-1,162,155,160,-1,159,157,163,-1,163,157,162,-1,161,153,163,-1,163,153,159,-1,164,165,166,-1,166,165,167,-1,168,169,170,-1,170,169,171,-1,172,169,173,-1,173,169,168,-1,174,175,173,-1,173,175,172,-1,170,171,174,-1,174,171,175,-1,175,171,176,-1,175,176,177,-1,177,176,178,-1,177,178,179,-1,179,178,180,-1,179,180,181,-1,181,180,182,-1,181,182,183,-1,183,182,184,-1,183,184,185,-1,185,184,186,-1,185,186,187,-1,187,188,185,-1,185,188,189,-1,172,175,190,-1,190,175,177,-1,190,177,191,-1,191,177,179,-1,191,179,192,-1,192,179,181,-1,192,181,189,-1,189,181,183,-1,189,183,185,-1,188,193,189,-1,189,193,194,-1,189,194,192,-1,192,194,195,-1,192,195,191,-1,191,195,196,-1,191,196,190,-1,190,196,197,-1,190,197,172,-1,172,197,169,-1,171,169,176,-1,176,169,197,-1,176,197,178,-1,178,197,196,-1,178,196,180,-1,180,196,195,-1,180,195,182,-1,182,195,194,-1,182,194,184,-1,184,194,193,-1,184,193,186,-1,198,199,200,-1,200,199,201,-1,202,203,204,-1,204,203,205,-1,204,205,206,-1,206,205,207,-1,206,207,208,-1,208,207,209,-1,208,209,202,-1,202,209,203,-1,205,203,210,-1,210,203,211,-1,207,205,212,-1,212,205,210,-1,209,207,213,-1,213,207,212,-1,211,203,213,-1,213,203,209,-1,214,215,216,-1,216,215,217,-1,218,219,220,-1,220,219,221,-1,222,219,223,-1,223,219,218,-1,224,225,223,-1,223,225,222,-1,220,221,224,-1,224,221,225,-1,225,221,226,-1,225,226,227,-1,227,226,228,-1,227,228,229,-1,229,228,230,-1,229,230,231,-1,231,230,232,-1,231,232,233,-1,233,232,234,-1,233,234,235,-1,235,234,236,-1,235,236,237,-1,237,238,235,-1,235,238,239,-1,222,225,240,-1,240,225,227,-1,240,227,241,-1,241,227,229,-1,241,229,242,-1,242,229,231,-1,242,231,239,-1,239,231,233,-1,239,233,235,-1,238,243,239,-1,239,243,244,-1,239,244,242,-1,242,244,245,-1,242,245,241,-1,241,245,246,-1,241,246,240,-1,240,246,247,-1,240,247,222,-1,222,247,219,-1,221,219,226,-1,226,219,247,-1,226,247,228,-1,228,247,246,-1,228,246,230,-1,230,246,245,-1,230,245,232,-1,232,245,244,-1,232,244,234,-1,234,244,243,-1,234,243,236,-1,248,249,250,-1,250,249,251,-1,252,253,254,-1,254,253,255,-1,254,255,256,-1,256,255,257,-1,256,257,258,-1,258,257,259,-1,258,259,252,-1,252,259,253,-1,255,253,260,-1,260,253,261,-1,257,255,262,-1,262,255,260,-1,259,257,263,-1,263,257,262,-1,261,253,263,-1,263,253,259,-1,264,265,266,-1,266,265,267,-1,268,269,270,-1,270,269,271,-1,272,269,273,-1,273,269,268,-1,274,275,273,-1,273,275,272,-1,270,271,274,-1,274,271,275,-1,275,271,276,-1,275,276,277,-1,277,276,278,-1,277,278,279,-1,279,278,280,-1,279,280,281,-1,281,280,282,-1,281,282,283,-1,283,282,284,-1,283,284,285,-1,285,284,286,-1,285,286,287,-1,287,288,285,-1,285,288,289,-1,272,275,290,-1,290,275,277,-1,290,277,291,-1,291,277,279,-1,291,279,292,-1,292,279,281,-1,292,281,289,-1,289,281,283,-1,289,283,285,-1,288,293,289,-1,289,293,294,-1,289,294,292,-1,292,294,295,-1,292,295,291,-1,291,295,296,-1,291,296,290,-1,290,296,297,-1,290,297,272,-1,272,297,269,-1,271,269,276,-1,276,269,297,-1,276,297,278,-1,278,297,296,-1,278,296,280,-1,280,296,295,-1,280,295,282,-1,282,295,294,-1,282,294,284,-1,284,294,293,-1,284,293,286,-1,298,299,300,-1,300,299,301,-1,302,303,304,-1,304,303,305,-1,304,305,306,-1,306,305,307,-1,306,307,308,-1,308,307,309,-1,308,309,302,-1,302,309,303,-1,305,303,310,-1,310,303,311,-1,307,305,312,-1,312,305,310,-1,309,307,313,-1,313,307,312,-1,311,303,313,-1,313,303,309,-1,314,315,316,-1,316,315,317,-1,318,319,320,-1,320,319,321,-1,322,319,323,-1,323,319,318,-1,324,325,323,-1,323,325,322,-1,320,321,324,-1,324,321,325,-1,325,321,326,-1,325,326,327,-1,327,326,328,-1,327,328,329,-1,329,328,330,-1,329,330,331,-1,331,330,332,-1,331,332,333,-1,333,332,334,-1,333,334,335,-1,335,334,336,-1,335,336,337,-1,337,338,335,-1,335,338,339,-1,322,325,340,-1,340,325,327,-1,340,327,341,-1,341,327,329,-1,341,329,342,-1,342,329,331,-1,342,331,339,-1,339,331,333,-1,339,333,335,-1,338,343,339,-1,339,343,344,-1,339,344,342,-1,342,344,345,-1,342,345,341,-1,341,345,346,-1,341,346,340,-1,340,346,347,-1,340,347,322,-1,322,347,319,-1,321,319,326,-1,326,319,347,-1,326,347,328,-1,328,347,346,-1,328,346,330,-1,330,346,345,-1,330,345,332,-1,332,345,344,-1,332,344,334,-1,334,344,343,-1,334,343,336,-1,348,349,350,-1,350,349,351,-1,352,353,354,-1,354,353,355,-1,354,355,356,-1,356,355,357,-1,356,357,358,-1,358,357,359,-1,358,359,352,-1,352,359,353,-1,355,353,360,-1,360,353,361,-1,357,355,362,-1,362,355,360,-1,359,357,363,-1,363,357,362,-1,361,353,363,-1,363,353,359,-1,364,365,366,-1,366,365,367,-1,368,369,370,-1,370,369,371,-1,372,369,373,-1,373,369,368,-1,374,375,373,-1,373,375,372,-1,370,371,374,-1,374,371,375,-1,375,371,376,-1,375,376,377,-1,377,376,378,-1,377,378,379,-1,379,378,380,-1,379,380,381,-1,381,380,382,-1,381,382,383,-1,383,382,384,-1,383,384,385,-1,385,384,386,-1,385,386,387,-1,387,388,385,-1,385,388,389,-1,372,375,390,-1,390,375,377,-1,390,377,391,-1,391,377,379,-1,391,379,392,-1,392,379,381,-1,392,381,389,-1,389,381,383,-1,389,383,385,-1,388,393,389,-1,389,393,394,-1,389,394,392,-1,392,394,395,-1,392,395,391,-1,391,395,396,-1,391,396,390,-1,390,396,397,-1,390,397,372,-1,372,397,369,-1,371,369,376,-1,376,369,397,-1,376,397,378,-1,378,397,396,-1,378,396,380,-1,380,396,395,-1,380,395,382,-1,382,395,394,-1,382,394,384,-1,384,394,393,-1,384,393,386,-1,398,399,400,-1,400,399,401,-1,402,403,404,-1,404,403,405,-1,404,405,406,-1,406,405,407,-1,406,407,408,-1,408,407,409,-1,408,409,402,-1,402,409,403,-1,405,403,410,-1,410,403,411,-1,407,405,412,-1,412,405,410,-1,409,407,413,-1,413,407,412,-1,411,403,413,-1,413,403,409,-1,414,415,416,-1,416,415,417,-1,418,419,420,-1,420,419,421,-1,422,419,423,-1,423,419,418,-1,424,425,423,-1,423,425,422,-1,420,421,424,-1,424,421,425,-1,425,421,426,-1,425,426,427,-1,427,426,428,-1,427,428,429,-1,429,428,430,-1,429,430,431,-1,431,430,432,-1,431,432,433,-1,433,432,434,-1,433,434,435,-1,435,434,436,-1,435,436,437,-1,437,438,435,-1,435,438,439,-1,422,425,440,-1,440,425,427,-1,440,427,441,-1,441,427,429,-1,441,429,442,-1,442,429,431,-1,442,431,439,-1,439,431,433,-1,439,433,435,-1,438,443,439,-1,439,443,444,-1,439,444,442,-1,442,444,445,-1,442,445,441,-1,441,445,446,-1,441,446,440,-1,440,446,447,-1,440,447,422,-1,422,447,419,-1,421,419,426,-1,426,419,447,-1,426,447,428,-1,428,447,446,-1,428,446,430,-1,430,446,445,-1,430,445,432,-1,432,445,444,-1,432,444,434,-1,434,444,443,-1,434,443,436,-1,448,449,450,-1,450,449,451,-1,452,453,454,-1,454,453,455,-1,454,455,456,-1,456,455,457,-1,456,457,458,-1,458,457,459,-1,458,459,452,-1,452,459,453,-1,455,453,460,-1,460,453,461,-1,457,455,462,-1,462,455,460,-1,459,457,463,-1,463,457,462,-1,461,453,463,-1,463,453,459,-1,464,465,466,-1,466,465,467,-1,468,469,470,-1,470,469,471,-1,472,469,473,-1,473,469,468,-1,474,475,473,-1,473,475,472,-1,470,471,474,-1,474,471,475,-1,475,471,476,-1,475,476,477,-1,477,476,478,-1,477,478,479,-1,479,478,480,-1,479,480,481,-1,481,480,482,-1,481,482,483,-1,483,482,484,-1,483,484,485,-1,485,484,486,-1,485,486,487,-1,487,488,485,-1,485,488,489,-1,472,475,490,-1,490,475,477,-1,490,477,491,-1,491,477,479,-1,491,479,492,-1,492,479,481,-1,492,481,489,-1,489,481,483,-1,489,483,485,-1,488,493,489,-1,489,493,494,-1,489,494,492,-1,492,494,495,-1,492,495,491,-1,491,495,496,-1,491,496,490,-1,490,496,497,-1,490,497,472,-1,472,497,469,-1,471,469,476,-1,476,469,497,-1,476,497,478,-1,478,497,496,-1,478,496,480,-1,480,496,495,-1,480,495,482,-1,482,495,494,-1,482,494,484,-1,484,494,493,-1,484,493,486,-1,498,499,500,-1,500,499,501,-1,502,503,504,-1,504,503,505,-1,504,505,506,-1,506,505,507,-1,506,507,508,-1,508,507,509,-1,508,509,502,-1,502,509,503,-1,505,503,510,-1,510,503,511,-1,507,505,512,-1,512,505,510,-1,509,507,513,-1,513,507,512,-1,511,503,513,-1,513,503,509,-1,514,515,516,-1,516,515,517,-1,518,519,520,-1,520,519,521,-1,522,519,523,-1,523,519,518,-1,524,525,523,-1,523,525,522,-1,520,521,524,-1,524,521,525,-1,525,521,526,-1,525,526,527,-1,527,526,528,-1,527,528,529,-1,529,528,530,-1,529,530,531,-1,531,530,532,-1,531,532,533,-1,533,532,534,-1,533,534,535,-1,535,534,536,-1,535,536,537,-1,537,538,535,-1,535,538,539,-1,522,525,540,-1,540,525,527,-1,540,527,541,-1,541,527,529,-1,541,529,542,-1,542,529,531,-1,542,531,539,-1,539,531,533,-1,539,533,535,-1,538,543,539,-1,539,543,544,-1,539,544,542,-1,542,544,545,-1,542,545,541,-1,541,545,546,-1,541,546,540,-1,540,546,547,-1,540,547,522,-1,522,547,519,-1,521,519,526,-1,526,519,547,-1,526,547,528,-1,528,547,546,-1,528,546,530,-1,530,546,545,-1,530,545,532,-1,532,545,544,-1,532,544,534,-1,534,544,543,-1,534,543,536,-1,548,549,550,-1,550,549,551,-1,552,553,554,-1,554,553,555,-1,554,555,556,-1,556,555,557,-1,556,557,558,-1,558,557,559,-1,558,559,552,-1,552,559,553,-1,555,553,560,-1,560,553,561,-1,557,555,562,-1,562,555,560,-1,559,557,563,-1,563,557,562,-1,561,553,563,-1,563,553,559,-1,564,565,566,-1,566,565,567,-1,568,569,570,-1,570,569,571,-1,572,569,573,-1,573,569,568,-1,574,575,573,-1,573,575,572,-1,570,571,574,-1,574,571,575,-1,575,571,576,-1,575,576,577,-1,577,576,578,-1,577,578,579,-1,579,578,580,-1,579,580,581,-1,581,580,582,-1,581,582,583,-1,583,582,584,-1,583,584,585,-1,585,584,586,-1,585,586,587,-1,587,588,585,-1,585,588,589,-1,572,575,590,-1,590,575,577,-1,590,577,591,-1,591,577,579,-1,591,579,592,-1,592,579,581,-1,592,581,589,-1,589,581,583,-1,589,583,585,-1,588,593,589,-1,589,593,594,-1,589,594,592,-1,592,594,595,-1,592,595,591,-1,591,595,596,-1,591,596,590,-1,590,596,597,-1,590,597,572,-1,572,597,569,-1,571,569,576,-1,576,569,597,-1,576,597,578,-1,578,597,596,-1,578,596,580,-1,580,596,595,-1,580,595,582,-1,582,595,594,-1,582,594,584,-1,584,594,593,-1,584,593,586,-1,598,599,600,-1,600,599,601,-1,602,603,604,-1,604,603,605,-1,604,605,606,-1,606,605,607,-1,606,607,608,-1,608,607,609,-1,608,609,602,-1,602,609,603,-1,605,603,610,-1,610,603,611,-1,607,605,612,-1,612,605,610,-1,609,607,613,-1,613,607,612,-1,611,603,613,-1,613,603,609,-1,614,615,616,-1,616,615,617,-1,618,619,620,-1,620,619,621,-1,622,619,623,-1,623,619,618,-1,624,625,623,-1,623,625,622,-1,620,621,624,-1,624,621,625,-1,625,621,626,-1,625,626,627,-1,627,626,628,-1,627,628,629,-1,629,628,630,-1,629,630,631,-1,631,630,632,-1,631,632,633,-1,633,632,634,-1,633,634,635,-1,635,634,636,-1,635,636,637,-1,637,638,635,-1,635,638,639,-1,622,625,640,-1,640,625,627,-1,640,627,641,-1,641,627,629,-1,641,629,642,-1,642,629,631,-1,642,631,639,-1,639,631,633,-1,639,633,635,-1,638,643,639,-1,639,643,644,-1,639,644,642,-1,642,644,645,-1,642,645,641,-1,641,645,646,-1,641,646,640,-1,640,646,647,-1,640,647,622,-1,622,647,619,-1,621,619,626,-1,626,619,647,-1,626,647,628,-1,628,647,646,-1,628,646,630,-1,630,646,645,-1,630,645,632,-1,632,645,644,-1,632,644,634,-1,634,644,643,-1,634,643,636,-1,648,649,650,-1,650,649,651,-1,652,653,654,-1,654,653,655,-1,654,655,656,-1,656,655,657,-1,656,657,658,-1,658,657,659,-1,658,659,652,-1,652,659,653,-1,655,653,660,-1,660,653,661,-1,657,655,662,-1,662,655,660,-1,659,657,663,-1,663,657,662,-1,661,653,663,-1,663,653,659,-1,123,118,664,-1,664,118,665,-1,664,665,666,-1,666,665,667,-1,666,667,668,-1,668,667,669,-1,668,669,670,-1,669,671,670,-1,670,671,672,-1,670,672,673,-1,673,672,674,-1,672,675,674,-1,674,675,676,-1,674,676,677,-1,677,676,678,-1,677,678,679,-1,679,678,117,-1,679,117,115,-1,124,123,664,-1,124,664,680,-1,680,664,666,-1,680,666,681,-1,681,666,682,-1,682,666,668,-1,682,668,683,-1,683,668,670,-1,683,670,684,-1,684,670,673,-1,684,673,685,-1,673,674,685,-1,685,674,677,-1,685,677,686,-1,686,677,679,-1,686,679,687,-1,687,679,115,-1,687,115,114,-1,675,688,676,-1,676,688,689,-1,676,689,678,-1,678,689,116,-1,678,116,117,-1,118,120,665,-1,665,120,690,-1,665,690,667,-1,667,690,691,-1,667,691,669,-1,669,691,692,-1,669,692,671,-1,671,692,693,-1,671,693,672,-1,672,693,694,-1,672,694,675,-1,675,694,695,-1,675,695,688,-1,120,124,680,-1,120,680,690,-1,690,680,681,-1,690,681,691,-1,691,681,692,-1,692,681,682,-1,692,682,693,-1,682,683,693,-1,693,683,684,-1,693,684,694,-1,694,684,695,-1,684,685,695,-1,695,685,686,-1,695,686,688,-1,688,686,687,-1,688,687,689,-1,689,687,114,-1,689,114,116,-1,151,149,696,-1,151,696,697,-1,697,696,698,-1,697,698,699,-1,699,698,700,-1,699,700,701,-1,701,700,702,-1,702,700,703,-1,702,703,704,-1,158,152,705,-1,705,152,706,-1,705,706,707,-1,707,706,708,-1,707,708,709,-1,709,708,710,-1,709,710,704,-1,704,710,711,-1,704,711,702,-1,701,712,699,-1,699,712,713,-1,699,713,697,-1,697,713,150,-1,697,150,151,-1,152,154,706,-1,706,154,714,-1,706,714,708,-1,708,714,715,-1,708,715,710,-1,710,715,716,-1,710,716,711,-1,711,716,717,-1,711,717,702,-1,702,717,718,-1,702,718,701,-1,701,718,719,-1,701,719,712,-1,156,158,720,-1,720,158,705,-1,720,705,721,-1,721,705,707,-1,721,707,722,-1,722,707,709,-1,722,709,723,-1,709,704,723,-1,723,704,703,-1,723,703,724,-1,724,703,725,-1,703,700,725,-1,725,700,698,-1,725,698,726,-1,726,698,696,-1,726,696,727,-1,727,696,149,-1,727,149,148,-1,724,725,719,-1,719,725,726,-1,719,726,712,-1,712,726,727,-1,712,727,713,-1,713,727,148,-1,713,148,150,-1,715,722,716,-1,716,722,723,-1,716,723,717,-1,717,723,724,-1,717,724,718,-1,718,724,719,-1,154,156,714,-1,714,156,720,-1,714,720,715,-1,715,720,721,-1,715,721,722,-1,728,729,730,-1,730,729,731,-1,730,731,732,-1,732,731,733,-1,732,733,734,-1,734,733,735,-1,734,735,736,-1,736,735,737,-1,736,737,738,-1,738,737,173,-1,738,173,168,-1,730,739,728,-1,728,739,740,-1,728,740,741,-1,741,740,742,-1,741,742,743,-1,743,742,167,-1,743,167,165,-1,174,173,737,-1,174,737,744,-1,744,737,735,-1,744,735,745,-1,745,735,746,-1,746,735,733,-1,746,733,747,-1,747,733,731,-1,747,731,748,-1,748,731,729,-1,748,729,749,-1,729,728,749,-1,749,728,741,-1,749,741,750,-1,750,741,743,-1,750,743,751,-1,751,743,165,-1,751,165,164,-1,166,167,742,-1,166,742,752,-1,752,742,740,-1,752,740,753,-1,753,740,739,-1,753,739,754,-1,754,739,755,-1,755,739,730,-1,755,730,732,-1,168,170,738,-1,738,170,756,-1,738,756,736,-1,736,756,757,-1,736,757,734,-1,734,757,758,-1,734,758,732,-1,732,758,759,-1,732,759,755,-1,754,755,748,-1,748,755,759,-1,748,759,747,-1,747,759,758,-1,747,758,746,-1,746,758,757,-1,746,757,745,-1,745,757,756,-1,745,756,744,-1,744,756,170,-1,744,170,174,-1,748,749,754,-1,754,749,750,-1,754,750,753,-1,753,750,751,-1,753,751,752,-1,752,751,164,-1,752,164,166,-1,760,761,762,-1,762,761,763,-1,762,763,764,-1,764,763,201,-1,764,201,199,-1,208,202,765,-1,765,202,766,-1,765,766,767,-1,767,766,768,-1,767,768,769,-1,769,768,770,-1,769,770,771,-1,771,770,772,-1,771,772,773,-1,773,772,774,-1,773,774,760,-1,760,774,775,-1,760,775,761,-1,200,201,763,-1,200,763,776,-1,776,763,761,-1,776,761,777,-1,777,761,775,-1,777,775,778,-1,778,775,779,-1,779,775,774,-1,779,774,772,-1,202,204,766,-1,766,204,780,-1,766,780,768,-1,768,780,781,-1,768,781,770,-1,770,781,782,-1,770,782,772,-1,772,782,783,-1,772,783,779,-1,206,208,765,-1,206,765,784,-1,784,765,767,-1,784,767,785,-1,785,767,769,-1,785,769,786,-1,786,769,771,-1,786,771,787,-1,787,771,788,-1,788,771,773,-1,788,773,789,-1,773,760,789,-1,789,760,762,-1,789,762,790,-1,790,762,764,-1,790,764,791,-1,791,764,199,-1,791,199,198,-1,778,790,777,-1,777,790,791,-1,777,791,776,-1,776,791,198,-1,776,198,200,-1,204,206,780,-1,780,206,784,-1,780,784,781,-1,781,784,785,-1,781,785,782,-1,782,785,786,-1,782,786,783,-1,783,786,787,-1,783,787,779,-1,779,787,788,-1,779,788,778,-1,778,788,789,-1,778,789,790,-1,792,793,794,-1,794,793,795,-1,794,795,796,-1,796,795,797,-1,796,797,798,-1,798,797,799,-1,798,799,800,-1,800,799,801,-1,800,801,802,-1,802,801,223,-1,802,223,218,-1,794,803,792,-1,792,803,804,-1,792,804,805,-1,805,804,806,-1,805,806,807,-1,807,806,217,-1,807,217,215,-1,224,223,801,-1,224,801,808,-1,808,801,799,-1,808,799,809,-1,809,799,810,-1,810,799,797,-1,810,797,811,-1,811,797,795,-1,811,795,812,-1,812,795,793,-1,812,793,813,-1,793,792,813,-1,813,792,805,-1,813,805,814,-1,814,805,807,-1,814,807,815,-1,815,807,215,-1,815,215,214,-1,216,217,806,-1,216,806,816,-1,816,806,804,-1,816,804,817,-1,817,804,803,-1,817,803,818,-1,818,803,819,-1,819,803,794,-1,819,794,796,-1,218,220,802,-1,802,220,820,-1,802,820,800,-1,800,820,821,-1,800,821,798,-1,798,821,822,-1,798,822,796,-1,796,822,823,-1,796,823,819,-1,818,819,812,-1,812,819,823,-1,812,823,811,-1,811,823,822,-1,811,822,810,-1,810,822,821,-1,810,821,809,-1,809,821,820,-1,809,820,808,-1,808,820,220,-1,808,220,224,-1,812,813,818,-1,818,813,814,-1,818,814,817,-1,817,814,815,-1,817,815,816,-1,816,815,214,-1,816,214,216,-1,824,825,826,-1,826,825,827,-1,826,827,828,-1,828,827,251,-1,828,251,249,-1,258,252,829,-1,829,252,830,-1,829,830,831,-1,831,830,832,-1,831,832,833,-1,833,832,834,-1,833,834,835,-1,835,834,836,-1,835,836,837,-1,837,836,838,-1,837,838,824,-1,824,838,839,-1,824,839,825,-1,250,251,827,-1,250,827,840,-1,840,827,825,-1,840,825,841,-1,841,825,839,-1,841,839,842,-1,842,839,843,-1,843,839,838,-1,843,838,836,-1,252,254,830,-1,830,254,844,-1,830,844,832,-1,832,844,845,-1,832,845,834,-1,834,845,846,-1,834,846,836,-1,836,846,847,-1,836,847,843,-1,256,258,829,-1,256,829,848,-1,848,829,831,-1,848,831,849,-1,849,831,833,-1,849,833,850,-1,850,833,835,-1,850,835,851,-1,851,835,852,-1,852,835,837,-1,852,837,853,-1,837,824,853,-1,853,824,826,-1,853,826,854,-1,854,826,828,-1,854,828,855,-1,855,828,249,-1,855,249,248,-1,842,854,841,-1,841,854,855,-1,841,855,840,-1,840,855,248,-1,840,248,250,-1,254,256,844,-1,844,256,848,-1,844,848,845,-1,845,848,849,-1,845,849,846,-1,846,849,850,-1,846,850,847,-1,847,850,851,-1,847,851,843,-1,843,851,852,-1,843,852,842,-1,842,852,853,-1,842,853,854,-1,856,857,858,-1,858,857,859,-1,858,859,860,-1,860,859,861,-1,860,861,862,-1,862,861,863,-1,862,863,864,-1,864,863,865,-1,864,865,866,-1,866,865,273,-1,866,273,268,-1,858,867,856,-1,856,867,868,-1,856,868,869,-1,869,868,870,-1,869,870,871,-1,871,870,267,-1,871,267,265,-1,872,873,857,-1,857,873,874,-1,857,874,859,-1,859,874,875,-1,859,875,861,-1,861,875,876,-1,861,876,863,-1,863,876,877,-1,863,877,865,-1,865,877,274,-1,865,274,273,-1,857,856,872,-1,872,856,869,-1,872,869,878,-1,878,869,871,-1,878,871,879,-1,879,871,265,-1,879,265,264,-1,266,267,870,-1,266,870,880,-1,880,870,868,-1,880,868,881,-1,881,868,867,-1,881,867,882,-1,882,867,883,-1,883,867,858,-1,883,858,884,-1,884,858,860,-1,884,860,885,-1,885,860,862,-1,885,862,886,-1,862,864,886,-1,886,864,866,-1,886,866,887,-1,887,866,268,-1,887,268,270,-1,270,274,887,-1,887,274,877,-1,887,877,886,-1,877,876,886,-1,886,876,875,-1,886,875,885,-1,885,875,874,-1,885,874,884,-1,884,874,873,-1,884,873,883,-1,883,873,882,-1,873,872,882,-1,882,872,878,-1,882,878,881,-1,881,878,879,-1,881,879,880,-1,880,879,264,-1,880,264,266,-1,888,889,890,-1,890,889,891,-1,890,891,892,-1,892,891,893,-1,892,893,894,-1,894,893,301,-1,894,301,299,-1,895,896,897,-1,897,896,898,-1,897,898,899,-1,899,898,888,-1,899,888,900,-1,900,888,890,-1,308,302,901,-1,901,302,902,-1,901,902,895,-1,895,902,903,-1,895,903,896,-1,889,904,891,-1,891,904,905,-1,891,905,893,-1,893,905,300,-1,893,300,301,-1,302,304,902,-1,902,304,906,-1,902,906,903,-1,903,906,907,-1,903,907,896,-1,896,907,908,-1,896,908,898,-1,898,908,909,-1,898,909,888,-1,888,909,910,-1,888,910,889,-1,889,910,911,-1,889,911,904,-1,306,308,901,-1,306,901,912,-1,912,901,895,-1,912,895,913,-1,913,895,914,-1,914,895,897,-1,914,897,915,-1,897,899,915,-1,915,899,900,-1,915,900,916,-1,916,900,917,-1,900,890,917,-1,917,890,892,-1,917,892,918,-1,918,892,894,-1,918,894,919,-1,919,894,299,-1,919,299,298,-1,911,918,904,-1,904,918,919,-1,904,919,905,-1,905,919,298,-1,905,298,300,-1,304,306,906,-1,906,306,912,-1,906,912,907,-1,907,912,913,-1,907,913,908,-1,908,913,914,-1,908,914,909,-1,909,914,915,-1,909,915,910,-1,910,915,916,-1,910,916,911,-1,911,916,917,-1,911,917,918,-1,323,318,920,-1,920,318,921,-1,920,921,922,-1,921,923,922,-1,922,923,924,-1,922,924,925,-1,925,924,926,-1,925,926,927,-1,927,926,928,-1,927,928,929,-1,929,928,930,-1,928,931,930,-1,930,931,932,-1,930,932,933,-1,933,932,934,-1,933,934,935,-1,935,934,317,-1,935,317,315,-1,324,323,920,-1,324,920,936,-1,936,920,922,-1,936,922,937,-1,937,922,925,-1,937,925,938,-1,938,925,927,-1,938,927,939,-1,939,927,940,-1,940,927,929,-1,940,929,941,-1,929,930,941,-1,941,930,933,-1,941,933,942,-1,942,933,935,-1,942,935,943,-1,943,935,315,-1,943,315,314,-1,316,317,934,-1,316,934,944,-1,944,934,932,-1,944,932,945,-1,945,932,931,-1,945,931,946,-1,946,931,947,-1,947,931,928,-1,947,928,948,-1,948,928,926,-1,948,926,949,-1,949,926,924,-1,949,924,950,-1,924,923,950,-1,950,923,921,-1,950,921,951,-1,951,921,318,-1,951,318,320,-1,320,324,936,-1,320,936,951,-1,951,936,937,-1,951,937,950,-1,950,937,938,-1,950,938,949,-1,949,938,939,-1,949,939,948,-1,948,939,947,-1,947,939,940,-1,947,940,946,-1,940,941,946,-1,946,941,942,-1,946,942,945,-1,945,942,943,-1,945,943,944,-1,944,943,314,-1,944,314,316,-1,952,953,954,-1,954,953,955,-1,954,955,956,-1,956,955,957,-1,956,957,958,-1,958,957,351,-1,958,351,349,-1,959,960,961,-1,961,960,962,-1,961,962,963,-1,963,962,952,-1,963,952,964,-1,964,952,954,-1,358,352,965,-1,965,352,966,-1,965,966,959,-1,959,966,967,-1,959,967,960,-1,350,351,957,-1,350,957,968,-1,968,957,955,-1,968,955,969,-1,969,955,953,-1,969,953,970,-1,970,953,971,-1,971,953,952,-1,971,952,972,-1,967,973,960,-1,960,973,972,-1,960,972,962,-1,962,972,952,-1,352,354,966,-1,966,354,974,-1,966,974,967,-1,967,974,975,-1,967,975,973,-1,356,358,965,-1,356,965,976,-1,976,965,959,-1,976,959,977,-1,977,959,978,-1,978,959,961,-1,978,961,979,-1,979,961,963,-1,979,963,980,-1,980,963,964,-1,980,964,981,-1,964,954,981,-1,981,954,956,-1,981,956,982,-1,982,956,958,-1,982,958,983,-1,983,958,349,-1,983,349,348,-1,348,350,968,-1,348,968,983,-1,983,968,969,-1,983,969,982,-1,982,969,970,-1,982,970,981,-1,981,970,980,-1,980,970,971,-1,980,971,979,-1,971,972,979,-1,979,972,973,-1,979,973,978,-1,978,973,975,-1,978,975,977,-1,977,975,974,-1,977,974,976,-1,976,974,354,-1,976,354,356,-1,373,368,984,-1,373,984,985,-1,985,984,986,-1,985,986,987,-1,987,986,988,-1,988,986,989,-1,988,989,990,-1,990,989,991,-1,990,991,992,-1,992,991,993,-1,992,993,994,-1,993,995,994,-1,994,995,996,-1,994,996,997,-1,997,996,998,-1,997,998,999,-1,999,998,367,-1,999,367,365,-1,1000,1001,992,-1,992,1001,1002,-1,992,1002,990,-1,990,1002,1003,-1,990,1003,988,-1,988,1003,1004,-1,988,1004,987,-1,987,1004,1005,-1,987,1005,985,-1,985,1005,374,-1,985,374,373,-1,992,994,1000,-1,1000,994,997,-1,1000,997,1006,-1,1006,997,999,-1,1006,999,1007,-1,1007,999,365,-1,1007,365,364,-1,366,367,998,-1,366,998,1008,-1,1008,998,996,-1,1008,996,1009,-1,1009,996,995,-1,1009,995,1010,-1,1010,995,1011,-1,1011,995,993,-1,1011,993,991,-1,368,370,984,-1,984,370,1012,-1,984,1012,986,-1,986,1012,1013,-1,986,1013,989,-1,989,1013,1014,-1,989,1014,991,-1,991,1014,1015,-1,991,1015,1011,-1,370,374,1012,-1,1012,374,1005,-1,1012,1005,1013,-1,1013,1005,1004,-1,1013,1004,1014,-1,1014,1004,1003,-1,1014,1003,1015,-1,1003,1002,1015,-1,1015,1002,1001,-1,1015,1001,1011,-1,1011,1001,1010,-1,1001,1000,1010,-1,1010,1000,1006,-1,1010,1006,1009,-1,1009,1006,1007,-1,1009,1007,1008,-1,1008,1007,364,-1,1008,364,366,-1,401,399,1016,-1,401,1016,1017,-1,1017,1016,1018,-1,1017,1018,1019,-1,1019,1018,1020,-1,1019,1020,1021,-1,1021,1020,1022,-1,1022,1020,1023,-1,1022,1023,1024,-1,408,402,1025,-1,1025,402,1026,-1,1025,1026,1027,-1,1027,1026,1028,-1,1027,1028,1029,-1,1029,1028,1030,-1,1029,1030,1024,-1,1024,1030,1031,-1,1024,1031,1022,-1,400,401,1017,-1,400,1017,1032,-1,1032,1017,1019,-1,1032,1019,1033,-1,1033,1019,1021,-1,1033,1021,1034,-1,1034,1021,1035,-1,1035,1021,1022,-1,1035,1022,1031,-1,402,404,1026,-1,1026,404,1036,-1,1026,1036,1028,-1,1028,1036,1037,-1,1028,1037,1030,-1,1030,1037,1038,-1,1030,1038,1031,-1,1031,1038,1039,-1,1031,1039,1035,-1,406,408,1025,-1,406,1025,1040,-1,1040,1025,1027,-1,1040,1027,1041,-1,1041,1027,1042,-1,1042,1027,1029,-1,1042,1029,1043,-1,1043,1029,1024,-1,1043,1024,1044,-1,1044,1024,1023,-1,1044,1023,1045,-1,1023,1020,1045,-1,1045,1020,1018,-1,1045,1018,1046,-1,1046,1018,1016,-1,1046,1016,1047,-1,1047,1016,399,-1,1047,399,398,-1,1034,1046,1033,-1,1033,1046,1047,-1,1033,1047,1032,-1,1032,1047,398,-1,1032,398,400,-1,404,406,1036,-1,1036,406,1040,-1,1036,1040,1037,-1,1037,1040,1041,-1,1037,1041,1038,-1,1038,1041,1042,-1,1038,1042,1039,-1,1039,1042,1043,-1,1039,1043,1035,-1,1035,1043,1044,-1,1035,1044,1034,-1,1034,1044,1045,-1,1034,1045,1046,-1,1048,1049,1050,-1,1050,1049,1051,-1,1050,1051,1052,-1,1052,1051,1053,-1,1052,1053,1054,-1,1054,1053,1055,-1,1054,1055,1056,-1,1056,1055,1057,-1,1056,1057,1058,-1,1058,1057,423,-1,1058,423,418,-1,1050,1059,1048,-1,1048,1059,1060,-1,1048,1060,1061,-1,1061,1060,1062,-1,1061,1062,1063,-1,1063,1062,417,-1,1063,417,415,-1,1064,1065,1049,-1,1049,1065,1066,-1,1049,1066,1051,-1,1051,1066,1067,-1,1051,1067,1053,-1,1053,1067,1068,-1,1053,1068,1055,-1,1055,1068,1069,-1,1055,1069,1057,-1,1057,1069,424,-1,1057,424,423,-1,1049,1048,1064,-1,1064,1048,1061,-1,1064,1061,1070,-1,1070,1061,1063,-1,1070,1063,1071,-1,1071,1063,415,-1,1071,415,414,-1,416,417,1062,-1,416,1062,1072,-1,1072,1062,1060,-1,1072,1060,1073,-1,1073,1060,1059,-1,1073,1059,1074,-1,1074,1059,1075,-1,1075,1059,1050,-1,1075,1050,1076,-1,1076,1050,1052,-1,1076,1052,1077,-1,1077,1052,1054,-1,1077,1054,1078,-1,1054,1056,1078,-1,1078,1056,1058,-1,1078,1058,1079,-1,1079,1058,418,-1,1079,418,420,-1,420,424,1079,-1,1079,424,1069,-1,1079,1069,1078,-1,1069,1068,1078,-1,1078,1068,1067,-1,1078,1067,1077,-1,1077,1067,1066,-1,1077,1066,1076,-1,1076,1066,1065,-1,1076,1065,1075,-1,1075,1065,1074,-1,1065,1064,1074,-1,1074,1064,1070,-1,1074,1070,1073,-1,1073,1070,1071,-1,1073,1071,1072,-1,1072,1071,414,-1,1072,414,416,-1,1080,1081,1082,-1,1082,1081,1083,-1,1082,1083,1084,-1,1084,1083,1085,-1,1084,1085,1086,-1,1086,1085,451,-1,1086,451,449,-1,1087,1088,1089,-1,1089,1088,1090,-1,1089,1090,1091,-1,1091,1090,1080,-1,1091,1080,1092,-1,1092,1080,1082,-1,458,452,1093,-1,1093,452,1094,-1,1093,1094,1087,-1,1087,1094,1095,-1,1087,1095,1088,-1,1081,1096,1083,-1,1083,1096,1097,-1,1083,1097,1085,-1,1085,1097,450,-1,1085,450,451,-1,452,454,1094,-1,1094,454,1098,-1,1094,1098,1095,-1,1095,1098,1099,-1,1095,1099,1088,-1,1088,1099,1100,-1,1088,1100,1090,-1,1090,1100,1101,-1,1090,1101,1080,-1,1080,1101,1102,-1,1080,1102,1081,-1,1081,1102,1103,-1,1081,1103,1096,-1,456,458,1093,-1,456,1093,1104,-1,1104,1093,1087,-1,1104,1087,1105,-1,1105,1087,1106,-1,1106,1087,1089,-1,1106,1089,1107,-1,1089,1091,1107,-1,1107,1091,1092,-1,1107,1092,1108,-1,1108,1092,1109,-1,1092,1082,1109,-1,1109,1082,1084,-1,1109,1084,1110,-1,1110,1084,1086,-1,1110,1086,1111,-1,1111,1086,449,-1,1111,449,448,-1,1103,1110,1096,-1,1096,1110,1111,-1,1096,1111,1097,-1,1097,1111,448,-1,1097,448,450,-1,454,456,1098,-1,1098,456,1104,-1,1098,1104,1099,-1,1099,1104,1105,-1,1099,1105,1100,-1,1100,1105,1106,-1,1100,1106,1101,-1,1101,1106,1107,-1,1101,1107,1102,-1,1102,1107,1108,-1,1102,1108,1103,-1,1103,1108,1109,-1,1103,1109,1110,-1,1112,1113,1114,-1,1114,1113,1115,-1,1114,1115,1116,-1,1116,1115,1117,-1,1116,1117,1118,-1,1118,1117,1119,-1,1118,1119,1120,-1,1120,1119,1121,-1,1120,1121,1122,-1,1122,1121,473,-1,1122,473,468,-1,1114,1123,1112,-1,1112,1123,1124,-1,1112,1124,1125,-1,1125,1124,1126,-1,1125,1126,1127,-1,1127,1126,467,-1,1127,467,465,-1,474,473,1121,-1,474,1121,1128,-1,1128,1121,1119,-1,1128,1119,1129,-1,1129,1119,1130,-1,1130,1119,1117,-1,1130,1117,1131,-1,1131,1117,1115,-1,1131,1115,1132,-1,1132,1115,1113,-1,1132,1113,1133,-1,1113,1112,1133,-1,1133,1112,1125,-1,1133,1125,1134,-1,1134,1125,1127,-1,1134,1127,1135,-1,1135,1127,465,-1,1135,465,464,-1,466,467,1126,-1,466,1126,1136,-1,1136,1126,1124,-1,1136,1124,1137,-1,1137,1124,1123,-1,1137,1123,1138,-1,1138,1123,1139,-1,1139,1123,1114,-1,1139,1114,1116,-1,468,470,1122,-1,1122,470,1140,-1,1122,1140,1120,-1,1120,1140,1141,-1,1120,1141,1118,-1,1118,1141,1142,-1,1118,1142,1116,-1,1116,1142,1143,-1,1116,1143,1139,-1,1138,1139,1132,-1,1132,1139,1143,-1,1132,1143,1131,-1,1131,1143,1142,-1,1131,1142,1130,-1,1130,1142,1141,-1,1130,1141,1129,-1,1129,1141,1140,-1,1129,1140,1128,-1,1128,1140,470,-1,1128,470,474,-1,1132,1133,1138,-1,1138,1133,1134,-1,1138,1134,1137,-1,1137,1134,1135,-1,1137,1135,1136,-1,1136,1135,464,-1,1136,464,466,-1,1144,1145,1146,-1,1146,1145,1147,-1,1146,1147,1148,-1,1148,1147,501,-1,1148,501,499,-1,508,502,1149,-1,1149,502,1150,-1,1149,1150,1151,-1,1151,1150,1152,-1,1151,1152,1153,-1,1153,1152,1154,-1,1153,1154,1155,-1,1155,1154,1156,-1,1155,1156,1157,-1,1157,1156,1158,-1,1157,1158,1144,-1,1144,1158,1159,-1,1144,1159,1145,-1,500,501,1147,-1,500,1147,1160,-1,1160,1147,1145,-1,1160,1145,1161,-1,1161,1145,1159,-1,1161,1159,1162,-1,1162,1159,1163,-1,1163,1159,1158,-1,1163,1158,1156,-1,502,504,1150,-1,1150,504,1164,-1,1150,1164,1152,-1,1152,1164,1165,-1,1152,1165,1154,-1,1154,1165,1166,-1,1154,1166,1156,-1,1156,1166,1167,-1,1156,1167,1163,-1,506,508,1149,-1,506,1149,1168,-1,1168,1149,1151,-1,1168,1151,1169,-1,1169,1151,1153,-1,1169,1153,1170,-1,1170,1153,1155,-1,1170,1155,1171,-1,1171,1155,1172,-1,1172,1155,1157,-1,1172,1157,1173,-1,1157,1144,1173,-1,1173,1144,1146,-1,1173,1146,1174,-1,1174,1146,1148,-1,1174,1148,1175,-1,1175,1148,499,-1,1175,499,498,-1,1162,1174,1161,-1,1161,1174,1175,-1,1161,1175,1160,-1,1160,1175,498,-1,1160,498,500,-1,504,506,1164,-1,1164,506,1168,-1,1164,1168,1165,-1,1165,1168,1169,-1,1165,1169,1166,-1,1166,1169,1170,-1,1166,1170,1167,-1,1167,1170,1171,-1,1167,1171,1163,-1,1163,1171,1172,-1,1163,1172,1162,-1,1162,1172,1173,-1,1162,1173,1174,-1,1176,1177,1178,-1,1178,1177,1179,-1,1178,1179,1180,-1,1180,1179,1181,-1,1180,1181,1182,-1,1182,1181,1183,-1,1182,1183,1184,-1,1184,1183,1185,-1,1184,1185,1186,-1,1186,1185,523,-1,1186,523,518,-1,1178,1187,1176,-1,1176,1187,1188,-1,1176,1188,1189,-1,1189,1188,1190,-1,1189,1190,1191,-1,1191,1190,517,-1,1191,517,515,-1,524,523,1185,-1,524,1185,1192,-1,1192,1185,1183,-1,1192,1183,1193,-1,1193,1183,1194,-1,1194,1183,1181,-1,1194,1181,1195,-1,1195,1181,1179,-1,1195,1179,1196,-1,1196,1179,1177,-1,1196,1177,1197,-1,1177,1176,1197,-1,1197,1176,1189,-1,1197,1189,1198,-1,1198,1189,1191,-1,1198,1191,1199,-1,1199,1191,515,-1,1199,515,514,-1,516,517,1190,-1,516,1190,1200,-1,1200,1190,1188,-1,1200,1188,1201,-1,1201,1188,1187,-1,1201,1187,1202,-1,1202,1187,1203,-1,1203,1187,1178,-1,1203,1178,1180,-1,518,520,1186,-1,1186,520,1204,-1,1186,1204,1184,-1,1184,1204,1205,-1,1184,1205,1182,-1,1182,1205,1206,-1,1182,1206,1180,-1,1180,1206,1207,-1,1180,1207,1203,-1,1202,1203,1196,-1,1196,1203,1207,-1,1196,1207,1195,-1,1195,1207,1206,-1,1195,1206,1194,-1,1194,1206,1205,-1,1194,1205,1193,-1,1193,1205,1204,-1,1193,1204,1192,-1,1192,1204,520,-1,1192,520,524,-1,1196,1197,1202,-1,1202,1197,1198,-1,1202,1198,1201,-1,1201,1198,1199,-1,1201,1199,1200,-1,1200,1199,514,-1,1200,514,516,-1,1208,1209,1210,-1,1210,1209,1211,-1,1210,1211,1212,-1,1212,1211,551,-1,1212,551,549,-1,558,552,1213,-1,1213,552,1214,-1,1213,1214,1215,-1,1215,1214,1216,-1,1215,1216,1217,-1,1217,1216,1218,-1,1217,1218,1219,-1,1219,1218,1220,-1,1219,1220,1221,-1,1221,1220,1222,-1,1221,1222,1208,-1,1208,1222,1223,-1,1208,1223,1209,-1,550,551,1211,-1,550,1211,1224,-1,1224,1211,1209,-1,1224,1209,1225,-1,1225,1209,1223,-1,1225,1223,1226,-1,1226,1223,1227,-1,1227,1223,1222,-1,1227,1222,1220,-1,552,554,1214,-1,1214,554,1228,-1,1214,1228,1216,-1,1216,1228,1229,-1,1216,1229,1218,-1,1218,1229,1230,-1,1218,1230,1220,-1,1220,1230,1231,-1,1220,1231,1227,-1,556,558,1213,-1,556,1213,1232,-1,1232,1213,1215,-1,1232,1215,1233,-1,1233,1215,1217,-1,1233,1217,1234,-1,1234,1217,1219,-1,1234,1219,1235,-1,1235,1219,1236,-1,1236,1219,1221,-1,1236,1221,1237,-1,1221,1208,1237,-1,1237,1208,1210,-1,1237,1210,1238,-1,1238,1210,1212,-1,1238,1212,1239,-1,1239,1212,549,-1,1239,549,548,-1,1226,1238,1225,-1,1225,1238,1239,-1,1225,1239,1224,-1,1224,1239,548,-1,1224,548,550,-1,554,556,1228,-1,1228,556,1232,-1,1228,1232,1229,-1,1229,1232,1233,-1,1229,1233,1230,-1,1230,1233,1234,-1,1230,1234,1231,-1,1231,1234,1235,-1,1231,1235,1227,-1,1227,1235,1236,-1,1227,1236,1226,-1,1226,1236,1237,-1,1226,1237,1238,-1,1240,1241,1242,-1,1242,1241,1243,-1,1242,1243,1244,-1,1244,1243,1245,-1,1244,1245,1246,-1,1246,1245,1247,-1,1246,1247,1248,-1,1248,1247,1249,-1,1248,1249,1250,-1,1250,1249,573,-1,1250,573,568,-1,1242,1251,1240,-1,1240,1251,1252,-1,1240,1252,1253,-1,1253,1252,1254,-1,1253,1254,1255,-1,1255,1254,567,-1,1255,567,565,-1,574,573,1249,-1,574,1249,1256,-1,1256,1249,1247,-1,1256,1247,1257,-1,1257,1247,1258,-1,1258,1247,1245,-1,1258,1245,1259,-1,1259,1245,1243,-1,1259,1243,1260,-1,1260,1243,1241,-1,1260,1241,1261,-1,1241,1240,1261,-1,1261,1240,1253,-1,1261,1253,1262,-1,1262,1253,1255,-1,1262,1255,1263,-1,1263,1255,565,-1,1263,565,564,-1,566,567,1254,-1,566,1254,1264,-1,1264,1254,1252,-1,1264,1252,1265,-1,1265,1252,1251,-1,1265,1251,1266,-1,1266,1251,1267,-1,1267,1251,1242,-1,1267,1242,1268,-1,1248,1269,1246,-1,1246,1269,1268,-1,1246,1268,1244,-1,1244,1268,1242,-1,568,570,1250,-1,1250,570,1270,-1,1250,1270,1248,-1,1248,1270,1271,-1,1248,1271,1269,-1,570,574,1256,-1,570,1256,1270,-1,1270,1256,1257,-1,1270,1257,1271,-1,1271,1257,1269,-1,1269,1257,1258,-1,1269,1258,1268,-1,1258,1259,1268,-1,1268,1259,1260,-1,1268,1260,1267,-1,1267,1260,1266,-1,1260,1261,1266,-1,1266,1261,1262,-1,1266,1262,1265,-1,1265,1262,1263,-1,1265,1263,1264,-1,1264,1263,564,-1,1264,564,566,-1,601,599,1272,-1,601,1272,1273,-1,1273,1272,1274,-1,1273,1274,1275,-1,1275,1274,1276,-1,1275,1276,1277,-1,1277,1276,1278,-1,1278,1276,1279,-1,1278,1279,1280,-1,608,602,1281,-1,1281,602,1282,-1,1281,1282,1283,-1,1283,1282,1284,-1,1283,1284,1285,-1,1285,1284,1286,-1,1285,1286,1280,-1,1280,1286,1287,-1,1280,1287,1278,-1,1277,1288,1275,-1,1275,1288,1289,-1,1275,1289,1273,-1,1273,1289,600,-1,1273,600,601,-1,602,604,1282,-1,1282,604,1290,-1,1282,1290,1284,-1,1284,1290,1291,-1,1284,1291,1286,-1,1286,1291,1292,-1,1286,1292,1287,-1,1287,1292,1293,-1,1287,1293,1278,-1,1278,1293,1294,-1,1278,1294,1277,-1,1277,1294,1295,-1,1277,1295,1288,-1,606,608,1296,-1,1296,608,1281,-1,1296,1281,1297,-1,1297,1281,1283,-1,1297,1283,1298,-1,1298,1283,1285,-1,1298,1285,1299,-1,1285,1280,1299,-1,1299,1280,1279,-1,1299,1279,1300,-1,1300,1279,1301,-1,1279,1276,1301,-1,1301,1276,1274,-1,1301,1274,1302,-1,1302,1274,1272,-1,1302,1272,1303,-1,1303,1272,599,-1,1303,599,598,-1,1300,1301,1295,-1,1295,1301,1302,-1,1295,1302,1288,-1,1288,1302,1303,-1,1288,1303,1289,-1,1289,1303,598,-1,1289,598,600,-1,1291,1298,1292,-1,1292,1298,1299,-1,1292,1299,1293,-1,1293,1299,1300,-1,1293,1300,1294,-1,1294,1300,1295,-1,604,606,1290,-1,1290,606,1296,-1,1290,1296,1291,-1,1291,1296,1297,-1,1291,1297,1298,-1,1304,1305,1306,-1,1306,1305,1307,-1,1306,1307,1308,-1,1308,1307,1309,-1,1308,1309,1310,-1,1310,1309,1311,-1,1310,1311,1312,-1,1312,1311,1313,-1,1312,1313,1314,-1,1314,1313,623,-1,1314,623,618,-1,1306,1315,1304,-1,1304,1315,1316,-1,1304,1316,1317,-1,1317,1316,1318,-1,1317,1318,1319,-1,1319,1318,617,-1,1319,617,615,-1,624,623,1313,-1,624,1313,1320,-1,1320,1313,1311,-1,1320,1311,1321,-1,1321,1311,1322,-1,1322,1311,1309,-1,1322,1309,1323,-1,1323,1309,1307,-1,1323,1307,1324,-1,1324,1307,1305,-1,1324,1305,1325,-1,1305,1304,1325,-1,1325,1304,1317,-1,1325,1317,1326,-1,1326,1317,1319,-1,1326,1319,1327,-1,1327,1319,615,-1,1327,615,614,-1,616,617,1318,-1,616,1318,1328,-1,1328,1318,1316,-1,1328,1316,1329,-1,1329,1316,1315,-1,1329,1315,1330,-1,1330,1315,1331,-1,1331,1315,1306,-1,1331,1306,1332,-1,1312,1333,1310,-1,1310,1333,1332,-1,1310,1332,1308,-1,1308,1332,1306,-1,618,620,1314,-1,1314,620,1334,-1,1314,1334,1312,-1,1312,1334,1335,-1,1312,1335,1333,-1,620,624,1320,-1,620,1320,1334,-1,1334,1320,1321,-1,1334,1321,1335,-1,1335,1321,1333,-1,1333,1321,1322,-1,1333,1322,1332,-1,1322,1323,1332,-1,1332,1323,1324,-1,1332,1324,1331,-1,1331,1324,1330,-1,1324,1325,1330,-1,1330,1325,1326,-1,1330,1326,1329,-1,1329,1326,1327,-1,1329,1327,1328,-1,1328,1327,614,-1,1328,614,616,-1,651,649,1336,-1,651,1336,1337,-1,1337,1336,1338,-1,1337,1338,1339,-1,1339,1338,1340,-1,1339,1340,1341,-1,1341,1340,1342,-1,1342,1340,1343,-1,1342,1343,1344,-1,658,652,1345,-1,1345,652,1346,-1,1345,1346,1347,-1,1347,1346,1348,-1,1347,1348,1349,-1,1349,1348,1350,-1,1349,1350,1344,-1,1344,1350,1351,-1,1344,1351,1342,-1,1341,1352,1339,-1,1339,1352,1353,-1,1339,1353,1337,-1,1337,1353,650,-1,1337,650,651,-1,652,654,1346,-1,1346,654,1354,-1,1346,1354,1348,-1,1348,1354,1355,-1,1348,1355,1350,-1,1350,1355,1356,-1,1350,1356,1351,-1,1351,1356,1357,-1,1351,1357,1342,-1,1342,1357,1358,-1,1342,1358,1341,-1,1341,1358,1359,-1,1341,1359,1352,-1,656,658,1360,-1,1360,658,1345,-1,1360,1345,1361,-1,1361,1345,1347,-1,1361,1347,1362,-1,1362,1347,1349,-1,1362,1349,1363,-1,1349,1344,1363,-1,1363,1344,1343,-1,1363,1343,1364,-1,1364,1343,1365,-1,1343,1340,1365,-1,1365,1340,1338,-1,1365,1338,1366,-1,1366,1338,1336,-1,1366,1336,1367,-1,1367,1336,649,-1,1367,649,648,-1,1364,1365,1359,-1,1359,1365,1366,-1,1359,1366,1352,-1,1352,1366,1367,-1,1352,1367,1353,-1,1353,1367,648,-1,1353,648,650,-1,1355,1362,1356,-1,1356,1362,1363,-1,1356,1363,1357,-1,1357,1363,1364,-1,1357,1364,1358,-1,1358,1364,1359,-1,654,656,1354,-1,1354,656,1360,-1,1354,1360,1355,-1,1355,1360,1361,-1,1355,1361,1362,-1,1368,1369,1370,-1,1370,1369,1371,-1,1372,1373,1374,-1,1374,1373,1375,-1,
        ]
    }
}
Shape{
    appearance Appearance {
        material  Material 	{
            diffuseColor 1.0 1.0 1.0
            specularColor 0.5019607843137255 0.5019607843137255 0.5019607843137255
            ambientIntensity 1.0
            transparency 0.0
            shininess 0.5
        }
    }
    geometry IndexedFaceSet {
        ccw TRUE
        solid FALSE
        coord DEF co Coordinate {
            point [
                -4.7264 -1.8307 0.0, -4.9508 -1.8307 0.0, -4.9508 0.5315 0.0, -4.4902 -1.8307 0.0, -4.4902 -1.6339 0.0, -4.1752 -1.6339 0.0, 4.9466 0.5315 0.0, 4.9466 -1.8307 0.0, 4.7224 -1.8307 0.0, 4.4862 -1.8307 0.0, 4.4862 -1.6339 0.0, 4.1713 -1.6339 0.0, -1.813 -1.6339 0.0, -2.128 -1.6339 0.0, -3.7028 -1.6339 0.0, -3.7028 -1.8307 0.0, -4.1752 -1.8307 0.0, -1.3406 -1.6339 0.0, -1.3406 -1.8307 0.0, -1.813 -1.8307 0.0, 3.3839 -1.6339 0.0, 3.3839 -1.8307 0.0, 2.9114 -1.8307 0.0, 2.9114 -1.6339 0.0, 2.5965 -1.6339 0.0, -2.128 -1.8307 0.0, -2.6004 -1.8307 0.0, -2.6004 -1.6339 0.0, -2.9154 -1.6339 0.0, 3.6988 -1.6339 0.0, 3.6988 -1.8307 0.0, 4.1713 -1.8307 0.0, -3.3878 -1.6339 0.0, -3.3878 -1.8307 0.0, -2.9154 -1.8307 0.0, 1.8091 -1.6339 0.0, 1.8091 -1.8307 0.0, 1.3366 -1.8307 0.0, 1.3366 -1.6339 0.0, 1.0217 -1.6339 0.0, 2.124 -1.6339 0.0, 2.124 -1.8307 0.0, 2.5965 -1.8307 0.0, 0.2343 -1.6339 0.0, 0.2343 -1.8307 0.0, -0.2382 -1.8307 0.0, -0.2382 -1.6339 0.0, -0.5531 -1.6339 0.0, 0.5492 -1.6339 0.0, 0.5492 -1.8307 0.0, 1.0217 -1.8307 0.0, -1.0256 -1.6339 0.0, -1.0256 -1.8307 0.0, -0.5531 -1.8307 0.0, 4.9466 -1.8307 -0.0394, 4.7224 -1.8307 -0.0394, -4.9508 -1.8307 -0.0394, -4.7264 -1.8307 -0.0394, 4.9466 0.5315 -0.0394, -4.9508 0.5315 -0.0394, -5.0558 0.5237 -0.0316, -5.0707 -2.4435 -0.0222, -5.0707 0.5143 -0.0222, -5.0832 -2.431 -0.0097, -5.0832 0.5018 -0.0097, -5.0926 -2.4161 0.0052, -5.0926 0.4869 0.0052, -5.0984 -2.3994 0.0219, -5.0984 0.4703 0.0219, -5.1004 -2.3819 0.0394, -5.1004 0.4528 0.0394, -5.0217 0.5315 -0.0394, -5.0217 -2.4606 -0.0394, -5.0305 0.531 -0.0389, -5.0305 -2.4601 -0.0389, -5.0392 0.5295 -0.0374, -5.0392 -2.4587 -0.0374, -5.0477 0.5271 -0.0349, -5.0477 -2.4562 -0.0349, -5.0558 -2.4528 -0.0316, -5.1004 -2.3819 1.0304, -5.0981 -2.3994 1.0376, -5.0977 -2.4023 1.0388, -5.0921 -2.4158 1.0444, -5.0898 -2.4213 1.0467, -5.0827 -2.4306 1.0505, -5.0773 -2.4376 1.0534, -5.0707 -2.4435 1.0559, -5.0608 -2.4497 1.0585, -5.0558 -2.4528 1.0598, -5.0419 -2.4577 1.0618, -5.0392 -2.4587 1.0622, -5.0217 -2.4606 1.063, -5.0981 0.4702 1.7717, -5.1004 0.4528 1.7717, -5.0977 0.4731 1.7717, -5.0921 0.4867 1.7717, -5.0898 0.4921 1.7717, -5.0827 0.5014 1.7717, -5.0773 0.5084 1.7717, -5.0703 0.5138 1.7717, -5.061 0.5209 1.7717, -5.0556 0.5232 1.7717, -5.042 0.5288 1.7717, -5.0391 0.5292 1.7717, -5.0217 0.5315 1.7717, -5.1004 -1.752 1.6603, -5.0977 -1.7724 1.6687, -5.0898 -1.7913 1.6766, -5.0217 -1.8307 1.6929, -5.0319 -1.83 1.6926, -5.042 -1.828 1.6918, -5.0518 -1.8247 1.6904, -5.061 -1.8202 1.6885, -5.0696 -1.8144 1.6862, -5.0773 -1.8076 1.6834, -5.0413 0.5262 1.792, -5.0597 0.5186 1.792, -5.0754 0.5065 1.792, -5.0875 0.4908 1.792, -5.0951 0.4724 1.792, -5.0977 0.4528 1.792, -5.0875 0.4704 1.811, -5.0898 0.4528 1.811, -5.0754 0.4672 1.8273, -5.0773 0.4528 1.8273, -5.0597 0.4629 1.8398, -5.061 0.4528 1.8398, -5.0413 0.458 1.8477, -5.042 0.4528 1.8477, -5.0217 0.4528 1.8504, -5.0807 0.4868 1.811, -5.0699 0.4806 1.8273, -5.0557 0.4724 1.8398, -5.0393 0.4629 1.8477, -5.0699 0.501 1.811, -5.061 0.4921 1.8273, -5.0495 0.4806 1.8398, -5.0361 0.4672 1.8477, -5.0557 0.5118 1.811, -5.0495 0.501 1.8273, -5.0413 0.4868 1.8398, -5.0318 0.4704 1.8477, -5.0393 0.5186 1.811, -5.0361 0.5065 1.8273, -5.0318 0.4908 1.8398, -5.0269 0.4724 1.8477, -5.0217 0.5288 1.792, -5.0217 0.5209 1.811, -5.0217 0.5084 1.8273, -5.0217 0.4921 1.8398, -5.0217 0.4731 1.8477, -5.0217 -1.8307 1.7717, -5.042 -1.828 1.7717, -5.061 -1.8202 1.7717, -5.0773 -1.8076 1.7717, -5.0898 -1.7913 1.7717, -5.0977 -1.7724 1.7717, -5.1004 -1.752 1.7717, -5.0217 -1.752 1.8504, -5.042 -1.752 1.8477, -5.061 -1.752 1.8398, -5.0773 -1.752 1.8273, -5.0898 -1.752 1.811, -5.0977 -1.752 1.792, -4.5026 0.5315 1.7717, -4.5032 0.5308 1.7819, -4.5086 0.5255 1.8018, -4.5053 0.5288 1.792, -4.5256 0.5084 1.8273, -4.5188 0.5152 1.8196, -4.5131 0.5209 1.811, -4.5419 0.4921 1.8398, -4.5609 0.4731 1.8477, -4.5813 0.4528 1.8504, -5.0217 -1.828 1.792, -5.0413 -1.8254 1.792, -5.0413 -1.7861 1.8398, -5.0318 -1.7696 1.8477, -5.0361 -1.7664 1.8477, -5.0413 -1.7572 1.8477, -5.0269 -1.7717 1.8477, -5.0318 -1.79 1.8398, -5.0361 -1.8058 1.8273, -5.0217 -1.7724 1.8477, -5.0495 -1.7798 1.8398, -5.0393 -1.7622 1.8477, -5.0557 -1.7717 1.8398, -5.0597 -1.7622 1.8398, -5.0217 -1.7913 1.8398, -5.0217 -1.8076 1.8273, -5.0217 -1.8202 1.811, -5.0495 -1.8002 1.8273, -5.061 -1.7913 1.8273, -5.0699 -1.7798 1.8273, -5.0754 -1.7664 1.8273, -5.0393 -1.8178 1.811, -5.0557 -1.811 1.811, -5.0699 -1.8002 1.811, -5.0807 -1.7861 1.811, -5.0875 -1.7696 1.811, -5.0597 -1.8178 1.792, -5.0754 -1.8058 1.792, -5.0875 -1.79 1.792, -5.0951 -1.7717 1.792, -4.5026 -1.5551 1.7717, -4.5032 -1.5558 1.7819, -4.5053 -1.5578 1.792, -4.5086 -1.5611 1.8018, -4.5131 -1.5657 1.811, -4.5188 -1.5714 1.8196, -4.5256 -1.5782 1.8273, -4.5419 -1.5945 1.8398, -4.5609 -1.6135 1.8477, -4.5813 -1.6339 1.8504, 5.0177 -1.752 1.8504, 5.0177 -1.7724 1.8477, 5.0177 -1.7913 1.8398, 5.0177 -1.8076 1.8273, 5.0177 -1.8202 1.811, 5.0177 -1.828 1.792, 5.0177 -1.8307 1.7717, 4.4059 -1.5558 1.7819, 4.4053 -1.5551 1.7717, 3.935 -1.5551 1.7717, 4.4079 -1.5578 1.792, 3.1476 -1.5551 1.7717, 2.3602 -1.5551 1.7717, 1.5728 -1.5551 1.7717, 0.7854 -1.5551 1.7717, -0.002 -1.5551 1.7717, -1.5768 -1.5551 1.7717, -2.3642 -1.5551 1.7717, -3.1516 -1.5551 1.7717, -3.939 -1.5551 1.7717, 4.4158 -1.5657 1.811, 4.4113 -1.5611 1.8018, 4.4283 -1.5782 1.8273, 4.4215 -1.5714 1.8196, 4.4446 -1.5945 1.8398, 4.4636 -1.6135 1.8477, 4.484 -1.6339 1.8504, 5.0965 -1.752 1.6603, 5.0965 -1.752 1.7717, 5.0942 -1.7694 1.7717, 5.0945 -1.7695 1.6676, 5.0938 -1.7724 1.7717, 5.0887 -1.7861 1.6745, 5.0882 -1.7859 1.7717, 5.0859 -1.7913 1.7717, 5.0793 -1.8011 1.6806, 5.0788 -1.8007 1.7717, 5.0734 -1.8076 1.7717, 5.0668 -1.8135 1.6858, 5.0664 -1.813 1.7717, 5.0571 -1.8202 1.7717, 5.0519 -1.8229 1.6897, 5.0517 -1.8224 1.7717, 5.0381 -1.828 1.7717, 5.0352 -1.8287 1.6921, 5.0352 -1.8284 1.7717, 5.0177 -1.8307 1.6929, 5.0374 -1.8254 1.792, 5.0557 -1.8178 1.792, 5.0715 -1.8058 1.792, 5.0836 -1.79 1.792, 5.0912 -1.7717 1.792, 5.0938 -1.752 1.792, 5.0836 -1.7696 1.811, 5.0859 -1.752 1.811, 5.0715 -1.7664 1.8273, 5.0734 -1.752 1.8273, 5.0557 -1.7622 1.8398, 5.0571 -1.752 1.8398, 5.0374 -1.7572 1.8477, 5.0381 -1.752 1.8477, 5.0768 -1.7861 1.811, 5.0659 -1.7798 1.8273, 5.0518 -1.7717 1.8398, 5.0354 -1.7622 1.8477, 5.0659 -1.8002 1.811, 5.0571 -1.7913 1.8273, 5.0456 -1.7798 1.8398, 5.0321 -1.7664 1.8477, 5.0518 -1.811 1.811, 5.0456 -1.8002 1.8273, 5.0374 -1.7861 1.8398, 5.0279 -1.7696 1.8477, 5.0354 -1.8178 1.811, 5.0321 -1.8058 1.8273, 5.0279 -1.79 1.8398, 5.023 -1.7717 1.8477, 4.4283 0.5084 1.8273, 4.4053 0.5315 1.7717, 4.4059 0.5308 1.7819, 4.4079 0.5288 1.792, 4.4113 0.5255 1.8018, 4.4158 0.5209 1.811, 4.4215 0.5152 1.8196, 4.4446 0.4921 1.8398, 4.4636 0.4731 1.8477, 4.484 0.4528 1.8504, 5.0965 -2.3819 1.0304, 5.0945 -2.3994 1.0376, 5.0887 -2.4161 1.0445, 5.0793 -2.431 1.0507, 5.0668 -2.4435 1.0559, 5.0519 -2.4528 1.0598, 5.0352 -2.4587 1.0622, 5.0177 -2.4606 1.063, 5.0177 0.4528 1.8504, 5.0381 0.4528 1.8477, 5.0571 0.4528 1.8398, 5.0734 0.4528 1.8273, 5.0859 0.4528 1.811, 5.0938 0.4528 1.792, 5.0965 0.4528 1.7717, 5.0177 0.4731 1.8477, 5.0177 0.4921 1.8398, 5.0177 0.5084 1.8273, 5.0177 0.5209 1.811, 5.0177 0.5288 1.792, 5.0177 0.5315 1.7717, 5.0965 -2.3819 0.0394, 5.0942 -2.3994 0.0219, 5.0938 -2.4023 0.019, 5.0882 -2.4158 0.0054, 5.0859 -2.4213 0.0, 5.0788 -2.4306 -0.0093, 5.0734 -2.4376 -0.0163, 5.0668 -2.4435 -0.0222, 5.0569 -2.4497 -0.0284, 5.0519 -2.4528 -0.0316, 5.0381 -2.4579 -0.0367, 5.0352 -2.4587 -0.0374, 5.0265 -2.4601 -0.0389, 5.0177 -2.4606 -0.0394, 5.0374 0.5262 1.792, 5.0374 0.4868 1.8398, 5.0279 0.4704 1.8477, 5.0321 0.4672 1.8477, 5.0374 0.458 1.8477, 5.023 0.4724 1.8477, 5.0279 0.4908 1.8398, 5.0321 0.5065 1.8273, 5.0456 0.4806 1.8398, 5.0354 0.4629 1.8477, 5.0518 0.4724 1.8398, 5.0557 0.4629 1.8398, 5.0456 0.501 1.8273, 5.0571 0.4921 1.8273, 5.0659 0.4806 1.8273, 5.0715 0.4672 1.8273, 5.0354 0.5186 1.811, 5.0518 0.5118 1.811, 5.0659 0.501 1.811, 5.0768 0.4868 1.811, 5.0836 0.4704 1.811, 5.0557 0.5186 1.792, 5.0715 0.5065 1.792, 5.0836 0.4908 1.792, 5.0912 0.4724 1.792, 5.0381 0.5288 1.7717, 5.0571 0.5209 1.7717, 5.0734 0.5084 1.7717, 5.0859 0.4921 1.7717, 5.0938 0.4731 1.7717, 5.0938 0.4731 0.019, 5.0965 0.4528 0.0394, 5.0859 0.4921 0.0, 5.0734 0.5084 -0.0163, 5.0657 0.5152 -0.0231, 5.0571 0.5209 -0.0288, 5.0478 0.5255 -0.0334, 5.0381 0.5288 -0.0367, 5.028 0.5308 -0.0387, 5.0177 0.5315 -0.0394, 5.1004 -1.4606 1.1991, 5.1004 -1.4823 1.1991, 5.0965 -1.4606 1.1991, 5.0965 -1.4823 1.1991, 5.1004 -1.4606 1.2736, 5.0965 -1.4606 1.2736, 5.1004 -1.2854 1.2736, 5.0965 -1.2854 1.2736, 5.1004 -1.2854 1.3, 5.0965 -1.2854 1.3, 5.1004 -1.4823 1.3, 5.0965 -1.4823 1.3, 5.1004 -1.4504 1.0359, 5.1004 -1.4721 1.0359, 5.0965 -1.4504 1.0359, 5.0965 -1.4721 1.0359, 5.0965 -1.4524 1.0394, 5.1004 -1.4524 1.0394, 5.0965 -1.4601 1.0603, 5.1004 -1.4601 1.0603, 5.0965 -1.463 1.0864, 5.1004 -1.463 1.0864, 5.0965 -1.461 1.1048, 5.1004 -1.461 1.1048, 5.0965 -1.4557 1.1191, 5.1004 -1.4557 1.1191, 5.0965 -1.4476 1.1312, 5.1004 -1.4476 1.1312, 5.0965 -1.4378 1.1404, 5.1004 -1.4378 1.1404, 5.0965 -1.4242 1.1486, 5.1004 -1.4242 1.1486, 5.0965 -1.4072 1.1539, 5.1004 -1.4072 1.1539, 5.0965 -1.3859 1.1559, 5.1004 -1.3859 1.1559, 5.0965 -1.3706 1.155, 5.1004 -1.3706 1.155, 5.0965 -1.3495 1.1497, 5.1004 -1.3495 1.1497, 5.0965 -1.3343 1.1416, 5.1004 -1.3343 1.1416, 5.0965 -1.3212 1.1297, 5.1004 -1.3212 1.1297, 5.0965 -1.3121 1.1161, 5.1004 -1.3121 1.1161, 5.0965 -1.3068 1.1014, 5.1004 -1.3068 1.1014, 5.0965 -1.3046 1.082, 5.1004 -1.3046 1.082, 5.0965 -1.3077 1.0581, 5.1004 -1.3077 1.0581, 5.0965 -1.3172 1.0359, 5.1004 -1.3172 1.0359, 5.1004 -1.2908 1.0359, 5.0965 -1.2908 1.0359, 5.0965 -1.2846 1.0587, 5.1004 -1.2846 1.0587, 5.0965 -1.283 1.0822, 5.1004 -1.283 1.0822, 5.0965 -1.2846 1.102, 5.1004 -1.2846 1.102, 5.0965 -1.291 1.1239, 5.1004 -1.291 1.1239, 5.0965 -1.3018 1.1426, 5.1004 -1.3018 1.1426, 5.0965 -1.3188 1.1604, 5.1004 -1.3188 1.1604, 5.0965 -1.3373 1.1719, 5.1004 -1.3373 1.1719, 5.0965 -1.3596 1.1795, 5.1004 -1.3596 1.1795, 5.0965 -1.3875 1.1823, 5.1004 -1.3875 1.1823, 5.0965 -1.4103 1.1804, 5.1004 -1.4103 1.1804, 5.0965 -1.4312 1.1745, 5.1004 -1.4312 1.1745, 5.0965 -1.4499 1.164, 5.1004 -1.4499 1.164, 5.0965 -1.4655 1.1492, 5.1004 -1.4655 1.1492, 5.0965 -1.4756 1.1334, 5.1004 -1.4756 1.1334, 5.0965 -1.4821 1.1143, 5.1004 -1.4821 1.1143, 5.1004 -1.4847 1.0901, 5.0965 -1.4835 1.1016, 5.0965 -1.4847 1.0901, 5.1004 -1.4807 1.0569, 5.0965 -1.4846 1.0847, 5.1004 -1.4846 1.0847, 5.0965 -1.4835 1.0768, 5.0965 -1.4807 1.0569, 5.1004 -1.4606 0.8919, 5.1004 -1.4823 0.8919, 5.0965 -1.4606 0.8919, 5.0965 -1.4823 0.8919, 5.1004 -1.4606 0.9711, 5.0965 -1.4606 0.9711, 5.1004 -1.3934 0.9711, 5.0965 -1.3934 0.9711, 5.1004 -1.3934 0.9015, 5.0965 -1.3934 0.9015, 5.1004 -1.3718 0.9015, 5.0965 -1.3718 0.9015, 5.1004 -1.3718 0.9711, 5.0965 -1.3718 0.9711, 5.1004 -1.307 0.9711, 5.0965 -1.307 0.9711, 5.1004 -1.307 0.8967, 5.0965 -1.307 0.8967, 5.1004 -1.2854 0.8967, 5.0965 -1.2854 0.8967, 5.1004 -1.2854 0.9975, 5.0965 -1.2854 0.9975, 5.1004 -1.4823 0.9975, 5.0965 -1.4823 0.9975, 5.1004 -1.3434 0.7017, 5.1004 -1.3265 0.7109, 5.1004 -1.3346 0.7345, 5.1004 -1.3111 0.7248, 5.1004 -1.3245 0.7441, 5.1004 -1.3109 0.725, 5.1004 -1.3152 0.7585, 5.1004 -1.2965 0.7464, 5.1004 -1.3095 0.7747, 5.1004 -1.2884 0.7695, 5.1004 -1.307 0.798, 5.1004 -1.2854 0.7979, 5.1004 -1.307 0.827, 5.1004 -1.2854 0.8535, 5.1004 -1.4606 0.827, 5.1004 -1.4823 0.8535, 5.1004 -1.4606 0.7991, 5.1004 -1.4823 0.7999, 5.1004 -1.4587 0.7783, 5.1004 -1.4801 0.7756, 5.1004 -1.4535 0.7618, 5.1004 -1.4734 0.7529, 5.1004 -1.4456 0.7483, 5.1004 -1.4614 0.7323, 5.1004 -1.4347 0.7373, 5.1004 -1.4459 0.7161, 5.1004 -1.4211 0.729, 5.1004 -1.4283 0.7048, 5.1004 -1.4026 0.7232, 5.1004 -1.4077 0.6978, 5.1004 -1.3819 0.7214, 5.1004 -1.3814 0.695, 5.1004 -1.3623 0.7231, 5.1004 -1.3628 0.6964, 5.1004 -1.3468 0.7277, 5.0965 -1.4823 0.7999, 5.0965 -1.4823 0.8535, 5.0965 -1.4801 0.7756, 5.0965 -1.4734 0.7529, 5.0965 -1.4614 0.7323, 5.0965 -1.4459 0.7161, 5.0965 -1.4283 0.7048, 5.0965 -1.4077 0.6978, 5.0965 -1.3814 0.695, 5.0965 -1.3628 0.6964, 5.0965 -1.3434 0.7017, 5.0965 -1.3265 0.7109, 5.0965 -1.3111 0.7248, 5.0965 -1.3109 0.725, 5.0965 -1.2965 0.7464, 5.0965 -1.2884 0.7695, 5.0965 -1.2854 0.7979, 5.0965 -1.2854 0.8535, 5.0965 -1.307 0.798, 5.0965 -1.307 0.827, 5.0965 -1.4606 0.827, 5.0965 -1.4606 0.7991, 5.0965 -1.3819 0.7214, 5.0965 -1.4026 0.7232, 5.0965 -1.4211 0.729, 5.0965 -1.4347 0.7373, 5.0965 -1.4456 0.7483, 5.0965 -1.4535 0.7618, 5.0965 -1.4587 0.7783, 5.0965 -1.3095 0.7747, 5.0965 -1.3152 0.7585, 5.0965 -1.3245 0.7441, 5.0965 -1.3346 0.7345, 5.0965 -1.3468 0.7277, 5.0965 -1.3623 0.7231, 5.1004 -1.4054 0.6264, 5.1004 -1.427 0.633, 5.1004 -1.4054 0.5605, 5.1004 -1.427 0.5517, 5.1004 -1.3232 0.597, 5.1004 -1.2854 0.6062, 5.1004 -1.4823 0.6806, 5.1004 -1.4823 0.6518, 5.1004 -1.3164 0.5951, 5.1004 -1.3094 0.5938, 5.1004 -1.2854 0.5798, 5.1004 -1.3094 0.5932, 5.1004 -1.3164 0.5919, 5.1004 -1.3232 0.5902, 5.1004 -1.4823 0.503, 5.1004 -1.4823 0.5318, 5.0965 -1.2854 0.5798, 5.0965 -1.4823 0.503, 5.0965 -1.2854 0.6062, 5.0965 -1.4823 0.6806, 5.0965 -1.4823 0.6518, 5.0965 -1.427 0.633, 5.0965 -1.427 0.5517, 5.0965 -1.4823 0.5318, 5.0965 -1.4054 0.6264, 5.0965 -1.4054 0.5605, 5.0965 -1.3232 0.5902, 5.0965 -1.3094 0.5932, 5.0965 -1.3164 0.5919, 5.0965 -1.3094 0.5938, 5.0965 -1.3232 0.597, 5.0965 -1.3164 0.5951
            ]
        }
        coordIndex [
            0,1,2,-1,3,0,4,-1,4,0,2,-1,4,2,5,-1,6,7,8,-1,8,9,10,-1,8,10,6,-1,6,10,11,-1,6,11,2,-1,12,13,2,-1,14,15,16,-1,17,18,19,-1,20,21,22,-1,23,24,2,-1,25,26,13,-1,13,26,27,-1,13,27,2,-1,2,27,28,-1,22,23,20,-1,20,23,2,-1,20,2,29,-1,29,2,11,-1,29,11,30,-1,30,11,31,-1,16,5,14,-1,14,5,2,-1,14,2,32,-1,32,2,28,-1,32,28,33,-1,33,28,34,-1,35,36,37,-1,38,39,2,-1,37,38,35,-1,35,38,2,-1,35,2,40,-1,40,2,24,-1,40,24,41,-1,41,24,42,-1,43,44,45,-1,46,47,2,-1,45,46,43,-1,43,46,2,-1,43,2,48,-1,48,2,39,-1,48,39,49,-1,49,39,50,-1,19,12,17,-1,17,12,2,-1,17,2,51,-1,51,2,47,-1,51,47,52,-1,52,47,53,-1,54,55,7,-1,7,55,8,-1,1,0,56,-1,56,0,57,-1,7,6,54,-1,54,6,58,-1,2,1,59,-1,59,1,56,-1,60,61,62,-1,62,61,63,-1,62,63,64,-1,64,63,65,-1,64,65,66,-1,66,65,67,-1,66,67,68,-1,68,67,69,-1,68,69,70,-1,71,72,73,-1,73,72,74,-1,73,74,75,-1,75,74,76,-1,75,76,77,-1,77,76,78,-1,77,78,60,-1,60,78,79,-1,60,79,61,-1,69,67,80,-1,80,67,81,-1,81,67,82,-1,82,67,65,-1,82,65,83,-1,83,65,84,-1,84,65,63,-1,84,63,85,-1,85,63,86,-1,86,63,61,-1,86,61,87,-1,87,61,88,-1,88,61,79,-1,88,79,89,-1,89,79,90,-1,90,79,78,-1,90,78,91,-1,72,92,74,-1,74,92,91,-1,74,91,76,-1,76,91,78,-1,66,68,93,-1,93,68,70,-1,93,70,94,-1,93,95,66,-1,66,95,96,-1,66,96,64,-1,96,97,64,-1,64,97,98,-1,64,98,62,-1,62,98,99,-1,99,100,62,-1,62,100,101,-1,62,101,60,-1,60,101,102,-1,60,102,77,-1,77,102,103,-1,77,103,75,-1,75,103,104,-1,75,104,73,-1,73,104,105,-1,73,105,71,-1,80,81,106,-1,106,81,107,-1,81,82,107,-1,107,82,83,-1,107,83,108,-1,92,109,91,-1,91,109,110,-1,91,110,90,-1,90,110,111,-1,90,111,89,-1,89,111,112,-1,89,112,88,-1,88,112,113,-1,88,113,87,-1,87,113,114,-1,87,114,86,-1,86,114,115,-1,86,115,85,-1,85,115,108,-1,85,108,84,-1,84,108,83,-1,104,103,116,-1,102,101,117,-1,100,99,118,-1,98,97,119,-1,96,95,120,-1,93,94,121,-1,95,93,120,-1,120,93,121,-1,120,121,122,-1,122,121,123,-1,122,123,124,-1,124,123,125,-1,124,125,126,-1,126,125,127,-1,126,127,128,-1,128,127,129,-1,128,129,130,-1,97,96,119,-1,119,96,120,-1,119,120,131,-1,131,120,122,-1,131,122,132,-1,132,122,124,-1,132,124,133,-1,133,124,126,-1,133,126,134,-1,134,126,128,-1,134,128,130,-1,99,98,118,-1,118,98,119,-1,118,119,135,-1,135,119,131,-1,135,131,136,-1,136,131,132,-1,136,132,137,-1,137,132,133,-1,137,133,138,-1,138,133,134,-1,138,134,130,-1,101,100,117,-1,117,100,118,-1,117,118,139,-1,139,118,135,-1,139,135,140,-1,140,135,136,-1,140,136,141,-1,141,136,137,-1,141,137,142,-1,142,137,138,-1,142,138,130,-1,103,102,116,-1,116,102,117,-1,116,117,143,-1,143,117,139,-1,143,139,144,-1,144,139,140,-1,144,140,145,-1,145,140,141,-1,145,141,146,-1,146,141,142,-1,146,142,130,-1,105,104,147,-1,147,104,116,-1,147,116,148,-1,148,116,143,-1,148,143,149,-1,149,143,144,-1,149,144,150,-1,150,144,145,-1,150,145,151,-1,151,145,146,-1,151,146,130,-1,109,152,110,-1,110,152,153,-1,110,153,111,-1,111,153,112,-1,112,153,154,-1,112,154,113,-1,113,154,114,-1,114,154,155,-1,114,155,115,-1,115,155,156,-1,115,156,108,-1,108,156,157,-1,108,157,107,-1,107,157,158,-1,107,158,106,-1,159,130,129,-1,159,129,160,-1,160,129,127,-1,160,127,161,-1,161,127,125,-1,161,125,162,-1,162,125,123,-1,162,123,163,-1,163,123,121,-1,163,121,164,-1,164,121,94,-1,164,94,158,-1,165,105,166,-1,166,105,147,-1,148,167,147,-1,147,167,168,-1,147,168,166,-1,169,170,148,-1,148,170,171,-1,148,171,167,-1,148,149,169,-1,169,149,150,-1,169,150,172,-1,172,150,151,-1,172,151,173,-1,173,151,130,-1,173,130,174,-1,152,175,176,-1,177,178,179,-1,159,160,180,-1,179,178,159,-1,181,159,178,-1,181,178,182,-1,182,178,177,-1,182,177,183,-1,184,159,181,-1,185,186,187,-1,187,186,180,-1,187,180,188,-1,188,180,160,-1,188,160,161,-1,184,181,189,-1,189,181,182,-1,189,182,190,-1,190,182,183,-1,190,183,191,-1,192,185,193,-1,193,185,187,-1,193,187,194,-1,194,187,188,-1,194,188,195,-1,195,188,161,-1,195,161,162,-1,196,192,197,-1,197,192,193,-1,197,193,198,-1,198,193,194,-1,198,194,199,-1,199,194,195,-1,199,195,200,-1,200,195,162,-1,200,162,163,-1,175,196,176,-1,176,196,197,-1,176,197,201,-1,201,197,198,-1,201,198,202,-1,202,198,199,-1,202,199,203,-1,203,199,200,-1,203,200,204,-1,204,200,163,-1,204,163,164,-1,152,176,153,-1,153,176,201,-1,153,201,154,-1,154,201,202,-1,154,202,155,-1,155,202,203,-1,155,203,156,-1,156,203,204,-1,156,204,157,-1,157,204,164,-1,157,164,158,-1,186,159,180,-1,175,191,196,-1,196,191,183,-1,196,183,192,-1,192,183,177,-1,192,177,185,-1,185,177,179,-1,185,179,186,-1,186,179,159,-1,205,165,206,-1,206,165,166,-1,206,166,207,-1,207,166,168,-1,207,168,208,-1,208,168,167,-1,208,167,209,-1,209,167,171,-1,209,171,210,-1,210,171,170,-1,210,170,211,-1,170,169,211,-1,211,169,172,-1,211,172,212,-1,212,172,173,-1,212,173,213,-1,213,173,174,-1,213,174,214,-1,215,159,184,-1,215,184,216,-1,216,184,189,-1,216,189,217,-1,217,189,190,-1,217,190,218,-1,218,190,191,-1,218,191,219,-1,219,191,175,-1,219,175,220,-1,220,175,152,-1,220,152,221,-1,222,223,224,-1,222,224,225,-1,224,226,225,-1,225,226,227,-1,225,227,228,-1,228,229,225,-1,225,229,230,-1,225,230,231,-1,232,233,206,-1,206,233,234,-1,206,234,205,-1,235,236,207,-1,207,236,225,-1,207,225,206,-1,206,225,231,-1,206,231,232,-1,209,210,237,-1,207,208,235,-1,235,208,209,-1,235,209,238,-1,238,209,237,-1,210,211,237,-1,237,211,212,-1,237,212,239,-1,239,212,213,-1,239,213,240,-1,240,213,214,-1,240,214,241,-1,242,243,244,-1,242,244,245,-1,245,244,246,-1,245,246,247,-1,246,248,247,-1,247,248,249,-1,247,249,250,-1,249,251,250,-1,250,251,252,-1,250,252,253,-1,252,254,253,-1,253,254,255,-1,253,255,256,-1,255,257,256,-1,256,257,258,-1,256,258,259,-1,258,260,259,-1,259,260,221,-1,259,221,261,-1,260,258,262,-1,257,255,263,-1,254,252,264,-1,251,249,265,-1,248,246,266,-1,244,243,267,-1,246,244,266,-1,266,244,267,-1,266,267,268,-1,268,267,269,-1,268,269,270,-1,270,269,271,-1,270,271,272,-1,272,271,273,-1,272,273,274,-1,274,273,275,-1,274,275,215,-1,249,248,265,-1,265,248,266,-1,265,266,276,-1,276,266,268,-1,276,268,277,-1,277,268,270,-1,277,270,278,-1,278,270,272,-1,278,272,279,-1,279,272,274,-1,279,274,215,-1,252,251,264,-1,264,251,265,-1,264,265,280,-1,280,265,276,-1,280,276,281,-1,281,276,277,-1,281,277,282,-1,282,277,278,-1,282,278,283,-1,283,278,279,-1,283,279,215,-1,255,254,263,-1,263,254,264,-1,263,264,284,-1,284,264,280,-1,284,280,285,-1,285,280,281,-1,285,281,286,-1,286,281,282,-1,286,282,287,-1,287,282,283,-1,287,283,215,-1,258,257,262,-1,262,257,263,-1,262,263,288,-1,288,263,284,-1,288,284,289,-1,289,284,285,-1,289,285,290,-1,290,285,286,-1,290,286,291,-1,291,286,287,-1,291,287,215,-1,221,260,220,-1,220,260,262,-1,220,262,219,-1,219,262,288,-1,219,288,218,-1,218,288,289,-1,218,289,217,-1,217,289,290,-1,217,290,216,-1,216,290,291,-1,216,291,215,-1,235,238,292,-1,293,223,294,-1,294,223,222,-1,294,222,295,-1,295,222,225,-1,295,225,296,-1,296,225,236,-1,296,236,297,-1,297,236,235,-1,297,235,298,-1,298,235,292,-1,238,237,292,-1,292,237,239,-1,292,239,299,-1,299,239,240,-1,299,240,300,-1,300,240,241,-1,300,241,301,-1,302,242,245,-1,302,245,303,-1,303,245,247,-1,303,247,304,-1,304,247,250,-1,304,250,305,-1,305,250,253,-1,305,253,306,-1,306,253,256,-1,306,256,307,-1,307,256,259,-1,307,259,308,-1,308,259,261,-1,308,261,309,-1,310,215,275,-1,310,275,311,-1,311,275,273,-1,311,273,312,-1,312,273,271,-1,312,271,313,-1,313,271,269,-1,313,269,314,-1,314,269,267,-1,314,267,315,-1,315,267,243,-1,315,243,316,-1,301,310,317,-1,301,317,300,-1,300,317,318,-1,300,318,299,-1,299,318,319,-1,299,319,292,-1,292,319,298,-1,298,319,320,-1,298,320,297,-1,297,320,296,-1,296,320,321,-1,296,321,295,-1,295,321,294,-1,294,321,322,-1,294,322,293,-1,302,303,323,-1,323,303,324,-1,324,303,325,-1,325,303,304,-1,325,304,326,-1,326,304,327,-1,327,304,305,-1,327,305,328,-1,328,305,329,-1,329,305,306,-1,329,306,330,-1,330,306,331,-1,331,306,307,-1,331,307,332,-1,332,307,333,-1,333,307,308,-1,333,308,334,-1,334,308,335,-1,335,308,309,-1,335,309,336,-1,322,321,337,-1,338,339,340,-1,310,311,341,-1,340,339,310,-1,342,310,339,-1,342,339,343,-1,343,339,338,-1,343,338,344,-1,317,310,342,-1,345,346,347,-1,347,346,341,-1,347,341,348,-1,348,341,311,-1,348,311,312,-1,317,342,318,-1,318,342,343,-1,318,343,319,-1,319,343,344,-1,319,344,320,-1,349,345,350,-1,350,345,347,-1,350,347,351,-1,351,347,348,-1,351,348,352,-1,352,348,312,-1,352,312,313,-1,353,349,354,-1,354,349,350,-1,354,350,355,-1,355,350,351,-1,355,351,356,-1,356,351,352,-1,356,352,357,-1,357,352,313,-1,357,313,314,-1,321,353,337,-1,337,353,354,-1,337,354,358,-1,358,354,355,-1,358,355,359,-1,359,355,356,-1,359,356,360,-1,360,356,357,-1,360,357,361,-1,361,357,314,-1,361,314,315,-1,322,337,362,-1,362,337,358,-1,362,358,363,-1,363,358,359,-1,363,359,364,-1,364,359,360,-1,364,360,365,-1,365,360,361,-1,365,361,366,-1,366,361,315,-1,366,315,316,-1,346,310,341,-1,321,320,353,-1,353,320,344,-1,353,344,349,-1,349,344,338,-1,349,338,345,-1,345,338,340,-1,345,340,346,-1,346,340,310,-1,367,368,323,-1,323,324,367,-1,367,324,325,-1,367,325,369,-1,325,326,369,-1,369,326,327,-1,369,327,370,-1,327,328,370,-1,370,328,329,-1,370,329,371,-1,329,330,371,-1,371,330,331,-1,371,331,372,-1,372,331,332,-1,372,332,373,-1,373,332,333,-1,373,333,374,-1,374,333,375,-1,375,333,334,-1,375,334,376,-1,376,334,335,-1,376,335,336,-1,376,322,375,-1,375,322,362,-1,363,373,362,-1,362,373,374,-1,362,374,375,-1,370,371,363,-1,363,371,372,-1,363,372,373,-1,363,364,370,-1,370,364,365,-1,370,365,369,-1,369,365,366,-1,369,366,367,-1,367,366,316,-1,367,316,368,-1,377,378,379,-1,379,378,380,-1,381,377,382,-1,382,377,379,-1,383,381,384,-1,384,381,382,-1,385,383,386,-1,386,383,384,-1,387,385,388,-1,388,385,386,-1,378,387,380,-1,380,387,388,-1,383,385,381,-1,381,385,387,-1,381,387,377,-1,377,387,378,-1,389,390,391,-1,391,390,392,-1,389,391,393,-1,389,393,394,-1,394,393,395,-1,394,395,396,-1,396,395,397,-1,396,397,398,-1,398,397,399,-1,398,399,400,-1,400,399,401,-1,400,401,402,-1,402,401,403,-1,402,403,404,-1,404,403,405,-1,404,405,406,-1,406,405,407,-1,406,407,408,-1,408,407,409,-1,408,409,410,-1,410,409,411,-1,410,411,412,-1,412,411,413,-1,412,413,414,-1,414,413,415,-1,414,415,416,-1,416,415,417,-1,416,417,418,-1,418,417,419,-1,418,419,420,-1,420,419,421,-1,420,421,422,-1,422,421,423,-1,422,423,424,-1,424,423,425,-1,424,425,426,-1,426,425,427,-1,426,427,428,-1,428,427,429,-1,428,429,430,-1,431,430,432,-1,432,430,429,-1,431,432,433,-1,431,433,434,-1,434,433,435,-1,434,435,436,-1,436,435,437,-1,436,437,438,-1,438,437,439,-1,438,439,440,-1,440,439,441,-1,440,441,442,-1,442,441,443,-1,442,443,444,-1,444,443,445,-1,444,445,446,-1,446,445,447,-1,446,447,448,-1,448,447,449,-1,448,449,450,-1,450,449,451,-1,450,451,452,-1,452,451,453,-1,452,453,454,-1,454,453,455,-1,454,455,456,-1,456,455,457,-1,456,457,458,-1,458,457,459,-1,458,459,460,-1,460,459,461,-1,460,461,462,-1,462,461,463,-1,463,461,464,-1,463,464,465,-1,392,390,466,-1,463,465,467,-1,463,467,468,-1,468,467,469,-1,468,469,466,-1,466,469,470,-1,466,470,392,-1,400,463,398,-1,398,463,468,-1,398,468,396,-1,396,468,466,-1,396,466,394,-1,394,466,390,-1,394,390,389,-1,430,431,428,-1,428,431,434,-1,428,434,426,-1,426,434,436,-1,426,436,424,-1,424,436,438,-1,424,438,422,-1,422,438,440,-1,422,440,420,-1,420,440,442,-1,420,442,418,-1,418,442,444,-1,418,444,416,-1,416,444,446,-1,416,446,414,-1,414,446,448,-1,414,448,412,-1,412,448,450,-1,412,450,410,-1,410,450,452,-1,410,452,408,-1,408,452,454,-1,408,454,406,-1,406,454,456,-1,406,456,404,-1,404,456,458,-1,404,458,402,-1,402,458,460,-1,402,460,400,-1,400,460,462,-1,400,462,463,-1,471,472,473,-1,473,472,474,-1,475,471,476,-1,476,471,473,-1,477,475,478,-1,478,475,476,-1,479,477,480,-1,480,477,478,-1,481,479,482,-1,482,479,480,-1,483,481,484,-1,484,481,482,-1,485,483,486,-1,486,483,484,-1,487,485,488,-1,488,485,486,-1,489,487,490,-1,490,487,488,-1,491,489,492,-1,492,489,490,-1,493,491,494,-1,494,491,492,-1,472,493,474,-1,474,493,494,-1,493,472,471,-1,471,475,493,-1,493,475,477,-1,493,477,491,-1,487,489,485,-1,485,489,491,-1,485,491,483,-1,483,491,477,-1,483,477,481,-1,481,477,479,-1,495,496,497,-1,497,496,498,-1,497,498,499,-1,499,498,500,-1,499,500,501,-1,501,500,502,-1,501,502,503,-1,503,502,504,-1,503,504,505,-1,505,504,506,-1,505,506,507,-1,507,506,508,-1,507,508,509,-1,509,508,510,-1,509,510,511,-1,511,510,512,-1,511,512,513,-1,513,512,514,-1,513,514,515,-1,515,514,516,-1,515,516,517,-1,517,516,518,-1,517,518,519,-1,519,518,520,-1,519,520,521,-1,521,520,522,-1,521,522,523,-1,523,522,524,-1,523,524,525,-1,525,524,526,-1,525,526,527,-1,527,526,528,-1,527,528,529,-1,529,528,495,-1,529,495,497,-1,512,510,530,-1,530,510,531,-1,512,530,532,-1,512,532,514,-1,514,532,533,-1,514,533,516,-1,516,533,534,-1,516,534,518,-1,518,534,535,-1,518,535,520,-1,520,535,536,-1,520,536,522,-1,522,536,537,-1,522,537,524,-1,524,537,538,-1,524,538,526,-1,526,538,539,-1,526,539,528,-1,528,539,540,-1,528,540,495,-1,495,540,541,-1,495,541,496,-1,496,541,542,-1,496,542,498,-1,498,542,543,-1,498,543,500,-1,500,543,544,-1,500,544,502,-1,502,544,545,-1,502,545,504,-1,504,545,546,-1,504,546,506,-1,508,506,547,-1,547,506,546,-1,510,508,531,-1,531,508,547,-1,505,507,548,-1,548,507,549,-1,507,509,549,-1,549,509,550,-1,509,511,550,-1,550,511,551,-1,525,552,553,-1,525,553,523,-1,523,553,554,-1,523,554,521,-1,521,554,555,-1,521,555,519,-1,519,555,556,-1,519,556,517,-1,517,556,557,-1,517,557,515,-1,515,557,558,-1,515,558,513,-1,513,558,551,-1,513,551,511,-1,505,548,559,-1,505,559,503,-1,503,559,560,-1,503,560,501,-1,501,560,561,-1,501,561,499,-1,499,561,562,-1,499,562,497,-1,497,562,563,-1,497,563,529,-1,529,563,564,-1,529,564,527,-1,527,564,552,-1,527,552,525,-1,549,550,548,-1,548,550,551,-1,548,551,558,-1,552,564,548,-1,548,564,563,-1,548,563,559,-1,558,557,548,-1,548,557,556,-1,548,556,555,-1,555,554,548,-1,548,554,553,-1,548,553,552,-1,562,561,563,-1,563,561,560,-1,563,560,559,-1,565,566,567,-1,567,566,568,-1,569,570,565,-1,565,570,571,-1,565,571,566,-1,566,571,572,-1,569,573,570,-1,570,573,574,-1,570,574,575,-1,575,574,576,-1,575,576,577,-1,577,578,575,-1,575,578,567,-1,575,567,579,-1,579,567,568,-1,579,568,580,-1,575,579,581,-1,581,579,582,-1,570,575,583,-1,583,575,581,-1,571,570,584,-1,584,570,583,-1,572,571,585,-1,585,571,584,-1,566,572,586,-1,586,572,585,-1,568,566,587,-1,587,566,586,-1,580,568,588,-1,588,568,587,-1,579,580,582,-1,582,580,588,-1,565,567,589,-1,589,567,590,-1,567,578,590,-1,590,578,591,-1,576,592,593,-1,576,593,577,-1,577,593,591,-1,577,591,578,-1,576,574,592,-1,592,574,594,-1,569,595,596,-1,569,596,573,-1,573,596,594,-1,573,594,574,-1,569,565,595,-1,595,565,589,-1,589,590,595,-1,595,590,591,-1,595,591,596,-1,596,591,593,-1,596,593,594,-1,594,593,592,-1,
        ]
    }
}