#VRML V2.0 utf8
# 3D model generated by easyeda2kicad.py (https://github.com/uPesy/easyeda2kicad.py)

Shape{
    appearance Appearance {
        material  Material 	{
            diffuseColor 1.0 1.0 0.5019607843137255
            specularColor 0.5019607843137255 0.5019607843137255 0.25098039215686274
            ambientIntensity 0.9432
            transparency 0.0
            shininess 0.5
        }
    }
    geometry IndexedFaceSet {
        ccw TRUE
        solid FALSE
        coord DEF co Coordinate {
            point [
                -2.7756 0.0807 0.1181, -2.626 0.0807 0.1181, -2.7756 -0.0768 0.1181, -2.626 -0.0768 0.1181, -2.7756 0.0807 0.5118, -2.7756 -0.0768 0.5118, -2.72 0.0807 2.3614, -2.72 -0.0768 2.3614, -2.7186 -0.0768 2.3707, -2.7186 0.0807 2.3707, -2.7151 -0.0768 2.3793, -2.7151 0.0807 2.3793, -2.7096 -0.0768 2.3869, -2.7096 0.0807 2.3869, -2.7025 -0.0768 2.393, -2.7025 0.0807 2.393, -2.6942 -0.0768 2.3972, -2.6942 0.0807 2.3972, -2.6851 -0.0768 2.3994, -2.6851 0.0807 2.3994, -2.6757 -0.0768 2.3993, -2.6757 0.0807 2.3993, -2.6666 -0.0768 2.397, -2.6666 0.0807 2.397, -2.6584 -0.0768 2.3927, -2.6584 0.0807 2.3927, -2.5689 0.0807 2.3312, -2.5689 -0.0768 2.3312, -2.5614 -0.0768 2.3245, -2.5614 0.0807 2.3245, -2.5559 -0.0768 2.3162, -2.5559 0.0807 2.3162, -2.5526 -0.0768 2.3067, -2.5526 0.0807 2.3067, -2.5519 -0.0768 2.2967, -2.5519 0.0807 2.2967, -2.6481 0.0807 0.46, -2.6481 -0.0768 0.46, -2.6455 0.0807 0.4231, -2.6455 -0.0768 0.4231, -2.6338 0.0807 0.3881, -2.6338 -0.0768 0.3881, -2.6138 0.0807 0.357, -2.6138 -0.0768 0.357, -2.5867 0.0807 0.3318, -2.5867 -0.0768 0.3318, -2.5543 0.0807 0.3141, -2.5543 -0.0768 0.3141, -2.5185 0.0807 0.305, -2.5185 -0.0768 0.305, -2.4815 0.0807 0.305, -2.4815 -0.0768 0.305, -2.4457 0.0807 0.3141, -2.4457 -0.0768 0.3141, -2.4133 0.0807 0.3318, -2.4133 -0.0768 0.3318, -2.3862 0.0807 0.357, -2.3862 -0.0768 0.357, -2.3662 0.0807 0.3881, -2.3662 -0.0768 0.3881, -2.3545 0.0807 0.4231, -2.3545 -0.0768 0.4231, -2.3519 0.0807 0.46, -2.3519 -0.0768 0.46, -2.4481 0.0807 2.2967, -2.4481 -0.0768 2.2967, -2.4474 -0.0768 2.3067, -2.4474 0.0807 2.3067, -2.4441 -0.0768 2.3162, -2.4441 0.0807 2.3162, -2.4386 -0.0768 2.3245, -2.4386 0.0807 2.3245, -2.4311 -0.0768 2.3312, -2.4311 0.0807 2.3312, -2.3416 0.0807 2.3927, -2.3416 -0.0768 2.3927, -2.3334 -0.0768 2.397, -2.3334 0.0807 2.397, -2.3243 -0.0768 2.3993, -2.3243 0.0807 2.3993, -2.3149 -0.0768 2.3994, -2.3149 0.0807 2.3994, -2.3058 -0.0768 2.3972, -2.3058 0.0807 2.3972, -2.2975 -0.0768 2.393, -2.2975 0.0807 2.393, -2.2904 -0.0768 2.3869, -2.2904 0.0807 2.3869, -2.2849 -0.0768 2.3793, -2.2849 0.0807 2.3793, -2.2814 -0.0768 2.3707, -2.2814 0.0807 2.3707, -2.28 -0.0768 2.3614, -2.28 0.0807 2.3614, -2.2244 0.0807 0.5118, -2.2244 -0.0768 0.5118, -2.2244 0.0807 0.1181, -2.2244 -0.0768 0.1181, -2.374 0.0807 0.1181, -2.374 -0.0768 0.1181, -2.374 0.0807 -1.1417, -2.374 -0.0768 -1.1417, -2.417 -0.0768 -1.2598, -2.583 -0.0768 -1.2598, -2.417 0.0807 -1.2598, -2.583 0.0807 -1.2598, -2.626 -0.0768 -1.1417, -2.626 0.0807 -1.1417, -1.7756 0.0807 0.1181, -1.626 0.0807 0.1181, -1.7756 -0.0768 0.1181, -1.626 -0.0768 0.1181, -1.7756 0.0807 0.5118, -1.7756 -0.0768 0.5118, -1.72 0.0807 2.3614, -1.72 -0.0768 2.3614, -1.7186 -0.0768 2.3707, -1.7186 0.0807 2.3707, -1.7151 -0.0768 2.3793, -1.7151 0.0807 2.3793, -1.7096 -0.0768 2.3869, -1.7096 0.0807 2.3869, -1.7025 -0.0768 2.393, -1.7025 0.0807 2.393, -1.6942 -0.0768 2.3972, -1.6942 0.0807 2.3972, -1.6851 -0.0768 2.3994, -1.6851 0.0807 2.3994, -1.6757 -0.0768 2.3993, -1.6757 0.0807 2.3993, -1.6666 -0.0768 2.397, -1.6666 0.0807 2.397, -1.6584 -0.0768 2.3927, -1.6584 0.0807 2.3927, -1.5689 0.0807 2.3312, -1.5689 -0.0768 2.3312, -1.5614 -0.0768 2.3245, -1.5614 0.0807 2.3245, -1.5559 -0.0768 2.3162, -1.5559 0.0807 2.3162, -1.5526 -0.0768 2.3067, -1.5526 0.0807 2.3067, -1.5519 -0.0768 2.2967, -1.5519 0.0807 2.2967, -1.6481 0.0807 0.46, -1.6481 -0.0768 0.46, -1.6455 0.0807 0.4231, -1.6455 -0.0768 0.4231, -1.6338 0.0807 0.3881, -1.6338 -0.0768 0.3881, -1.6138 0.0807 0.357, -1.6138 -0.0768 0.357, -1.5867 0.0807 0.3318, -1.5867 -0.0768 0.3318, -1.5543 0.0807 0.3141, -1.5543 -0.0768 0.3141, -1.5185 0.0807 0.305, -1.5185 -0.0768 0.305, -1.4815 0.0807 0.305, -1.4815 -0.0768 0.305, -1.4457 0.0807 0.3141, -1.4457 -0.0768 0.3141, -1.4133 0.0807 0.3318, -1.4133 -0.0768 0.3318, -1.3862 0.0807 0.357, -1.3862 -0.0768 0.357, -1.3662 0.0807 0.3881, -1.3662 -0.0768 0.3881, -1.3545 0.0807 0.4231, -1.3545 -0.0768 0.4231, -1.3519 0.0807 0.46, -1.3519 -0.0768 0.46, -1.4481 0.0807 2.2967, -1.4481 -0.0768 2.2967, -1.4474 -0.0768 2.3067, -1.4474 0.0807 2.3067, -1.4441 -0.0768 2.3162, -1.4441 0.0807 2.3162, -1.4386 -0.0768 2.3245, -1.4386 0.0807 2.3245, -1.4311 -0.0768 2.3312, -1.4311 0.0807 2.3312, -1.3416 0.0807 2.3927, -1.3416 -0.0768 2.3927, -1.3334 -0.0768 2.397, -1.3334 0.0807 2.397, -1.3243 -0.0768 2.3993, -1.3243 0.0807 2.3993, -1.3149 -0.0768 2.3994, -1.3149 0.0807 2.3994, -1.3058 -0.0768 2.3972, -1.3058 0.0807 2.3972, -1.2975 -0.0768 2.393, -1.2975 0.0807 2.393, -1.2904 -0.0768 2.3869, -1.2904 0.0807 2.3869, -1.2849 -0.0768 2.3793, -1.2849 0.0807 2.3793, -1.2814 -0.0768 2.3707, -1.2814 0.0807 2.3707, -1.28 -0.0768 2.3614, -1.28 0.0807 2.3614, -1.2244 0.0807 0.5118, -1.2244 -0.0768 0.5118, -1.2244 0.0807 0.1181, -1.2244 -0.0768 0.1181, -1.374 0.0807 0.1181, -1.374 -0.0768 0.1181, -1.374 0.0807 -1.1417, -1.374 -0.0768 -1.1417, -1.417 -0.0768 -1.2598, -1.583 -0.0768 -1.2598, -1.417 0.0807 -1.2598, -1.583 0.0807 -1.2598, -1.626 -0.0768 -1.1417, -1.626 0.0807 -1.1417, -0.7756 0.0807 0.1181, -0.626 0.0807 0.1181, -0.7756 -0.0768 0.1181, -0.626 -0.0768 0.1181, -0.7756 0.0807 0.5118, -0.7756 -0.0768 0.5118, -0.72 0.0807 2.3614, -0.72 -0.0768 2.3614, -0.7186 -0.0768 2.3707, -0.7186 0.0807 2.3707, -0.7151 -0.0768 2.3793, -0.7151 0.0807 2.3793, -0.7096 -0.0768 2.3869, -0.7096 0.0807 2.3869, -0.7025 -0.0768 2.393, -0.7025 0.0807 2.393, -0.6942 -0.0768 2.3972, -0.6942 0.0807 2.3972, -0.6851 -0.0768 2.3994, -0.6851 0.0807 2.3994, -0.6757 -0.0768 2.3993, -0.6757 0.0807 2.3993, -0.6666 -0.0768 2.397, -0.6666 0.0807 2.397, -0.6584 -0.0768 2.3927, -0.6584 0.0807 2.3927, -0.5689 0.0807 2.3312, -0.5689 -0.0768 2.3312, -0.5614 -0.0768 2.3245, -0.5614 0.0807 2.3245, -0.5559 -0.0768 2.3162, -0.5559 0.0807 2.3162, -0.5526 -0.0768 2.3067, -0.5526 0.0807 2.3067, -0.5519 -0.0768 2.2967, -0.5519 0.0807 2.2967, -0.6481 0.0807 0.46, -0.6481 -0.0768 0.46, -0.6455 0.0807 0.4231, -0.6455 -0.0768 0.4231, -0.6338 0.0807 0.3881, -0.6338 -0.0768 0.3881, -0.6138 0.0807 0.357, -0.6138 -0.0768 0.357, -0.5867 0.0807 0.3318, -0.5867 -0.0768 0.3318, -0.5543 0.0807 0.3141, -0.5543 -0.0768 0.3141, -0.5185 0.0807 0.305, -0.5185 -0.0768 0.305, -0.4815 0.0807 0.305, -0.4815 -0.0768 0.305, -0.4457 0.0807 0.3141, -0.4457 -0.0768 0.3141, -0.4133 0.0807 0.3318, -0.4133 -0.0768 0.3318, -0.3862 0.0807 0.357, -0.3862 -0.0768 0.357, -0.3662 0.0807 0.3881, -0.3662 -0.0768 0.3881, -0.3545 0.0807 0.4231, -0.3545 -0.0768 0.4231, -0.3519 0.0807 0.46, -0.3519 -0.0768 0.46, -0.4481 0.0807 2.2967, -0.4481 -0.0768 2.2967, -0.4474 -0.0768 2.3067, -0.4474 0.0807 2.3067, -0.4441 -0.0768 2.3162, -0.4441 0.0807 2.3162, -0.4386 -0.0768 2.3245, -0.4386 0.0807 2.3245, -0.4311 -0.0768 2.3312, -0.4311 0.0807 2.3312, -0.3416 0.0807 2.3927, -0.3416 -0.0768 2.3927, -0.3334 -0.0768 2.397, -0.3334 0.0807 2.397, -0.3243 -0.0768 2.3993, -0.3243 0.0807 2.3993, -0.3149 -0.0768 2.3994, -0.3149 0.0807 2.3994, -0.3058 -0.0768 2.3972, -0.3058 0.0807 2.3972, -0.2975 -0.0768 2.393, -0.2975 0.0807 2.393, -0.2904 -0.0768 2.3869, -0.2904 0.0807 2.3869, -0.2849 -0.0768 2.3793, -0.2849 0.0807 2.3793, -0.2814 -0.0768 2.3707, -0.2814 0.0807 2.3707, -0.28 -0.0768 2.3614, -0.28 0.0807 2.3614, -0.2244 0.0807 0.5118, -0.2244 -0.0768 0.5118, -0.2244 0.0807 0.1181, -0.2244 -0.0768 0.1181, -0.374 0.0807 0.1181, -0.374 -0.0768 0.1181, -0.374 0.0807 -1.1417, -0.374 -0.0768 -1.1417, -0.417 -0.0768 -1.2598, -0.583 -0.0768 -1.2598, -0.417 0.0807 -1.2598, -0.583 0.0807 -1.2598, -0.626 -0.0768 -1.1417, -0.626 0.0807 -1.1417, 0.2244 0.0807 0.1181, 0.374 0.0807 0.1181, 0.2244 -0.0768 0.1181, 0.374 -0.0768 0.1181, 0.2244 0.0807 0.5118, 0.2244 -0.0768 0.5118, 0.28 0.0807 2.3614, 0.28 -0.0768 2.3614, 0.2814 -0.0768 2.3707, 0.2814 0.0807 2.3707, 0.2849 -0.0768 2.3793, 0.2849 0.0807 2.3793, 0.2904 -0.0768 2.3869, 0.2904 0.0807 2.3869, 0.2975 -0.0768 2.393, 0.2975 0.0807 2.393, 0.3058 -0.0768 2.3972, 0.3058 0.0807 2.3972, 0.3149 -0.0768 2.3994, 0.3149 0.0807 2.3994, 0.3243 -0.0768 2.3993, 0.3243 0.0807 2.3993, 0.3334 -0.0768 2.397, 0.3334 0.0807 2.397, 0.3416 -0.0768 2.3927, 0.3416 0.0807 2.3927, 0.4311 0.0807 2.3312, 0.4311 -0.0768 2.3312, 0.4386 -0.0768 2.3245, 0.4386 0.0807 2.3245, 0.4441 -0.0768 2.3162, 0.4441 0.0807 2.3162, 0.4474 -0.0768 2.3067, 0.4474 0.0807 2.3067, 0.4481 -0.0768 2.2967, 0.4481 0.0807 2.2967, 0.3519 0.0807 0.46, 0.3519 -0.0768 0.46, 0.3545 0.0807 0.4231, 0.3545 -0.0768 0.4231, 0.3662 0.0807 0.3881, 0.3662 -0.0768 0.3881, 0.3862 0.0807 0.357, 0.3862 -0.0768 0.357, 0.4133 0.0807 0.3318, 0.4133 -0.0768 0.3318, 0.4457 0.0807 0.3141, 0.4457 -0.0768 0.3141, 0.4815 0.0807 0.305, 0.4815 -0.0768 0.305, 0.5185 0.0807 0.305, 0.5185 -0.0768 0.305, 0.5543 0.0807 0.3141, 0.5543 -0.0768 0.3141, 0.5867 0.0807 0.3318, 0.5867 -0.0768 0.3318, 0.6138 0.0807 0.357, 0.6138 -0.0768 0.357, 0.6338 0.0807 0.3881, 0.6338 -0.0768 0.3881, 0.6455 0.0807 0.4231, 0.6455 -0.0768 0.4231, 0.6481 0.0807 0.46, 0.6481 -0.0768 0.46, 0.5519 0.0807 2.2967, 0.5519 -0.0768 2.2967, 0.5526 -0.0768 2.3067, 0.5526 0.0807 2.3067, 0.5559 -0.0768 2.3162, 0.5559 0.0807 2.3162, 0.5614 -0.0768 2.3245, 0.5614 0.0807 2.3245, 0.5689 -0.0768 2.3312, 0.5689 0.0807 2.3312, 0.6584 0.0807 2.3927, 0.6584 -0.0768 2.3927, 0.6666 -0.0768 2.397, 0.6666 0.0807 2.397, 0.6757 -0.0768 2.3993, 0.6757 0.0807 2.3993, 0.6851 -0.0768 2.3994, 0.6851 0.0807 2.3994, 0.6942 -0.0768 2.3972, 0.6942 0.0807 2.3972, 0.7025 -0.0768 2.393, 0.7025 0.0807 2.393, 0.7096 -0.0768 2.3869, 0.7096 0.0807 2.3869, 0.7151 -0.0768 2.3793, 0.7151 0.0807 2.3793, 0.7186 -0.0768 2.3707, 0.7186 0.0807 2.3707, 0.72 -0.0768 2.3614, 0.72 0.0807 2.3614, 0.7756 0.0807 0.5118, 0.7756 -0.0768 0.5118, 0.7756 0.0807 0.1181, 0.7756 -0.0768 0.1181, 0.626 0.0807 0.1181, 0.626 -0.0768 0.1181, 0.626 0.0807 -1.1417, 0.626 -0.0768 -1.1417, 0.583 -0.0768 -1.2598, 0.417 -0.0768 -1.2598, 0.583 0.0807 -1.2598, 0.417 0.0807 -1.2598, 0.374 -0.0768 -1.1417, 0.374 0.0807 -1.1417, 1.2244 0.0807 0.1181, 1.374 0.0807 0.1181, 1.2244 -0.0768 0.1181, 1.374 -0.0768 0.1181, 1.2244 0.0807 0.5118, 1.2244 -0.0768 0.5118, 1.28 0.0807 2.3614, 1.28 -0.0768 2.3614, 1.2814 -0.0768 2.3707, 1.2814 0.0807 2.3707, 1.2849 -0.0768 2.3793, 1.2849 0.0807 2.3793, 1.2904 -0.0768 2.3869, 1.2904 0.0807 2.3869, 1.2975 -0.0768 2.393, 1.2975 0.0807 2.393, 1.3058 -0.0768 2.3972, 1.3058 0.0807 2.3972, 1.3149 -0.0768 2.3994, 1.3149 0.0807 2.3994, 1.3243 -0.0768 2.3993, 1.3243 0.0807 2.3993, 1.3334 -0.0768 2.397, 1.3334 0.0807 2.397, 1.3416 -0.0768 2.3927, 1.3416 0.0807 2.3927, 1.4311 0.0807 2.3312, 1.4311 -0.0768 2.3312, 1.4386 -0.0768 2.3245, 1.4386 0.0807 2.3245, 1.4441 -0.0768 2.3162, 1.4441 0.0807 2.3162, 1.4474 -0.0768 2.3067, 1.4474 0.0807 2.3067, 1.4481 -0.0768 2.2967, 1.4481 0.0807 2.2967, 1.3519 0.0807 0.46, 1.3519 -0.0768 0.46, 1.3545 0.0807 0.4231, 1.3545 -0.0768 0.4231, 1.3662 0.0807 0.3881, 1.3662 -0.0768 0.3881, 1.3862 0.0807 0.357, 1.3862 -0.0768 0.357, 1.4133 0.0807 0.3318, 1.4133 -0.0768 0.3318, 1.4457 0.0807 0.3141, 1.4457 -0.0768 0.3141, 1.4815 0.0807 0.305, 1.4815 -0.0768 0.305, 1.5185 0.0807 0.305, 1.5185 -0.0768 0.305, 1.5543 0.0807 0.3141, 1.5543 -0.0768 0.3141, 1.5867 0.0807 0.3318, 1.5867 -0.0768 0.3318, 1.6138 0.0807 0.357, 1.6138 -0.0768 0.357, 1.6338 0.0807 0.3881, 1.6338 -0.0768 0.3881, 1.6455 0.0807 0.4231, 1.6455 -0.0768 0.4231, 1.6481 0.0807 0.46, 1.6481 -0.0768 0.46, 1.5519 0.0807 2.2967, 1.5519 -0.0768 2.2967, 1.5526 -0.0768 2.3067, 1.5526 0.0807 2.3067, 1.5559 -0.0768 2.3162, 1.5559 0.0807 2.3162, 1.5614 -0.0768 2.3245, 1.5614 0.0807 2.3245, 1.5689 -0.0768 2.3312, 1.5689 0.0807 2.3312, 1.6584 0.0807 2.3927, 1.6584 -0.0768 2.3927, 1.6666 -0.0768 2.397, 1.6666 0.0807 2.397, 1.6757 -0.0768 2.3993, 1.6757 0.0807 2.3993, 1.6851 -0.0768 2.3994, 1.6851 0.0807 2.3994, 1.6942 -0.0768 2.3972, 1.6942 0.0807 2.3972, 1.7025 -0.0768 2.393, 1.7025 0.0807 2.393, 1.7096 -0.0768 2.3869, 1.7096 0.0807 2.3869, 1.7151 -0.0768 2.3793, 1.7151 0.0807 2.3793, 1.7186 -0.0768 2.3707, 1.7186 0.0807 2.3707, 1.72 -0.0768 2.3614, 1.72 0.0807 2.3614, 1.7756 0.0807 0.5118, 1.7756 -0.0768 0.5118, 1.7756 0.0807 0.1181, 1.7756 -0.0768 0.1181, 1.626 0.0807 0.1181, 1.626 -0.0768 0.1181, 1.626 0.0807 -1.1417, 1.626 -0.0768 -1.1417, 1.583 -0.0768 -1.2598, 1.417 -0.0768 -1.2598, 1.583 0.0807 -1.2598, 1.417 0.0807 -1.2598, 1.374 -0.0768 -1.1417, 1.374 0.0807 -1.1417, 2.2244 0.0807 0.1181, 2.374 0.0807 0.1181, 2.2244 -0.0768 0.1181, 2.374 -0.0768 0.1181, 2.2244 0.0807 0.5118, 2.2244 -0.0768 0.5118, 2.28 0.0807 2.3614, 2.28 -0.0768 2.3614, 2.2814 -0.0768 2.3707, 2.2814 0.0807 2.3707, 2.2849 -0.0768 2.3793, 2.2849 0.0807 2.3793, 2.2904 -0.0768 2.3869, 2.2904 0.0807 2.3869, 2.2975 -0.0768 2.393, 2.2975 0.0807 2.393, 2.3058 -0.0768 2.3972, 2.3058 0.0807 2.3972, 2.3149 -0.0768 2.3994, 2.3149 0.0807 2.3994, 2.3243 -0.0768 2.3993, 2.3243 0.0807 2.3993, 2.3334 -0.0768 2.397, 2.3334 0.0807 2.397, 2.3416 -0.0768 2.3927, 2.3416 0.0807 2.3927, 2.4311 0.0807 2.3312, 2.4311 -0.0768 2.3312, 2.4386 -0.0768 2.3245, 2.4386 0.0807 2.3245, 2.4441 -0.0768 2.3162, 2.4441 0.0807 2.3162, 2.4474 -0.0768 2.3067, 2.4474 0.0807 2.3067, 2.4481 -0.0768 2.2967, 2.4481 0.0807 2.2967, 2.3519 0.0807 0.46, 2.3519 -0.0768 0.46, 2.3545 0.0807 0.4231, 2.3545 -0.0768 0.4231, 2.3662 0.0807 0.3881, 2.3662 -0.0768 0.3881, 2.3862 0.0807 0.357, 2.3862 -0.0768 0.357, 2.4133 0.0807 0.3318, 2.4133 -0.0768 0.3318, 2.4457 0.0807 0.3141, 2.4457 -0.0768 0.3141, 2.4815 0.0807 0.305, 2.4815 -0.0768 0.305, 2.5185 0.0807 0.305, 2.5185 -0.0768 0.305, 2.5543 0.0807 0.3141, 2.5543 -0.0768 0.3141, 2.5867 0.0807 0.3318, 2.5867 -0.0768 0.3318, 2.6138 0.0807 0.357, 2.6138 -0.0768 0.357, 2.6338 0.0807 0.3881, 2.6338 -0.0768 0.3881, 2.6455 0.0807 0.4231, 2.6455 -0.0768 0.4231, 2.6481 0.0807 0.46, 2.6481 -0.0768 0.46, 2.5519 0.0807 2.2967, 2.5519 -0.0768 2.2967, 2.5526 -0.0768 2.3067, 2.5526 0.0807 2.3067, 2.5559 -0.0768 2.3162, 2.5559 0.0807 2.3162, 2.5614 -0.0768 2.3245, 2.5614 0.0807 2.3245, 2.5689 -0.0768 2.3312, 2.5689 0.0807 2.3312, 2.6584 0.0807 2.3927, 2.6584 -0.0768 2.3927, 2.6666 -0.0768 2.397, 2.6666 0.0807 2.397, 2.6757 -0.0768 2.3993, 2.6757 0.0807 2.3993, 2.6851 -0.0768 2.3994, 2.6851 0.0807 2.3994, 2.6942 -0.0768 2.3972, 2.6942 0.0807 2.3972, 2.7025 -0.0768 2.393, 2.7025 0.0807 2.393, 2.7096 -0.0768 2.3869, 2.7096 0.0807 2.3869, 2.7151 -0.0768 2.3793, 2.7151 0.0807 2.3793, 2.7186 -0.0768 2.3707, 2.7186 0.0807 2.3707, 2.72 -0.0768 2.3614, 2.72 0.0807 2.3614, 2.7756 0.0807 0.5118, 2.7756 -0.0768 0.5118, 2.7756 0.0807 0.1181, 2.7756 -0.0768 0.1181, 2.626 0.0807 0.1181, 2.626 -0.0768 0.1181, 2.626 0.0807 -1.1417, 2.626 -0.0768 -1.1417, 2.583 -0.0768 -1.2598, 2.417 -0.0768 -1.2598, 2.583 0.0807 -1.2598, 2.417 0.0807 -1.2598, 2.374 -0.0768 -1.1417, 2.374 0.0807 -1.1417
            ]
        }
        coordIndex [
            0,1,2,-1,2,1,3,-1,4,0,5,-1,5,0,2,-1,6,4,7,-1,7,4,5,-1,6,7,8,-1,6,8,9,-1,9,8,10,-1,9,10,11,-1,11,10,12,-1,11,12,13,-1,13,12,14,-1,13,14,15,-1,15,14,16,-1,15,16,17,-1,17,16,18,-1,17,18,19,-1,19,18,20,-1,19,20,21,-1,21,20,22,-1,21,22,23,-1,23,22,24,-1,23,24,25,-1,26,25,27,-1,27,25,24,-1,26,27,28,-1,26,28,29,-1,29,28,30,-1,29,30,31,-1,31,30,32,-1,31,32,33,-1,33,32,34,-1,33,34,35,-1,36,35,37,-1,37,35,34,-1,36,37,38,-1,38,37,39,-1,38,39,40,-1,40,39,41,-1,40,41,42,-1,42,41,43,-1,42,43,44,-1,44,43,45,-1,44,45,46,-1,46,45,47,-1,46,47,48,-1,48,47,49,-1,48,49,50,-1,50,49,51,-1,50,51,52,-1,52,51,53,-1,52,53,54,-1,54,53,55,-1,54,55,56,-1,56,55,57,-1,56,57,58,-1,58,57,59,-1,58,59,60,-1,60,59,61,-1,60,61,62,-1,62,61,63,-1,64,62,65,-1,65,62,63,-1,64,65,66,-1,64,66,67,-1,67,66,68,-1,67,68,69,-1,69,68,70,-1,69,70,71,-1,71,70,72,-1,71,72,73,-1,74,73,75,-1,75,73,72,-1,74,75,76,-1,74,76,77,-1,77,76,78,-1,77,78,79,-1,79,78,80,-1,79,80,81,-1,81,80,82,-1,81,82,83,-1,83,82,84,-1,83,84,85,-1,85,84,86,-1,85,86,87,-1,87,86,88,-1,87,88,89,-1,89,88,90,-1,89,90,91,-1,91,90,92,-1,91,92,93,-1,94,93,95,-1,95,93,92,-1,96,94,97,-1,97,94,95,-1,98,96,99,-1,99,96,97,-1,100,98,101,-1,101,98,99,-1,102,103,104,-1,104,103,105,-1,106,3,107,-1,107,3,1,-1,93,94,74,-1,98,56,96,-1,96,56,58,-1,96,58,94,-1,104,105,100,-1,100,105,107,-1,100,107,98,-1,98,107,1,-1,98,1,56,-1,56,1,54,-1,40,0,38,-1,38,0,4,-1,38,4,36,-1,40,42,0,-1,0,42,44,-1,0,44,1,-1,1,44,46,-1,1,46,48,-1,48,50,1,-1,1,50,52,-1,1,52,54,-1,58,60,94,-1,94,60,62,-1,94,62,74,-1,74,62,64,-1,74,64,73,-1,25,4,6,-1,93,74,91,-1,91,74,77,-1,91,77,89,-1,36,4,35,-1,35,4,25,-1,35,25,26,-1,67,69,64,-1,64,69,71,-1,64,71,73,-1,6,9,25,-1,25,9,11,-1,25,11,13,-1,26,29,35,-1,35,29,31,-1,35,31,33,-1,83,77,81,-1,81,77,79,-1,83,85,77,-1,77,85,87,-1,77,87,89,-1,13,15,25,-1,25,15,17,-1,25,17,23,-1,23,17,19,-1,23,19,21,-1,57,55,97,-1,3,43,2,-1,2,43,41,-1,2,41,5,-1,51,49,99,-1,99,49,47,-1,99,47,45,-1,103,102,106,-1,106,102,101,-1,106,101,3,-1,3,101,99,-1,3,99,43,-1,43,99,45,-1,97,55,99,-1,99,55,53,-1,99,53,51,-1,95,61,97,-1,97,61,59,-1,97,59,57,-1,27,24,7,-1,7,24,22,-1,32,30,7,-1,7,30,28,-1,7,28,27,-1,72,70,92,-1,92,70,68,-1,41,39,5,-1,5,39,37,-1,5,37,7,-1,7,37,34,-1,7,34,32,-1,68,66,92,-1,92,66,65,-1,92,65,95,-1,95,65,63,-1,95,63,61,-1,90,76,92,-1,92,76,75,-1,92,75,72,-1,22,20,18,-1,18,16,22,-1,22,16,14,-1,22,14,12,-1,12,10,22,-1,22,10,8,-1,22,8,7,-1,90,88,76,-1,76,88,86,-1,76,86,84,-1,84,82,76,-1,76,82,80,-1,76,80,78,-1,101,102,100,-1,100,102,104,-1,103,106,105,-1,105,106,107,-1,108,109,110,-1,110,109,111,-1,112,108,113,-1,113,108,110,-1,114,112,115,-1,115,112,113,-1,114,115,116,-1,114,116,117,-1,117,116,118,-1,117,118,119,-1,119,118,120,-1,119,120,121,-1,121,120,122,-1,121,122,123,-1,123,122,124,-1,123,124,125,-1,125,124,126,-1,125,126,127,-1,127,126,128,-1,127,128,129,-1,129,128,130,-1,129,130,131,-1,131,130,132,-1,131,132,133,-1,134,133,135,-1,135,133,132,-1,134,135,136,-1,134,136,137,-1,137,136,138,-1,137,138,139,-1,139,138,140,-1,139,140,141,-1,141,140,142,-1,141,142,143,-1,144,143,145,-1,145,143,142,-1,144,145,146,-1,146,145,147,-1,146,147,148,-1,148,147,149,-1,148,149,150,-1,150,149,151,-1,150,151,152,-1,152,151,153,-1,152,153,154,-1,154,153,155,-1,154,155,156,-1,156,155,157,-1,156,157,158,-1,158,157,159,-1,158,159,160,-1,160,159,161,-1,160,161,162,-1,162,161,163,-1,162,163,164,-1,164,163,165,-1,164,165,166,-1,166,165,167,-1,166,167,168,-1,168,167,169,-1,168,169,170,-1,170,169,171,-1,172,170,173,-1,173,170,171,-1,172,173,174,-1,172,174,175,-1,175,174,176,-1,175,176,177,-1,177,176,178,-1,177,178,179,-1,179,178,180,-1,179,180,181,-1,182,181,183,-1,183,181,180,-1,182,183,184,-1,182,184,185,-1,185,184,186,-1,185,186,187,-1,187,186,188,-1,187,188,189,-1,189,188,190,-1,189,190,191,-1,191,190,192,-1,191,192,193,-1,193,192,194,-1,193,194,195,-1,195,194,196,-1,195,196,197,-1,197,196,198,-1,197,198,199,-1,199,198,200,-1,199,200,201,-1,202,201,203,-1,203,201,200,-1,204,202,205,-1,205,202,203,-1,206,204,207,-1,207,204,205,-1,208,206,209,-1,209,206,207,-1,210,211,212,-1,212,211,213,-1,214,111,215,-1,215,111,109,-1,150,152,108,-1,109,156,158,-1,206,164,204,-1,204,164,166,-1,204,166,202,-1,181,182,202,-1,212,213,208,-1,208,213,215,-1,208,215,206,-1,206,215,109,-1,206,109,164,-1,143,133,134,-1,108,152,109,-1,109,152,154,-1,109,154,156,-1,158,160,109,-1,109,160,162,-1,109,162,164,-1,202,182,201,-1,201,182,185,-1,201,185,199,-1,143,112,133,-1,133,112,114,-1,133,114,117,-1,143,144,112,-1,112,144,146,-1,112,146,108,-1,108,146,148,-1,108,148,150,-1,117,119,133,-1,133,119,121,-1,133,121,123,-1,134,137,143,-1,143,137,139,-1,143,139,141,-1,166,168,202,-1,202,168,170,-1,202,170,181,-1,181,170,172,-1,181,172,179,-1,179,172,175,-1,179,175,177,-1,123,125,133,-1,133,125,127,-1,133,127,131,-1,131,127,129,-1,193,195,191,-1,191,195,197,-1,191,197,189,-1,199,185,197,-1,197,185,187,-1,197,187,189,-1,115,113,132,-1,159,157,207,-1,207,157,155,-1,207,155,153,-1,111,151,110,-1,110,151,149,-1,110,149,113,-1,211,210,214,-1,214,210,209,-1,214,209,111,-1,111,209,207,-1,111,207,151,-1,151,207,153,-1,203,169,205,-1,205,169,167,-1,149,147,113,-1,113,147,145,-1,113,145,132,-1,132,145,142,-1,132,142,135,-1,184,183,200,-1,167,165,205,-1,205,165,163,-1,205,163,207,-1,207,163,161,-1,207,161,159,-1,115,132,116,-1,116,132,130,-1,116,130,118,-1,140,138,142,-1,142,138,136,-1,142,136,135,-1,183,180,200,-1,200,180,178,-1,200,178,176,-1,176,174,200,-1,200,174,173,-1,200,173,203,-1,203,173,171,-1,203,171,169,-1,124,130,126,-1,126,130,128,-1,124,122,130,-1,130,122,120,-1,130,120,118,-1,188,196,190,-1,190,196,194,-1,190,194,192,-1,200,198,184,-1,184,198,196,-1,184,196,186,-1,186,196,188,-1,209,210,208,-1,208,210,212,-1,211,214,213,-1,213,214,215,-1,216,217,218,-1,218,217,219,-1,220,216,221,-1,221,216,218,-1,222,220,223,-1,223,220,221,-1,222,223,224,-1,222,224,225,-1,225,224,226,-1,225,226,227,-1,227,226,228,-1,227,228,229,-1,229,228,230,-1,229,230,231,-1,231,230,232,-1,231,232,233,-1,233,232,234,-1,233,234,235,-1,235,234,236,-1,235,236,237,-1,237,236,238,-1,237,238,239,-1,239,238,240,-1,239,240,241,-1,242,241,243,-1,243,241,240,-1,242,243,244,-1,242,244,245,-1,245,244,246,-1,245,246,247,-1,247,246,248,-1,247,248,249,-1,249,248,250,-1,249,250,251,-1,252,251,253,-1,253,251,250,-1,252,253,254,-1,254,253,255,-1,254,255,256,-1,256,255,257,-1,256,257,258,-1,258,257,259,-1,258,259,260,-1,260,259,261,-1,260,261,262,-1,262,261,263,-1,262,263,264,-1,264,263,265,-1,264,265,266,-1,266,265,267,-1,266,267,268,-1,268,267,269,-1,268,269,270,-1,270,269,271,-1,270,271,272,-1,272,271,273,-1,272,273,274,-1,274,273,275,-1,274,275,276,-1,276,275,277,-1,276,277,278,-1,278,277,279,-1,280,278,281,-1,281,278,279,-1,280,281,282,-1,280,282,283,-1,283,282,284,-1,283,284,285,-1,285,284,286,-1,285,286,287,-1,287,286,288,-1,287,288,289,-1,290,289,291,-1,291,289,288,-1,290,291,292,-1,290,292,293,-1,293,292,294,-1,293,294,295,-1,295,294,296,-1,295,296,297,-1,297,296,298,-1,297,298,299,-1,299,298,300,-1,299,300,301,-1,301,300,302,-1,301,302,303,-1,303,302,304,-1,303,304,305,-1,305,304,306,-1,305,306,307,-1,307,306,308,-1,307,308,309,-1,310,309,311,-1,311,309,308,-1,312,310,313,-1,313,310,311,-1,314,312,315,-1,315,312,313,-1,316,314,317,-1,317,314,315,-1,318,319,320,-1,320,319,321,-1,322,219,323,-1,323,219,217,-1,309,310,290,-1,264,266,217,-1,217,266,268,-1,217,268,270,-1,314,272,312,-1,312,272,274,-1,312,274,310,-1,290,310,289,-1,320,321,316,-1,316,321,323,-1,316,323,314,-1,314,323,217,-1,314,217,272,-1,272,217,270,-1,256,216,254,-1,254,216,220,-1,254,220,252,-1,256,258,216,-1,216,258,260,-1,216,260,217,-1,217,260,262,-1,217,262,264,-1,280,283,285,-1,229,231,233,-1,251,241,242,-1,274,276,310,-1,310,276,278,-1,310,278,289,-1,289,278,280,-1,289,280,287,-1,287,280,285,-1,309,290,307,-1,307,290,293,-1,307,293,295,-1,235,237,222,-1,299,301,303,-1,229,233,227,-1,237,239,222,-1,222,239,241,-1,222,241,220,-1,220,241,251,-1,220,251,252,-1,242,245,251,-1,251,245,247,-1,251,247,249,-1,295,297,307,-1,307,297,299,-1,307,299,305,-1,305,299,303,-1,235,222,233,-1,233,222,225,-1,233,225,227,-1,273,271,313,-1,267,265,315,-1,315,265,263,-1,315,263,261,-1,219,259,218,-1,218,259,257,-1,218,257,221,-1,221,257,255,-1,319,318,322,-1,322,318,317,-1,322,317,219,-1,219,317,315,-1,219,315,259,-1,259,315,261,-1,313,271,315,-1,315,271,269,-1,315,269,267,-1,243,240,250,-1,281,279,311,-1,311,279,277,-1,311,277,313,-1,313,277,275,-1,313,275,273,-1,250,240,253,-1,284,282,281,-1,248,246,250,-1,250,246,244,-1,250,244,243,-1,255,253,221,-1,221,253,240,-1,221,240,223,-1,223,240,238,-1,238,236,223,-1,223,236,234,-1,223,234,232,-1,232,230,228,-1,284,281,286,-1,228,226,232,-1,232,226,224,-1,232,224,223,-1,306,304,308,-1,308,304,302,-1,308,302,300,-1,300,298,308,-1,308,298,296,-1,308,296,294,-1,294,292,308,-1,308,292,291,-1,308,291,311,-1,311,291,281,-1,281,291,288,-1,281,288,286,-1,317,318,316,-1,316,318,320,-1,319,322,321,-1,321,322,323,-1,324,325,326,-1,326,325,327,-1,328,324,329,-1,329,324,326,-1,330,328,331,-1,331,328,329,-1,330,331,332,-1,330,332,333,-1,333,332,334,-1,333,334,335,-1,335,334,336,-1,335,336,337,-1,337,336,338,-1,337,338,339,-1,339,338,340,-1,339,340,341,-1,341,340,342,-1,341,342,343,-1,343,342,344,-1,343,344,345,-1,345,344,346,-1,345,346,347,-1,347,346,348,-1,347,348,349,-1,350,349,351,-1,351,349,348,-1,350,351,352,-1,350,352,353,-1,353,352,354,-1,353,354,355,-1,355,354,356,-1,355,356,357,-1,357,356,358,-1,357,358,359,-1,360,359,361,-1,361,359,358,-1,360,361,362,-1,362,361,363,-1,362,363,364,-1,364,363,365,-1,364,365,366,-1,366,365,367,-1,366,367,368,-1,368,367,369,-1,368,369,370,-1,370,369,371,-1,370,371,372,-1,372,371,373,-1,372,373,374,-1,374,373,375,-1,374,375,376,-1,376,375,377,-1,376,377,378,-1,378,377,379,-1,378,379,380,-1,380,379,381,-1,380,381,382,-1,382,381,383,-1,382,383,384,-1,384,383,385,-1,384,385,386,-1,386,385,387,-1,388,386,389,-1,389,386,387,-1,388,389,390,-1,388,390,391,-1,391,390,392,-1,391,392,393,-1,393,392,394,-1,393,394,395,-1,395,394,396,-1,395,396,397,-1,398,397,399,-1,399,397,396,-1,398,399,400,-1,398,400,401,-1,401,400,402,-1,401,402,403,-1,403,402,404,-1,403,404,405,-1,405,404,406,-1,405,406,407,-1,407,406,408,-1,407,408,409,-1,409,408,410,-1,409,410,411,-1,411,410,412,-1,411,412,413,-1,413,412,414,-1,413,414,415,-1,415,414,416,-1,415,416,417,-1,418,417,419,-1,419,417,416,-1,420,418,421,-1,421,418,419,-1,422,420,423,-1,423,420,421,-1,424,422,425,-1,425,422,423,-1,426,427,428,-1,428,427,429,-1,430,327,431,-1,431,327,325,-1,417,418,398,-1,372,374,325,-1,325,374,376,-1,325,376,378,-1,422,380,420,-1,420,380,382,-1,420,382,418,-1,398,418,397,-1,428,429,424,-1,424,429,431,-1,424,431,422,-1,422,431,325,-1,422,325,380,-1,380,325,378,-1,364,324,362,-1,362,324,328,-1,362,328,360,-1,364,366,324,-1,324,366,368,-1,324,368,325,-1,325,368,370,-1,325,370,372,-1,388,391,393,-1,382,384,418,-1,418,384,386,-1,418,386,397,-1,397,386,388,-1,397,388,395,-1,395,388,393,-1,407,409,411,-1,359,349,350,-1,417,398,415,-1,415,398,401,-1,415,401,403,-1,403,405,415,-1,415,405,407,-1,415,407,413,-1,413,407,411,-1,345,347,330,-1,330,347,349,-1,330,349,328,-1,328,349,359,-1,328,359,360,-1,350,353,359,-1,359,353,355,-1,359,355,357,-1,333,341,330,-1,330,341,343,-1,330,343,345,-1,333,335,341,-1,341,335,337,-1,341,337,339,-1,381,379,421,-1,375,373,423,-1,423,373,371,-1,423,371,369,-1,327,367,326,-1,326,367,365,-1,326,365,329,-1,329,365,363,-1,427,426,430,-1,430,426,425,-1,430,425,327,-1,327,425,423,-1,327,423,367,-1,367,423,369,-1,421,379,423,-1,423,379,377,-1,423,377,375,-1,351,348,358,-1,389,387,419,-1,419,387,385,-1,419,385,421,-1,421,385,383,-1,421,383,381,-1,358,348,361,-1,392,390,389,-1,363,361,329,-1,329,361,348,-1,329,348,331,-1,331,348,346,-1,331,346,344,-1,410,408,406,-1,356,354,358,-1,358,354,352,-1,358,352,351,-1,404,402,416,-1,392,389,394,-1,334,340,336,-1,336,340,338,-1,344,342,331,-1,331,342,340,-1,331,340,332,-1,332,340,334,-1,410,406,412,-1,402,400,416,-1,416,400,399,-1,416,399,419,-1,419,399,389,-1,389,399,396,-1,389,396,394,-1,404,416,406,-1,406,416,414,-1,406,414,412,-1,425,426,424,-1,424,426,428,-1,427,430,429,-1,429,430,431,-1,432,433,434,-1,434,433,435,-1,436,432,437,-1,437,432,434,-1,438,436,439,-1,439,436,437,-1,438,439,440,-1,438,440,441,-1,441,440,442,-1,441,442,443,-1,443,442,444,-1,443,444,445,-1,445,444,446,-1,445,446,447,-1,447,446,448,-1,447,448,449,-1,449,448,450,-1,449,450,451,-1,451,450,452,-1,451,452,453,-1,453,452,454,-1,453,454,455,-1,455,454,456,-1,455,456,457,-1,458,457,459,-1,459,457,456,-1,458,459,460,-1,458,460,461,-1,461,460,462,-1,461,462,463,-1,463,462,464,-1,463,464,465,-1,465,464,466,-1,465,466,467,-1,468,467,469,-1,469,467,466,-1,468,469,470,-1,470,469,471,-1,470,471,472,-1,472,471,473,-1,472,473,474,-1,474,473,475,-1,474,475,476,-1,476,475,477,-1,476,477,478,-1,478,477,479,-1,478,479,480,-1,480,479,481,-1,480,481,482,-1,482,481,483,-1,482,483,484,-1,484,483,485,-1,484,485,486,-1,486,485,487,-1,486,487,488,-1,488,487,489,-1,488,489,490,-1,490,489,491,-1,490,491,492,-1,492,491,493,-1,492,493,494,-1,494,493,495,-1,496,494,497,-1,497,494,495,-1,496,497,498,-1,496,498,499,-1,499,498,500,-1,499,500,501,-1,501,500,502,-1,501,502,503,-1,503,502,504,-1,503,504,505,-1,506,505,507,-1,507,505,504,-1,506,507,508,-1,506,508,509,-1,509,508,510,-1,509,510,511,-1,511,510,512,-1,511,512,513,-1,513,512,514,-1,513,514,515,-1,515,514,516,-1,515,516,517,-1,517,516,518,-1,517,518,519,-1,519,518,520,-1,519,520,521,-1,521,520,522,-1,521,522,523,-1,523,522,524,-1,523,524,525,-1,526,525,527,-1,527,525,524,-1,528,526,529,-1,529,526,527,-1,530,528,531,-1,531,528,529,-1,532,530,533,-1,533,530,531,-1,534,535,536,-1,536,535,537,-1,538,435,539,-1,539,435,433,-1,525,526,506,-1,530,488,528,-1,528,488,490,-1,528,490,526,-1,536,537,532,-1,532,537,539,-1,532,539,530,-1,530,539,433,-1,530,433,488,-1,488,433,486,-1,480,482,433,-1,433,482,484,-1,433,484,486,-1,472,432,470,-1,470,432,436,-1,470,436,468,-1,468,436,467,-1,472,474,432,-1,432,474,476,-1,432,476,433,-1,433,476,478,-1,433,478,480,-1,490,492,526,-1,526,492,494,-1,526,494,506,-1,506,494,496,-1,506,496,505,-1,525,506,523,-1,523,506,509,-1,523,509,521,-1,463,465,467,-1,499,501,496,-1,496,501,503,-1,496,503,505,-1,463,467,461,-1,515,509,513,-1,513,509,511,-1,515,517,509,-1,509,517,519,-1,509,519,521,-1,441,443,449,-1,449,443,445,-1,449,445,447,-1,441,449,438,-1,438,449,451,-1,438,451,453,-1,453,455,438,-1,438,455,457,-1,438,457,436,-1,436,457,467,-1,467,457,458,-1,467,458,461,-1,489,487,529,-1,483,481,531,-1,531,481,479,-1,531,479,477,-1,435,475,434,-1,434,475,473,-1,434,473,437,-1,437,473,471,-1,535,534,538,-1,538,534,533,-1,538,533,435,-1,435,533,531,-1,435,531,475,-1,475,531,477,-1,529,487,531,-1,531,487,485,-1,531,485,483,-1,459,456,466,-1,527,493,529,-1,529,493,491,-1,529,491,489,-1,466,456,469,-1,504,502,524,-1,524,502,500,-1,464,462,466,-1,466,462,460,-1,466,460,459,-1,471,469,437,-1,437,469,456,-1,437,456,439,-1,439,456,454,-1,439,454,452,-1,442,448,444,-1,444,448,446,-1,452,450,439,-1,439,450,448,-1,439,448,440,-1,440,448,442,-1,500,498,524,-1,524,498,497,-1,524,497,527,-1,527,497,495,-1,527,495,493,-1,522,508,524,-1,524,508,507,-1,524,507,504,-1,522,520,508,-1,508,520,518,-1,508,518,516,-1,516,514,508,-1,508,514,512,-1,508,512,510,-1,533,534,532,-1,532,534,536,-1,535,538,537,-1,537,538,539,-1,540,541,542,-1,542,541,543,-1,544,540,545,-1,545,540,542,-1,546,544,547,-1,547,544,545,-1,546,547,548,-1,546,548,549,-1,549,548,550,-1,549,550,551,-1,551,550,552,-1,551,552,553,-1,553,552,554,-1,553,554,555,-1,555,554,556,-1,555,556,557,-1,557,556,558,-1,557,558,559,-1,559,558,560,-1,559,560,561,-1,561,560,562,-1,561,562,563,-1,563,562,564,-1,563,564,565,-1,566,565,567,-1,567,565,564,-1,566,567,568,-1,566,568,569,-1,569,568,570,-1,569,570,571,-1,571,570,572,-1,571,572,573,-1,573,572,574,-1,573,574,575,-1,576,575,577,-1,577,575,574,-1,576,577,578,-1,578,577,579,-1,578,579,580,-1,580,579,581,-1,580,581,582,-1,582,581,583,-1,582,583,584,-1,584,583,585,-1,584,585,586,-1,586,585,587,-1,586,587,588,-1,588,587,589,-1,588,589,590,-1,590,589,591,-1,590,591,592,-1,592,591,593,-1,592,593,594,-1,594,593,595,-1,594,595,596,-1,596,595,597,-1,596,597,598,-1,598,597,599,-1,598,599,600,-1,600,599,601,-1,600,601,602,-1,602,601,603,-1,604,602,605,-1,605,602,603,-1,604,605,606,-1,604,606,607,-1,607,606,608,-1,607,608,609,-1,609,608,610,-1,609,610,611,-1,611,610,612,-1,611,612,613,-1,614,613,615,-1,615,613,612,-1,614,615,616,-1,614,616,617,-1,617,616,618,-1,617,618,619,-1,619,618,620,-1,619,620,621,-1,621,620,622,-1,621,622,623,-1,623,622,624,-1,623,624,625,-1,625,624,626,-1,625,626,627,-1,627,626,628,-1,627,628,629,-1,629,628,630,-1,629,630,631,-1,631,630,632,-1,631,632,633,-1,634,633,635,-1,635,633,632,-1,636,634,637,-1,637,634,635,-1,638,636,639,-1,639,636,637,-1,640,638,641,-1,641,638,639,-1,642,643,644,-1,644,643,645,-1,646,543,647,-1,647,543,541,-1,633,634,614,-1,638,596,636,-1,636,596,598,-1,636,598,634,-1,644,645,640,-1,640,645,647,-1,640,647,638,-1,638,647,541,-1,638,541,596,-1,596,541,594,-1,580,540,578,-1,578,540,544,-1,578,544,576,-1,580,582,540,-1,540,582,584,-1,540,584,541,-1,541,584,586,-1,541,586,588,-1,588,590,541,-1,541,590,592,-1,541,592,594,-1,598,600,634,-1,634,600,602,-1,634,602,614,-1,614,602,604,-1,614,604,613,-1,565,544,546,-1,633,614,631,-1,631,614,617,-1,631,617,629,-1,576,544,575,-1,575,544,565,-1,575,565,566,-1,607,609,604,-1,604,609,611,-1,604,611,613,-1,546,549,565,-1,565,549,551,-1,565,551,553,-1,566,569,575,-1,575,569,571,-1,575,571,573,-1,623,617,621,-1,621,617,619,-1,623,625,617,-1,617,625,627,-1,617,627,629,-1,553,555,565,-1,565,555,557,-1,565,557,563,-1,563,557,559,-1,563,559,561,-1,597,595,637,-1,543,583,542,-1,542,583,581,-1,542,581,545,-1,591,589,639,-1,639,589,587,-1,639,587,585,-1,643,642,646,-1,646,642,641,-1,646,641,543,-1,543,641,639,-1,543,639,583,-1,583,639,585,-1,637,595,639,-1,639,595,593,-1,639,593,591,-1,635,601,637,-1,637,601,599,-1,637,599,597,-1,567,564,547,-1,547,564,562,-1,572,570,547,-1,547,570,568,-1,547,568,567,-1,612,610,632,-1,632,610,608,-1,581,579,545,-1,545,579,577,-1,545,577,547,-1,547,577,574,-1,547,574,572,-1,608,606,632,-1,632,606,605,-1,632,605,635,-1,635,605,603,-1,635,603,601,-1,630,616,632,-1,632,616,615,-1,632,615,612,-1,562,560,558,-1,558,556,562,-1,562,556,554,-1,562,554,552,-1,552,550,562,-1,562,550,548,-1,562,548,547,-1,630,628,616,-1,616,628,626,-1,616,626,624,-1,624,622,616,-1,616,622,620,-1,616,620,618,-1,641,642,640,-1,640,642,644,-1,643,646,645,-1,645,646,647,-1,
        ]
    }
}
Shape{
    appearance Appearance {
        material  Material 	{
            diffuseColor 0.25098039215686274 0.25098039215686274 0.25098039215686274
            specularColor 0.12549019607843137 0.12549019607843137 0.12549019607843137
            ambientIntensity 0.251
            transparency 0.0
            shininess 0.5
        }
    }
    geometry IndexedFaceSet {
        ccw TRUE
        solid FALSE
        coord DEF co Coordinate {
            point [
                -0.0899 -0.4902 2.6089, -0.0899 -0.4902 2.551, 0.0509 -0.4902 2.551, -0.0899 -0.4902 2.8409, -0.0899 -0.4902 2.798, 0.0509 -0.4902 2.798, 0.1067 -0.4902 2.9882, 0.1178 -0.4902 2.9896, 0.0596 -0.4902 2.9896, 0.1444 -0.4902 2.8418, 0.135 -0.4902 2.8409, 0.1834 -0.4902 2.8409, 0.2107 -0.4902 2.9715, 0.2107 -0.4902 2.9247, 0.2502 -0.4902 2.9247, 0.536 -0.4902 2.8421, 0.5211 -0.4902 2.8821, 0.4675 -0.4902 2.8821, 0.2198 -0.4902 2.6096, 0.2136 -0.4902 2.6089, 0.2502 -0.4902 2.6089, 0.1878 -0.4902 2.6093, 0.1834 -0.4902 2.6108, 0.1834 -0.4902 2.6089, 0.3939 -0.4902 2.676, 0.3939 -0.4902 2.6268, 0.4213 -0.4902 2.6268, -0.8128 -0.4902 2.786, -0.8105 -0.4902 2.798, -1.9558 -0.4902 2.798, -0.2166 -0.4902 2.8743, -0.1884 -0.4902 2.8504, -0.0899 -0.4902 2.9896, -0.3328 -0.4902 2.9896, -0.3089 -0.4902 2.9735, -0.275 -0.4902 2.9345, -0.2527 -0.4902 2.8914, -0.2475 -0.4902 2.8896, -0.4074 -0.4902 3.0231, -0.3553 -0.4902 3.0047, -0.0899 -0.4902 3.3465, -0.5499 -0.4902 3.0027, -0.5019 -0.4902 3.0212, -1.9558 -0.4902 3.3465, -0.4503 -0.4902 3.0276, -0.7643 -0.4902 2.8935, -0.7559 -0.4902 2.9014, -1.9558 -0.4902 2.9896, -0.571 -0.4902 2.9896, -0.5751 -0.4902 2.9871, -0.7211 -0.4902 2.925, -0.6824 -0.4902 2.9391, -0.6447 -0.4902 2.9434, -0.5995 -0.4902 2.9661, -0.6328 -0.4902 2.9427, -0.6208 -0.4902 2.9413, -1.9558 -0.4902 2.8409, -0.8049 -0.4902 2.8271, -0.7985 -0.4902 2.8409, -0.7876 -0.4902 2.8641, -0.7032 -0.4902 2.617, -0.7403 -0.4902 2.6361, -1.9558 -0.4902 2.6089, -0.7695 -0.4902 2.6616, -0.7727 -0.4902 2.6653, -0.7948 -0.4902 2.6986, -0.8089 -0.4902 2.7375, -0.8132 -0.4902 2.7749, -0.6863 -0.4902 2.6117, -0.685 -0.4902 2.6089, -0.6759 -0.4902 2.5894, -0.6605 -0.4902 2.5703, -0.5445 -0.4902 2.551, -0.5624 -0.4902 2.5441, -0.0899 -0.4902 0.0, -0.5875 -0.4902 2.541, -1.9558 -0.4902 0.0, -0.5916 -0.4902 2.5411, -0.6161 -0.4902 2.5449, -1.9558 -0.4902 2.551, -0.6305 -0.4902 2.551, -0.6401 -0.4902 2.555, -0.4901 -0.4902 2.6089, -0.4902 -0.4902 2.6086, -0.5024 -0.4902 2.5854, -0.5185 -0.4902 2.5674, -0.5392 -0.4902 2.553, -0.1545 -0.4902 2.789, -0.1498 -0.4902 2.7552, -0.3572 -0.4902 2.6703, -0.35 -0.4902 2.6731, -0.338 -0.4902 2.7323, -0.1883 -0.4902 2.6564, -0.2169 -0.4902 2.6322, -0.5096 -0.4902 2.7146, -0.3702 -0.4902 2.7874, -0.5277 -0.4902 2.7312, -0.5498 -0.4902 2.743, -0.3636 -0.4902 2.6658, -0.1679 -0.4902 2.6847, -0.2148 -0.4902 2.7631, -0.2196 -0.4902 2.7831, -0.2276 -0.4902 2.798, -0.7451 -0.4902 2.798, -0.1547 -0.4902 2.7176, -0.3421 -0.4902 2.6741, -0.3411 -0.4902 2.674, -0.338 -0.4902 2.6733, -0.739 -0.4902 2.7357, -0.7265 -0.4902 2.7144, -0.6738 -0.4902 2.7038, -0.7079 -0.4902 2.6953, -0.6853 -0.4902 2.6814, -0.6353 -0.4902 2.7382, -0.6566 -0.4902 2.7234, -0.7477 -0.4902 2.777, -0.7464 -0.4902 2.7611, -0.6123 -0.4902 2.7469, -0.5875 -0.4902 2.75, -0.5748 -0.4902 2.7492, -0.2353 -0.4902 2.6992, -0.2239 -0.4902 2.7154, -0.2167 -0.4902 2.7339, -0.2143 -0.4902 2.7541, -0.35 -0.4902 2.6105, -0.3569 -0.4902 2.6132, -0.3636 -0.4902 2.618, -0.3661 -0.4902 2.6206, -0.3744 -0.4902 2.6419, -0.3742 -0.4902 2.6453, -0.4836 -0.4902 2.6554, -0.3723 -0.4902 2.6532, -0.3684 -0.4902 2.6604, -0.2487 -0.4902 2.6168, -0.2829 -0.4902 2.6096, -0.3442 -0.4902 2.6096, -0.3707 -0.4902 2.6271, -0.3734 -0.4902 2.6341, -0.4841 -0.4902 2.6343, -0.4836 -0.4902 2.645, -0.3359 -0.4902 2.673, -0.2891 -0.4902 2.673, -0.2705 -0.4902 2.6766, -0.2522 -0.4902 2.6851, -0.2368 -0.4902 2.6976, -0.3037 -0.4902 2.8353, -0.7357 -0.4902 2.8253, -0.7446 -0.4902 2.8022, -0.2954 -0.4902 2.8353, -0.2293 -0.4902 2.8011, -0.2413 -0.4902 2.8146, -0.2575 -0.4902 2.8258, -0.2756 -0.4902 2.8328, -0.3479 -0.4902 2.9242, -0.3527 -0.4902 2.9286, -0.5886 -0.4902 2.8654, -0.3249 -0.4902 2.8958, -0.7249 -0.4902 2.8409, -0.5962 -0.4902 2.8695, -0.3049 -0.4902 2.8409, -0.3093 -0.4902 2.862, -0.6195 -0.4902 2.878, -0.6437 -0.4902 2.881, -0.6544 -0.4902 2.8805, -0.382 -0.4902 2.9487, -0.4147 -0.4902 2.9611, -0.5733 -0.4902 2.8974, -0.4492 -0.4902 2.9652, -0.68 -0.4902 2.8744, -0.7032 -0.4902 2.8621, -0.7213 -0.4902 2.8461, -0.4871 -0.4902 2.9604, -0.5212 -0.4902 2.9467, -0.5501 -0.4902 2.9254, -0.1816 -0.4902 2.8409, -0.1672 -0.4902 2.8208, -0.1581 -0.4902 2.798, 0.4536 -0.4902 2.6268, 0.4536 -0.4902 2.6101, 0.4675 -0.4902 2.6089, 0.4213 -0.4902 2.6089, 0.4675 -0.4902 2.798, 0.4503 -0.4902 2.7564, 0.4503 -0.4902 2.7395, 0.4462 -0.4902 2.6927, 0.4462 -0.4902 2.676, 0.4213 -0.4902 2.676, 0.4213 -0.4902 2.7395, 0.4213 -0.4902 2.6927, 0.3939 -0.4902 2.7395, 0.3939 -0.4902 2.6927, 0.4213 -0.4902 2.6101, 0.375 -0.4902 2.6101, 0.3651 -0.4902 2.6089, 0.375 -0.4902 2.7564, 0.073 -0.4902 2.6592, 0.0764 -0.4902 2.6895, 0.0692 -0.4902 2.6532, 0.067 -0.4902 2.6465, 0.1169 -0.4902 2.7014, 0.1106 -0.4902 2.7021, 0.1008 -0.4902 2.6722, 0.1749 -0.4902 2.6327, 0.1501 -0.4902 2.6773, 0.1749 -0.4902 2.6138, 0.1501 -0.4902 2.6101, 0.1226 -0.4902 2.6157, 0.1162 -0.4902 2.6114, 0.1318 -0.4902 2.6101, 0.1093 -0.4902 2.6089, 0.0783 -0.4902 2.6642, 0.0856 -0.4902 2.6682, 0.089 -0.4902 2.6974, 0.1005 -0.4902 2.7011, 0.0596 -0.4902 2.551, 0.0887 -0.4902 2.6089, 0.0596 -0.4902 2.6089, 0.0883 -0.4902 2.6089, 0.0813 -0.4902 2.6116, 0.0751 -0.4902 2.6159, 0.0734 -0.4902 2.6176, 0.0695 -0.4902 2.6231, 0.1815 -0.4902 2.6286, 0.1834 -0.4902 2.6278, 0.1834 -0.4902 2.6666, 0.1318 -0.4902 2.6263, 0.1313 -0.4902 2.6263, 0.1284 -0.4902 2.6219, 0.0672 -0.4902 2.6292, 0.0662 -0.4902 2.6381, 0.0596 -0.4902 2.798, 0.0764 -0.4902 2.7072, 0.1758 -0.4902 2.6792, 0.1483 -0.4902 2.6928, 0.175 -0.4902 2.6864, 0.1318 -0.4902 2.6765, 0.1312 -0.4902 2.6845, 0.1293 -0.4902 2.6911, 0.1271 -0.4902 2.6949, 0.0801 -0.4902 2.7094, 0.0937 -0.4902 2.7147, 0.1123 -0.4902 2.717, 0.1832 -0.4902 2.6667, 0.1802 -0.4902 2.6699, 0.1779 -0.4902 2.6737, 0.1244 -0.4902 2.6978, 0.1211 -0.4902 2.6999, 0.1383 -0.4902 2.7093, 0.1813 -0.4902 2.7037, 0.1325 -0.4902 2.713, 0.1252 -0.4902 2.7156, 0.1757 -0.4902 2.6929, 0.1779 -0.4902 2.6988, 0.1453 -0.4902 2.7006, 0.1414 -0.4902 2.7063, 0.1914 -0.4902 2.6089, 0.1834 -0.4902 2.551, 0.2033 -0.4902 2.6077, 0.2404 -0.4902 2.7123, 0.2404 -0.4902 2.6945, 0.1834 -0.4902 2.7056, 0.1834 -0.4902 2.798, 0.1868 -0.4902 2.7087, 0.1912 -0.4902 2.7114, 0.2446 -0.4902 2.6312, 0.2423 -0.4902 2.6254, 0.2389 -0.4902 2.6206, 0.2011 -0.4902 2.7152, 0.2157 -0.4902 2.717, 0.2502 -0.4902 2.798, 0.2286 -0.4902 2.7158, 0.2393 -0.4902 2.6558, 0.2427 -0.4902 2.6508, 0.2447 -0.4902 2.6454, 0.2455 -0.4902 2.6385, 0.2337 -0.4902 2.616, 0.2295 -0.4902 2.6134, 0.2139 -0.4902 2.7021, 0.2085 -0.4902 2.7017, 0.1939 -0.4902 2.688, 0.2036 -0.4902 2.7004, 0.1995 -0.4902 2.6982, 0.1941 -0.4902 2.6856, 0.1948 -0.4902 2.6828, 0.1961 -0.4902 2.6803, 0.1979 -0.4902 2.6783, 0.2044 -0.4902 2.6743, 0.2267 -0.4902 2.7005, 0.2157 -0.4902 2.6693, 0.2371 -0.4902 2.6965, 0.2228 -0.4902 2.6665, 0.235 -0.4902 2.6597, 0.1967 -0.4902 2.6958, 0.1951 -0.4902 2.6934, 0.1942 -0.4902 2.691, 0.193 -0.4902 2.6241, 0.2028 -0.4902 2.656, 0.1918 -0.4902 2.661, 0.205 -0.4902 2.6226, 0.2059 -0.4902 2.6226, 0.2148 -0.4902 2.651, 0.2152 -0.4902 2.6237, 0.2267 -0.4902 2.6367, 0.2265 -0.4902 2.639, 0.22 -0.4902 2.6254, 0.2216 -0.4902 2.6264, 0.2237 -0.4902 2.6283, 0.2253 -0.4902 2.6306, 0.2263 -0.4902 2.6332, 0.2256 -0.4902 2.6419, 0.2242 -0.4902 2.6443, 0.2219 -0.4902 2.6467, 0.5569 -0.4902 2.8421, 0.4675 -0.4902 2.8409, 3.0984 -0.4902 2.8409, 3.0984 -0.4902 2.9896, 0.5012 -0.4902 2.9884, 0.4675 -0.4902 2.9896, 0.4602 -0.4902 2.8821, 0.4462 -0.4902 2.8421, 0.4213 -0.4902 2.8409, 0.4253 -0.4902 2.8421, 0.4213 -0.4902 2.9896, 0.4675 -0.4902 2.9528, 0.481 -0.4902 2.9884, 0.3651 -0.4902 2.9896, 0.2843 -0.4902 2.9896, 0.3399 -0.4902 2.9884, 0.2981 -0.4902 2.9884, 0.2981 -0.4902 2.8421, 0.2843 -0.4902 2.8409, 0.3384 -0.4902 2.8421, 0.3651 -0.4902 2.8409, 0.3633 -0.4902 2.8452, 0.4132 -0.4902 2.8907, 0.406 -0.4902 2.8756, 0.4002 -0.4902 2.964, 0.4093 -0.4902 2.9513, 0.3951 -0.4902 2.8626, 0.38 -0.4902 2.8517, 0.3651 -0.4902 2.8459, 0.3951 -0.4902 2.969, 0.3622 -0.4902 2.9859, 0.3651 -0.4902 2.9848, 0.3798 -0.4902 2.9795, 0.4147 -0.4902 2.9374, 0.4172 -0.4902 2.9171, 0.4168 -0.4902 2.9078, 0.2502 -0.4902 2.9896, 0.2672 -0.4902 2.9884, 0.2502 -0.4902 2.9884, 0.2672 -0.4902 2.9715, 0.2705 -0.4902 2.8588, 0.2705 -0.4902 2.8421, 0.2502 -0.4902 2.8409, 0.2107 -0.4902 2.8588, 0.2502 -0.4902 2.8588, 0.2107 -0.4902 2.908, 0.2502 -0.4902 2.908, 0.263 -0.4902 2.908, 0.263 -0.4902 2.9247, 0.2502 -0.4902 2.9715, 0.1918 -0.4902 2.9884, 0.1834 -0.4902 2.9896, 0.1918 -0.4902 2.8421, 0.1626 -0.4902 2.9849, 0.1472 -0.4902 2.9893, 0.1435 -0.4902 2.9896, 0.2502 -0.4902 2.8421, 0.1626 -0.4902 2.9651, 0.1601 -0.4902 2.8469, 0.1317 -0.4902 2.8567, 0.1482 -0.4902 2.8598, 0.1626 -0.4902 2.8663, 0.1626 -0.4902 2.8482, 0.1461 -0.4902 2.9716, 0.1281 -0.4902 2.9738, 0.0729 -0.4902 2.9136, 0.0801 -0.4902 2.8818, 0.0873 -0.4902 2.8719, 0.0901 -0.4902 2.869, 0.0997 -0.4902 2.8623, 0.1101 -0.4902 2.8583, 0.1248 -0.4902 2.8565, 0.0883 -0.4902 2.9576, 0.0803 -0.4902 2.9464, 0.0982 -0.4902 2.9658, 0.1097 -0.4902 2.9711, 0.1224 -0.4902 2.9736, 0.0753 -0.4902 2.9339, 0.161 -0.4902 2.966, 0.0731 -0.4902 2.9082, 0.0754 -0.4902 2.8936, 0.1279 -0.4902 2.9908, 0.0596 -0.4902 3.3465, 0.1834 -0.4902 3.3465, 0.1281 -0.4902 2.9908, 0.0636 -0.4902 2.9555, 0.0742 -0.4902 2.9693, 0.0777 -0.4902 2.9727, 0.0914 -0.4902 2.9823, 0.0596 -0.4902 2.8793, 0.056 -0.4902 2.8885, 0.0509 -0.4902 2.8409, 0.0531 -0.4902 2.9125, 0.0533 -0.4902 2.9201, 0.0509 -0.4902 2.9896, 0.0567 -0.4902 2.9392, 0.0596 -0.4902 2.9462, 0.0974 -0.4902 2.8433, 0.0836 -0.4902 2.8498, 0.0596 -0.4902 2.8409, 0.0718 -0.4902 2.8596, 0.062 -0.4902 2.8733, 0.1093 -0.4902 2.8409, 0.1133 -0.4902 2.8401, 0.1221 -0.4902 2.8397, 0.1087 -0.4902 2.6087, 0.0993 -0.4902 2.6077, 0.3363 -0.4902 2.7146, 0.3553 -0.4902 2.7146, 0.3651 -0.4902 2.798, 0.4213 -0.4902 2.7564, 0.4213 -0.4902 2.798, 0.3136 -0.4902 2.6089, 0.3028 -0.4902 2.6361, 0.305 -0.4902 2.6275, 0.3055 -0.4902 2.6275, 0.2843 -0.4902 2.798, 0.2843 -0.4902 2.6891, 0.3077 -0.4902 2.6359, 0.3063 -0.4902 2.6311, 0.2843 -0.4902 2.6089, 0.2843 -0.4902 2.64, 0.255 -0.4902 2.7146, 0.2755 -0.4902 2.7146, 0.296 -0.4902 2.6104, 0.2953 -0.4902 2.6089, 0.2879 -0.4902 2.5914, 0.2502 -0.4902 2.551, 0.2588 -0.4902 2.5624, 0.2588 -0.4902 2.5787, 0.2625 -0.4902 2.5775, 0.2692 -0.4902 2.5766, 0.2697 -0.4902 2.5766, 0.2741 -0.4902 2.5773, 0.278 -0.4902 2.5789, 0.2808 -0.4902 2.5808, 0.2842 -0.4902 2.5846, 0.2843 -0.4902 2.5848, 0.2843 -0.4902 2.5643, 0.2787 -0.4902 2.562, 0.2843 -0.4902 2.551, 0.2706 -0.4902 2.5609, 0.2665 -0.4902 2.5611, 0.3079 -0.4902 2.5944, 0.3651 -0.4902 2.551, 0.2995 -0.4902 2.5781, 0.2919 -0.4902 2.5693, 0.2858 -0.4902 2.5649, -3.0984 -0.4902 0.0, -3.0984 -0.4902 2.551, -3.0984 -0.4902 2.6089, -3.0984 -0.4902 2.798, -3.0984 -0.4902 2.8409, -3.0984 -0.4902 2.9896, -3.0984 -0.4902 3.3465, 0.0471 -0.4902 2.8588, 0.0471 -0.4902 2.8421, -0.03 -0.4902 2.8421, -0.0111 -0.4902 2.9884, -0.0111 -0.4902 2.8588, -0.03 -0.4902 2.9884, 0.0509 -0.4902 2.6089, 0.0486 -0.4902 2.6101, -0.03 -0.4902 2.6101, 0.0486 -0.4902 2.6268, 0.0453 -0.4902 2.7395, -0.0111 -0.4902 2.676, -0.0111 -0.4902 2.6268, 0.0412 -0.4902 2.676, 0.0412 -0.4902 2.6927, -0.0111 -0.4902 2.6927, -0.0111 -0.4902 2.7395, -0.03 -0.4902 2.7564, 0.0453 -0.4902 2.7564, 0.0509 -0.4902 3.3465, 0.2502 -0.4902 3.3465, 0.2843 -0.4902 3.3465, 0.3651 -0.4902 3.3465, 0.4213 -0.4902 3.3465, 0.4675 -0.4902 3.3465, 3.0984 -0.4902 3.3465, 3.0984 -0.4902 2.798, 0.4813 -0.4902 2.6101, 0.4813 -0.4902 2.7564, 0.7192 -0.4902 2.6101, 0.7043 -0.4902 2.6501, 0.6434 -0.4902 2.6501, 0.6642 -0.4902 2.7564, 0.6843 -0.4902 2.7564, 0.6293 -0.4902 2.6101, 0.6084 -0.4902 2.6101, 0.5215 -0.4902 2.6101, 0.5892 -0.4902 2.6436, 0.5783 -0.4902 2.6306, 0.74 -0.4902 2.6101, 3.0984 -0.4902 2.6089, 0.5631 -0.4902 2.6197, 0.5465 -0.4902 2.6132, 0.5783 -0.4902 2.737, 0.5834 -0.4902 2.732, 0.5924 -0.4902 2.7193, 0.5979 -0.4902 2.7054, 0.523 -0.4902 2.7564, 0.5453 -0.4902 2.7539, 0.563 -0.4902 2.7475, 0.6003 -0.4902 2.6851, 0.5999 -0.4902 2.6758, 0.5964 -0.4902 2.6587, 0.4213 -0.4902 2.551, 0.4675 -0.4902 2.551, 3.0984 -0.4902 2.551, 0.0509 -0.4902 0.0, 0.0596 -0.4902 0.0, 0.1834 -0.4902 0.0, 0.2502 -0.4902 0.0, 0.2843 -0.4902 0.0, 0.3651 -0.4902 0.0, 0.4213 -0.4902 0.0, 0.4675 -0.4902 0.0, 3.0984 -0.4902 0.0, -3.0984 0.2776 0.0, -3.0984 0.4941 0.0, 3.0984 0.2776 0.0, 3.0984 0.4941 0.0, 2.6969 -0.1949 3.2677, 2.6969 0.1988 3.2677, 2.6969 -0.1949 2.7559, 2.6969 0.1988 2.7559, 2.3031 -0.1949 3.2677, 2.3031 -0.1949 2.7559, 2.3031 0.1988 3.2677, 2.3031 0.1988 2.7559, 1.6969 -0.1949 3.2677, 1.6969 0.1988 3.2677, 1.6969 -0.1949 2.7559, 1.6969 0.1988 2.7559, 1.3031 -0.1949 3.2677, 1.3031 -0.1949 2.7559, 1.3031 0.1988 3.2677, 1.3031 0.1988 2.7559, 0.6969 -0.1949 3.2677, 0.6969 0.1988 3.2677, 0.6969 -0.1949 2.7559, 0.6969 0.1988 2.7559, 0.3031 -0.1949 3.2677, 0.3031 -0.1949 2.7559, 0.3031 0.1988 3.2677, 0.3031 0.1988 2.7559, -0.3031 -0.1949 3.2677, -0.3031 0.1988 3.2677, -0.3031 -0.1949 2.7559, -0.3031 0.1988 2.7559, -0.6969 -0.1949 3.2677, -0.6969 -0.1949 2.7559, -0.6969 0.1988 3.2677, -0.6969 0.1988 2.7559, -1.3031 -0.1949 3.2677, -1.3031 0.1988 3.2677, -1.3031 -0.1949 2.7559, -1.3031 0.1988 2.7559, -1.6969 -0.1949 3.2677, -1.6969 -0.1949 2.7559, -1.6969 0.1988 3.2677, -1.6969 0.1988 2.7559, -2.3031 -0.1949 3.2677, -2.3031 0.1988 3.2677, -2.3031 -0.1949 2.7559, -2.3031 0.1988 2.7559, -2.6969 -0.1949 3.2677, -2.6969 -0.1949 2.7559, -2.6969 0.1988 3.2677, -2.6969 0.1988 2.7559, 3.0984 0.2776 0.1181, 3.0984 -0.2736 0.0, 3.0984 -0.2736 0.1181, 3.0984 0.4941 3.3465, 3.0984 -0.3819 3.3465, 2.0 0.4941 3.3465, -3.0984 0.4941 3.3465, -2.937 0.4941 3.3465, -2.0 0.4941 3.3465, -1.0 0.4941 3.3465, 0.0 0.4941 3.3465, 1.0 0.4941 3.3465, -3.0984 -0.2736 0.1181, -3.0984 -0.2736 0.0, -3.0984 0.2776 0.1181, -3.0984 -0.3819 3.3465, 2.0 -0.3819 3.3465, 2.2244 0.2776 3.3465, 2.2244 -0.2736 3.3465, 2.7756 -0.2736 3.3465, 2.7756 0.2776 3.3465, 1.2244 0.2776 3.3465, 1.2244 -0.2736 3.3465, 1.0 -0.3819 3.3465, 1.7756 -0.2736 3.3465, 1.7756 0.2776 3.3465, 0.2244 0.2776 3.3465, 0.2244 -0.2736 3.3465, 0.0 -0.3819 3.3465, 0.7756 -0.2736 3.3465, 0.7756 0.2776 3.3465, -0.7756 0.2776 3.3465, -0.7756 -0.2736 3.3465, -1.0 -0.3819 3.3465, -0.2244 -0.2736 3.3465, -0.2244 0.2776 3.3465, -1.7756 0.2776 3.3465, -1.7756 -0.2736 3.3465, -2.0 -0.3819 3.3465, -1.2244 -0.2736 3.3465, -1.2244 0.2776 3.3465, -2.7756 -0.2736 3.3465, -2.937 -0.3819 3.3465, -2.2244 -0.2736 3.3465, -2.2244 0.2776 3.3465, -2.7756 0.2776 3.3465, 2.0 -0.4902 3.3465, 1.0 -0.4902 3.3465, 0.0 -0.4902 3.3465, -1.0 -0.4902 3.3465, -2.0 -0.4902 3.3465, -2.937 -0.4902 3.3465, -2.2244 0.2776 2.7559, -2.2244 -0.2736 2.7559, -2.7756 -0.2736 2.7559, -2.7756 0.2776 2.7559, -2.2244 -0.2736 0.1181, -2.2244 0.2776 0.1181, -2.7756 0.2776 0.1181, 2.7756 0.2776 0.1181, 2.7756 0.2776 2.7559, 2.2244 0.2776 2.7559, 2.2244 0.2776 0.1181, 1.7756 0.2776 0.1181, 1.7756 0.2776 2.7559, 1.2244 0.2776 2.7559, 1.2244 0.2776 0.1181, 0.7756 0.2776 0.1181, 0.7756 0.2776 2.7559, 0.2244 0.2776 2.7559, 0.2244 0.2776 0.1181, -0.2244 0.2776 0.1181, -0.2244 0.2776 2.7559, -0.7756 0.2776 2.7559, -0.7756 0.2776 0.1181, -1.2244 0.2776 0.1181, -1.2244 0.2776 2.7559, -1.7756 0.2776 2.7559, -1.7756 0.2776 0.1181, -2.7756 -0.2736 0.1181, 2.7756 -0.2736 0.1181, -1.7756 -0.2736 2.7559, -1.2244 -0.2736 2.7559, -1.7756 -0.2736 0.1181, -1.2244 -0.2736 0.1181, -0.7756 -0.2736 0.1181, 0.2244 -0.2736 0.1181, 0.2244 -0.2736 2.7559, 0.7756 -0.2736 2.7559, 0.7756 -0.2736 0.1181, 1.2244 -0.2736 0.1181, -0.2244 -0.2736 0.1181, -0.2244 -0.2736 2.7559, -0.7756 -0.2736 2.7559, 2.2244 -0.2736 0.1181, 2.2244 -0.2736 2.7559, 2.7756 -0.2736 2.7559, 1.7756 -0.2736 0.1181, 1.7756 -0.2736 2.7559, 1.2244 -0.2736 2.7559
            ]
        }
        coordIndex [
            0,1,2,-1,3,4,5,-1,6,7,8,-1,9,10,11,-1,12,13,14,-1,15,16,17,-1,18,19,20,-1,21,22,23,-1,24,25,26,-1,27,28,29,-1,30,31,32,-1,32,31,3,-1,33,34,32,-1,32,34,35,-1,35,36,32,-1,32,36,37,-1,32,37,30,-1,38,39,40,-1,41,42,43,-1,43,42,40,-1,40,42,44,-1,40,44,38,-1,45,46,47,-1,41,43,48,-1,48,43,47,-1,48,47,49,-1,46,50,47,-1,47,50,51,-1,47,51,49,-1,49,51,52,-1,49,52,53,-1,53,52,54,-1,53,54,55,-1,29,28,56,-1,28,57,56,-1,56,57,58,-1,56,58,47,-1,47,58,59,-1,47,59,45,-1,60,61,62,-1,62,61,63,-1,62,63,64,-1,64,65,62,-1,62,65,66,-1,62,66,29,-1,29,66,67,-1,29,67,27,-1,68,60,69,-1,69,60,62,-1,69,62,70,-1,70,62,71,-1,72,73,74,-1,74,73,75,-1,74,75,76,-1,75,77,76,-1,76,77,78,-1,76,78,79,-1,79,78,80,-1,79,80,62,-1,62,80,81,-1,62,81,71,-1,0,82,1,-1,1,82,83,-1,1,83,84,-1,84,85,1,-1,1,85,86,-1,1,86,72,-1,87,88,4,-1,89,90,91,-1,92,93,0,-1,94,95,96,-1,96,95,97,-1,89,91,98,-1,92,0,99,-1,100,101,95,-1,95,101,102,-1,95,102,103,-1,4,88,0,-1,0,88,104,-1,0,104,99,-1,90,105,91,-1,91,105,106,-1,91,106,107,-1,108,109,110,-1,110,109,111,-1,110,111,112,-1,113,103,114,-1,114,103,115,-1,114,115,110,-1,110,115,116,-1,110,116,108,-1,113,117,103,-1,103,117,118,-1,103,118,95,-1,95,118,119,-1,95,119,97,-1,120,121,91,-1,91,121,122,-1,91,122,95,-1,95,122,123,-1,95,123,100,-1,124,125,82,-1,82,125,126,-1,82,126,127,-1,128,129,130,-1,130,129,131,-1,130,131,91,-1,91,131,132,-1,91,132,98,-1,93,133,0,-1,0,133,134,-1,0,134,82,-1,82,134,135,-1,82,135,124,-1,127,136,82,-1,82,136,137,-1,82,137,138,-1,138,137,128,-1,138,128,139,-1,139,128,130,-1,107,140,91,-1,91,140,141,-1,91,141,142,-1,142,143,91,-1,91,143,144,-1,91,144,120,-1,145,146,147,-1,147,103,145,-1,145,103,102,-1,145,102,148,-1,148,102,149,-1,149,150,148,-1,148,150,151,-1,148,151,152,-1,153,154,155,-1,153,155,156,-1,157,155,158,-1,146,145,157,-1,157,145,159,-1,157,159,155,-1,155,159,160,-1,155,160,156,-1,158,161,157,-1,157,161,162,-1,157,162,163,-1,154,164,155,-1,155,164,165,-1,155,165,166,-1,166,165,167,-1,168,169,163,-1,163,169,170,-1,163,170,157,-1,171,172,167,-1,167,172,173,-1,167,173,166,-1,31,174,3,-1,3,174,175,-1,3,175,4,-1,4,175,176,-1,4,176,87,-1,177,178,179,-1,179,178,180,-1,181,182,183,-1,184,185,177,-1,177,185,26,-1,26,185,186,-1,26,186,24,-1,183,187,188,-1,188,187,189,-1,188,189,190,-1,178,191,180,-1,180,191,192,-1,180,192,193,-1,193,192,194,-1,195,196,197,-1,197,196,198,-1,199,200,201,-1,202,203,204,-1,204,203,205,-1,204,205,22,-1,206,207,208,-1,208,207,209,-1,208,209,205,-1,195,210,196,-1,196,210,211,-1,196,211,212,-1,212,211,201,-1,212,201,213,-1,213,201,200,-1,214,215,216,-1,216,215,217,-1,216,217,218,-1,218,219,216,-1,216,219,220,-1,216,220,221,-1,222,223,224,-1,225,226,208,-1,208,226,227,-1,208,227,206,-1,221,228,216,-1,216,228,229,-1,216,229,230,-1,230,229,198,-1,230,198,231,-1,231,198,196,-1,203,232,233,-1,233,232,234,-1,235,236,201,-1,201,236,237,-1,201,237,238,-1,231,239,230,-1,230,239,240,-1,230,240,241,-1,222,224,202,-1,224,242,202,-1,202,242,243,-1,202,243,203,-1,203,243,244,-1,203,244,232,-1,238,245,201,-1,201,245,246,-1,201,246,199,-1,247,248,249,-1,249,248,230,-1,249,230,250,-1,250,230,241,-1,234,251,233,-1,233,251,252,-1,233,252,253,-1,253,252,248,-1,253,248,254,-1,254,248,247,-1,21,23,255,-1,255,23,256,-1,255,256,257,-1,258,259,20,-1,248,260,261,-1,261,260,262,-1,261,262,263,-1,264,265,20,-1,20,265,266,-1,263,267,261,-1,261,267,268,-1,261,268,269,-1,269,268,270,-1,269,270,258,-1,271,272,259,-1,259,272,273,-1,259,273,20,-1,20,273,274,-1,20,274,264,-1,266,275,20,-1,20,275,276,-1,20,276,18,-1,277,278,279,-1,279,278,280,-1,279,280,281,-1,279,282,277,-1,277,282,283,-1,277,283,284,-1,284,285,277,-1,277,285,286,-1,277,286,287,-1,287,286,288,-1,287,288,289,-1,289,288,290,-1,289,290,259,-1,259,290,291,-1,259,291,271,-1,292,293,281,-1,281,293,294,-1,281,294,279,-1,295,296,223,-1,223,296,297,-1,223,297,224,-1,295,298,296,-1,296,298,299,-1,296,299,300,-1,300,299,301,-1,300,302,303,-1,301,304,300,-1,300,304,305,-1,300,305,306,-1,306,307,300,-1,300,307,308,-1,300,308,302,-1,303,309,300,-1,300,309,310,-1,300,310,311,-1,312,15,313,-1,314,315,316,-1,316,315,317,-1,15,17,313,-1,313,17,318,-1,313,318,319,-1,320,321,322,-1,322,321,323,-1,322,323,317,-1,317,323,324,-1,317,324,316,-1,325,326,327,-1,327,326,328,-1,328,326,329,-1,329,326,330,-1,329,330,331,-1,331,330,332,-1,331,332,333,-1,334,335,320,-1,336,337,322,-1,335,338,320,-1,320,338,339,-1,320,339,332,-1,332,339,340,-1,332,340,333,-1,336,322,341,-1,327,342,325,-1,325,342,343,-1,325,343,322,-1,322,343,344,-1,322,344,341,-1,337,345,322,-1,322,345,346,-1,322,346,320,-1,320,346,347,-1,320,347,334,-1,326,348,349,-1,349,348,350,-1,349,351,326,-1,326,351,352,-1,326,352,330,-1,330,352,353,-1,330,353,354,-1,355,356,357,-1,357,356,358,-1,358,356,359,-1,359,356,352,-1,359,352,360,-1,360,352,351,-1,360,351,14,-1,14,351,361,-1,14,361,12,-1,350,348,362,-1,362,348,363,-1,362,363,364,-1,365,363,366,-1,366,363,367,-1,353,368,354,-1,354,368,364,-1,354,364,11,-1,11,364,363,-1,11,363,369,-1,369,363,365,-1,9,11,370,-1,371,372,369,-1,369,372,373,-1,369,373,11,-1,11,373,374,-1,11,374,370,-1,375,376,377,-1,378,379,369,-1,369,379,380,-1,369,380,381,-1,381,382,369,-1,369,382,383,-1,369,383,371,-1,384,385,386,-1,386,385,387,-1,376,388,377,-1,377,388,387,-1,377,387,389,-1,389,387,385,-1,375,377,390,-1,390,377,391,-1,390,391,369,-1,369,391,392,-1,369,392,378,-1,7,393,394,-1,394,393,395,-1,395,393,396,-1,395,396,367,-1,8,397,398,-1,398,399,8,-1,8,399,400,-1,8,400,6,-1,401,402,403,-1,404,405,406,-1,406,405,407,-1,406,407,8,-1,8,407,408,-1,8,408,397,-1,409,410,411,-1,411,410,412,-1,411,412,413,-1,409,411,414,-1,414,411,230,-1,414,230,415,-1,248,261,230,-1,230,261,416,-1,230,416,415,-1,22,205,23,-1,23,205,209,-1,23,209,256,-1,256,209,417,-1,256,417,214,-1,214,417,418,-1,214,418,215,-1,419,420,421,-1,182,181,422,-1,422,181,423,-1,422,423,194,-1,194,423,421,-1,194,421,193,-1,193,421,420,-1,193,420,424,-1,425,426,427,-1,421,428,419,-1,419,428,429,-1,419,429,430,-1,430,429,425,-1,430,425,431,-1,431,425,427,-1,432,433,20,-1,20,433,434,-1,258,20,269,-1,269,20,434,-1,269,434,428,-1,428,434,435,-1,428,435,429,-1,436,433,437,-1,437,433,432,-1,437,432,438,-1,439,440,441,-1,442,443,20,-1,257,256,19,-1,19,256,439,-1,19,439,20,-1,20,439,441,-1,20,441,442,-1,443,444,20,-1,20,444,445,-1,20,445,446,-1,446,447,20,-1,20,447,448,-1,20,448,432,-1,432,448,449,-1,432,449,438,-1,450,451,452,-1,452,451,453,-1,452,453,439,-1,439,453,454,-1,439,454,440,-1,424,455,456,-1,455,457,456,-1,456,457,458,-1,456,458,452,-1,452,458,459,-1,452,459,450,-1,460,76,461,-1,461,76,79,-1,461,79,462,-1,462,79,62,-1,462,62,463,-1,463,62,29,-1,463,29,464,-1,464,29,56,-1,464,56,465,-1,465,56,47,-1,465,47,466,-1,466,47,43,-1,467,468,403,-1,403,468,469,-1,470,406,32,-1,402,404,403,-1,403,404,406,-1,403,406,467,-1,467,406,470,-1,467,470,471,-1,5,403,3,-1,3,403,469,-1,3,469,32,-1,32,469,472,-1,32,472,470,-1,473,474,475,-1,474,473,476,-1,476,473,5,-1,476,5,477,-1,478,479,480,-1,480,479,476,-1,480,476,481,-1,481,476,477,-1,481,477,482,-1,482,477,483,-1,2,473,0,-1,0,473,475,-1,0,475,4,-1,4,475,484,-1,4,484,5,-1,5,484,485,-1,5,485,477,-1,7,394,8,-1,8,394,486,-1,8,486,406,-1,406,486,40,-1,406,40,32,-1,32,40,39,-1,32,39,33,-1,2,214,473,-1,473,214,216,-1,473,216,5,-1,5,216,230,-1,5,230,403,-1,403,230,411,-1,403,411,401,-1,401,411,413,-1,181,320,423,-1,423,320,332,-1,423,332,421,-1,421,332,330,-1,421,330,428,-1,428,330,354,-1,428,354,269,-1,269,354,11,-1,269,11,261,-1,261,11,10,-1,261,10,416,-1,367,363,395,-1,395,363,348,-1,395,348,487,-1,487,348,326,-1,487,326,488,-1,488,326,325,-1,488,325,489,-1,489,325,322,-1,489,322,490,-1,490,322,317,-1,490,317,491,-1,491,317,315,-1,491,315,492,-1,316,312,314,-1,314,312,313,-1,314,313,493,-1,494,495,181,-1,496,497,498,-1,188,184,183,-1,183,184,177,-1,183,177,181,-1,181,177,179,-1,181,179,494,-1,181,499,500,-1,501,502,179,-1,179,502,503,-1,179,503,494,-1,502,504,505,-1,498,501,496,-1,496,501,179,-1,496,179,506,-1,506,179,507,-1,506,507,500,-1,500,507,493,-1,500,493,181,-1,181,493,313,-1,181,313,320,-1,320,313,319,-1,320,319,321,-1,505,508,502,-1,502,508,509,-1,502,509,503,-1,510,511,499,-1,499,511,512,-1,499,512,513,-1,495,514,181,-1,181,514,515,-1,181,515,499,-1,499,515,516,-1,499,516,510,-1,513,517,499,-1,499,517,518,-1,499,518,502,-1,502,518,519,-1,502,519,504,-1,424,456,193,-1,193,456,520,-1,193,520,180,-1,180,520,521,-1,180,521,179,-1,179,521,522,-1,179,522,507,-1,72,74,1,-1,1,74,523,-1,1,523,2,-1,2,523,524,-1,2,524,214,-1,214,524,525,-1,214,525,256,-1,256,525,526,-1,256,526,439,-1,439,526,527,-1,439,527,452,-1,452,527,528,-1,452,528,456,-1,456,528,529,-1,456,529,520,-1,520,529,530,-1,520,530,521,-1,521,530,531,-1,521,531,522,-1,532,533,534,-1,534,533,535,-1,536,537,538,-1,538,537,539,-1,540,536,541,-1,541,536,538,-1,542,540,543,-1,543,540,541,-1,537,542,539,-1,539,542,543,-1,544,545,546,-1,546,545,547,-1,548,544,549,-1,549,544,546,-1,550,548,551,-1,551,548,549,-1,545,550,547,-1,547,550,551,-1,552,553,554,-1,554,553,555,-1,556,552,557,-1,557,552,554,-1,558,556,559,-1,559,556,557,-1,553,558,555,-1,555,558,559,-1,560,561,562,-1,562,561,563,-1,564,560,565,-1,565,560,562,-1,566,564,567,-1,567,564,565,-1,561,566,563,-1,563,566,567,-1,568,569,570,-1,570,569,571,-1,572,568,573,-1,573,568,570,-1,574,572,575,-1,575,572,573,-1,569,574,571,-1,571,574,575,-1,576,577,578,-1,578,577,579,-1,580,576,581,-1,581,576,578,-1,582,580,583,-1,583,580,581,-1,577,582,579,-1,579,582,583,-1,584,534,535,-1,531,585,586,-1,535,587,584,-1,584,587,588,-1,584,588,586,-1,586,588,492,-1,586,492,531,-1,589,587,535,-1,590,591,533,-1,533,591,592,-1,592,593,533,-1,533,593,594,-1,533,594,535,-1,535,594,595,-1,535,595,589,-1,596,597,460,-1,533,532,598,-1,460,466,596,-1,596,466,599,-1,596,599,598,-1,598,599,590,-1,598,590,533,-1,492,588,600,-1,601,589,602,-1,602,589,600,-1,602,600,603,-1,603,600,588,-1,603,588,604,-1,604,588,587,-1,604,587,601,-1,601,587,589,-1,605,595,606,-1,606,595,607,-1,606,607,608,-1,608,607,600,-1,608,600,609,-1,609,600,589,-1,609,589,605,-1,605,589,595,-1,610,594,611,-1,611,594,612,-1,611,612,613,-1,613,612,607,-1,613,607,614,-1,614,607,595,-1,614,595,610,-1,610,595,594,-1,615,593,616,-1,616,593,617,-1,616,617,618,-1,618,617,612,-1,618,612,619,-1,619,612,594,-1,619,594,615,-1,615,594,593,-1,620,592,621,-1,621,592,622,-1,621,622,623,-1,623,622,617,-1,623,617,624,-1,624,617,593,-1,624,593,620,-1,620,593,592,-1,625,626,627,-1,627,626,622,-1,627,622,628,-1,628,622,592,-1,628,592,629,-1,629,592,591,-1,629,591,625,-1,625,591,626,-1,626,591,590,-1,626,590,599,-1,492,600,630,-1,630,600,607,-1,630,607,631,-1,631,607,612,-1,631,612,632,-1,632,612,617,-1,632,617,633,-1,633,617,622,-1,633,622,634,-1,634,622,626,-1,634,626,635,-1,635,626,599,-1,635,599,466,-1,585,531,597,-1,597,531,460,-1,627,576,625,-1,625,576,580,-1,628,577,627,-1,627,577,576,-1,582,629,580,-1,580,629,625,-1,629,582,628,-1,628,582,577,-1,579,636,578,-1,578,636,637,-1,578,637,581,-1,581,637,638,-1,581,638,583,-1,583,638,639,-1,583,639,579,-1,579,639,636,-1,640,637,641,-1,641,637,636,-1,598,532,642,-1,642,532,534,-1,641,636,639,-1,534,584,643,-1,644,645,643,-1,643,645,646,-1,643,646,534,-1,534,646,647,-1,648,649,647,-1,647,649,650,-1,647,650,534,-1,534,650,651,-1,652,653,651,-1,651,653,654,-1,651,654,534,-1,534,654,655,-1,656,657,655,-1,655,657,658,-1,655,658,534,-1,534,658,659,-1,660,661,659,-1,659,661,662,-1,659,662,534,-1,534,662,641,-1,534,641,642,-1,642,641,639,-1,642,639,663,-1,663,639,638,-1,664,586,585,-1,597,596,663,-1,665,666,667,-1,667,666,668,-1,638,637,663,-1,663,637,640,-1,663,640,597,-1,597,640,667,-1,597,667,585,-1,585,667,668,-1,585,668,669,-1,670,671,672,-1,673,674,585,-1,672,673,670,-1,670,673,585,-1,670,585,675,-1,675,585,669,-1,675,669,676,-1,676,669,677,-1,678,679,680,-1,680,664,678,-1,678,664,585,-1,678,585,681,-1,681,585,674,-1,681,674,682,-1,682,674,683,-1,623,568,621,-1,621,568,572,-1,624,569,623,-1,623,569,568,-1,574,620,572,-1,572,620,621,-1,620,574,624,-1,624,574,569,-1,618,560,616,-1,616,560,564,-1,619,561,618,-1,618,561,560,-1,566,615,564,-1,564,615,616,-1,615,566,619,-1,619,566,561,-1,613,552,611,-1,611,552,556,-1,614,553,613,-1,613,553,552,-1,558,610,556,-1,556,610,611,-1,610,558,614,-1,614,558,553,-1,608,544,606,-1,606,544,548,-1,609,545,608,-1,608,545,544,-1,550,605,548,-1,548,605,606,-1,605,550,609,-1,609,550,545,-1,603,536,602,-1,602,536,540,-1,604,537,603,-1,603,537,536,-1,542,601,540,-1,540,601,602,-1,601,542,604,-1,604,542,537,-1,571,660,570,-1,570,660,666,-1,570,666,573,-1,573,666,665,-1,573,665,575,-1,575,665,661,-1,575,661,571,-1,571,661,660,-1,668,666,659,-1,659,666,660,-1,662,661,667,-1,667,661,665,-1,563,656,562,-1,562,656,676,-1,562,676,565,-1,565,676,677,-1,565,677,567,-1,567,677,657,-1,567,657,563,-1,563,657,656,-1,675,676,655,-1,655,676,656,-1,658,657,669,-1,669,657,677,-1,555,652,554,-1,554,652,672,-1,554,672,557,-1,557,672,671,-1,557,671,559,-1,559,671,653,-1,559,653,555,-1,555,653,652,-1,673,672,651,-1,651,672,652,-1,654,653,670,-1,670,653,671,-1,547,648,546,-1,546,648,682,-1,546,682,549,-1,549,682,683,-1,549,683,551,-1,551,683,649,-1,551,649,547,-1,547,649,648,-1,681,682,647,-1,647,682,648,-1,650,649,674,-1,674,649,683,-1,539,644,538,-1,538,644,680,-1,538,680,541,-1,541,680,679,-1,541,679,543,-1,543,679,645,-1,543,645,539,-1,539,645,644,-1,664,680,643,-1,643,680,644,-1,646,645,678,-1,678,645,679,-1,678,681,646,-1,646,681,647,-1,586,664,584,-1,584,664,643,-1,674,673,650,-1,650,673,651,-1,670,675,654,-1,654,675,655,-1,669,668,658,-1,658,668,659,-1,667,640,662,-1,662,640,641,-1,598,642,596,-1,596,642,663,-1,
        ]
    }
}
Shape{
    appearance Appearance {
        material  Material 	{
            diffuseColor 1.0 1.0 1.0
            specularColor 0.5019607843137255 0.5019607843137255 0.5019607843137255
            ambientIntensity 1.0
            transparency 0.0
            shininess 0.5
        }
    }
    geometry IndexedFaceSet {
        ccw TRUE
        solid FALSE
        coord DEF co Coordinate {
            point [
                0.0471 -0.4941 2.8588, 0.0471 -0.4941 2.8421, 0.0471 -0.4902 2.8588, 0.0471 -0.4902 2.8421, -0.0111 -0.4941 2.8588, -0.0111 -0.4902 2.8588, -0.0111 -0.4941 2.9884, -0.0111 -0.4902 2.9884, -0.03 -0.4941 2.9884, -0.03 -0.4902 2.9884, -0.03 -0.4941 2.8421, -0.03 -0.4902 2.8421, 0.1221 -0.4941 2.8397, 0.1221 -0.4902 2.8397, 0.1444 -0.4941 2.8418, 0.135 -0.4902 2.8409, 0.1444 -0.4902 2.8418, 0.1601 -0.4902 2.8469, 0.1601 -0.4941 2.8469, 0.1626 -0.4902 2.8482, 0.1626 -0.4941 2.8482, 0.1626 -0.4941 2.8663, 0.1626 -0.4902 2.8663, 0.1482 -0.4902 2.8598, 0.1482 -0.4941 2.8598, 0.1317 -0.4902 2.8567, 0.1317 -0.4941 2.8567, 0.1248 -0.4902 2.8565, 0.1248 -0.4941 2.8565, 0.1101 -0.4902 2.8583, 0.1101 -0.4941 2.8583, 0.0997 -0.4902 2.8623, 0.0997 -0.4941 2.8623, 0.0901 -0.4902 2.869, 0.0901 -0.4941 2.869, 0.0873 -0.4902 2.8719, 0.0873 -0.4941 2.8719, 0.0801 -0.4902 2.8818, 0.0801 -0.4941 2.8818, 0.0754 -0.4902 2.8936, 0.0754 -0.4941 2.8936, 0.0731 -0.4902 2.9082, 0.0731 -0.4941 2.9082, 0.0729 -0.4902 2.9136, 0.0729 -0.4941 2.9136, 0.0753 -0.4902 2.9339, 0.0753 -0.4941 2.9339, 0.0803 -0.4902 2.9464, 0.0803 -0.4941 2.9464, 0.0883 -0.4902 2.9576, 0.0883 -0.4941 2.9576, 0.0982 -0.4902 2.9658, 0.0982 -0.4941 2.9658, 0.1097 -0.4902 2.9711, 0.1097 -0.4941 2.9711, 0.1224 -0.4902 2.9736, 0.1224 -0.4941 2.9736, 0.1281 -0.4902 2.9738, 0.1281 -0.4941 2.9738, 0.1461 -0.4902 2.9716, 0.1461 -0.4941 2.9716, 0.161 -0.4902 2.966, 0.161 -0.4941 2.966, 0.1626 -0.4902 2.9651, 0.1626 -0.4941 2.9651, 0.1626 -0.4941 2.9849, 0.1626 -0.4902 2.9849, 0.1279 -0.4902 2.9908, 0.1279 -0.4941 2.9908, 0.1281 -0.4941 2.9908, 0.1472 -0.4902 2.9893, 0.1472 -0.4941 2.9893, 0.1435 -0.4902 2.9896, 0.1281 -0.4902 2.9908, 0.1178 -0.4902 2.9896, 0.1067 -0.4941 2.9882, 0.1067 -0.4902 2.9882, 0.0914 -0.4902 2.9823, 0.0914 -0.4941 2.9823, 0.0777 -0.4902 2.9727, 0.0777 -0.4941 2.9727, 0.0742 -0.4902 2.9693, 0.0742 -0.4941 2.9693, 0.0636 -0.4902 2.9555, 0.0596 -0.4902 2.9462, 0.0567 -0.4941 2.9392, 0.0636 -0.4941 2.9555, 0.0567 -0.4902 2.9392, 0.0533 -0.4902 2.9201, 0.0533 -0.4941 2.9201, 0.0531 -0.4902 2.9125, 0.0531 -0.4941 2.9125, 0.056 -0.4902 2.8885, 0.0596 -0.4902 2.8793, 0.062 -0.4941 2.8733, 0.056 -0.4941 2.8885, 0.062 -0.4902 2.8733, 0.0718 -0.4902 2.8596, 0.0718 -0.4941 2.8596, 0.0974 -0.4902 2.8433, 0.0836 -0.4941 2.8498, 0.0836 -0.4902 2.8498, 0.1093 -0.4902 2.8409, 0.1133 -0.4941 2.8401, 0.0974 -0.4941 2.8433, 0.1133 -0.4902 2.8401, 0.2705 -0.4941 2.8588, 0.2705 -0.4941 2.8421, 0.2705 -0.4902 2.8588, 0.2705 -0.4902 2.8421, 0.2107 -0.4902 2.8588, 0.2107 -0.4941 2.8588, 0.2502 -0.4902 2.8588, 0.2107 -0.4941 2.908, 0.2107 -0.4902 2.908, 0.263 -0.4902 2.908, 0.263 -0.4941 2.908, 0.2502 -0.4902 2.908, 0.263 -0.4941 2.9247, 0.263 -0.4902 2.9247, 0.2107 -0.4902 2.9247, 0.2107 -0.4941 2.9247, 0.2502 -0.4902 2.9247, 0.2107 -0.4941 2.9715, 0.2107 -0.4902 2.9715, 0.2672 -0.4902 2.9715, 0.2672 -0.4941 2.9715, 0.2502 -0.4902 2.9715, 0.2672 -0.4941 2.9884, 0.2672 -0.4902 2.9884, 0.1918 -0.4902 2.9884, 0.1918 -0.4941 2.9884, 0.2502 -0.4902 2.9884, 0.1918 -0.4941 2.8421, 0.1918 -0.4902 2.8421, 0.2502 -0.4902 2.8421, 0.3951 -0.4941 2.8626, 0.3801 -0.4941 2.8726, 0.38 -0.4941 2.8517, 0.3707 -0.4941 2.866, 0.3633 -0.4941 2.8452, 0.3587 -0.4941 2.8613, 0.3384 -0.4941 2.8421, 0.3382 -0.4941 2.8588, 0.2981 -0.4941 2.8421, 0.317 -0.4941 2.8588, 0.2981 -0.4941 2.9884, 0.317 -0.4941 2.9715, 0.3399 -0.4941 2.9884, 0.3391 -0.4941 2.9715, 0.3622 -0.4941 2.9859, 0.3579 -0.4941 2.9695, 0.3798 -0.4941 2.9795, 0.3706 -0.4941 2.9649, 0.3951 -0.4941 2.969, 0.3813 -0.4941 2.9578, 0.4002 -0.4941 2.964, 0.3853 -0.4941 2.9539, 0.4093 -0.4941 2.9513, 0.391 -0.4941 2.9457, 0.4147 -0.4941 2.9374, 0.3951 -0.4941 2.9351, 0.4172 -0.4941 2.9171, 0.3973 -0.4941 2.9166, 0.4168 -0.4941 2.9078, 0.3966 -0.4941 2.9052, 0.4132 -0.4941 2.8907, 0.3934 -0.4941 2.8922, 0.406 -0.4941 2.8756, 0.3881 -0.4941 2.8817, 0.3817 -0.4941 2.8741, 0.3384 -0.4902 2.8421, 0.2981 -0.4902 2.8421, 0.3951 -0.4902 2.8626, 0.3633 -0.4902 2.8452, 0.3651 -0.4902 2.8459, 0.38 -0.4902 2.8517, 0.406 -0.4902 2.8756, 0.4132 -0.4902 2.8907, 0.4168 -0.4902 2.9078, 0.4172 -0.4902 2.9171, 0.4147 -0.4902 2.9374, 0.4093 -0.4902 2.9513, 0.4002 -0.4902 2.964, 0.3951 -0.4902 2.969, 0.3798 -0.4902 2.9795, 0.3651 -0.4902 2.9848, 0.3622 -0.4902 2.9859, 0.3399 -0.4902 2.9884, 0.2981 -0.4902 2.9884, 0.3391 -0.4902 2.9715, 0.317 -0.4902 2.9715, 0.317 -0.4902 2.8588, 0.3382 -0.4902 2.8588, 0.3817 -0.4902 2.8741, 0.3801 -0.4902 2.8726, 0.3707 -0.4902 2.866, 0.3587 -0.4902 2.8613, 0.3973 -0.4902 2.9166, 0.3966 -0.4902 2.9052, 0.3934 -0.4902 2.8922, 0.3881 -0.4902 2.8817, 0.3813 -0.4902 2.9578, 0.3853 -0.4902 2.9539, 0.391 -0.4902 2.9457, 0.3951 -0.4902 2.9351, 0.3579 -0.4902 2.9695, 0.3706 -0.4902 2.9649
            ]
        }
        coordIndex [
            0,1,2,-1,2,1,3,-1,4,0,5,-1,5,0,2,-1,6,4,7,-1,7,4,5,-1,8,6,9,-1,9,6,7,-1,10,8,11,-1,11,8,9,-1,1,10,3,-1,3,10,11,-1,6,8,4,-1,4,8,10,-1,4,10,0,-1,0,10,1,-1,12,13,14,-1,14,13,15,-1,15,16,14,-1,14,16,17,-1,14,17,18,-1,18,17,19,-1,18,19,20,-1,21,20,22,-1,22,20,19,-1,21,22,23,-1,21,23,24,-1,24,23,25,-1,24,25,26,-1,26,25,27,-1,26,27,28,-1,28,27,29,-1,28,29,30,-1,30,29,31,-1,30,31,32,-1,32,31,33,-1,32,33,34,-1,34,33,35,-1,34,35,36,-1,36,35,37,-1,36,37,38,-1,38,37,39,-1,38,39,40,-1,40,39,41,-1,40,41,42,-1,42,41,43,-1,42,43,44,-1,44,43,45,-1,44,45,46,-1,46,45,47,-1,46,47,48,-1,48,47,49,-1,48,49,50,-1,50,49,51,-1,50,51,52,-1,52,51,53,-1,52,53,54,-1,54,53,55,-1,54,55,56,-1,56,55,57,-1,56,57,58,-1,58,57,59,-1,58,59,60,-1,60,59,61,-1,60,61,62,-1,62,61,63,-1,62,63,64,-1,65,64,66,-1,66,64,63,-1,67,68,69,-1,65,66,70,-1,65,70,71,-1,71,70,72,-1,71,72,69,-1,69,72,73,-1,69,73,67,-1,68,67,74,-1,68,74,75,-1,74,76,75,-1,75,76,77,-1,75,77,78,-1,78,77,79,-1,78,79,80,-1,80,79,81,-1,80,81,82,-1,82,81,83,-1,84,85,83,-1,83,85,86,-1,83,86,82,-1,84,87,85,-1,85,87,88,-1,85,88,89,-1,89,88,90,-1,89,90,91,-1,91,90,92,-1,93,94,92,-1,92,94,95,-1,92,95,91,-1,93,96,94,-1,94,96,97,-1,94,97,98,-1,99,100,101,-1,101,100,98,-1,101,98,97,-1,102,103,99,-1,99,103,104,-1,99,104,100,-1,102,105,103,-1,103,105,13,-1,103,13,12,-1,62,64,65,-1,52,80,50,-1,50,80,82,-1,50,82,48,-1,48,82,86,-1,48,86,46,-1,62,65,60,-1,60,65,71,-1,60,71,58,-1,58,71,69,-1,58,69,56,-1,56,69,68,-1,56,68,54,-1,54,68,75,-1,54,75,52,-1,52,75,78,-1,52,78,80,-1,91,44,89,-1,89,44,46,-1,89,46,85,-1,85,46,86,-1,20,21,18,-1,18,21,24,-1,18,24,14,-1,14,24,26,-1,14,26,12,-1,12,26,28,-1,12,28,103,-1,103,28,30,-1,103,30,104,-1,104,30,32,-1,104,32,100,-1,100,32,34,-1,100,34,98,-1,98,34,36,-1,98,36,94,-1,94,36,38,-1,94,38,95,-1,95,38,40,-1,95,40,91,-1,91,40,42,-1,91,42,44,-1,106,107,108,-1,108,107,109,-1,110,111,112,-1,112,111,106,-1,112,106,108,-1,113,111,114,-1,114,111,110,-1,115,116,117,-1,117,116,113,-1,117,113,114,-1,118,116,119,-1,119,116,115,-1,120,121,122,-1,122,121,118,-1,122,118,119,-1,123,121,124,-1,124,121,120,-1,125,126,127,-1,127,126,123,-1,127,123,124,-1,128,126,129,-1,129,126,125,-1,130,131,132,-1,132,131,128,-1,132,128,129,-1,133,131,134,-1,134,131,130,-1,109,107,135,-1,135,107,133,-1,135,133,134,-1,133,107,106,-1,106,111,133,-1,133,111,113,-1,133,113,131,-1,126,128,123,-1,123,128,131,-1,123,131,121,-1,121,131,113,-1,121,113,118,-1,118,113,116,-1,136,137,138,-1,138,137,139,-1,138,139,140,-1,140,139,141,-1,140,141,142,-1,142,141,143,-1,142,143,144,-1,144,143,145,-1,144,145,146,-1,146,145,147,-1,146,147,148,-1,148,147,149,-1,148,149,150,-1,150,149,151,-1,150,151,152,-1,152,151,153,-1,152,153,154,-1,154,153,155,-1,154,155,156,-1,156,155,157,-1,156,157,158,-1,158,157,159,-1,158,159,160,-1,160,159,161,-1,160,161,162,-1,162,161,163,-1,162,163,164,-1,164,163,165,-1,164,165,166,-1,166,165,167,-1,166,167,168,-1,168,167,169,-1,168,169,136,-1,136,169,170,-1,136,170,137,-1,142,144,171,-1,171,144,172,-1,173,136,138,-1,142,171,174,-1,142,174,140,-1,140,174,175,-1,140,175,138,-1,138,175,176,-1,138,176,173,-1,136,173,177,-1,136,177,168,-1,168,177,178,-1,168,178,166,-1,166,178,179,-1,166,179,164,-1,164,179,180,-1,164,180,162,-1,162,180,181,-1,162,181,160,-1,160,181,182,-1,160,182,158,-1,158,182,183,-1,158,183,156,-1,156,183,184,-1,156,184,154,-1,154,184,185,-1,186,150,185,-1,185,150,152,-1,185,152,154,-1,186,187,150,-1,150,187,188,-1,150,188,148,-1,146,148,189,-1,189,148,188,-1,144,146,172,-1,172,146,189,-1,149,147,190,-1,190,147,191,-1,147,145,191,-1,191,145,192,-1,145,143,192,-1,192,143,193,-1,170,194,195,-1,170,195,137,-1,137,195,196,-1,137,196,139,-1,139,196,197,-1,139,197,141,-1,141,197,193,-1,141,193,143,-1,163,198,199,-1,163,199,165,-1,165,199,200,-1,165,200,167,-1,167,200,201,-1,167,201,169,-1,169,201,194,-1,169,194,170,-1,155,202,203,-1,155,203,157,-1,157,203,204,-1,157,204,159,-1,159,204,205,-1,159,205,161,-1,161,205,198,-1,161,198,163,-1,149,190,206,-1,149,206,151,-1,151,206,207,-1,151,207,153,-1,153,207,202,-1,153,202,155,-1,
        ]
    }
}
Shape{
    appearance Appearance {
        material  Material 	{
            diffuseColor 0.25098039215686274 0.25098039215686274 0.25098039215686274
            specularColor 0.12549019607843137 0.12549019607843137 0.12549019607843137
            ambientIntensity 0.251
            transparency 0.0
            shininess 0.5
        }
    }
    geometry IndexedFaceSet {
        ccw TRUE
        solid FALSE
        coord DEF co Coordinate {
            point [
                0.3801 -0.4902 2.8726, 0.3817 -0.4902 2.8741, 0.3391 -0.4902 2.9715, 0.317 -0.4902 2.9715, 0.317 -0.4902 2.8588, 0.3382 -0.4902 2.8588, 0.3587 -0.4902 2.8613, 0.3707 -0.4902 2.866, 0.3881 -0.4902 2.8817, 0.3934 -0.4902 2.8922, 0.3966 -0.4902 2.9052, 0.3973 -0.4902 2.9166, 0.3951 -0.4902 2.9351, 0.391 -0.4902 2.9457, 0.3853 -0.4902 2.9539, 0.3813 -0.4902 2.9578, 0.3579 -0.4902 2.9695, 0.3706 -0.4902 2.9649
            ]
        }
        coordIndex [
            0,1,2,-1,3,4,2,-1,2,4,5,-1,5,6,2,-1,2,6,7,-1,2,7,0,-1,1,8,2,-1,2,8,9,-1,2,9,10,-1,10,11,2,-1,2,11,12,-1,2,12,13,-1,13,14,2,-1,2,14,15,-1,2,15,16,-1,16,15,17,-1,
        ]
    }
}
Shape{
    appearance Appearance {
        material  Material 	{
            diffuseColor 1.0 1.0 1.0
            specularColor 0.5019607843137255 0.5019607843137255 0.5019607843137255
            ambientIntensity 1.0
            transparency 0.0
            shininess 0.5
        }
    }
    geometry IndexedFaceSet {
        ccw TRUE
        solid FALSE
        coord DEF co Coordinate {
            point [
                0.4662 -0.4941 2.8987, 0.4602 -0.4941 2.8821, 0.5153 -0.4941 2.8987, 0.5211 -0.4941 2.8821, 0.4881 -0.4941 2.9594, 0.481 -0.4941 2.9884, 0.4253 -0.4941 2.8421, 0.4462 -0.4941 2.8421, 0.4893 -0.4941 2.9638, 0.4905 -0.4941 2.9697, 0.5012 -0.4941 2.9884, 0.4909 -0.4941 2.9697, 0.4921 -0.4941 2.9635, 0.4932 -0.4941 2.9594, 0.5569 -0.4941 2.8421, 0.536 -0.4941 2.8421, 0.5012 -0.4902 2.9884, 0.5569 -0.4902 2.8421, 0.481 -0.4902 2.9884, 0.4253 -0.4902 2.8421, 0.4675 -0.4902 2.9528, 0.4462 -0.4902 2.8421, 0.4602 -0.4902 2.8821, 0.5211 -0.4902 2.8821, 0.4675 -0.4902 2.8821, 0.536 -0.4902 2.8421, 0.4662 -0.4902 2.8987, 0.5153 -0.4902 2.8987, 0.4932 -0.4902 2.9594, 0.4909 -0.4902 2.9697, 0.4921 -0.4902 2.9635, 0.4905 -0.4902 2.9697, 0.4881 -0.4902 2.9594, 0.4893 -0.4902 2.9638
            ]
        }
        coordIndex [
            0,1,2,-1,2,1,3,-1,4,5,0,-1,0,5,6,-1,0,6,1,-1,1,6,7,-1,4,8,5,-1,5,8,9,-1,5,9,10,-1,10,9,11,-1,10,11,12,-1,12,13,10,-1,10,13,2,-1,10,2,14,-1,14,2,3,-1,14,3,15,-1,10,14,16,-1,16,14,17,-1,5,10,18,-1,18,10,16,-1,19,6,20,-1,20,6,5,-1,20,5,18,-1,7,6,21,-1,21,6,19,-1,1,7,22,-1,22,7,21,-1,23,3,24,-1,24,3,1,-1,24,1,22,-1,15,3,25,-1,25,3,23,-1,14,15,17,-1,17,15,25,-1,0,2,26,-1,26,2,27,-1,2,13,27,-1,27,13,28,-1,11,29,30,-1,11,30,12,-1,12,30,28,-1,12,28,13,-1,11,9,29,-1,29,9,31,-1,4,32,33,-1,4,33,8,-1,8,33,31,-1,8,31,9,-1,4,0,32,-1,32,0,26,-1,
        ]
    }
}
Shape{
    appearance Appearance {
        material  Material 	{
            diffuseColor 0.25098039215686274 0.25098039215686274 0.25098039215686274
            specularColor 0.12549019607843137 0.12549019607843137 0.12549019607843137
            ambientIntensity 0.251
            transparency 0.0
            shininess 0.5
        }
    }
    geometry IndexedFaceSet {
        ccw TRUE
        solid FALSE
        coord DEF co Coordinate {
            point [
                0.4909 -0.4902 2.9697, 0.4905 -0.4902 2.9697, 0.4921 -0.4902 2.9635, 0.4893 -0.4902 2.9638, 0.4932 -0.4902 2.9594, 0.4881 -0.4902 2.9594, 0.5153 -0.4902 2.8987, 0.4662 -0.4902 2.8987
            ]
        }
        coordIndex [
            0,1,2,-1,2,1,3,-1,2,3,4,-1,4,3,5,-1,4,5,6,-1,6,5,7,-1,
        ]
    }
}
Shape{
    appearance Appearance {
        material  Material 	{
            diffuseColor 1.0 1.0 1.0
            specularColor 0.5019607843137255 0.5019607843137255 0.5019607843137255
            ambientIntensity 1.0
            transparency 0.0
            shininess 0.5
        }
    }
    geometry IndexedFaceSet {
        ccw TRUE
        solid FALSE
        coord DEF co Coordinate {
            point [
                0.0486 -0.4941 2.6268, 0.0486 -0.4941 2.6101, 0.0486 -0.4902 2.6268, 0.0486 -0.4902 2.6101, -0.0111 -0.4941 2.6268, -0.0111 -0.4902 2.6268, -0.0111 -0.4941 2.676, -0.0111 -0.4902 2.676, 0.0412 -0.4941 2.676, 0.0412 -0.4902 2.676, 0.0412 -0.4941 2.6927, 0.0412 -0.4902 2.6927, -0.0111 -0.4941 2.6927, -0.0111 -0.4902 2.6927, -0.0111 -0.4941 2.7395, -0.0111 -0.4902 2.7395, 0.0453 -0.4941 2.7395, 0.0453 -0.4902 2.7395, 0.0453 -0.4941 2.7564, 0.0453 -0.4902 2.7564, -0.03 -0.4941 2.7564, -0.03 -0.4902 2.7564, -0.03 -0.4941 2.6101, -0.03 -0.4902 2.6101, 0.1313 -0.4941 2.6263, 0.1318 -0.4941 2.6263, 0.1306 -0.4941 2.6431, 0.0917 -0.4941 2.6545, 0.0959 -0.4941 2.6565, 0.0856 -0.4941 2.6682, 0.1318 -0.4941 2.6513, 0.1501 -0.4941 2.6773, 0.1318 -0.4941 2.6525, 0.1318 -0.4941 2.6625, 0.1318 -0.4941 2.6101, 0.1501 -0.4941 2.6101, 0.1252 -0.4941 2.7156, 0.1211 -0.4941 2.6999, 0.1325 -0.4941 2.713, 0.1244 -0.4941 2.6978, 0.1279 -0.4941 2.6366, 0.1239 -0.4941 2.6312, 0.1284 -0.4941 2.6219, 0.1216 -0.4941 2.629, 0.1226 -0.4941 2.6157, 0.1165 -0.4941 2.6255, 0.1162 -0.4941 2.6114, 0.1109 -0.4941 2.6235, 0.1087 -0.4941 2.6087, 0.104 -0.4941 2.6227, 0.0993 -0.4941 2.6077, 0.0978 -0.4941 2.6234, 0.0883 -0.4941 2.6089, 0.0937 -0.4941 2.6249, 0.0813 -0.4941 2.6116, 0.0901 -0.4941 2.6274, 0.0751 -0.4941 2.6159, 0.0885 -0.4941 2.629, 0.1008 -0.4941 2.6722, 0.1073 -0.4941 2.6592, 0.1318 -0.4941 2.6765, 0.0764 -0.4941 2.7072, 0.0764 -0.4941 2.6895, 0.0801 -0.4941 2.7094, 0.089 -0.4941 2.6974, 0.0937 -0.4941 2.7147, 0.1005 -0.4941 2.7011, 0.1123 -0.4941 2.717, 0.1106 -0.4941 2.7021, 0.1169 -0.4941 2.7014, 0.1312 -0.4941 2.6845, 0.1483 -0.4941 2.6928, 0.1293 -0.4941 2.6911, 0.1453 -0.4941 2.7006, 0.1271 -0.4941 2.6949, 0.1414 -0.4941 2.7063, 0.1383 -0.4941 2.7093, 0.0896 -0.4941 2.6528, 0.0783 -0.4941 2.6642, 0.0874 -0.4941 2.6501, 0.073 -0.4941 2.6592, 0.0858 -0.4941 2.6467, 0.0692 -0.4941 2.6532, 0.0849 -0.4941 2.6425, 0.067 -0.4941 2.6465, 0.0847 -0.4941 2.6396, 0.0662 -0.4941 2.6381, 0.0852 -0.4941 2.6354, 0.0672 -0.4941 2.6292, 0.0864 -0.4941 2.6321, 0.0695 -0.4941 2.6231, 0.0734 -0.4941 2.6176, 0.1123 -0.4902 2.717, 0.0937 -0.4902 2.7147, 0.0801 -0.4902 2.7094, 0.0764 -0.4902 2.7072, 0.0764 -0.4902 2.6895, 0.089 -0.4902 2.6974, 0.1005 -0.4902 2.7011, 0.1106 -0.4902 2.7021, 0.1169 -0.4902 2.7014, 0.1211 -0.4902 2.6999, 0.1244 -0.4902 2.6978, 0.1271 -0.4902 2.6949, 0.1293 -0.4902 2.6911, 0.1312 -0.4902 2.6845, 0.1318 -0.4902 2.6765, 0.1008 -0.4902 2.6722, 0.0856 -0.4902 2.6682, 0.0783 -0.4902 2.6642, 0.073 -0.4902 2.6592, 0.0692 -0.4902 2.6532, 0.067 -0.4902 2.6465, 0.0662 -0.4902 2.6381, 0.0672 -0.4902 2.6292, 0.0695 -0.4902 2.6231, 0.0734 -0.4902 2.6176, 0.0751 -0.4902 2.6159, 0.0993 -0.4902 2.6077, 0.0887 -0.4902 2.6089, 0.0883 -0.4902 2.6089, 0.0813 -0.4902 2.6116, 0.1087 -0.4902 2.6087, 0.1093 -0.4902 2.6089, 0.1162 -0.4902 2.6114, 0.1226 -0.4902 2.6157, 0.1284 -0.4902 2.6219, 0.1313 -0.4902 2.6263, 0.1318 -0.4902 2.6263, 0.1318 -0.4902 2.6101, 0.1501 -0.4902 2.6101, 0.1501 -0.4902 2.6773, 0.1483 -0.4902 2.6928, 0.1453 -0.4902 2.7006, 0.1414 -0.4902 2.7063, 0.1383 -0.4902 2.7093, 0.1325 -0.4902 2.713, 0.1252 -0.4902 2.7156, 0.0896 -0.4902 2.6528, 0.0917 -0.4902 2.6545, 0.0959 -0.4902 2.6565, 0.1073 -0.4902 2.6592, 0.0847 -0.4902 2.6396, 0.0849 -0.4902 2.6425, 0.0858 -0.4902 2.6467, 0.0874 -0.4902 2.6501, 0.0901 -0.4902 2.6274, 0.0885 -0.4902 2.629, 0.0864 -0.4902 2.6321, 0.0852 -0.4902 2.6354, 0.104 -0.4902 2.6227, 0.0978 -0.4902 2.6234, 0.0937 -0.4902 2.6249, 0.1239 -0.4902 2.6312, 0.1216 -0.4902 2.629, 0.1165 -0.4902 2.6255, 0.1109 -0.4902 2.6235, 0.1318 -0.4902 2.6525, 0.1318 -0.4902 2.6513, 0.1306 -0.4902 2.6431, 0.1279 -0.4902 2.6366, 0.1318 -0.4902 2.6625
            ]
        }
        coordIndex [
            0,1,2,-1,2,1,3,-1,4,0,5,-1,5,0,2,-1,6,4,7,-1,7,4,5,-1,8,6,9,-1,9,6,7,-1,10,8,11,-1,11,8,9,-1,12,10,13,-1,13,10,11,-1,14,12,15,-1,15,12,13,-1,16,14,17,-1,17,14,15,-1,18,16,19,-1,19,16,17,-1,20,18,21,-1,21,18,19,-1,22,20,23,-1,23,20,21,-1,1,22,3,-1,3,22,23,-1,22,1,0,-1,0,4,22,-1,22,4,6,-1,22,6,20,-1,16,18,14,-1,14,18,20,-1,14,20,12,-1,12,20,6,-1,12,6,10,-1,10,6,8,-1,24,25,26,-1,27,28,29,-1,30,31,32,-1,32,31,33,-1,34,35,25,-1,25,35,31,-1,25,31,26,-1,26,31,30,-1,36,37,38,-1,38,37,39,-1,26,40,24,-1,24,40,41,-1,24,41,42,-1,42,41,43,-1,42,43,44,-1,44,43,45,-1,44,45,46,-1,46,45,47,-1,46,47,48,-1,48,47,49,-1,48,49,50,-1,50,49,51,-1,50,51,52,-1,52,51,53,-1,52,53,54,-1,54,53,55,-1,54,55,56,-1,56,55,57,-1,29,28,58,-1,58,28,59,-1,58,59,60,-1,61,62,63,-1,63,62,64,-1,63,64,65,-1,65,64,66,-1,65,66,67,-1,67,66,68,-1,67,68,36,-1,36,68,69,-1,36,69,37,-1,59,33,60,-1,60,33,31,-1,60,31,70,-1,70,31,71,-1,70,71,72,-1,72,71,73,-1,72,73,74,-1,74,73,75,-1,74,75,39,-1,39,75,76,-1,39,76,38,-1,27,29,77,-1,77,29,78,-1,77,78,79,-1,79,78,80,-1,79,80,81,-1,81,80,82,-1,81,82,83,-1,83,82,84,-1,83,84,85,-1,85,84,86,-1,85,86,87,-1,87,86,88,-1,87,88,89,-1,89,88,90,-1,89,90,57,-1,57,90,91,-1,57,91,56,-1,67,92,93,-1,67,93,65,-1,65,93,94,-1,65,94,63,-1,63,94,95,-1,63,95,61,-1,62,61,96,-1,96,61,95,-1,62,96,97,-1,62,97,64,-1,64,97,98,-1,64,98,66,-1,66,98,99,-1,66,99,68,-1,68,99,100,-1,68,100,69,-1,69,100,101,-1,69,101,37,-1,37,101,102,-1,37,102,39,-1,39,102,103,-1,39,103,74,-1,74,103,104,-1,74,104,72,-1,72,104,105,-1,72,105,70,-1,70,105,106,-1,70,106,60,-1,58,60,107,-1,107,60,106,-1,58,107,108,-1,58,108,29,-1,29,108,109,-1,29,109,78,-1,78,109,110,-1,78,110,80,-1,80,110,111,-1,80,111,82,-1,82,111,112,-1,82,112,84,-1,84,112,113,-1,84,113,86,-1,86,113,114,-1,86,114,88,-1,88,114,115,-1,88,115,90,-1,90,115,116,-1,90,116,91,-1,91,116,117,-1,91,117,56,-1,118,50,119,-1,119,50,52,-1,119,52,120,-1,120,52,54,-1,120,54,121,-1,121,54,56,-1,121,56,117,-1,50,118,122,-1,50,122,48,-1,48,122,123,-1,48,123,46,-1,123,124,46,-1,46,124,125,-1,46,125,44,-1,44,125,126,-1,44,126,42,-1,42,126,127,-1,42,127,24,-1,25,24,128,-1,128,24,127,-1,34,25,129,-1,129,25,128,-1,35,34,130,-1,130,34,129,-1,31,35,131,-1,131,35,130,-1,31,131,132,-1,31,132,71,-1,71,132,133,-1,71,133,73,-1,73,133,134,-1,73,134,75,-1,75,134,135,-1,75,135,76,-1,76,135,136,-1,76,136,38,-1,38,136,137,-1,38,137,36,-1,36,137,92,-1,36,92,67,-1,77,138,139,-1,77,139,27,-1,27,139,140,-1,27,140,28,-1,28,140,141,-1,28,141,59,-1,85,142,143,-1,85,143,83,-1,83,143,144,-1,83,144,81,-1,81,144,145,-1,81,145,79,-1,79,145,138,-1,79,138,77,-1,55,146,147,-1,55,147,57,-1,57,147,148,-1,57,148,89,-1,89,148,149,-1,89,149,87,-1,87,149,142,-1,87,142,85,-1,49,150,151,-1,49,151,51,-1,51,151,152,-1,51,152,53,-1,53,152,146,-1,53,146,55,-1,41,153,154,-1,41,154,43,-1,43,154,155,-1,43,155,45,-1,45,155,156,-1,45,156,47,-1,47,156,150,-1,47,150,49,-1,32,157,158,-1,32,158,30,-1,30,158,159,-1,30,159,26,-1,26,159,160,-1,26,160,40,-1,40,160,153,-1,40,153,41,-1,32,33,157,-1,157,33,161,-1,33,59,161,-1,161,59,141,-1,
        ]
    }
}
Shape{
    appearance Appearance {
        material  Material 	{
            diffuseColor 0.25098039215686274 0.25098039215686274 0.25098039215686274
            specularColor 0.12549019607843137 0.12549019607843137 0.12549019607843137
            ambientIntensity 0.251
            transparency 0.0
            shininess 0.5
        }
    }
    geometry IndexedFaceSet {
        ccw TRUE
        solid FALSE
        coord DEF co Coordinate {
            point [
                0.1318 -0.4902 2.6513, 0.1318 -0.4902 2.6525, 0.0896 -0.4902 2.6528, 0.1318 -0.4902 2.6625, 0.1073 -0.4902 2.6592, 0.0959 -0.4902 2.6565, 0.0917 -0.4902 2.6545, 0.1306 -0.4902 2.6431, 0.0874 -0.4902 2.6501, 0.1279 -0.4902 2.6366, 0.0885 -0.4902 2.629, 0.0901 -0.4902 2.6274, 0.1216 -0.4902 2.629, 0.0864 -0.4902 2.6321, 0.1165 -0.4902 2.6255, 0.1109 -0.4902 2.6235, 0.104 -0.4902 2.6227, 0.0858 -0.4902 2.6467, 0.0849 -0.4902 2.6425, 0.1239 -0.4902 2.6312, 0.0847 -0.4902 2.6396, 0.0852 -0.4902 2.6354, 0.0937 -0.4902 2.6249, 0.0978 -0.4902 2.6234
            ]
        }
        coordIndex [
            0,1,2,-1,1,3,4,-1,4,5,1,-1,1,5,6,-1,1,6,2,-1,0,2,7,-1,7,2,8,-1,7,8,9,-1,10,11,12,-1,10,12,13,-1,14,12,15,-1,15,12,16,-1,8,17,9,-1,9,17,18,-1,9,18,19,-1,19,18,20,-1,19,20,12,-1,12,20,21,-1,12,21,13,-1,11,22,12,-1,12,22,23,-1,12,23,16,-1,
        ]
    }
}
Shape{
    appearance Appearance {
        material  Material 	{
            diffuseColor 1.0 1.0 1.0
            specularColor 0.5019607843137255 0.5019607843137255 0.5019607843137255
            ambientIntensity 1.0
            transparency 0.0
            shininess 0.5
        }
    }
    geometry IndexedFaceSet {
        ccw TRUE
        solid FALSE
        coord DEF co Coordinate {
            point [
                0.1749 -0.4902 2.6327, 0.1749 -0.4941 2.6327, 0.1815 -0.4941 2.6286, 0.205 -0.4941 2.6226, 0.205 -0.4902 2.6226, 0.193 -0.4902 2.6241, 0.193 -0.4941 2.6241, 0.1834 -0.4902 2.6278, 0.1815 -0.4902 2.6286, 0.1749 -0.4941 2.6138, 0.1749 -0.4902 2.6138, 0.1878 -0.4941 2.6093, 0.1834 -0.4902 2.6108, 0.2033 -0.4902 2.6077, 0.2033 -0.4941 2.6077, 0.1914 -0.4902 2.6089, 0.1878 -0.4902 2.6093, 0.2198 -0.4941 2.6096, 0.2136 -0.4902 2.6089, 0.2198 -0.4902 2.6096, 0.2295 -0.4902 2.6134, 0.2295 -0.4941 2.6134, 0.2337 -0.4902 2.616, 0.2337 -0.4941 2.616, 0.2389 -0.4902 2.6206, 0.2389 -0.4941 2.6206, 0.2423 -0.4902 2.6254, 0.2423 -0.4941 2.6254, 0.2446 -0.4902 2.6312, 0.2446 -0.4941 2.6312, 0.2455 -0.4902 2.6385, 0.2455 -0.4941 2.6385, 0.2447 -0.4902 2.6454, 0.2447 -0.4941 2.6454, 0.2427 -0.4902 2.6508, 0.2427 -0.4941 2.6508, 0.2393 -0.4902 2.6558, 0.2393 -0.4941 2.6558, 0.235 -0.4902 2.6597, 0.235 -0.4941 2.6597, 0.2228 -0.4902 2.6665, 0.2228 -0.4941 2.6665, 0.2157 -0.4902 2.6693, 0.2157 -0.4941 2.6693, 0.2044 -0.4902 2.6743, 0.2044 -0.4941 2.6743, 0.1979 -0.4902 2.6783, 0.1979 -0.4941 2.6783, 0.1961 -0.4902 2.6803, 0.1961 -0.4941 2.6803, 0.1948 -0.4902 2.6828, 0.1948 -0.4941 2.6828, 0.1941 -0.4902 2.6856, 0.1941 -0.4941 2.6856, 0.1939 -0.4902 2.688, 0.1939 -0.4941 2.688, 0.1942 -0.4902 2.691, 0.1942 -0.4941 2.691, 0.1951 -0.4902 2.6934, 0.1951 -0.4941 2.6934, 0.1967 -0.4902 2.6958, 0.1967 -0.4941 2.6958, 0.1995 -0.4902 2.6982, 0.1995 -0.4941 2.6982, 0.2036 -0.4902 2.7004, 0.2036 -0.4941 2.7004, 0.2085 -0.4902 2.7017, 0.2085 -0.4941 2.7017, 0.2139 -0.4902 2.7021, 0.2139 -0.4941 2.7021, 0.2267 -0.4902 2.7005, 0.2267 -0.4941 2.7005, 0.2371 -0.4902 2.6965, 0.2371 -0.4941 2.6965, 0.2404 -0.4902 2.6945, 0.2404 -0.4941 2.6945, 0.2404 -0.4941 2.7123, 0.2404 -0.4902 2.7123, 0.2286 -0.4902 2.7158, 0.2286 -0.4941 2.7158, 0.2157 -0.4902 2.717, 0.2157 -0.4941 2.717, 0.2011 -0.4902 2.7152, 0.2011 -0.4941 2.7152, 0.1912 -0.4902 2.7114, 0.1912 -0.4941 2.7114, 0.1868 -0.4902 2.7087, 0.1868 -0.4941 2.7087, 0.1813 -0.4941 2.7037, 0.1834 -0.4902 2.7056, 0.1813 -0.4902 2.7037, 0.1779 -0.4902 2.6988, 0.1779 -0.4941 2.6988, 0.1757 -0.4902 2.6929, 0.1757 -0.4941 2.6929, 0.175 -0.4902 2.6864, 0.175 -0.4941 2.6864, 0.1758 -0.4902 2.6792, 0.1758 -0.4941 2.6792, 0.1779 -0.4902 2.6737, 0.1779 -0.4941 2.6737, 0.1802 -0.4902 2.6699, 0.1802 -0.4941 2.6699, 0.2028 -0.4902 2.656, 0.2028 -0.4941 2.656, 0.1918 -0.4941 2.661, 0.1832 -0.4902 2.6667, 0.1832 -0.4941 2.6667, 0.1834 -0.4902 2.6666, 0.1918 -0.4902 2.661, 0.2148 -0.4902 2.651, 0.2148 -0.4941 2.651, 0.2219 -0.4902 2.6467, 0.2219 -0.4941 2.6467, 0.2242 -0.4902 2.6443, 0.2242 -0.4941 2.6443, 0.2256 -0.4902 2.6419, 0.2256 -0.4941 2.6419, 0.2265 -0.4902 2.639, 0.2265 -0.4941 2.639, 0.2267 -0.4902 2.6367, 0.2267 -0.4941 2.6367, 0.2263 -0.4902 2.6332, 0.2263 -0.4941 2.6332, 0.2253 -0.4902 2.6306, 0.2253 -0.4941 2.6306, 0.2237 -0.4902 2.6283, 0.2237 -0.4941 2.6283, 0.2216 -0.4902 2.6264, 0.2216 -0.4941 2.6264, 0.22 -0.4902 2.6254, 0.22 -0.4941 2.6254, 0.2152 -0.4902 2.6237, 0.2152 -0.4941 2.6237, 0.2059 -0.4902 2.6226, 0.2059 -0.4941 2.6226, 0.3363 -0.4941 2.7146, 0.3553 -0.4941 2.7146, 0.3363 -0.4902 2.7146, 0.3553 -0.4902 2.7146, 0.3077 -0.4941 2.6359, 0.3077 -0.4902 2.6359, 0.3063 -0.4902 2.6311, 0.3063 -0.4941 2.6311, 0.3055 -0.4902 2.6275, 0.3055 -0.4941 2.6275, 0.305 -0.4941 2.6275, 0.305 -0.4902 2.6275, 0.3028 -0.4941 2.6361, 0.3028 -0.4902 2.6361, 0.2755 -0.4902 2.7146, 0.2755 -0.4941 2.7146, 0.2843 -0.4902 2.6891, 0.255 -0.4941 2.7146, 0.255 -0.4902 2.7146, 0.296 -0.4902 2.6104, 0.296 -0.4941 2.6104, 0.2843 -0.4902 2.64, 0.2879 -0.4902 2.5914, 0.2879 -0.4941 2.5914, 0.2953 -0.4902 2.6089, 0.2843 -0.4902 2.5848, 0.2842 -0.4941 2.5846, 0.2842 -0.4902 2.5846, 0.2808 -0.4902 2.5808, 0.2808 -0.4941 2.5808, 0.278 -0.4902 2.5789, 0.278 -0.4941 2.5789, 0.2741 -0.4902 2.5773, 0.2741 -0.4941 2.5773, 0.2697 -0.4902 2.5766, 0.2697 -0.4941 2.5766, 0.2692 -0.4902 2.5766, 0.2692 -0.4941 2.5766, 0.2625 -0.4902 2.5775, 0.2625 -0.4941 2.5775, 0.2588 -0.4902 2.5787, 0.2588 -0.4941 2.5787, 0.2588 -0.4941 2.5624, 0.2588 -0.4902 2.5624, 0.2665 -0.4902 2.5611, 0.2665 -0.4941 2.5611, 0.2706 -0.4902 2.5609, 0.2706 -0.4941 2.5609, 0.2787 -0.4902 2.562, 0.2787 -0.4941 2.562, 0.2843 -0.4902 2.5643, 0.2858 -0.4941 2.5649, 0.2858 -0.4902 2.5649, 0.2919 -0.4902 2.5693, 0.2919 -0.4941 2.5693, 0.2995 -0.4902 2.5781, 0.2995 -0.4941 2.5781, 0.3079 -0.4902 2.5944, 0.3079 -0.4941 2.5944, 0.3136 -0.4902 2.6089, 0.4536 -0.4941 2.6268, 0.4536 -0.4941 2.6101, 0.4536 -0.4902 2.6268, 0.4536 -0.4902 2.6101, 0.3939 -0.4902 2.6268, 0.3939 -0.4941 2.6268, 0.4213 -0.4902 2.6268, 0.3939 -0.4941 2.676, 0.3939 -0.4902 2.676, 0.4462 -0.4902 2.676, 0.4462 -0.4941 2.676, 0.4213 -0.4902 2.676, 0.4462 -0.4941 2.6927, 0.4462 -0.4902 2.6927, 0.3939 -0.4902 2.6927, 0.3939 -0.4941 2.6927, 0.4213 -0.4902 2.6927, 0.3939 -0.4941 2.7395, 0.3939 -0.4902 2.7395, 0.4503 -0.4902 2.7395, 0.4503 -0.4941 2.7395, 0.4213 -0.4902 2.7395, 0.4503 -0.4941 2.7564, 0.4503 -0.4902 2.7564, 0.375 -0.4902 2.7564, 0.375 -0.4941 2.7564, 0.4213 -0.4902 2.7564, 0.375 -0.4941 2.6101, 0.375 -0.4902 2.6101, 0.4213 -0.4902 2.6101, 0.5783 -0.4941 2.6306, 0.5633 -0.4941 2.6406, 0.5631 -0.4941 2.6197, 0.5539 -0.4941 2.634, 0.5465 -0.4941 2.6132, 0.5418 -0.4941 2.6293, 0.5215 -0.4941 2.6101, 0.5214 -0.4941 2.6268, 0.4813 -0.4941 2.6101, 0.5001 -0.4941 2.6268, 0.4813 -0.4941 2.7564, 0.5001 -0.4941 2.7395, 0.523 -0.4941 2.7564, 0.5222 -0.4941 2.7395, 0.5453 -0.4941 2.7539, 0.541 -0.4941 2.7375, 0.563 -0.4941 2.7475, 0.5537 -0.4941 2.7329, 0.5783 -0.4941 2.737, 0.5644 -0.4941 2.7258, 0.5834 -0.4941 2.732, 0.5684 -0.4941 2.7219, 0.5924 -0.4941 2.7193, 0.5741 -0.4941 2.7137, 0.5979 -0.4941 2.7054, 0.5783 -0.4941 2.7031, 0.6003 -0.4941 2.6851, 0.5805 -0.4941 2.6846, 0.5999 -0.4941 2.6758, 0.5797 -0.4941 2.6732, 0.5964 -0.4941 2.6587, 0.5766 -0.4941 2.6602, 0.5892 -0.4941 2.6436, 0.5712 -0.4941 2.6497, 0.5649 -0.4941 2.6421, 0.5215 -0.4902 2.6101, 0.4813 -0.4902 2.6101, 0.5465 -0.4902 2.6132, 0.5631 -0.4902 2.6197, 0.5783 -0.4902 2.6306, 0.5892 -0.4902 2.6436, 0.5964 -0.4902 2.6587, 0.5999 -0.4902 2.6758, 0.6003 -0.4902 2.6851, 0.5979 -0.4902 2.7054, 0.5924 -0.4902 2.7193, 0.5834 -0.4902 2.732, 0.5783 -0.4902 2.737, 0.563 -0.4902 2.7475, 0.5453 -0.4902 2.7539, 0.523 -0.4902 2.7564, 0.4813 -0.4902 2.7564, 0.5222 -0.4902 2.7395, 0.5001 -0.4902 2.7395, 0.5001 -0.4902 2.6268, 0.5214 -0.4902 2.6268, 0.5649 -0.4902 2.6421, 0.5633 -0.4902 2.6406, 0.5539 -0.4902 2.634, 0.5418 -0.4902 2.6293, 0.5805 -0.4902 2.6846, 0.5797 -0.4902 2.6732, 0.5766 -0.4902 2.6602, 0.5712 -0.4902 2.6497, 0.5644 -0.4902 2.7258, 0.5684 -0.4902 2.7219, 0.5741 -0.4902 2.7137, 0.5783 -0.4902 2.7031, 0.541 -0.4902 2.7375, 0.5537 -0.4902 2.7329
            ]
        }
        coordIndex [
            0,1,2,-1,3,4,5,-1,3,5,6,-1,6,5,7,-1,6,7,2,-1,2,7,8,-1,2,8,0,-1,9,1,10,-1,10,1,0,-1,9,10,11,-1,11,10,12,-1,13,14,15,-1,15,14,11,-1,15,11,16,-1,16,11,12,-1,14,13,17,-1,17,13,18,-1,18,19,17,-1,17,19,20,-1,17,20,21,-1,21,20,22,-1,21,22,23,-1,23,22,24,-1,23,24,25,-1,25,24,26,-1,25,26,27,-1,27,26,28,-1,27,28,29,-1,29,28,30,-1,29,30,31,-1,31,30,32,-1,31,32,33,-1,33,32,34,-1,33,34,35,-1,35,34,36,-1,35,36,37,-1,37,36,38,-1,37,38,39,-1,39,38,40,-1,39,40,41,-1,41,40,42,-1,41,42,43,-1,43,42,44,-1,43,44,45,-1,45,44,46,-1,45,46,47,-1,47,46,48,-1,47,48,49,-1,49,48,50,-1,49,50,51,-1,51,50,52,-1,51,52,53,-1,53,52,54,-1,53,54,55,-1,55,54,56,-1,55,56,57,-1,57,56,58,-1,57,58,59,-1,59,58,60,-1,59,60,61,-1,61,60,62,-1,61,62,63,-1,63,62,64,-1,63,64,65,-1,65,64,66,-1,65,66,67,-1,67,66,68,-1,67,68,69,-1,69,68,70,-1,69,70,71,-1,71,70,72,-1,71,72,73,-1,73,72,74,-1,73,74,75,-1,76,75,77,-1,77,75,74,-1,76,77,78,-1,76,78,79,-1,79,78,80,-1,79,80,81,-1,81,80,82,-1,81,82,83,-1,83,82,84,-1,83,84,85,-1,85,84,86,-1,85,86,87,-1,87,86,88,-1,88,86,89,-1,89,90,88,-1,88,90,91,-1,88,91,92,-1,92,91,93,-1,92,93,94,-1,94,93,95,-1,94,95,96,-1,96,95,97,-1,96,97,98,-1,98,97,99,-1,98,99,100,-1,100,99,101,-1,100,101,102,-1,103,104,105,-1,102,101,106,-1,102,106,107,-1,107,106,108,-1,107,108,105,-1,105,108,109,-1,105,109,103,-1,104,103,110,-1,104,110,111,-1,111,110,112,-1,111,112,113,-1,113,112,114,-1,113,114,115,-1,115,114,116,-1,115,116,117,-1,117,116,118,-1,117,118,119,-1,119,118,120,-1,119,120,121,-1,121,120,122,-1,121,122,123,-1,123,122,124,-1,123,124,125,-1,125,124,126,-1,125,126,127,-1,127,126,128,-1,127,128,129,-1,129,128,130,-1,129,130,131,-1,131,130,132,-1,131,132,133,-1,133,132,134,-1,133,134,135,-1,135,134,4,-1,135,4,3,-1,59,61,87,-1,87,61,85,-1,85,61,63,-1,85,63,83,-1,125,25,27,-1,111,43,104,-1,104,43,45,-1,125,27,123,-1,123,27,29,-1,123,29,121,-1,121,29,31,-1,121,31,119,-1,119,31,33,-1,119,33,117,-1,117,33,35,-1,117,35,115,-1,115,35,37,-1,115,37,113,-1,113,37,39,-1,113,39,111,-1,111,39,41,-1,111,41,43,-1,25,125,23,-1,23,125,127,-1,23,127,21,-1,14,3,11,-1,11,3,6,-1,11,6,9,-1,9,6,2,-1,9,2,1,-1,63,65,83,-1,83,65,67,-1,83,67,81,-1,81,67,69,-1,81,69,79,-1,79,69,71,-1,79,71,76,-1,76,71,73,-1,76,73,75,-1,127,129,21,-1,21,129,131,-1,21,131,17,-1,17,131,133,-1,17,133,14,-1,14,133,135,-1,14,135,3,-1,87,88,59,-1,59,88,92,-1,59,92,57,-1,57,92,94,-1,57,94,55,-1,55,94,96,-1,55,96,53,-1,53,96,98,-1,53,98,51,-1,51,98,100,-1,51,100,49,-1,49,100,102,-1,49,102,47,-1,47,102,107,-1,47,107,45,-1,45,107,105,-1,45,105,104,-1,136,137,138,-1,138,137,139,-1,140,136,141,-1,141,136,138,-1,140,141,142,-1,140,142,143,-1,143,142,144,-1,143,144,145,-1,146,145,147,-1,147,145,144,-1,148,146,149,-1,149,146,147,-1,150,151,152,-1,152,151,148,-1,152,148,149,-1,153,151,154,-1,154,151,150,-1,155,156,157,-1,157,156,153,-1,157,153,154,-1,158,159,160,-1,160,159,156,-1,160,156,155,-1,158,161,159,-1,159,161,162,-1,161,163,162,-1,162,163,164,-1,162,164,165,-1,165,164,166,-1,165,166,167,-1,167,166,168,-1,167,168,169,-1,169,168,170,-1,169,170,171,-1,171,170,172,-1,171,172,173,-1,173,172,174,-1,173,174,175,-1,175,174,176,-1,175,176,177,-1,178,177,179,-1,179,177,176,-1,178,179,180,-1,178,180,181,-1,181,180,182,-1,181,182,183,-1,183,182,184,-1,183,184,185,-1,185,184,186,-1,185,186,187,-1,186,188,187,-1,187,188,189,-1,187,189,190,-1,190,189,191,-1,190,191,192,-1,192,191,193,-1,192,193,194,-1,139,137,195,-1,195,137,194,-1,195,194,193,-1,143,145,194,-1,137,136,194,-1,194,136,140,-1,194,140,143,-1,151,153,148,-1,148,153,156,-1,148,156,146,-1,145,146,194,-1,194,146,156,-1,194,156,192,-1,156,159,192,-1,192,159,162,-1,192,162,190,-1,190,162,165,-1,190,165,187,-1,187,165,167,-1,187,167,185,-1,185,167,169,-1,185,169,183,-1,183,169,171,-1,183,171,181,-1,181,171,173,-1,181,173,178,-1,178,173,175,-1,178,175,177,-1,196,197,198,-1,198,197,199,-1,200,201,202,-1,202,201,196,-1,202,196,198,-1,203,201,204,-1,204,201,200,-1,205,206,207,-1,207,206,203,-1,207,203,204,-1,208,206,209,-1,209,206,205,-1,210,211,212,-1,212,211,208,-1,212,208,209,-1,213,211,214,-1,214,211,210,-1,215,216,217,-1,217,216,213,-1,217,213,214,-1,218,216,219,-1,219,216,215,-1,220,221,222,-1,222,221,218,-1,222,218,219,-1,223,221,224,-1,224,221,220,-1,199,197,225,-1,225,197,223,-1,225,223,224,-1,223,197,196,-1,196,201,223,-1,223,201,203,-1,223,203,221,-1,216,218,213,-1,213,218,221,-1,213,221,211,-1,211,221,203,-1,211,203,208,-1,208,203,206,-1,226,227,228,-1,228,227,229,-1,228,229,230,-1,230,229,231,-1,230,231,232,-1,232,231,233,-1,232,233,234,-1,234,233,235,-1,234,235,236,-1,236,235,237,-1,236,237,238,-1,238,237,239,-1,238,239,240,-1,240,239,241,-1,240,241,242,-1,242,241,243,-1,242,243,244,-1,244,243,245,-1,244,245,246,-1,246,245,247,-1,246,247,248,-1,248,247,249,-1,248,249,250,-1,250,249,251,-1,250,251,252,-1,252,251,253,-1,252,253,254,-1,254,253,255,-1,254,255,256,-1,256,255,257,-1,256,257,258,-1,258,257,259,-1,258,259,226,-1,226,259,260,-1,226,260,227,-1,232,234,261,-1,261,234,262,-1,232,261,263,-1,232,263,230,-1,230,263,264,-1,230,264,228,-1,228,264,265,-1,228,265,226,-1,226,265,266,-1,226,266,258,-1,258,266,267,-1,258,267,256,-1,256,267,268,-1,256,268,254,-1,254,268,269,-1,254,269,252,-1,252,269,270,-1,252,270,250,-1,250,270,271,-1,250,271,248,-1,248,271,272,-1,248,272,246,-1,246,272,273,-1,246,273,244,-1,244,273,274,-1,244,274,242,-1,242,274,275,-1,242,275,240,-1,240,275,276,-1,240,276,238,-1,236,238,277,-1,277,238,276,-1,234,236,262,-1,262,236,277,-1,239,237,278,-1,278,237,279,-1,237,235,279,-1,279,235,280,-1,235,233,280,-1,280,233,281,-1,260,282,283,-1,260,283,227,-1,227,283,284,-1,227,284,229,-1,229,284,285,-1,229,285,231,-1,231,285,281,-1,231,281,233,-1,253,286,287,-1,253,287,255,-1,255,287,288,-1,255,288,257,-1,257,288,289,-1,257,289,259,-1,259,289,282,-1,259,282,260,-1,245,290,291,-1,245,291,247,-1,247,291,292,-1,247,292,249,-1,249,292,293,-1,249,293,251,-1,251,293,286,-1,251,286,253,-1,239,278,294,-1,239,294,241,-1,241,294,295,-1,241,295,243,-1,243,295,290,-1,243,290,245,-1,
        ]
    }
}
Shape{
    appearance Appearance {
        material  Material 	{
            diffuseColor 0.25098039215686274 0.25098039215686274 0.25098039215686274
            specularColor 0.12549019607843137 0.12549019607843137 0.12549019607843137
            ambientIntensity 0.251
            transparency 0.0
            shininess 0.5
        }
    }
    geometry IndexedFaceSet {
        ccw TRUE
        solid FALSE
        coord DEF co Coordinate {
            point [
                0.5633 -0.4902 2.6406, 0.5649 -0.4902 2.6421, 0.5222 -0.4902 2.7395, 0.5001 -0.4902 2.7395, 0.5001 -0.4902 2.6268, 0.5214 -0.4902 2.6268, 0.5418 -0.4902 2.6293, 0.5539 -0.4902 2.634, 0.5712 -0.4902 2.6497, 0.5766 -0.4902 2.6602, 0.5797 -0.4902 2.6732, 0.5805 -0.4902 2.6846, 0.5783 -0.4902 2.7031, 0.5741 -0.4902 2.7137, 0.5684 -0.4902 2.7219, 0.5644 -0.4902 2.7258, 0.541 -0.4902 2.7375, 0.5537 -0.4902 2.7329
            ]
        }
        coordIndex [
            0,1,2,-1,3,4,2,-1,2,4,5,-1,5,6,2,-1,2,6,7,-1,2,7,0,-1,1,8,2,-1,2,8,9,-1,2,9,10,-1,10,11,2,-1,2,11,12,-1,2,12,13,-1,13,14,2,-1,2,14,15,-1,2,15,16,-1,16,15,17,-1,
        ]
    }
}
Shape{
    appearance Appearance {
        material  Material 	{
            diffuseColor 1.0 1.0 1.0
            specularColor 0.5019607843137255 0.5019607843137255 0.5019607843137255
            ambientIntensity 1.0
            transparency 0.0
            shininess 0.5
        }
    }
    geometry IndexedFaceSet {
        ccw TRUE
        solid FALSE
        coord DEF co Coordinate {
            point [
                0.6493 -0.4941 2.6667, 0.6434 -0.4941 2.6501, 0.6984 -0.4941 2.6667, 0.7043 -0.4941 2.6501, 0.6712 -0.4941 2.7274, 0.6642 -0.4941 2.7564, 0.6084 -0.4941 2.6101, 0.6293 -0.4941 2.6101, 0.6725 -0.4941 2.7318, 0.6736 -0.4941 2.7377, 0.6843 -0.4941 2.7564, 0.6741 -0.4941 2.7377, 0.6752 -0.4941 2.7315, 0.6763 -0.4941 2.7274, 0.74 -0.4941 2.6101, 0.7192 -0.4941 2.6101, 0.6843 -0.4902 2.7564, 0.74 -0.4902 2.6101, 0.6642 -0.4902 2.7564, 0.6084 -0.4902 2.6101, 0.6293 -0.4902 2.6101, 0.6434 -0.4902 2.6501, 0.7043 -0.4902 2.6501, 0.7192 -0.4902 2.6101, 0.6493 -0.4902 2.6667, 0.6984 -0.4902 2.6667, 0.6763 -0.4902 2.7274, 0.6741 -0.4902 2.7377, 0.6752 -0.4902 2.7315, 0.6736 -0.4902 2.7377, 0.6712 -0.4902 2.7274, 0.6725 -0.4902 2.7318
            ]
        }
        coordIndex [
            0,1,2,-1,2,1,3,-1,4,5,0,-1,0,5,6,-1,0,6,1,-1,1,6,7,-1,4,8,5,-1,5,8,9,-1,5,9,10,-1,10,9,11,-1,10,11,12,-1,12,13,10,-1,10,13,2,-1,10,2,14,-1,14,2,3,-1,14,3,15,-1,10,14,16,-1,16,14,17,-1,5,10,18,-1,18,10,16,-1,6,5,19,-1,19,5,18,-1,7,6,20,-1,20,6,19,-1,1,7,21,-1,21,7,20,-1,3,1,22,-1,22,1,21,-1,15,3,23,-1,23,3,22,-1,14,15,17,-1,17,15,23,-1,0,2,24,-1,24,2,25,-1,2,13,25,-1,25,13,26,-1,11,27,28,-1,11,28,12,-1,12,28,26,-1,12,26,13,-1,11,9,27,-1,27,9,29,-1,4,30,31,-1,4,31,8,-1,8,31,29,-1,8,29,9,-1,4,0,30,-1,30,0,24,-1,
        ]
    }
}
Shape{
    appearance Appearance {
        material  Material 	{
            diffuseColor 0.25098039215686274 0.25098039215686274 0.25098039215686274
            specularColor 0.12549019607843137 0.12549019607843137 0.12549019607843137
            ambientIntensity 0.251
            transparency 0.0
            shininess 0.5
        }
    }
    geometry IndexedFaceSet {
        ccw TRUE
        solid FALSE
        coord DEF co Coordinate {
            point [
                0.6741 -0.4902 2.7377, 0.6736 -0.4902 2.7377, 0.6752 -0.4902 2.7315, 0.6725 -0.4902 2.7318, 0.6763 -0.4902 2.7274, 0.6712 -0.4902 2.7274, 0.6984 -0.4902 2.6667, 0.6493 -0.4902 2.6667
            ]
        }
        coordIndex [
            0,1,2,-1,2,1,3,-1,2,3,4,-1,4,3,5,-1,4,5,6,-1,6,5,7,-1,
        ]
    }
}
Shape{
    appearance Appearance {
        material  Material 	{
            diffuseColor 1.0 1.0 1.0
            specularColor 0.5019607843137255 0.5019607843137255 0.5019607843137255
            ambientIntensity 1.0
            transparency 0.0
            shininess 0.5
        }
    }
    geometry IndexedFaceSet {
        ccw TRUE
        solid FALSE
        coord DEF co Coordinate {
            point [
                -0.6759 -0.4941 2.5894, -0.6605 -0.4941 2.5703, -0.6853 -0.4941 2.6814, -0.5024 -0.4941 2.5854, -0.4902 -0.4941 2.6086, -0.4841 -0.4941 2.6343, -0.338 -0.4941 2.7323, -0.3702 -0.4941 2.7874, -0.4836 -0.4941 2.6554, -0.5096 -0.4941 2.7146, -0.4836 -0.4941 2.645, -0.5392 -0.4941 2.553, -0.5185 -0.4941 2.5674, -0.7079 -0.4941 2.6953, -0.7032 -0.4941 2.617, -0.6863 -0.4941 2.6117, -0.6145 -0.4941 2.6128, -0.606 -0.4941 2.6073, -0.6401 -0.4941 2.555, -0.5963 -0.4941 2.6041, -0.3037 -0.4941 2.8353, -0.2954 -0.4941 2.8353, -0.2527 -0.4941 2.8914, -0.2756 -0.4941 2.8328, -0.2475 -0.4941 2.8896, -0.2575 -0.4941 2.8258, -0.2166 -0.4941 2.8743, -0.1884 -0.4941 2.8504, -0.5962 -0.4941 2.8695, -0.5886 -0.4941 2.8654, -0.6208 -0.4941 2.9413, -0.5733 -0.4941 2.8974, -0.5995 -0.4941 2.9661, -0.5501 -0.4941 2.9254, -0.5751 -0.4941 2.9871, -0.5212 -0.4941 2.9467, -0.5499 -0.4941 3.0027, -0.6287 -0.4941 2.638, -0.6261 -0.4941 2.6285, -0.6214 -0.4941 2.6201, -0.6161 -0.4941 2.5449, -0.5916 -0.4941 2.5411, -0.5886 -0.4941 2.6034, -0.5875 -0.4941 2.541, -0.5796 -0.4941 2.6044, -0.5624 -0.4941 2.5441, -0.5704 -0.4941 2.6077, -0.5623 -0.4941 2.613, -0.5555 -0.4941 2.6205, -0.1883 -0.4941 2.6564, -0.2368 -0.4941 2.6976, -0.2169 -0.4941 2.6322, -0.2522 -0.4941 2.6851, -0.2487 -0.4941 2.6168, -0.2705 -0.4941 2.6766, -0.2829 -0.4941 2.6096, -0.2891 -0.4941 2.673, -0.3442 -0.4941 2.6096, -0.3359 -0.4941 2.673, -0.35 -0.4941 2.6105, -0.7265 -0.4941 2.7144, -0.7695 -0.4941 2.6616, -0.7403 -0.4941 2.6361, -0.7446 -0.4941 2.8022, -0.8128 -0.4941 2.786, -0.7477 -0.4941 2.777, -0.8132 -0.4941 2.7749, -0.7464 -0.4941 2.7611, -0.8089 -0.4941 2.7375, -0.739 -0.4941 2.7357, -0.7948 -0.4941 2.6986, -0.7727 -0.4941 2.6653, -0.5506 -0.4941 2.6583, -0.5483 -0.4941 2.6486, -0.5483 -0.4941 2.6394, -0.5507 -0.4941 2.6294, -0.2413 -0.4941 2.8146, -0.2293 -0.4941 2.8011, -0.1672 -0.4941 2.8208, -0.2196 -0.4941 2.7831, -0.1545 -0.4941 2.789, -0.2148 -0.4941 2.7631, -0.1498 -0.4941 2.7552, -0.2143 -0.4941 2.7541, -0.1547 -0.4941 2.7176, -0.2167 -0.4941 2.7339, -0.1679 -0.4941 2.6847, -0.2239 -0.4941 2.7154, -0.2353 -0.4941 2.6992, -0.3089 -0.4941 2.9735, -0.3479 -0.4941 2.9242, -0.275 -0.4941 2.9345, -0.3249 -0.4941 2.8958, -0.3093 -0.4941 2.862, -0.6195 -0.4941 2.878, -0.6328 -0.4941 2.9427, -0.6437 -0.4941 2.881, -0.6447 -0.4941 2.9434, -0.6544 -0.4941 2.8805, -0.6824 -0.4941 2.9391, -0.68 -0.4941 2.8744, -0.7211 -0.4941 2.925, -0.7032 -0.4941 2.8621, -0.7559 -0.4941 2.9014, -0.7213 -0.4941 2.8461, -0.7643 -0.4941 2.8935, -0.7357 -0.4941 2.8253, -0.7876 -0.4941 2.8641, -0.8049 -0.4941 2.8271, -0.5019 -0.4941 3.0212, -0.4871 -0.4941 2.9604, -0.4503 -0.4941 3.0276, -0.4492 -0.4941 2.9652, -0.4074 -0.4941 3.0231, -0.4147 -0.4941 2.9611, -0.3553 -0.4941 3.0047, -0.382 -0.4941 2.9487, -0.3527 -0.4941 2.9286, -0.6289 -0.4941 2.6482, -0.6266 -0.4941 2.6582, -0.6738 -0.4941 2.7038, -0.6218 -0.4941 2.6672, -0.6566 -0.4941 2.7234, -0.615 -0.4941 2.6747, -0.6353 -0.4941 2.7382, -0.6067 -0.4941 2.6802, -0.6123 -0.4941 2.7469, -0.5975 -0.4941 2.6835, -0.5875 -0.4941 2.75, -0.5886 -0.4941 2.6845, -0.5748 -0.4941 2.7492, -0.5798 -0.4941 2.6835, -0.5498 -0.4941 2.743, -0.5701 -0.4941 2.68, -0.5277 -0.4941 2.7312, -0.5618 -0.4941 2.6743, -0.5551 -0.4941 2.6668, -0.3411 -0.4941 2.674, -0.3661 -0.4941 2.6206, -0.3636 -0.4941 2.618, -0.338 -0.4941 2.6733, -0.3569 -0.4941 2.6132, -0.3744 -0.4941 2.6419, -0.3734 -0.4941 2.6341, -0.3707 -0.4941 2.6271, -0.35 -0.4941 2.6731, -0.3572 -0.4941 2.6703, -0.3742 -0.4941 2.6453, -0.3636 -0.4941 2.6658, -0.3684 -0.4941 2.6604, -0.3723 -0.4941 2.6532, -0.3421 -0.4941 2.6741, -0.1816 -0.4902 2.8409, -0.1672 -0.4902 2.8208, -0.1581 -0.4902 2.798, -0.1545 -0.4902 2.789, -0.1498 -0.4902 2.7552, -0.1884 -0.4902 2.8504, -0.2166 -0.4902 2.8743, -0.2475 -0.4902 2.8896, -0.2527 -0.4902 2.8914, -0.275 -0.4902 2.9345, -0.3089 -0.4902 2.9735, -0.3328 -0.4902 2.9896, -0.3553 -0.4902 3.0047, -0.4074 -0.4902 3.0231, -0.4503 -0.4902 3.0276, -0.5019 -0.4902 3.0212, -0.5499 -0.4902 3.0027, -0.571 -0.4902 2.9896, -0.5751 -0.4902 2.9871, -0.5995 -0.4902 2.9661, -0.6208 -0.4902 2.9413, -0.6328 -0.4902 2.9427, -0.6447 -0.4902 2.9434, -0.6824 -0.4902 2.9391, -0.7211 -0.4902 2.925, -0.7559 -0.4902 2.9014, -0.7643 -0.4902 2.8935, -0.8132 -0.4902 2.7749, -0.7876 -0.4902 2.8641, -0.7985 -0.4902 2.8409, -0.8049 -0.4902 2.8271, -0.8105 -0.4902 2.798, -0.8128 -0.4902 2.786, -0.8089 -0.4902 2.7375, -0.7948 -0.4902 2.6986, -0.7727 -0.4902 2.6653, -0.7695 -0.4902 2.6616, -0.7403 -0.4902 2.6361, -0.7032 -0.4902 2.617, -0.6863 -0.4902 2.6117, -0.685 -0.4902 2.6089, -0.6759 -0.4902 2.5894, -0.6605 -0.4902 2.5703, -0.6401 -0.4902 2.555, -0.6305 -0.4902 2.551, -0.6161 -0.4902 2.5449, -0.5916 -0.4902 2.5411, -0.5875 -0.4902 2.541, -0.4836 -0.4902 2.645, -0.5624 -0.4902 2.5441, -0.5445 -0.4902 2.551, -0.5392 -0.4902 2.553, -0.5185 -0.4902 2.5674, -0.5024 -0.4902 2.5854, -0.4902 -0.4902 2.6086, -0.4901 -0.4902 2.6089, -0.4841 -0.4902 2.6343, -0.4836 -0.4902 2.6554, -0.338 -0.4902 2.7323, -0.3702 -0.4902 2.7874, -0.5096 -0.4902 2.7146, -0.5277 -0.4902 2.7312, -0.5498 -0.4902 2.743, -0.5748 -0.4902 2.7492, -0.5875 -0.4902 2.75, -0.6123 -0.4902 2.7469, -0.6353 -0.4902 2.7382, -0.6566 -0.4902 2.7234, -0.6738 -0.4902 2.7038, -0.6853 -0.4902 2.6814, -0.7079 -0.4902 2.6953, -0.7265 -0.4902 2.7144, -0.739 -0.4902 2.7357, -0.7464 -0.4902 2.7611, -0.7477 -0.4902 2.777, -0.7451 -0.4902 2.798, -0.7446 -0.4902 2.8022, -0.7357 -0.4902 2.8253, -0.7249 -0.4902 2.8409, -0.7213 -0.4902 2.8461, -0.7032 -0.4902 2.8621, -0.68 -0.4902 2.8744, -0.6544 -0.4902 2.8805, -0.6437 -0.4902 2.881, -0.6195 -0.4902 2.878, -0.5962 -0.4902 2.8695, -0.5886 -0.4902 2.8654, -0.5733 -0.4902 2.8974, -0.5501 -0.4902 2.9254, -0.5212 -0.4902 2.9467, -0.4871 -0.4902 2.9604, -0.4492 -0.4902 2.9652, -0.4147 -0.4902 2.9611, -0.382 -0.4902 2.9487, -0.3527 -0.4902 2.9286, -0.3479 -0.4902 2.9242, -0.3249 -0.4902 2.8958, -0.3093 -0.4902 2.862, -0.3049 -0.4902 2.8409, -0.3037 -0.4902 2.8353, -0.2954 -0.4902 2.8353, -0.2756 -0.4902 2.8328, -0.2575 -0.4902 2.8258, -0.2413 -0.4902 2.8146, -0.2293 -0.4902 2.8011, -0.2276 -0.4902 2.798, -0.2196 -0.4902 2.7831, -0.2148 -0.4902 2.7631, -0.2143 -0.4902 2.7541, -0.2167 -0.4902 2.7339, -0.2239 -0.4902 2.7154, -0.2353 -0.4902 2.6992, -0.2368 -0.4902 2.6976, -0.2522 -0.4902 2.6851, -0.2705 -0.4902 2.6766, -0.2891 -0.4902 2.673, -0.3359 -0.4902 2.673, -0.338 -0.4902 2.6733, -0.3411 -0.4902 2.674, -0.3421 -0.4902 2.6741, -0.35 -0.4902 2.6731, -0.3572 -0.4902 2.6703, -0.3636 -0.4902 2.6658, -0.3684 -0.4902 2.6604, -0.3723 -0.4902 2.6532, -0.3742 -0.4902 2.6453, -0.3744 -0.4902 2.6419, -0.3734 -0.4902 2.6341, -0.3707 -0.4902 2.6271, -0.3661 -0.4902 2.6206, -0.3636 -0.4902 2.618, -0.3569 -0.4902 2.6132, -0.35 -0.4902 2.6105, -0.3442 -0.4902 2.6096, -0.2829 -0.4902 2.6096, -0.2487 -0.4902 2.6168, -0.2169 -0.4902 2.6322, -0.1883 -0.4902 2.6564, -0.1679 -0.4902 2.6847, -0.1547 -0.4902 2.7176, -0.5886 -0.4902 2.6845, -0.5798 -0.4902 2.6835, -0.5701 -0.4902 2.68, -0.5618 -0.4902 2.6743, -0.5551 -0.4902 2.6668, -0.5506 -0.4902 2.6583, -0.5483 -0.4902 2.6486, -0.5483 -0.4902 2.6394, -0.5507 -0.4902 2.6294, -0.5555 -0.4902 2.6205, -0.5623 -0.4902 2.613, -0.5704 -0.4902 2.6077, -0.5796 -0.4902 2.6044, -0.5886 -0.4902 2.6034, -0.5963 -0.4902 2.6041, -0.606 -0.4902 2.6073, -0.6145 -0.4902 2.6128, -0.6214 -0.4902 2.6201, -0.6261 -0.4902 2.6285, -0.6287 -0.4902 2.638, -0.6289 -0.4902 2.6482, -0.6266 -0.4902 2.6582, -0.6218 -0.4902 2.6672, -0.615 -0.4902 2.6747, -0.6067 -0.4902 2.6802, -0.5975 -0.4902 2.6835
            ]
        }
        coordIndex [
            0,1,2,-1,3,4,5,-1,6,7,8,-1,8,7,9,-1,8,9,10,-1,10,9,11,-1,10,11,5,-1,5,11,12,-1,5,12,3,-1,13,14,2,-1,2,14,15,-1,2,15,0,-1,16,1,17,-1,17,1,18,-1,17,18,19,-1,20,21,22,-1,22,21,23,-1,22,23,24,-1,24,23,25,-1,24,25,26,-1,26,25,27,-1,28,29,30,-1,30,29,31,-1,30,31,32,-1,32,31,33,-1,32,33,34,-1,34,33,35,-1,34,35,36,-1,37,2,38,-1,38,2,1,-1,38,1,39,-1,39,1,16,-1,18,40,19,-1,19,40,41,-1,19,41,42,-1,42,41,43,-1,42,43,44,-1,44,43,45,-1,44,45,46,-1,46,45,11,-1,46,11,47,-1,47,11,48,-1,49,50,51,-1,51,50,52,-1,51,52,53,-1,53,52,54,-1,53,54,55,-1,55,54,56,-1,55,56,57,-1,57,56,58,-1,57,58,59,-1,60,61,13,-1,13,61,62,-1,13,62,14,-1,63,64,65,-1,65,64,66,-1,65,66,67,-1,67,66,68,-1,67,68,69,-1,69,68,70,-1,69,70,60,-1,60,70,71,-1,60,71,61,-1,72,73,9,-1,9,73,74,-1,9,74,11,-1,11,74,75,-1,11,75,48,-1,25,76,27,-1,27,76,77,-1,27,77,78,-1,78,77,79,-1,78,79,80,-1,80,79,81,-1,80,81,82,-1,82,81,83,-1,82,83,84,-1,84,83,85,-1,84,85,86,-1,86,85,87,-1,86,87,49,-1,49,87,88,-1,49,88,50,-1,89,90,91,-1,91,90,92,-1,91,92,22,-1,22,92,93,-1,22,93,20,-1,28,30,94,-1,94,30,95,-1,94,95,96,-1,96,95,97,-1,96,97,98,-1,98,97,99,-1,98,99,100,-1,100,99,101,-1,100,101,102,-1,102,101,103,-1,102,103,104,-1,104,103,105,-1,104,105,106,-1,106,105,107,-1,106,107,63,-1,63,107,108,-1,63,108,64,-1,36,35,109,-1,109,35,110,-1,109,110,111,-1,111,110,112,-1,111,112,113,-1,113,112,114,-1,113,114,115,-1,115,114,116,-1,115,116,89,-1,89,116,117,-1,89,117,90,-1,37,118,2,-1,2,118,119,-1,2,119,120,-1,120,119,121,-1,120,121,122,-1,122,121,123,-1,122,123,124,-1,124,123,125,-1,124,125,126,-1,126,125,127,-1,126,127,128,-1,128,127,129,-1,128,129,130,-1,130,129,131,-1,130,131,132,-1,132,131,133,-1,132,133,134,-1,134,133,135,-1,134,135,9,-1,9,135,136,-1,9,136,72,-1,137,138,139,-1,58,140,59,-1,59,140,137,-1,59,137,141,-1,141,137,139,-1,142,143,137,-1,137,143,144,-1,137,144,138,-1,145,146,147,-1,146,148,147,-1,147,148,149,-1,147,149,150,-1,142,137,147,-1,147,137,151,-1,147,151,145,-1,152,27,153,-1,153,27,78,-1,153,78,154,-1,154,78,80,-1,154,80,155,-1,155,80,82,-1,155,82,156,-1,152,157,27,-1,27,157,158,-1,27,158,26,-1,26,158,159,-1,26,159,24,-1,24,159,160,-1,24,160,22,-1,22,160,161,-1,22,161,91,-1,91,161,162,-1,91,162,89,-1,115,89,163,-1,163,89,162,-1,163,164,115,-1,115,164,165,-1,115,165,113,-1,113,165,166,-1,113,166,111,-1,111,166,167,-1,111,167,109,-1,109,167,168,-1,109,168,36,-1,36,168,34,-1,34,168,169,-1,34,169,170,-1,34,170,171,-1,34,171,32,-1,32,171,172,-1,32,172,30,-1,30,172,173,-1,30,173,95,-1,95,173,174,-1,95,174,97,-1,97,174,175,-1,97,175,99,-1,99,175,176,-1,99,176,101,-1,101,176,177,-1,101,177,103,-1,103,177,178,-1,103,178,105,-1,179,66,64,-1,105,178,180,-1,105,180,107,-1,107,180,181,-1,107,181,108,-1,181,182,108,-1,108,182,183,-1,108,183,64,-1,64,183,184,-1,64,184,179,-1,66,179,185,-1,66,185,68,-1,68,185,186,-1,68,186,70,-1,70,186,187,-1,70,187,71,-1,71,187,188,-1,71,188,61,-1,61,188,189,-1,61,189,62,-1,62,189,190,-1,62,190,14,-1,14,190,191,-1,14,191,15,-1,15,191,192,-1,15,192,0,-1,192,193,0,-1,0,193,194,-1,0,194,1,-1,1,194,195,-1,1,195,18,-1,18,195,196,-1,18,196,40,-1,196,197,40,-1,40,197,198,-1,40,198,41,-1,41,198,199,-1,41,199,43,-1,200,10,5,-1,43,199,201,-1,202,11,201,-1,201,11,45,-1,201,45,43,-1,202,203,11,-1,11,203,204,-1,11,204,12,-1,12,204,205,-1,12,205,3,-1,3,205,206,-1,3,206,4,-1,4,206,207,-1,4,207,5,-1,5,207,208,-1,5,208,200,-1,8,10,209,-1,209,10,200,-1,6,8,210,-1,210,8,209,-1,7,6,211,-1,211,6,210,-1,9,7,212,-1,212,7,211,-1,9,212,213,-1,9,213,134,-1,134,213,214,-1,134,214,132,-1,132,214,215,-1,132,215,130,-1,130,215,216,-1,130,216,128,-1,128,216,217,-1,128,217,126,-1,126,217,218,-1,126,218,124,-1,124,218,219,-1,124,219,122,-1,122,219,220,-1,122,220,120,-1,120,220,221,-1,120,221,2,-1,2,221,222,-1,2,222,13,-1,13,222,223,-1,13,223,60,-1,60,223,224,-1,60,224,69,-1,69,224,225,-1,69,225,67,-1,67,225,226,-1,67,226,65,-1,63,65,226,-1,226,227,63,-1,63,227,228,-1,63,228,229,-1,230,104,229,-1,229,104,106,-1,229,106,63,-1,230,231,104,-1,104,231,232,-1,104,232,102,-1,102,232,233,-1,102,233,100,-1,100,233,234,-1,100,234,98,-1,98,234,235,-1,98,235,96,-1,96,235,236,-1,96,236,94,-1,94,236,237,-1,94,237,28,-1,28,237,238,-1,28,238,29,-1,29,238,239,-1,29,239,31,-1,31,239,240,-1,31,240,33,-1,33,240,241,-1,33,241,35,-1,35,241,242,-1,35,242,110,-1,110,242,243,-1,110,243,112,-1,112,243,244,-1,112,244,114,-1,114,244,245,-1,114,245,116,-1,116,245,246,-1,116,246,117,-1,117,246,247,-1,117,247,90,-1,90,247,248,-1,90,248,92,-1,92,248,249,-1,92,249,93,-1,93,249,20,-1,20,249,250,-1,20,250,251,-1,21,20,252,-1,252,20,251,-1,21,252,253,-1,21,253,23,-1,23,253,254,-1,23,254,25,-1,25,254,255,-1,25,255,76,-1,76,255,256,-1,76,256,77,-1,77,256,257,-1,77,257,79,-1,257,258,79,-1,79,258,259,-1,79,259,81,-1,81,259,260,-1,81,260,83,-1,83,260,261,-1,83,261,85,-1,85,261,262,-1,85,262,87,-1,87,262,263,-1,87,263,88,-1,88,263,264,-1,88,264,50,-1,50,264,265,-1,50,265,52,-1,52,265,266,-1,52,266,54,-1,54,266,267,-1,54,267,56,-1,58,56,268,-1,268,56,267,-1,58,268,269,-1,58,269,140,-1,140,269,270,-1,140,270,137,-1,137,270,271,-1,137,271,151,-1,151,271,272,-1,151,272,145,-1,145,272,273,-1,145,273,146,-1,146,273,274,-1,146,274,148,-1,148,274,275,-1,148,275,149,-1,149,275,276,-1,149,276,150,-1,150,276,277,-1,150,277,147,-1,147,277,278,-1,147,278,142,-1,142,278,279,-1,142,279,143,-1,143,279,280,-1,143,280,144,-1,144,280,281,-1,144,281,138,-1,138,281,282,-1,138,282,139,-1,139,282,283,-1,139,283,141,-1,141,283,284,-1,141,284,59,-1,59,284,285,-1,59,285,57,-1,55,57,286,-1,286,57,285,-1,55,286,287,-1,55,287,53,-1,53,287,288,-1,53,288,51,-1,51,288,289,-1,51,289,49,-1,49,289,290,-1,49,290,86,-1,86,290,291,-1,86,291,84,-1,84,291,156,-1,84,156,82,-1,129,292,293,-1,129,293,131,-1,131,293,294,-1,131,294,133,-1,133,294,295,-1,133,295,135,-1,135,295,296,-1,135,296,136,-1,136,296,297,-1,136,297,72,-1,72,297,298,-1,72,298,73,-1,73,298,299,-1,73,299,74,-1,74,299,300,-1,74,300,75,-1,75,300,301,-1,75,301,48,-1,48,301,302,-1,48,302,47,-1,47,302,303,-1,47,303,46,-1,46,303,304,-1,46,304,44,-1,44,304,305,-1,44,305,42,-1,42,305,306,-1,42,306,19,-1,19,306,307,-1,19,307,17,-1,17,307,308,-1,17,308,16,-1,16,308,309,-1,16,309,39,-1,39,309,310,-1,39,310,38,-1,38,310,311,-1,38,311,37,-1,37,311,312,-1,37,312,118,-1,118,312,313,-1,118,313,119,-1,119,313,314,-1,119,314,121,-1,121,314,315,-1,121,315,123,-1,123,315,316,-1,123,316,125,-1,125,316,317,-1,125,317,127,-1,127,317,292,-1,127,292,129,-1,
        ]
    }
}
Shape{
    appearance Appearance {
        material  Material 	{
            diffuseColor 0.25098039215686274 0.25098039215686274 0.25098039215686274
            specularColor 0.12549019607843137 0.12549019607843137 0.12549019607843137
            ambientIntensity 0.251
            transparency 0.0
            shininess 0.5
        }
    }
    geometry IndexedFaceSet {
        ccw TRUE
        solid FALSE
        coord DEF co Coordinate {
            point [
                -0.5963 -0.4902 2.6041, -0.5886 -0.4902 2.6034, -0.5886 -0.4902 2.6845, -0.5796 -0.4902 2.6044, -0.5483 -0.4902 2.6486, -0.5483 -0.4902 2.6394, -0.5704 -0.4902 2.6077, -0.6067 -0.4902 2.6802, -0.6214 -0.4902 2.6201, -0.6145 -0.4902 2.6128, -0.5506 -0.4902 2.6583, -0.5551 -0.4902 2.6668, -0.5618 -0.4902 2.6743, -0.6261 -0.4902 2.6285, -0.615 -0.4902 2.6747, -0.6287 -0.4902 2.638, -0.5975 -0.4902 2.6835, -0.606 -0.4902 2.6073, -0.5623 -0.4902 2.613, -0.5555 -0.4902 2.6205, -0.5507 -0.4902 2.6294, -0.5701 -0.4902 2.68, -0.5798 -0.4902 2.6835, -0.6289 -0.4902 2.6482, -0.6218 -0.4902 2.6672, -0.6266 -0.4902 2.6582
            ]
        }
        coordIndex [
            0,1,2,-1,2,1,3,-1,4,3,5,-1,5,3,6,-1,7,8,9,-1,4,10,3,-1,3,10,11,-1,3,11,12,-1,8,7,13,-1,13,7,14,-1,13,14,15,-1,2,16,0,-1,0,16,7,-1,0,7,17,-1,17,7,9,-1,6,18,5,-1,5,18,19,-1,5,19,20,-1,12,21,3,-1,3,21,22,-1,3,22,2,-1,15,14,23,-1,23,14,24,-1,23,24,25,-1,
        ]
    }
}