:020000040800F2
:1000000000000220154B0008694B0008694B0008EE
:10001000694B0008694B0008694B000800000000AC
:10002000000000000000000000000000694B000814
:10003000694B000800000000694B0008E12400083B
:10004000694B0008694B0008694B0008694B0008C0
:10005000694B0008694B00088D2F0008932F00089A
:10006000694B0008694B0008992F0008694B00088C
:10007000694B0008694B0008694B0008694B000890
:10008000694B0008694B0008694B0008694B000880
:10009000694B0008694B0008694B00089F2F000856
:1000A000694B0008694B0008694B0008694B000860
:1000B000694B0008694B0008694B0008694B000850
:1000C000694B0008694B0008694B0008694B000840
:1000D000694B0008694B0008694B0008694B000830
:1000E000694B0008694B000800000000694B0008DC
:1000F000694B0008694B0008694B0008694B000810
:10010000694B0008694B0008694B0008694B0008FF
:10011000694B0008694B0008694B0008694B0008EF
:10012000694B0008694B0008694B0008694B0008DF
:10013000694B0008694B0008694B0008694B0008CF
:1001400000000000000000000000000000000000AF
:10015000694B0008694B0008694B000871120008E0
:10016000694B0008694B0008694B0008694B00089F
:10017000694B0008694B0008694B0008000000004B
:10018000694B0008694B0008694B0008694B00087F
:10019000694B0008694B0008694B0008694B00086F
:1001A000694B0008694B0008694B0008694B00085F
:1001B000694B0008694B0008694B0008694B00084F
:1001C000694B0008694B0008694B0008694B00083F
:1001D000694B0008253F0008694B0008694B00087F
:1001E000694B0008694B0008694B0008694B00081F
:1001F000694B0008694B0008694B0008694B00080F
:10020000694B0008694B0008694B0008694B0008FE
:10021000694B0008694B0008694B0008694B0008EE
:10022000694B0008694B0008694B0008000000009A
:10023000694B0008694B000800000000694B00088A
:10024000694B0008694B0008694B0008694B0008BE
:10025000694B0008694B0008694B0008694B0008AE
:10026000694B0008694B0008694B0008694B00089E
:10027000694B0008694B0008694B0008000000004A
:10028000694B0008694B0008694B0008000000003A
:0802900000000000694B0008AA
:1002A00070B50C461E461546D0E9000398473060ED
:1002B0002368984204D0002320606360012070BD51
:1002C0006368044A013393426360F7D90A2300202C
:1002D0006B60F4E73F420F0002460144002010B576
:1002E0008A4200D110BD12F8013B0824584010F09A
:1002F000800F0CBF0023D523013C83EA4003D8B212
:10030000F5D1EDE7924B2DE9F04F89B00026144668
:100310001A8888469B7805463146ADF80820204665
:1003200078228DF80A30049604AF8DF807603E718C
:100330000BF05DFFB8EB060918BF4FF00109D5E9D6
:100340000003C4F8089098472B693146E060CDE976
:10035000060628689847EB68E061314628689847A8
:10036000E369A06118431DD0092363602B69002154
:1003700028689847E06118B163680BB90923636086
:100380002B6A214628689847D5E900039847636897
:100390006061002B40F025814FEA4903236009B0DA
:1003A000BDE8F08FB8F1000FE0D04FF001082868E9
:1003B000AB682146C4F80080984706466060002874
:1003C000D4D1EB684146286898474045A061CBD11D
:1003D00040F6B738D5E900039847824603AB22467A
:1003E00006A92846FFF75CFF0028BFD0039BA3EBBC
:1003F0000A034345F2D92B6901212868984701284F
:10040000E061B1D1D5E9000398478046EB69224607
:100410000DF1070128689847002801DA0523A4E7B1
:1004200014D0636B0133FF2B636301D908239CE76E
:1004300003AB224606A92846FFF732FF002895D0D5
:10044000039BA3EB0803632BE0D9EFE7D5E9000397
:1004500098472061E36A022B2ED903AB224606A9F6
:100460002846FFF71DFF002880D02269039B9B1AB6
:10047000632B2FD8AB692146286898470028CDDB2D
:10048000EBD0D5E9000398474FF00008834603AB53
:10049000224606A92846FFF703FF00283FF466AF6F
:1004A000039BA3EB0B03B3F57A7F25D3A36B002B40
:1004B0000CBF0423062358E703AB224606A92846AF
:1004C000FFF7EEFE00283FF451AF2269039B9B1A11
:1004D000632B01D9032348E7E36A224628682033C7
:1004E0006B4413F8181C6B699847002896DB1EBFF5
:1004F000E36A0133E362ADE7EB6922460DF10701E0
:1005000028689847002889DBC1D0236B9DF8071025
:1005100003F1010AA36C1F2BC4F830A00CD85A1C9D
:10052000A26423F0030203F003032244DB00106DF6
:1005300001FA03F318431065B8F1000F0AD1CC2972
:1005400008D0636B01336363BAF1FF0F9FD96DE786
:100550005CCB000808F12003B8F1040F6B4403F8EA
:10056000101C3BD104213846FFF7B6FE9DF814302D
:1005700083421CD126F0030306F0030217F8011B87
:1005800001362344D200052E01FA02F11A6F42EA25
:1005900001021A67EED19DF81130BDF81220012B2F
:1005A0006664E36322643FF4E1AE0723DDE6A36BF8
:1005B00001210133A3633B4613F8012FCC2A02D05B
:1005C00001310529F8D1636BC1F1050838460B44A8
:1005D0004246394463630BF0F1FDB5E708F10108C9
:1005E000B2E70323DAE600BF084BDB69836213F04E
:1005F0000F0308D0C26C1A43054BC2640F221B685C
:1006000001201A6270471846704700BF004800403A
:100610003800002010B510461446FFF7E5FF10B172
:100620004FF0FF3010BD064BDA699206FAD55B6ACF
:1006300020460B70FFF7D8FF0028F1D10120F1E729
:10064000004800400A1E08484FF4005118BF01221C
:1006500008B505F085FE4FF40051034805F06EFE25
:10066000431E5842584108BD000802580A1E084857
:100670004FF0080118BF012208B505F071FE0821EE
:10068000034805F05BFE431E5842584108BD00BFB9
:10069000000C02582DE9F043B9B0B8220F460021F2
:1006A0000AA84FF002080BF0A2FD4FF00009032347
:1006B00008A8CDE90889269307F004F8044618B184
:1006C000022039B0BDE8F0834046494607F0FEFFFE
:1006D0003B4B38629842F3D13A4B4FF480613A4831
:1006E0004FF48068D3F8E0200126384D42F0020232
:1006F000C3F8E020D3F8E02002F002020192019A50
:10070000D3F8E82042F48022C3F8E820D3F8E820A8
:1007100002F480220292029AD3F8902042F48022BE
:10072000C3F89020D3F8902022F48022C3F89020C0
:10073000012205F015FE03A923480794CDE90544DD
:10074000CDE9038605F06AFC8C22214620480BF097
:100750004EFD1F4B1F4A43F8085C4FF4E13310462F
:1007600053600C23536108F0E9FF08B10120A8E7AA
:10077000184809F08DF804460028F7D1EB68B3F566
:100780000B7F7B629CD1EB69980299D5EB6959028A
:1007900096D5022303A90C4804930723CDF80C80B7
:1007A000079305F03BFC4FF40063074803A9059647
:1007B000039305F033FC084B20461E6081E700BF21
:1007C0000090D00300440258000402580048004042
:1007D00040000020380000203400002004F026BA39
:1007E00008B51046FFF700FF30B9054BDA6912066D
:1007F00001D50120996208BD4FF0FF30FBE700BF33
:100800000048004008B50846FFF7EEFE20B9044B4B
:10081000D869C0F3801008BD4FF0FF30FBE700BF80
:100820000048004010B514480C46082105F086FD2C
:10083000431E4FF4005158425841A0610F4805F043
:100840007DFD421E0E4B50421B685041E06193B14A
:100850000C4BE26CDB69A36203F00F031343E36408
:100860001BB163680BB905236360074B1A681368F3
:1008700023F00103136010BD000C02580008025859
:100880003400002000480040380000201F4B0021A9
:10089000D3F8E02042F0040210B588B0C3F8E0209D
:1008A000D3F8E020002403A802F004020192019A88
:1008B000D3F8E02042F00802C3F8E0201422D3F875
:1008C000E03003F008030293029B0BF090FC00223F
:1008D0004FF400510E4805F043FD01234FF4005240
:1008E00003A90B48CDE90323CDE9054405F096FBA8
:1008F00022460821074805F033FD082303A90548CF
:10090000039305F08BFB08B010BD00BF00440258F4
:1009100000080258000C0258F0B5094D8BB006468D
:100920000F4601AC0FCD0FC40FCD0FC42B683A4654
:10093000314601A82360FFF7E5FC0BB0F0BD00BF16
:1009400060CB000830B501444FF0FF33084D8842BA
:1009500001D1D84330BD10F8012B5340082213F0C9
:10096000010418BF2C46013A84EA5303F7D1EEE79D
:100970002083B8ED00210B4630B521F00102A1F132
:100980000E04825A02F47F45012C98BF2A46CD07F7
:100990004CBFD2B2120A5340082213F4004F0CBFCE
:1009A00000244FF44054013A84EA43039BB2F4D14B
:1009B00001311029E1D1180B30BD002330B51A46A2
:1009C00000F10C044FF6FF7530F8021F002908BF34
:1009D0000132A94208BF01338442F5D1062B18BF6A
:1009E000062A14BF0120002030BD2DE9F041089DEA
:1009F0001E46002342F21074DDE906782B60C8F829
:100A00000030A0F59C43203BA34203D9002038606E
:100A1000BDE8F0814C1E4FF6FD739C42F6D842EAC9
:100A20000603B3F5803FF1D240F6E4434C0803FBE4
:100A30000044B4FBF1F4A4F5E163B3F5E16FE5D84C
:100A4000A2FB04020B233C6047F6FF77A0FB0301E7
:100A5000A4FB064603FB0211C0194FF6FF724FF0CC
:100A6000000341F100010BF0D7FE2419C8F8000083
:100A70004FF6FF727641E0194FF0000346F1000196
:100A80000BF0CAFE28600120C2E700002DE9F04FFC
:100A900087B015460446109A05930023049113600D
:100AA000059A13604A1E814B9A4203D9002007B071
:100AB000BDE8F08F6A1E9A42F8D8FFF77EFF002843
:100AC000F4D02046FFF756FFE38903F00F03984266
:100AD000ECD163891B02EA1AA3896EEB0E0EA3FB0D
:100AE000020903FB0E99B9F1000F03DA704BC0182D
:100AF00049F100092789C00DA18840EA4920A7FBD8
:100B000002534FEAE95910F5FA6607FB0E3349F133
:100B1000000C002B02DA7F3543F10003ED094FF49E
:100B2000803745EA4365DB11C1FB07530195E58832
:100B30009B466188A5FB023405FB0E44002C02DABB
:100B4000FF3344F100041B0AB6F5FA6F4FEA24257F
:100B500043EA04634FF40044C1FB04357CF1000117
:100B6000029566DA052700FB09F5A0FB001404EBEB
:100B70004504A1FB075107FB04114E4C6F08A64228
:100B80004FEA95054FF0FF3447EAC1774FEA610815
:100B900045EA81757CEB04044FEAA101039124DA54
:100BA00040F6AC544FF0070A041949F1000904FB60
:100BB00009F9A4FB040404EB4904A0FB0A9119EB16
:100BC00007090AFB041A03994F464FF00B094AEB39
:100BD0000808A0FB090A09FB04AA400840EACA70F9
:100BE000401941EB6A010546039102FB0EFEA2FB90
:100BF000022010EB4E0005D56FF000441419224678
:100C000040F10000D20F42EA4002C017524260EBAE
:100C1000400092191646019A4CEB000CD71B6BEB67
:100C2000080B5D1B0197DDE9023263EB02012B46E5
:100C30000291049A0299A2FB0332049800FB01225C
:100C4000002A03DA1C495B1842F100025B0D01998E
:100C500043EAC22352155B1A62EB0B01109A00297A
:100C6000166008461A4604DA47F6FF729A1841F1F0
:100C70000000D20B16F57A6642EA404205984CF124
:100C8000000C026043F2D50296427CF1000CBFF4E6
:100C90000DAFB3F1FA73094A41F1FF31934271F19B
:100CA000000134BF0120002001E700BFFDFFFF006D
:100CB000FFFF7F0024FAFFFFFFFF1F0000806CE8AA
:100CC00000687047A0F13003DAB2092A01D818464B
:100CD0007047A0F14103052B01D837387047A0F1C8
:100CE0006103052B94BF57384FF0FF30704770B544
:100CF000054608460E460BF009FB1D2804460AD897
:100D00000246314628460BF049FA20B9285DB0FA70
:100D100080F0400970BD0020FCE74FF4757210B5FB
:100D20000C4600210BF063FA0122C0E9474402603F
:100D300010BD10B5046A00230C44C0F83831C0F867
:100D4000503104628469C0F82C311443D21A18BFA0
:100D50000122C91A846118BF0121090141EAC201B7
:100D600082680A43C0E94C33826010BD02680346C2
:100D700010B512B3D0F8302112B9D0F8502192B189
:100D80009A6B8A1AB2F5C87F0DD90022C3E94C22AA
:100D9000C3F83821C3F850215A6B01325A639A685C
:100DA00042F080029A60D8685C6820F03802C3F88C
:100DB0002011DA6014B107221A6010BD440709D46B
:100DC000D3F81C218A1A41F288318A4294BF012249
:100DD0000222F1E793F870000238C0B201281DD852
:100DE00093F87100C00719D593F8AA00C40715D469
:100DF0001E4C03F17400FFF763FF04191C48844282
:100E00000CD81C4C03F17800FFF75AFFA04205DB19
:100E1000194CA042DCBF42F00802DA6093F8670088
:100E200000F007000728D3F82C0104BF42F010029D
:100E3000DA6060B1186C40F6B834081AA04206D8DF
:100E4000586C091AA1429CBF42F02002DA60900758
:100E500001D40322B0E7910601D40622ACE712F0D8
:100E6000080F0CBF04220522A6E700BF00D2496B81
:100E700000A493D600175BCA00E9A4352DE9F84F0A
:100E800004460D4611461746FFF770FFE369D4F894
:100E900030610133A763E361082E00F27281DFE85D
:100EA00016F0090068007001700170017001700196
:100EB00076007A00B52D06D10023C4F85031012305
:100EC000C4F8303106E0242D06D1012384F85453B0
:100ED000C4F85031BDE8F88FD4F850110029F9D08A
:100EE00080290AD10023C4F85031236B01332363D6
:100EF000A36843F04003A360ECE74B1C0A2D214498
:100F0000C4F8503181F85453E4D1062B29D991F813
:100F100053330D2B25D191F850332A2B21D104F5D1
:100F2000557301F24F3213F8010F934286EA00061F
:100F3000F9D191F85103FFF7C5FE0546681C10D0A2
:100F400091F85203FFF7BEFE421C0AD000EB0510D9
:100F5000B04206D1A36A0133A3620023C4F8503122
:100F6000B8E7E36A0133E362A36843F02003A360B8
:100F7000F3E7622D09D0A5F1B5035D425D41002381
:100F8000C4F83051C4E95133A4E70225F7E7082338
:100F9000C4F84C5194E7D4F84C21D4F844319A4227
:100FA00040F0E880D4F848319D4240F0E380636A25
:100FB00004F5AA7A01336362D4F83C310A2B40F07D
:100FC0009880D4F84031042B58D1D4F83861272EBA
:100FD00007D9A6F128011E23B1FBF3F203FB12117E
:100FE00039B1236B01332363A36843F04003A3604B
:100FF00044E03C2204F1E0000BF0F9F8534604F120
:10100000B80204F5BE7153F8040B8B4242F8040B8E
:10101000F9D14FF0280B5E453DD8E5680C227C499C
:1010200004F1B80025F002056665E76345F00103A9
:10103000E3600BF0B3F8002857D194F8C4302BB11B
:10104000202B52D194F8C530282B4ED11E220021DE
:1010500004F1B8000BF0FCF8002846D06D4904F10B
:10106000E000FFF744FE00283FD06B4904F1FE008A
:10107000FFF73DFEC8B345F00305E56000233946A0
:101080002046C4F83831C4F85031C4E94C33BDE8C7
:10109000F84FFFF76BBE0AEB0B0508225F492846A5
:1010A0000BF07CF860B92B4604F1E00205F11C015D
:1010B00053F8040B8B4242F8040BF9D11B881380C0
:1010C0000422574928460BF069F858B904F1FE0389
:1010D00005F11C0255F8041B954243F8041BF9D195
:1010E0002A881A800BF11E0B95E7A36843F48073DE
:1010F0007DE7012BC2D1D4F84031072BBED1D4F803
:1011000038215C2A7FF46DAF514604F15C000BF08E
:10111000EFF8236D5046276401332365E36843F0FD
:101120000403E3603F4BFFF7CBFD984206D9002351
:10113000C4F82C31A36843F4007358E7D4F828317D
:1011400063B1394AD4F82431D31A0344B3FBF2F122
:1011500002FB1133354A591E914208D80123C4F8C5
:1011600024016764C4F82831C4F82C3186E7002BC9
:10117000DDD183E7E36A0133E362A36843F0200330
:1011800035E7D4F84431023ED4F848212B44DBB291
:10119000C4F844311344DBB2C4F84831032E27D8D5
:1011A000DFE806F002060A0E0323C4F83C5187E686
:1011B0000423C4F8405183E60523C4F838517FE680
:1011C000D4F83831002243EA0523C4F83421B3F5BA
:1011D000007FC4F8383106D9C4F83021C4F838216A
:1011E000C4F8502181E6002B0CBF0723062367E6D5
:1011F000D4F834315A1C2344C4F8342183F85451B0
:10120000D4F838319A427FF465AE072358E600BF20
:1012100092CB00089FCB0008ADCB000884CB000820
:101220008DCB0008FF830C2400840C24FE410612A1
:10123000B52370B5037062234370A9B10A22042359
:10124000C3700023411C461D1C468270437103710C
:1012500011F8012F2244B14202EB030514462B463C
:10126000F6D18271C57170BD01220723E8E7000045
:101270002DE9F84F20261B4FDFF86C901B4CFB69C3
:1012800013F00F0109D0D9F800200A43C9F8002053
:101290002268013222600F223A629B0612D57A6AD6
:1012A00071B9DFF84CA0134BDAF800801B6808F125
:1012B0000105C5F30A05AB4206D12368013323605B
:1012C000013EDCD1BDE8F88FDFF82CB00BEBC80392
:1012D0001A7103F0ABFC4BF83800BFF35F8FCAF80C
:1012E0000050EDE700140140600500206405002077
:1012F0006C05002068050020700500202DE9F043F2
:10130000594EB9B003F092FC044601463046FFF74F
:1013100004FD0021554B0822554D0AA819604FF0D5
:101320000108544B4FF0000929601960524B1960B5
:10133000524B1960524B1960524B1960524B196055
:10134000524B1C60524B1C60524B1C60524B1A603B
:10135000B822524B19600AF04AFF182308A8CDE9B9
:101360000889279306F0AEF9044610B10123736093
:1013700076E04046494607F0A9F9494B306198426A
:10138000F4D1484B21464848D3F8E020474C42F07E
:101390000402C3F8E020D3F8E02002F00402019236
:1013A000019AD3F8F02042F02002C3F8F020D3F8DD
:1013B000F02002F020020292029AD3F8982042F024
:1013C0002002C3F89820D3F8982022F02002C3F816
:1013D00098208C220AF00BFF334B354A43F8084C17
:1013E0004FF41653104653600C23536108F0A6F9CE
:1013F00008B10223BBE72E4808F04AFA0746002846
:10140000F7D1E36841F60B2293427361AED1E369F1
:1014100003F4C003B3F5C00FA8D1C022022303A96F
:10142000CDE903230723CDE905002248079304F003
:10143000F5FD3A460621472004F072FD472004F0EE
:10144000D7FD0F2347202362236843F49073236062
:10145000A36843F00103A36001232B6004F0A0FD07
:1014600039B0BDE8F08300BF74010020D80000202F
:10147000DC000020580500205C05002060050020ED
:1014800064050020680500206C0500204C05002044
:10149000500500205405002000000020D40000204A
:1014A0000090D00300440258E800002000140140DE
:1014B000E000002000080258664B1B682DE9F04749
:1014C000002B00F09580644F3B68002B40F090802B
:1014D0000123624C624E3B6003F0A8FB614A054663
:1014E000D6F800C013681060C31AA26DDFF87881C7
:1014F0009A425E4A116838BFA3655D4B8C451868F7
:1015000003D1D8F8001081421DD0EFF3108C72B6D1
:101510005849D2F80090584AD3F800A00B681068D8
:10152000096811608CF3108831681B1A52464B48C9
:10153000C3F30A03A9EB01011944FFF7FAFBC6F84C
:101540000090C8F800A04FF480784B4EDFF824A13B
:10155000DFF828913268DAF800309A4213D0336805
:10156000BFF35F8F09EBC30159F833200979BFF34B
:101570005F8F01333948C3F30A033360FFF77EFC02
:10158000B8F10108E6D1DFF8F88029463348FFF7C3
:10159000EDFBD8F80030002B2CD03A4A3A493B4EAC
:1015A0001368072B19DCC869000611D4384B1B6877
:1015B000EB1AC82B1AD9082313600023C8F800308F
:1015C000E36C0133E364A36843F48063A3600DE03C
:1015D000581CF35C10608B62E2E7082BE6D12A4BC3
:1015E000DB695906E2D50023C8F8003000233B60D0
:1015F000BDE8F087244BDB695A06F7D5DFF89490F5
:10160000D9F80030EB1AB3F57A7FEFD3E368DB0744
:101610001DD5214B1E6842F20F73AE1B9E4294BF34
:101620000026012631461948FFF702FE0EB11A4B7B
:101630001D60174B0022C9F800501D60114B1A6045
:101640000123C8F80030A36C0133A364CEE7012660
:10165000E8E700BFDC000020D80000207401002073
:101660005C0500205405002058050020640500207A
:10167000600500206C050020680500207005002032
:10168000D40000200000002000140140CC00002005
:1016900048050020500500204C05002010B50446E8
:1016A00003F0C4FA01460548FFF760FB4FF48E7261
:1016B000024920460AF01CFE10BD00BF7401002044
:1016C000F8B50368044616460D46D3E90002904774
:1016D0002368074631469A68186890472368D3E91B
:1016E00000029047C01BB04206D26B680BB10020CD
:1016F000F8BD0B236B60FAE70120F9E74B6810B5E2
:101700000C4623B101229A408368134383608368A7
:1017100063620368D3E9000290476368A061002B0D
:101720000CBF02230323236010BD2DE9F0438BB0CF
:10173000174681460F220C4602A800219846DDE993
:1017400012560AF054FD0F2247EAC617002106A8D8
:101750000AF04DFD8DF808702EB92A4641460DF16C
:1017600009000AF0C5FDD9F8000004F10C0306AA2F
:1017700002A900936B1C07690068B84707462EB1A1
:101780002A460DF1190140460AF0B2FD3FB16368E7
:101790000BB90323636000200BB0BDE8F083012088
:1017A000FAE713B50124CDE90044FFF7BEFF02B00C
:1017B00010BDF7B506460C460A2500270DF10703B4
:1017C0007F22214630468DF80770FFF7EAFF70B19F
:1017D0009DF80730DB070AD4012221463046FFF787
:1017E0006FFF20B1013DE9D1636813B1002003B060
:1017F000F0BD06236360F9E77FB552BA04460D4693
:101800001E46ADF80C20FFF7D4FF10B9002004B03D
:1018100070BD0223002229462046CDE9003203ABE9
:101820007C22FFF782FF0028F0D0012229462046C3
:10183000FFF746FF0028E9D029462046FFF7B9FF09
:101840000028E3D033467E2229462046FFF7A9FF31
:101850000028DBD0012229462046FFF731FF00286F
:10186000D4D029462046FFF7A4FFD0E72DE9FF4159
:1018700000271D460DF10A0306460C4690468DF8DA
:101880000A708DF80B70FFF7B7FFB8B39DF80A30F8
:101890002146304623EA05039DF828501D4398FA57
:1018A00098F3EDB2ADF80C308DF80E50FFF781FFD4
:1018B00020B303237C2221463046009303AB0197DB
:1018C000FFF733FFD0B1012221463046FFF7F8FE83
:1018D000A0B121463046FFF76CFF78B10DF10B0344
:1018E000424621463046FFF787FF38B19DF80B305E
:1018F000AB4204D063680BB907236360002004B0D7
:10190000BDE8F0811FB54FF0000C8DF80F300123BA
:10191000CDE9003C0DF10F03FFF707FF05B000BD57
:1019200070B5002386B0722205468DF80D300C4646
:10193000ADF810308DF80E308DF80F30ADF8143052
:101940008DF816300DF10D03FFF72BFF48B19DF810
:101950000D30E92B84F8233006D063680BB90423DB
:101960006360002006B070BD022301261B222146C1
:101970002846CDE9003604ABFFF7D7FE0028F0D0AB
:101980000DF10E03102221462846FFF70AFF00281A
:10199000E7D00DF10F034AF2672221462846FFF7F0
:1019A0002BFF0028DDD00323162221462846009372
:1019B00005AB0196FFF7B9FE0028D2D09DF80E10B6
:1019C0009DF811500B049DF810609DF80F2043EA1C
:1019D00005230A2E43EA060343EA0263E36110D1BA
:1019E0000A2D0ED10F290CD193070AD59DF814307A
:1019F000042B06D19DF815301BB99DF81630012B2C
:101A000004D06368002BACD10723A9E7236A43F411
:101A100000332362A6E700002DE9F0430546144693
:101A200085B00E46142200212F4604300AF0DFFB59
:101A30003C22002120460AF0DAFB47F80C6B4FF0FD
:101A40000108D6E900039847224620613946F36829
:101A500042F80C8B306898470023EA688DF808300C
:101A6000A2638DF809308DF80A308DF80B3088B1FB
:101A70006368404518BF022003B96060636821466F
:101A8000E26828466B602A61A360FFF737FE05B065
:101A9000BDE8F0837E4B9A4205D06368002BEDD100
:101AA000C4F80480EAE702AB722221462846FFF719
:101AB00078FE0028E2D09DF808301A06E92B226251
:101AC00005D06368002BD9D104236360D6E70DF1FC
:101AD00009032D2221462846FFF763FE0028CDD0BA
:101AE0000DF10A03322221462846FFF75AFE00284C
:101AF000C4D002237F2221462846FFF703FF002897
:101B0000BCD0022221462846FFF7DAFD0028B5D0D6
:101B10009DF80A30322221462846FFF7F3FE0028BE
:101B2000ACD09DF809302D2221462846FFF7EAFE69
:101B30000028A3D00DF10B037F2221462846FFF792
:101B400030FE00289AD09DF80B7017F0020704D0E1
:101B50006368002B92D10523B7E70DF10B0319221F
:101B600021462846FFF71DFE002887D09DF90B303F
:101B7000002BEDDA3B46162221462846FFF7C2FE2F
:101B800000283FF47BAF3B46172221462846FFF74B
:101B9000B9FE00283FF472AF0123182221462846DF
:101BA000FFF7B0FE00283FF469AF02234AF2672234
:101BB0002146284600933B46FFF758FE00283FF495
:101BC0005DAF344B0DF10C084AF23A064AF23E0979
:101BD00003930097324698F8003021462846FFF7D5
:101BE00045FE00283FF44AAF013608F10108B6B2BD
:101BF0004E45EED10DF10B03324621462846FFF744
:101C0000FBFD00283FF43AAF9DF80B309B0705D44D
:101C10006368002B7FF432AF072356E70A231B22A9
:101C200021462846FFF76EFE00283FF427AF0A231F
:101C30001C2221462846FFF765FE00283FF41EAF10
:101C40000423162221462846FFF75CFE00283FF4B5
:101C500015AF0F23102221462846FFF753FE002818
:101C60003FF40CAF642221462846FFF729FD0028E7
:101C70003FF404AF21462846FFF752FE00283FF408
:101C8000FDAE01236B61236A43F480232362F5E6F2
:101C900040420F00489224497FB50C460546382241
:101CA0000021201D0AF0A3FA01232360EB68A3633F
:101CB0002B68D3E9000290476E6800232061A6607C
:101CC0008DF80F300EB96B696BB92B69002EE3608C
:101CD00008BF0226636803B9666021462846FFF7FD
:101CE0000DFD04B070BD236A2146284643F48023CD
:101CF0002362FFF715FE0028EFD00DF10F03192224
:101D000021462846FFF74DFD0028E6D09DF80F201C
:101D1000236A110643EA0203236205D56368002B98
:101D2000DBD105236360D8E7012221462846FFF76F
:101D3000C7FC0028D1D00DF10F03192221462846F7
:101D4000FFF72FFD0028C8D09DF80F301A0684F841
:101D50002030E3D45B0714D40136642EE4D16368E9
:101D6000002BBAD10823DDE72B68D3E900029047A6
:101D70002369C01A0528B0D96368002BADD10A23A6
:101D8000D0E72B68D3E9000290470E23012220619F
:101D900021462846CDE9003204F128030022FFF74E
:101DA000C4FC002899D02B68D3E900029047236A2D
:101DB0006061192243F480332146284623620DF1E5
:101DC0000F03FFF7EEFC002887D09DF80F30226A42
:101DD000180642EA03222262A0D45907C4D56368D8
:101DE000002B7FF47AAF09239CE70000F7B51D466E
:101DF000023B1746089C00220D2B0E46226004D998
:101E0000174B2360012003B0F0BD8021154804F07A
:101E1000A7FA0A2331463A460093ABB2124806F0BD
:101E20004FFF0646104807F0F5F8012240EA066524
:101E300080210C4804F094FA80210A48256004F0BF
:101E40007DFA01281FBF236843F0804343F001035C
:101E50002360002ED6D12068801B18BF0120D2E756
:101E60000400004000040258884500202DE9F0419C
:101E700000265A4CB8B00F460E6015461660314623
:101E8000D4F8E030142203A84FF0800843F0020396
:101E9000C4F8E030D4F8E03003F002030193019B72
:101EA0000AF0A5F9012280214D4804F059FA0123D6
:101EB00003A94B48CDE90383CDE9056604F0AEF8EC
:101EC0004146474804F03AFA012802D0454B2B60BE
:101ED0005CE03146B8220AA80AF089F9424A002398
:101EE00008A8CDE908234FF48043209305F0EAFBCE
:101EF000064628B106062E60012038B0BDE8F08104
:101F00004FF48050002106F0E1FB384B984202D09C
:101F1000374B2B60F0E7D4F8F03031464246354875
:101F200043F48053C4F8F030D4F8F03003F4805315
:101F30000293029BD4F8983043F48053C4F898304D
:101F4000D4F8983023F48053C4F898300AF04FF94D
:101F5000294C284B4FF08060284A43F8084C4FF436
:101F6000800353600723D3604FF0A043C2E9060308
:101F70004FF000431046536506F066FD064638B143
:101F80001E4807F047F840EA066028600220B4E7E0
:101F9000A3681B4A23F00F4323F47F0323F47F43FA
:101FA00023F0E003934203D1E46814F0607401D09D
:101FB000144B8CE722462821094804F0D1F9382235
:101FC0000223074803A9CDE903230523CDE90643EE
:101FD00004F024F80C4B20463B608EE70044025886
:101FE0000004025801000040001000800090D0035F
:101FF000020000409045002000300140884500204C
:10200000070000500300004040420F00084602F065
:10201000B7B902F00BBE0000024602490248FFF7C2
:10202000FBBC00BFDCCD0008704500200146014824
:10203000FFF732BE7045002030B5E7B0104C1FA846
:102040006D46FFF72BFB1FA94FF48E7204F5387015
:102050000AF04EF907A801F069FF07A9602204F50C
:1020600020700AF045F9684600F0BEFF04F51974C7
:102070000FCD0FC495E8070084E8070067B030BDB6
:102080001446002038B5164D0024FFF7D5FF02F0A6
:10209000CDFD4FF47F7168612846EC60FEF752FC7D
:1020A000104A11491368C5F8FC0301331360CB6073
:1020B000BFF35F8F2346032B08BF042355F823008B
:1020C00041F823000133B3F5807FF4D1BFF35F8F74
:1020D000136801331360CB60BFF34F8F38BD00BF6F
:1020E000144600201046002000000024012002F0C9
:1020F00047B9F0B587B01F4604460D461646002185
:10210000142201A80AF073F82946FAB2204604F016
:1021100027F9002301A92046CDE90156CDE9033373
:1021200003F07CFF07B0F0BD2DE9F84F0746884665
:1021300092469B46BDF82C9008269DF8305000240E
:10214000EA0959465046640004F00AF9FFF7CEFF49
:1021500001224146384604F003F9FFF7C7FF49461C
:102160000A986D0004F0EAF80022012808BF44F044
:10217000010441463846EDB204F0F2F8013EE4B203
:10218000DED12046BDE8F88F38B501224FF48071CA
:102190000E4804F0E5F802F049FD05464FF4807161
:1021A0000A4804F0CBF80128044603D1FFF79EFF4C
:1021B000204609E002F03AFD401B0428EED9044B0A
:1021C00001220020C3F8BC2038BD00BF0004025823
:1021D0001446002010B501224FF40071124804F09B
:1021E000BFF8FFF7D1FF044650B14FF400710E481D
:1021F00004F0A4F8012806D00C4B0222C3F8BC203E
:102200000024204610BD00224FF40071064804F05F
:10221000A7F8FFF76BFF00224FF48071024804F02B
:102220009FF8FFF763FFECE7000402581446002014
:1022300070B504460825E2094FF400711C4804F00B
:102240008FF8FFF753FFFFF79FFF10B900242046D8
:1022500070BD00224FF480711548640004F080F8CE
:10226000FFF744FF013DE4B2E5D101224FF40071D4
:102270000F4804F075F8FFF739FFFFF785FF0446B4
:102280000028E3D04FF40071094804F057F80646DF
:102290002A464FF48071064804F062F8FFF726FFE3
:1022A000012ED4D1034B0322C3F8BC20CEE700BFDC
:1022B000000402581446002010B500224FF480712B
:1022C000134804F04DF800224FF40071104804F058
:1022D00047F8FFF70BFFFFF757FF044601224FF4C3
:1022E00000710B4824B904F03BF80024204610BDCF
:1022F00004F036F8FFF7FAFE4FF40071044804F0DA
:102300001DF80128F2D0034B0222C3F8BC20ECE7F1
:102310000004025814460020F8B508260025074698
:102320000C4601224FF400711D4804F019F8FFF724
:10233000DDFEFFF729FF10B900242046F8BD6D002F
:102340004FF40071164803F0F9FF0022012808BF7E
:1023500045F001054FF48071114804F001F8FFF7D2
:10236000C5FE013EE3D1E2B24FF400710C4803F028
:10237000F7FFFFF7BBFEFFF707FF04460028DBD09F
:1023800032464FF48071064803F0EAFF01224FF411
:102390000071034803F0E4FFFFF7A8FE3D70CCE7AF
:1023A000000402580023F7B504460E4615468DF882
:1023B00005308DF806308DF80730FFF70BFF38B980
:1023C0000446FFF779FF64B90024204603B0F0BD4E
:1023D000EE20FFF72DFF0028F2D02046FFF728FF60
:1023E000EEE70028F0D00B2001F0CAFFFFF7F2FE65
:1023F00000BB0446FFF760FF002CE5D00028E3D0C7
:10240000FFF7E8FEF8B90027FFF756FF0446002F54
:10241000DAD00028D8D09DF806309DF805201B02A0
:1024200043EA02439DF807201343336002F0FEFBAA
:102430002860CAE7EE20FFF7FBFE0028D9D0002075
:10244000FFF7F6FED5E7EF20FFF7F2FE0028DAD01F
:1024500000210DF10500FFF75FFF0028D3D0002118
:102460000DF10600FFF758FF0028CCD001210DF137
:102470000700FFF751FF0746C6E70000014670223C
:10248000044808B509F034FFFFF7FCFDBDE808403B
:1024900001F07EBE1448002030B5D2B9B3F5806F8C
:1024A00017D10E4BDC68E20715D4BFF35F8F4A1ECD
:1024B000184601F2FF3110F8015B02F8015F8A4211
:1024C000F9D1BFF35F8FD868001B18BF012040000F
:1024D00030BD0120FCE70220FAE700BF0000002425
:1024E00008B502F097FBBDE8084000F05BBD7047FF
:1024F00008B50422044B41F000411A61C3F8BC1036
:10250000FFF7C0FD00BFFDE7144600202DE9F04FA6
:102510006D4CADF5237DD4F8D06002F047FA02F09F
:102520004BFBD4F8E03043F00203C4F8E030D4F8B9
:10253000E03003F002030993099BD4F8E03043F044
:102540000803C4F8E030D4F8E03003F008030A933D
:102550000A9BD4F8E03043F01003C4F8E030D4F81C
:10256000E03003F010030B930B9BFEF78FF9002371
:10257000012208215548FFF7BCFD002301228021DC
:102580005248FFF7B6FD0123802151481A46FFF754
:10259000B0FD012340214E481A46FFF7AAFD002353
:1025A000012208214A48FFF7A4FD0023012204214B
:1025B0004748FFF79EFD0023012220214448FFF7F2
:1025C00098FD002301224FF400614248FFF791FD7E
:1025D000002310213E481A46FFF78BFD00234FF4DD
:1025E00080513C481A46FFF784FD012304213748F7
:1025F0001A46FFF77EFD01234FF4005135481A4675
:10260000FFF777FD012311224FF480713048FFF767
:1026100070FD012311224FF400712D48FFF769FD71
:1026200000F048FC00232C4A194642F823100133DD
:10263000B3F5807FF9D1294C0823DFF8A49004F189
:102640002005C4E900934FF48063A36040F6FF7354
:10265000E36101232361234B03F14007186808332A
:1026600053F8041C2A46BB4203C21546F6D11E4B42
:10267000082126661B68144E63661C4B1548D3F868
:102680000028A266D3F80428E266D3F80838236746
:102690003369C4F8CC3003F051FEC4F8C800FFF72A
:1026A000F1FC134B1A68134B9A4203D1356915F0AC
:1026B000380521D0042323610623C4F8BC30FFF77A
:1026C000E1FC00BFFDE700BF0044025800100258C3
:1026D00000040258000C0258000000241446002098
:1026E0004442334DBACB00080010005C00E0F11FFB
:1026F000080000200090D00364204FF0010801F092
:102700003FFE0223C4F8C0802361C4F87480FFF741
:10271000B9FC4422294644A809F069FD4FF48033EE
:1027200042A8CDF80881439304F0E4F93368A36725
:10273000002840F03D82336813F4003F14BF0223A9
:102740000323BF4E4FF00108636701F00DFCFFF754
:1027500099FC0223C4F87C804FF01009C4F8C03003
:10276000FFF790FC0022802130464FF0000A03F072
:10277000F7FDFFF7BBFCF2233246082130460096F6
:10278000CDE901932023FFF7CFFC20233246082117
:1027900030460096CDE9019AFFF7C6FC8346FFF765
:1027A000A5FC42468021304603F0DAFDBBF1E90F7B
:1027B000C4F880B014BF03230223E367FFF762FC71
:1027C0004A46514684A809F012FD0323C4F88480C8
:1027D000C4F8C0307723C4F88830FFF753FCFFF704
:1027E000F9FC002840F0E6810646FFF765FD16B1CA
:1027F000002840F0E98103230426C4F88430FFF761
:1028000041FC0123C4F8C0604FF00009C4F8B430A3
:10281000FFF738FC00224021894803F0A1FDDFF8D2
:102820002482FFF763FC4FF480534FF09F0C314636
:10283000032642468248CDF80080CDE9013C4FF4A2
:102840000063FFF771FC4FF480537E4A04217C48FB
:10285000CDF80890CDE900834FF40063FFF764FCE6
:10286000013E40EA0525EED1FFF740FC0122402160
:10287000734803F075FD744BC4F8B8509D4214BF03
:1028800003250225C4F8B450FFF7FCFB0623C4F867
:102890004861C4F8506112ADC4F8C030FFF7F2FBD4
:1028A000304684A9FEF738F8782284A9674809F0F1
:1028B0001FFD0821634803F041FDC4F8C800FFF77D
:1028C000E1FB0723624EC4F8C0300123C4F8C031D5
:1028D000FFF7D8FB12A8FFF79FFB0FCD0FC60FCD58
:1028E0000FC60FCD0FC695E8070055AD86E8070067
:1028F000FFF7C8FB574B1868083353F8041C2A46E7
:10290000BB4203C21546F6D1534D65AB012695E88F
:10291000070083E807000823C4E98066C4F8C030D4
:10292000FFF7B0FB68AA55A9304601F0AFF9702255
:1029300068A905F5CC7009F0DBFCFFF7A3FBFEF7F7
:10294000DDFCFFF79FFB032323610523C4F8C030A0
:1029500002F06CF905F16C03C4F8C400079300267B
:1029600002F064F9D4F8D0307422002101330590CC
:1029700007980DF1300BC4F8D03009F038FC02F0A4
:1029800055F90123C4F8D40030A8C4F818310DF16A
:10299000340AC4F8DC3001F061FE309B03220DF1F3
:1029A00038090DF13C08C4F8DC3010AF319B21AD83
:1029B000C4F8E030329BC4F8E430339BC4F84031B3
:1029C000349BC4F83831359BC4F8E830369BC4F8E2
:1029D000EC30379BC4F8F030389BC4F8F430399BA6
:1029E000C4F8F8303A9BC4F8FC303B9BC4F8003183
:1029F0003C9BC4F804313D9BC4F808313E9BC4F8AD
:102A00000C313F9BC4F81031409BCBF80060C4F8F8
:102A10001431419BCAF80060C4F844310A23C9F854
:102A20000060C8F800603E601196C4E94623D4F8FF
:102A30008430022B6AD109492A46002310E000BFE6
:102A400000040258000C02581840EF005C470020B8
:102A5000D4470020BACB00087C4600209C460020CA
:102A6000013351F8040F082B22F8020BF8D1284645
:102A7000FDF7A3FF002849D02846FDF77BFFEB892F
:102A800003F00F03984241D1D4F8BC304A4659466E
:102A9000482006930023C4F8BC30FFF783FC88B1BC
:102AA000D4F83C3142465146582043F00103C4F863
:102AB0003C31FFF777FC28B1D4F83C3143F00203F6
:102AC000C4F83C31D9F80030DBF80010C4F83031DC
:102AD000D8F80030DAF80020C4F83431D4F8BC302B
:102AE000C4F82011C4F81C31069BC4F82421C4F892
:102AF000BC3058B139B132B16FF07F43994202D046
:102B00009A4240F0D3800B23C4F81C312846724F00
:102B1000FFF78CFA0FCD0FC70FCD0FC70FCD0FC723
:102B200095E8070087E8070002F080F8A36908210C
:102B3000C4F8D80001336948A36103F0FFFBC4F86F
:102B4000C80002F073F8E6606061C4F8FC61FEF74B
:102B5000B3FCFFF771FA02F069F84FF47F7160611E
:102B6000A7F5F870FDF7EEFE68AAD4F8D010C4F807
:102B7000FC03A7F5F87001F0B1F8702268A907F11D
:102B8000100009F0B5FBFFF77DFA8021544803F0EF
:102B900001FC02F04BF8059BC31AB3F57A7FBFF432
:102BA000DFAE059B03F57A73181A01F0E9FBD6E650
:102BB0000323C6E5EE20FFF73BFB00283FF414AEED
:102BC0001E20FFF735FB0FE60DF5047ADFF81491B0
:102BD000A0260DF5AA784FF0000B052001F0D0FBE0
:102BE00088F800B08DF8A0B1FFF7F4FA002842D1C0
:102BF0000590FFF761FB059B002B3FF4FCAD00281F
:102C00003FF4F9ADFFF7E6FA00283DD10590FFF754
:102C100053FB059B002B3FF4EEAD00283FF4EBADDA
:102C2000023698F800209DF8A031F6B243EA02235C
:102C3000B02E2AF8023B49F8043FD1D184A8FDF711
:102C400099FEBDF81E32C4F8AC0084A803F00F034F
:102C5000C4F8B030FDF7B1FE18B1D4E92B239A4285
:102C600022D084A8FDF7A9FE00280CBF0523042369
:102C7000C4F8BC30BFE5EE20FFF7DAFA0028B7D081
:102C80003046FFF7D5FAB3E7EF20FFF7D1FA002877
:102C9000BCD000214046FFF73FFB0028B6D0012101
:102CA00068A8FFF739FBB1E70223A5E50DF1440859
:102CB0003B4621A8CDF80080FDF7E8FE3B68C4F84C
:102CC0002831119BC4F82C3108B90C231CE70223CE
:102CD000C4F818311AE700BFD4470020000C02588E
:102CE000001002589C460020F0B5C46887690C1B90
:102CF000BC4288BF8461052C88BF0468DDE90556A5
:102D000084BF44F01004046004685EB344F002041D
:102D10000DB144F0040413F0530604600AD044F0EB
:102D20000805056045696F1C15BF013544F048046E
:102D300045610460D44303F0510304F053041C4381
:102D4000130403F4A6031C4383682343836026B95A
:102D50004368534013F0530F00D0016192B2C16039
:102D60004260F0BD24F0020444F02004D0E730B407
:102D7000C56915B130BCFFF7B7BF30BC7047F7B5B8
:102D8000164604460D461822002108301F4609F059
:102D90002EFAB3B201222946204663600023E26185
:102DA00022603246C4E9035501970093FFF79CFF68
:102DB00003B0F0BD264BD3F8E00010F0080010B5CA
:102DC00042D0D3F8F40010F002003DD0A3F56053D8
:102DD00043F20F321868104037D1DB68134033D10B
:102DE0001C498A68D2B2332A2FD1CA6840F2033113
:102DF00022F0F0021205120D8A4226D14FF0B042A5
:102E0000D2F8801001F0530153291ED1516801F00E
:102E10005301532919D1126802F05302022A14D126
:102E20000D490E4CB1F90020002A0EDB500902F0CA
:102E30001F0254F82000D04010F0010004D00133EC
:102E40000231042BEED1012010BD0020FCE700BFB1
:102E50000044025800040058F0CD000800E100E0F2
:102E6000F7B5EFF3108572B64FF0B043D3F8884052
:102E70000440C3F888400C4B1B6883B17CB101F05F
:102E8000D5FE0A4B06461F69FFF794FF0023019009
:102E90003A463146009323460548FFF768FF85F31D
:102EA000108803B0F0BD00BF144A0020000C025887
:102EB000184A00202DE9F04188B0EFF3108772B670
:102EC0002D4B00242D4D03A92D482C60D3F8E02074
:102ED000DFF8B08042F00802C3F8E020D3F8E02029
:102EE00002F008020192019AD3F8F42042F00202A3
:102EF000C3F8F4205122D3F8F430079403F002030E
:102F00000293029B4FF40413CDE90544CDE903235A
:102F100003F084F84FF4441302211948CDE9031358
:102F200003A903F07BF84FF0B0435322C3F8882085
:102F300038F9026B00220E210134304602F0F0FF16
:102F4000304603F055F8304603F02AF8042CEFD150
:102F500001F06CFE0A4B04461E69FFF72BFF214669
:102F6000034632460848FFF70AFF01232B6087F328
:102F7000108808B0BDE8F08100440258144A0020CF
:102F8000000C0258F0CD0008184A00200120FFF77D
:102F900067BF0220FFF764BF1020FFF761BF40202A
:102FA000FFF75EBF0D4B1B6873B5A3B1EFF3108441
:102FB00072B601F03BFE0A4B05461E69FFF7FAFEAA
:102FC0000123019032462946009300230548FFF76C
:102FD000CEFE84F3108802B070BD00BF144A0020FA
:102FE000000C0258184A002070B5EFF3108672B634
:102FF000054D04460FCD0FC495E8070084E807008F
:1030000086F3108870BD00BF184A00200B0A0170BB
:1030100043700B0C090E8370C170704700687047D5
:103020000144884201D10120704710F8013BFF2B79
:10303000F7D000207047F0B589B004460025164649
:1030400007A80795049011980390109802900F9884
:1030500001900E98009027692068B84778B1079BC7
:1030600046EAE6762846E3620223A6666362A36A1E
:1030700043F00403A3620323236209B0F0BD0120DF
:10308000FBE770B586B0002401264FF0FF3205AB98
:1030900005210396054602932346CDE90044FFF738
:1030A000CAFF30B30DF115034FF0FF32352128462A
:1030B00003960094CDE901432346FFF7BCFFC0B15E
:1030C0000DF116034FF0FF321521284603960094A8
:1030D000CDE901432346FFF7AEFF50B19DF816300E
:1030E0009DF815201B0443EA02239DF81420134386
:1030F000AB6306B070BD0000C369012B10B5044678
:1031000004D1D0F88C300BB1036F5BB10E23636236
:10311000A36A43F48043A3624FF0FF33A366032303
:10312000236201E0436A0BB1002010BDFFF7A9FF45
:103130000028F9D0A36B48F20302134205D00523FF
:103140006362A36A43F02003E5E7084A134205D00F
:1031500006236362A36A43F04003DCE79905E4D4E5
:1031600007236362A36A43F08003D4E71C40040092
:1031700030B5044685B01D4662B1013BB3F5805FB2
:1031800008D2B1F1807F05D8C1F18073AB4201D381
:10319000036F5BB108230020A1666362A36A43F456
:1031A0008073A3620323236205B030BDCDE90225FD
:1031B000CDE900330A460321FFF73DFFF4E70000A5
:1031C0002DE9F04F0446C9B00D4617462AB111F05B
:1031D000FF0802D1654B99420ED908236362A36AA6
:1031E00043F48073A3620323A56623624FF00008B3
:1031F000404649B0BDE8F08FFFF77EFF0028F5D0CC
:1032000008AE4FF48073294620463246FFF7B0FFE0
:103210000028EBD04FF480713046FFF701FF28B94A
:1032200009236362A36A43F40073DBE743464FF06C
:10323000FF3206212046CDE90288CDE90088FFF75C
:10324000FAFE0028D2D02046FFF71BFF0028CDD081
:10325000A16B01F00301022905D00A236362A36A6E
:1032600043F48063BEE74FF480732A462046CDE9DD
:103270000283CDE900874346FFF7DDFE0028B5D085
:103280004FF00C080DF11F094FF0000AD4E90003BC
:10329000984705904FF0010B89F800A000234FF0EC
:1032A000FF3205212046CDE9029BCDE900AAFFF7B8
:1032B000C2FE00289AD099F80030DA070DD5D4E97B
:1032C00000039847059BC01A092806D8A3685946E9
:1032D00020689847B8F10108DCD12046FFF7D1FEFD
:1032E000002883D0A36B48F20102134205D00B23C0
:1032F0006362A36A43F4006374E79B07ADD44FF4A1
:103300008073324629462046FFF732FF00283FF4FB
:103310006DAF4FF480723146384608F03FFF28B158
:103320000C236362A36A43F480535BE701234FF4E9
:10333000807901902A4600936B2108232046CDE92D
:103340000269FFF778FE804600283FF44FAF4A46F7
:103350003146384608F022FF0028E1D1636F01337F
:103360006367D4E900039847E06641E700FFFF0088
:103370002DE9F84FDDE90C658B469246FF214FF4AD
:10338000807204469946DDE90A8708F030FFDC2D9B
:1033900039D806B9BDBB1D492046FFF737FE0121CC
:1033A000201DFFF733FE594604F10800FFF72EFEFB
:1033B000514604F10C00FFF729FE494604F11000C4
:1033C000FFF724FE414604F11400FFF71FFE3946C3
:1033D00004F11800FFF71AFE294604F11C00FFF75C
:1033E00015FE2DB12A46314604F1200008F080FF79
:1033F000FC212046FDF7A6FA014604F1FC00BDE8D9
:10340000F84FFFF703BEBDE8F88F00BF4D334C47C0
:10341000F8B53B4B0546FFF701FE984242D1281D07
:10342000FFF7FCFD01283DD105F10C00FFF7F6FD8B
:103430008842044636D105F11C073846FFF7EEFDF9
:10344000DC282FD805F1FC00FC21FFF7E7FD06463C
:103450002846FDF777FA864224D105F11000FFF7E0
:10346000DDFDB0F5805F1DD2B0EB143F1AD805F139
:103470000800FFF7D3FD034605F11800FFF7CEFD66
:1034800006463846FFF7CAFD012B01460CD1C4F3AE
:103490000B04344306D1542804D105F11400FFF77E
:1034A000BDFD20B30020F8BD9A1E012AFAD8022BD8
:1034B000C4F3032407BF0322482305229023002CD2
:1034C000F0D0013CB4FBF2F002FB1044B442E9D16D
:1034D000032A0CBF02220422B24218BFDC238B4213
:1034E000E0D105F11400FFF799FD0028DAD001F1D1
:1034F0002000C1F1DC012844BDE8F840FFF790BD91
:103500004D334C472DE9F04F0D46044691460021BE
:103510002F4641F2E8028BB098464FF0010B08F0BD
:1035200066FE2646D9450FCF0FC697E807004FF035
:10353000FF3786E80700C4F81C90C4F820B0A766DF
:1035400007D90F224FF40043C4E909230323236260
:1035500052E04C22414604F1940008F0C9FE0023D9
:1035600007AA04F1300107932868EB68984748B12F
:10357000079BC4F824B0E362A36A43F00203A3628A
:10358000A766E3E728680621AB6898472046FFF75F
:1035900078FD88B348F20106A36B1E4005D00523D1
:1035A0006362A36A43F02003E9E74FF0030A0DF1D9
:1035B000200833463A469F212046CDF80CA00096BD
:1035C000CDE90168FFF737FDB0B19DF821309DF8D6
:1035D00020201B0243EA02439DF822201343634A42
:1035E000934263630BD0A36AC4F824A043F008039A
:1035F000A362A766C4F820A00BB0BDE8F08F082333
:1036000032465A212046CDE90283CDE90066FFF714
:1036100012FD0028F0D004225549404608F0BEFDB6
:10362000034628B104236362A36A43F01003DFE773
:1036300008224B21CDE90282CDE900003A4620461E
:10364000FFF7F9FC0028D7D0434603CBC4F8E000CD
:103650004046C4F8E410FFF7E1FCE06309A8FFF777
:10366000DDFCB9F1010F2064C4F88CB03DD0002618
:1036700004F1E803B24604934FF48053049A3146B0
:103680002046FFF775FD0028B6D04FF4805104980E
:103690000AF10107FFF7C4FC00B9A764DDF810B018
:1036A0004FF0000805964FF480715846FFF7B8FCBC
:1036B00008B3A16F0131A167059B08F101080BF563
:1036C000807B03F58073B8F1100F0593EBD1AB69E4
:1036D000676403B31AF01F0F1DD104F11C012868A1
:1036E000984706F58056BA46C6E72046FFF704FD20
:1036F0000028BCD180E705995846FFF789FE18B924
:10370000216D01312165D7E7B8F1000FD4D1E16C0B
:103710000131E164D0E7B7F5805FE2D1A36CC4E981
:103720001533B9F1000F14D16B6907A928689847C0
:1037300058B1079BE36202236362A36A43F0040368
:10374000A3624FF0FF33A36600E701232367022340
:10375000FDE6B3F5805FFAD10D236362A36A43F4FB
:103760000053A3624FF08073EDE700BF1840EF00F5
:10377000FBCB00082DE9FF47D0F81C9004468A4691
:103780001746B9F1010F40F09280036A022B03D073
:10379000636E013363668AE012B1036E93420BD30A
:1037A0000F236362A36A43F40043A3624FF0FF3325
:1037B000A36603232362EBE7D0F89060002E3ED18E
:1037C000456DB5F5805F08D30D234362836A43F4EA
:1037D000005383624FF08073EAE72D034FF4805368
:1037E00000F1E8022946FFF7C3FC0028D0D04FF4CF
:1037F000805104F1E800FFF713FC38B90923A566EE
:103800006362A36A43F40073A362D2E754232A4697
:10381000494604F1E800039304F194030096CDE9CE
:103820000163A36DFFF7A4FD04F1E80229462046D9
:10383000FFF7C6FC0028ABD0C4F89090E6670026DE
:103840004FF0DC09E56F042E636D4FF0030105EBCB
:10385000850504F1E800009705EB03150CBF9023E4
:10386000DC2301350393354409FB06A32A02CDE985
:103870000163A36DFFF77CFD04F1E80229022046F5
:10388000FFF79EFC002883D00136052EDAD1E36DC8
:103890000133C4E91737E36F0133032BE36706D124
:1038A000636D013363650023C4F89030E36704B0AF
:1038B000BDE8F087014B01200B6070470400004019
:1038C0000846FEF7DBBD00002DE9F04F9DB09A469B
:1038D00000230D462A9F1446DDE92889DDE926B636
:1038E0003B60B8F1000F4CD056BB01F0EF03052B45
:1038F00001D0352908D1611C22D15BEA0A031FD10E
:10390000B9F1010F1CD147E09F2907D1621C17D1E3
:103910005BEA0A0314D1B9F1030FF3E74B2907D18E
:10392000531C0DD15BEA0A030AD1B9F1080FE9E78C
:103930005A290BD152EA0B0302D1BAF1080FF4D085
:103940005C4B3B6001201DB0BDE8F08F032901D026
:103950006B29F5D1002CF3DB09F1FF33B3F5805F60
:10396000EED2C9F18073A342EAD3EB1E18BF012344
:10397000BAEBC30FE4D1A5F16B00434243415B4571
:10398000C0E706296ED1511CDAD14BEA0A0353EA8B
:103990000903D5D1002ED3D13022002110A808F080
:1039A00026FC4B2D6FEA040224EAE47414BF0023C2
:1039B0004FF480434FEAD2720CBF4FF440301846A8
:1039C0009202B9F1000F61D0BBF1000F0CBF4FF0B4
:1039D00080714FF04071CDF84CA0CDF86090CDE9EA
:1039E0000E544FF400540EADCDE911404FF48070E9
:1039F0006C46CDE91402CDE916310FCD0FC40FCDC1
:103A00000FC40FCD0FC495E80300142284E803000F
:103A10006946294802F096FE044620B9B8F1000F25
:103A200036D1002E3DD1244803F014F840EA04605A
:103A300038600CB900283AD0142200210EA808F0F2
:103A4000D6FB012240211D4802F08AFC40220123BE
:103A50000EA91A48CDE90E230023CDE9103302F058
:103A6000DDFA6FE702297FF46BAF002E3FF468AFF9
:103A7000134A4BEA0A03224013437FF461AF114B10
:103A80009C423FF65DAFB9F5807F3BE74946A2E730
:103A900014224146084802F07BFF0028C1D00446AA
:103AA000C1E714223146044802F014FFF7E720462C
:103AB00049E700BF03000040245B002000040258D7
:103AC000FF00008000FFFF002DE9F043614C00255E
:103AD000BBB016460D60884615601422D4F8E0305D
:103AE00029460DEB0200402743F00203C4F8E03002
:103AF000D4F8E03003F002030193019BD4F8E030E6
:103B000043F00803C4F8E030D4F8E03003F00803D1
:103B10000293029BD4F8E03043F01003C4F8E03085
:103B2000D4F8E03003F010030393039B08F05FFB2D
:103B300001224021484802F013FC012305A9464810
:103B4000CDE90573CDE9075502F068FA39464248D8
:103B500002F0F4FB0128814602D0404B336012E0B2
:103B60002946B8220CA808F042FB4FF0024200237D
:103B70000AA8CDE90A2330231D9303F0A3FD0546CF
:103B800028B10506356001203BB0BDE8F0834FF059
:103B90000070002104F09AFD314B984201D0314B66
:103BA000DCE7D4F8D43029463A462F4843F4804322
:103BB0000425C4F8D430D4F8D43003F480430493FB
:103BC000049BE36F43F48043E367E36F23F4804394
:103BD000E36708F00CFB244A244B1721A2F10C00E8
:103BE00042F80C3C072342E902354FF44073C2E926
:103BF000011302F001FD044630B11D4802F02AFF16
:103C000040EA04603060BEE71421194802F070FFFA
:103C1000022305A9104806930923CDF820900993A3
:103C2000059502F0FBF905A9124802F0F7F94FF4E7
:103C3000605305A91048059302F0F0F90A230648DD
:103C400005A90597099302F0E9F90C4B2046C8F83D
:103C5000003099E700440258000402580100004077
:103C60000090D00302000040305B00200050005262
:103C7000245B002000100258000C025800127A0049
:103C8000084600F07DBB00F0D1BF0000F0B50F4D3D
:103C900089B08C460746164601AC0FCD0FC495E897
:103CA0000700012384E80700094C3A4601A90948A6
:103CB00023606346FFF726FC70220749304608F070
:103CC00017FB0023236009B0F0BD00BFF8CD00084A
:103CD000384A00203C4A0020584A002038B50123C9
:103CE0001546074C0A46014606482360FFF742FD89
:103CF00070220549284608F0FBFA0023236038BDEE
:103D0000384A00203C4A0020584A00202DE9F84F4C
:103D100007468A46904689B3531EB3F5806F2DD26D
:103D2000B0F1807F2AD8C0F18073934226D3234E0E
:103D3000D6F80090B9F1000F3ED1214C0120D4F803
:103D400020B0BBF1020F1AD1D4F88C30BBB1256F73
:103D50003060BDB11B4802F07FFE90B1A36A1948E4
:103D600043F00403C4F824B0A3620323236202F0E7
:103D700071FEC4F87090E062C6F800900220BDE8C1
:103D8000F88F20674346524639460D48FFF7F0F951
:103D900008B93060F2E765B102236362A36A43F0B9
:103DA0000403A36203232362074BE362002333600F
:103DB000E4E728463560E2E70120E0E7384A0020E2
:103DC0003C4A0020245B002004000040004870476B
:103DD0005FCE00080028024818BF0020704700BFCF
:103DE00014CE000870B52A4D8AB0064605AC0FCD3A
:103DF0000FC42B68236066B9264B40F209425A80F3
:103E00000123013323485B0043F4407303800AB06D
:103E100070BD032E27D1204B6A4603F110051868A8
:103E2000083353F8041C1446AB4203C42246F6D1AF
:103E30001B781849194A1A48237013780AAC04EB06
:103E4000131313F8283C4B8012F8013B03F00F03C7
:103E5000824203F128036B4413F8283C21F8043F05
:103E6000EBD11823CDE7042E0FD80AAB094903EB99
:103E70008606002356F8140CC25C002AC1D0272BFA
:103E8000BFD0013321F8022FF6E70020BFE700BFC3
:103E900074CE0008705B002000CC000800E8F11F21
:103EA0000CE8F11F10461A4608B5FFF72FFF18B1AE
:103EB000012814BF0320022008BD00000B4A0C4B50
:103EC00011681964916A5964116C9964526DDA64CD
:103ED000084A12691A65084A12682AB1074A926BA1
:103EE0005A65074A52689A65704700BF00440258F5
:103EF0003C600020000C0258D45B00200000084009
:103F00000008084008B5FFF7D9FF044B06225860A7
:103F10001A6000229A60024B1A6008BD3C600020C3
:103F2000D45B00200121002005F058BD08B50C4BE2
:103F30000C49D3F850248A62D3F85424CA62D3F8C7
:103F400058240A63D3F85C24D3F860344A638B6343
:103F5000FFF7B4FF6022034908F0CAF908BD00BFAB
:103F6000D85B00203C6000202DE9F04F5C4B002521
:103F7000B9B05C4E1D604FF001085B4B5C225B4F9B
:103F800029461D6030465A4B5A4C1D603D6008F072
:103F90002EF9594B2946594A594846F8048C00F0E5
:103FA0000BFAD4F8E0301022294643EA08030DEB5F
:103FB0000200C4F8E030D4F8E03003EA08030093CC
:103FC000009BD4F8E03043F00803C4F8E030D4F8A4
:103FD000E03003F008030193019B08F008F94FF467
:103FE0000043484803A9039302F018F82368980394
:103FF00005D44046FFF786FF39B0BDE8F08F216851
:1040000011F0A85101D00220F4E7A36AB8220AA84F
:10401000022523F003034FF4802A4FF0000B43F0F6
:104020000203A36208F0E3F84FF40013192108A873
:104030002A93C0231695CDE912130423CDE9145316
:104040004FF40073CDE908AB189303F03BFB8146B6
:1040500008B10320CEE75046594604F037FB2A4BFF
:10406000B060984204D1294B1A68294B9A4201D07A
:104070000420BFE74FF4C05303A92648CDE9033518
:104080000A23CDE90595079301F0C8FF02F0CEF9A8
:10409000D4F8D8304A46062143F000636520C4F8BE
:1040A000D830D4F8D83003F000630293029BD4F8E0
:1040B000803043F00063C4F88030D4F8803023F0BF
:1040C0000063C4F8803001F02BFFC7F80080C6F809
:1040D000048046F8045C00F0A9FD0F4B18608BE7E4
:1040E000C05B002040600020CC5B0020D45B00203F
:1040F000D05B002000440258A53E00089924000827
:10410000D85B0020000C0258006CDC020800002084
:104110000090D00300000258C85B0020034B9A694E
:1041200001329A6104221A60704700BF3C6000208F
:10413000024B032202481A6000F04CB93C60002098
:10414000D85B0020034BDA690132DA6105221A607C
:10415000704700BF3C60002008B505F0E1FF024B4E
:104160000330186008BD00BF3C60002010B50C464D
:1041700058B951B9054800F02DF9204606F050FE17
:104180002046BDE8104006F06BBE10BDD85B002095
:104190002DE9F347FDF790F96E4B1B68002B00F0FB
:1041A000A8806D4D2C68002C40F0A38001236B4F3C
:1041B0002B6000F03BFD6A4A064613681060694AAE
:1041C0001168694A8A430ED03B682BB105F0B8FFED
:1041D000204606F031F83C60644800F0FBF8062009
:1041E000FFF790FE83E0624CC31A4FF40041614830
:1041F000E26B934288BFE36302F0A0F80128814696
:10420000D7F800805DD14FF0030AC4F808A0B8F1D8
:10421000000F71D00021084606F0BEFA05F080FFBD
:10422000A36843EA80030020A36006F0C7FDA368EB
:10423000314643EAC0034D48A36000F0D3F805F0CF
:104240006FFF002853D005F073FF00284FD106F010
:10425000B5FD00284BD04FF04008DFF81091D9F899
:104260004474B7B9384606F0BDFD90B1012201A9EA
:10427000384606F0CDFD01280BD1236A32469DF861
:10428000041048460133236200F0BEF8B8F101087B
:10429000E5D1002601A93548019600F081F9019A7F
:1042A000014622B3304606F0CBFD074601462F48B3
:1042B00000F082F9636A30463B44636206F0C8FD51
:1042C00015E001230026A3602B4B1E60B8F1000F00
:1042D0000BD005F035FF304605F0AEFF636923488B
:1042E00001333E60636100F075F802232360002310
:1042F0002B6002B0BDE8F0871F4A204B116811B94E
:1043000010601E60F3E71B68F31A132BEFD9ADF8AA
:10431000000001AA64214046CDF8048005F022FF88
:1043200048B905F017FF20B105F00AFF002005F09D
:1043300083FF052054E76946404605F01FFB00282F
:10434000EFD02369C7F800900133C4F800A02361BF
:1043500060E700BFD45B0020CC5B0020D05B002076
:10436000C85B00200044025800000220D85B0020F7
:104370003C600020000C0258C05B0020C45B0020A1
:1043800038B5044600F052FC0546631C00D00134E9
:1043900000F04CFC401BA04200D338BDFFF7F8FEF4
:1043A00000BFF5E7006870470B0A017043700B0C03
:1043B000090E8370C1707047F8B504460F46164663
:1043C0001D4640F26442002107F011FFA560C4E9D8
:1043D0000076F8BD0023C0F84834C0F84434C0F873
:1043E00040347047D0F840346BB1D0F84C34C91A1F
:1043F000B1F5FA7F07D90023C0F84034D0F858341B
:104400000133C0F8583470472DE9F843D0F84434EC
:1044100004460D46002B40F0BD801146FFF7E2FF39
:10442000D0F84034C0F84C245A1C0344172AC0F872
:1044300040241D7316D9042257490C3007F0AEFEF4
:1044400098B1D4F85434172204F10D0104F10C0092
:104450000133C4F8543407F0B1FED4F84034013BC2
:10446000C4F840340120BDE8F88304F12000142191
:10447000FFF798FF064604F10C00FCF763FA86424A
:10448000DFD104F11400228AFFF78CFF804604F18B
:104490001800678AFFF786FF064604F11C00FFF745
:1044A00081FFD4F85034012A054603F10103C4F812
:1044B0005C84C4F8503407D0D4F85434012001335C
:1044C000C4F8543400251EE0012F4FD1002EF3D143
:1044D000B0F5806FF0D1D4F80490B9F1000FEBD0B3
:1044E0002B46324604F13C012068C847032803D814
:1044F0000128E1D0032849D1D4F8603400250320F5
:104500000133C4F86034254B4FF00009414684F86C
:104510002A001B6804F12C0084F82B9004F124027B
:10452000636201232385FFF73FFF314604F130002A
:10453000FFF73AFF294604F13400FFF735FF39460B
:1045400004F13800FFF730FF05F1180110461C3563
:104550005618FCF7F7F901463046FFF725FFC4F877
:104560004094C4F84894C4F844547BE7022FA3D184
:10457000431EB3F5806F9FD2B6F1807F9CD8C6F101
:104580008073834298D3D4F80890A6E70028BAD065
:10459000022097E7002066E754CC000859CC0008B9
:1045A000D0F84824D0F844349B1A00F124020B6060
:1045B000D0F8480410447047D0F84424D0F8483468
:1045C00010B5D41A8C420CD30B449A42C0F848342C
:1045D00001D0012010BD0023C0F84434C0F8483495
:1045E000F7E70020F6E7000070B5002388B0062545
:1045F00004240E4601900DEB04011748CDE9063363
:104600000723CDE9025340F2FF73CDE9043400F0F3
:1046100005FCE8B90120FFF7B3FE0F4801F0AEF842
:10462000C0B914210C4800F041FB28B10A4801F040
:1046300063F9284608B070BD074800F0D3FB30602E
:10464000054801F059F9002814BF07200020F1E7C0
:104650002046EFE70520EDE7A86000202DE9F043B4
:10466000442204468DB000210430DFF82C8207F08C
:10467000BEFD8A4B03228A4FB3F86030226063612B
:10468000884B1E68002E40F09780874D4FF001093F
:1046900007A98648C3F80090D5F8E03043F004033A
:1046A000C5F8E030D5F8E03003F004030493049B30
:1046B000D5F8F43043F00203C5F8F430D5F8F430FF
:1046C0000B9603F002030593059B0C23CDE90966C5
:1046D000CDE9073201F0A2FC4FF08061084600F0FE
:1046E000B1FA4FF00061084600F0ACFA704B5B681D
:1046F00003F04063B3F1406F40F08580EB6C4FF402
:104700000020002123F04053EB64AB6D23F44033D1
:1047100043F40033AB6503F0D9FF664B984274D184
:10472000D5F8E030384643F08073C5F8E030D5F86E
:10473000E030C8F8009003F080730693069BD5F82C
:10474000883043F08073C5F88830D5F8883023F07E
:104750008073C5F888304FF4E01305F5E055FE602E
:10476000C7F818903D60C7E901360423C7E90896E9
:104770003B61C7E90A66C7E90C6601F08FF90028BA
:1047800045D1AA684C4B134043F0004343F48033B7
:10479000AB6000F04BFA8146AB68002B07DA00F003
:1047A00045FAA0EB0900C728F6D9032602E001204C
:1047B000FFF7E6FD414B1E60404B1B68E360636002
:1047C0004BB9636942F21072A3F59C43203B9342BC
:1047D00038D90823636000F029FABB6D2063A36019
:1047E000334B5B686363D8F800304BB1344B9B6844
:1047F000A363344BDA69E263DA6822649B6863641A
:104800000DB0BDE8F0830A26D4E74E46D2E7022673
:10481000D0E70923DEE704F12C03029304F1280317
:10482000019304F124030093D4E90723D4E905019B
:10483000FCF7DBF80028ECD06368002BCBD1022317
:104840002360C8E704F118011F48FFF7CDFE606040
:104850000028C0D1236904F11C01012043F00103A9
:104860002361FFF7C1FE60600028B4D1236904F121
:104870002001164843F002032361FFF7B5FE606094
:104880000028A8D1236943F004032361BB6D002BEA
:10489000C1D00B239EE700BF9C60002000E8F11F01
:1048A000A8600020A46000200044025800080258BC
:1048B000000400580090D003C0FFFE3FA06000201D
:1048C00000630258006002580000B8CF02003004B4
:1048D0002C4A136803F00F03062B05D8136823F046
:1048E0000F0343F007031360274B1A6842F00102DD
:1048F0001A6000221A61254A19680A4021491A6083
:104900000A68100705D50A6822F00F0242F0070274
:104910000A6000221E499A61DA611A6299621D4991
:10492000D9621D4919635A639963DA6319645A6439
:10493000196821F4802119601A66184B1B686FF3FF
:104940000F03B3F1005F03D2154B0122C3F8082116
:104950000D4BD3F8D420D2040FD4D3F8D42043F293
:10496000D20142F48052C3F8D4200E4A1160D3F829
:10497000D42022F48052C3F8D4200B4B4FF00062B5
:104980009A60704700200052004402587FEDF6EA1A
:10499000000202020000FF01800201010010005C21
:1049A000008000510040005200ED00E02DE9F04190
:1049B000494C236903F03803102B00F08B8016D884
:1049C000BBB146484449464A8B69C3F30323D35CD1
:1049D000D8408B6903F00F03D35C424A03F01F03F6
:1049E00020FA03F31360404B1860BDE8F081182BE8
:1049F00005D023683D48C3F3C103D840E2E7A56A68
:104A0000A36AD4F82C8013F47C7FC3F30510666B83
:104A1000D8D007F039FDC6F3CC06074608F00100F0
:104A200005F00305704307F02FFD4FF0645107F0C8
:104A300083FD012D06462BD0022D3BD023682B4849
:104A4000C3F3C103256BD84007F01EFD394607F0BC
:104A500027FE0446C5F3080007F016FD314607F0AF
:104A600063FC4FF07E5107F05FFC0146204607F0E3
:104A700063FD194B0446186BC0F34620013007F064
:104A800003FD0146204607F00BFE07F0A5FE99E75F
:104A9000206BC0F3080007F0F7FC314607F044FC38
:104AA0004FF07E5107F040FC39460446104807F0AD
:104AB000F7FDDAE7206BC0F3080007F0E5FC3146AC
:104AC00007F032FC4FF07E5107F02EFC39460446C9
:104AD0000848ECE7084875E70044025800093D0023
:104AE00088CE000804000020080000200090D003B9
:104AF0000024744A20BCBE4B40787D01044BDA6828
:104B000042F00202DA605A689204FCD5704700BF96
:104B100000480258DFF838D0FFF7F0FFFFF7D8FE63
:104B20000C480D490D4A002302E0D458C450043308
:104B3000C4188C42F9D30A4A0A4C002301E01360DE
:104B40000432A242FBD307F05BFBFDF7DFFCFEE77C
:104B50000000022000000020340000201CCF0008CC
:104B600034000020E4670020FEE7704738B50F4BA3
:104B700005461A780AB9012038BD4FF47A73B3FBA1
:104B8000F2F30B4A1068B0FBF3F001F01DFA044693
:104B90000028F0D10F2DEED8024629464FF0FF3005
:104BA00001F0BEF9034B20461D60E5E70C00002034
:104BB000080000201000002010B5032001F092F939
:104BC00002F00EFB0F49104A8B69C3F30323D35C39
:104BD00003F01F03D8408B6903F00F03D35C0B4A2B
:104BE00003F01F0320FA03F31360094B18600F2032
:104BF000FFF7BCFF044618B9FFF7B7FF204610BD0A
:104C00000124FBE70044025888CE0008040000207D
:104C100008000020034A044B11681B780B44136002
:104C2000704700BF0C6100200C000020014B186889
:104C3000704700BF0C610020014B1868000C7047E2
:104C40000010005C10F0706F38B504460D4604D1BA
:104C500040F27A210448FDF74BFC044B596821EAE5
:104C600004012943596038BD5ECC00080004005897
:104C7000084B1B6803F04053B3F1805F03D1C06859
:104C800000F01C007047C36803F01C031C2BF6D116
:104C9000102070470010005C806800F00100704731
:104CA0008068C0F380007047704700002DE9F04134
:104CB00003680F46454904468B4229D0444D454A76
:104CC0004548AB4218BF024696688B4206F01F0665
:104CD0000AD03F4A934207D0404A934204D040F260
:104CE0002D613F48FDF704FC2569082D23D040F2D3
:104CF00021232268F340D9070CD5D36813F0010FA4
:104D000018D0636D012043F020036365BDE8F08196
:104D1000304AD9E72D4B9A420AD02D4803F540730B
:104D20002D49824218BF0B469B6813F4404FE7E7BA
:104D3000284BF9E70425FFF779FF804623681A68B6
:104D40002A4225D0626D42F400726265DA6812F47C
:104D5000406F0FD1627D6AB91A6817070AD5626D74
:104D600022F480726265626DD00403D4626D42F0F9
:104D700001026265164A934204D140F22122F240B8
:104D8000D1071BD5DA68082D1BD11D600020BDE7B7
:104D90007A1CD4D0FFF74AFFA0EB0800B84201D834
:104DA000002FCBD123681B682B40C7D1626D032035
:104DB00084F8503042F004026265A7E7034AD268E3
:104DC000E1E75204E2D40C221A60DFE7002002403F
:104DD0000021024000230240006302580060025894
:104DE0007FCC000803680A4A934210B504460BD0F2
:104DF00002F58072934207D0064A934204D040F6EF
:104E00002B110548FDF774FB2368186C10BD00BF1B
:104E100000200240006002587FCC00080023F7B554
:104E2000134A054601930C46036893420BD002F5E2
:104E30008072934207D00F4A934204D040F60D315E
:104E40000D48FDF755FB6368B3F58C7F18D8FF2B31
:104E500008D89A1F122A08D940F60E310648FDF7E5
:104E600047FB1BE0A3F5807313E0044A12E000BF88
:104E700000200240006002587FCC0008401004016E
:104E8000B3F5067F00F24681B3F5007FE4D3A3F5C6
:104E90000073AB4A22FA03F3DB07DDD5A368072BC7
:104EA00004D940F60F31A748FDF722FBE36840F232
:104EB000FF72934207D0A44A934204D04FF4316169
:104EC000A048FDF715FB2369042B04D940F61131E6
:104ED0009C48FDF70DFB95F838306269012B286876
:104EE00040F02281EB6B0133B2FBF3F2FFF7C0FE1F
:104EF0004FF6FF734008C3409A4204D940F615317B
:104F00009048FDF7F5FA2A68904B9A420BD1236935
:104F1000042B08D095F83830012B04D140F62A3103
:104F20008848FDF7E5FAE268874B9A4200F02E8147
:104F30002368012B4CD0864A934249D0854A93423C
:104F400046D0854A934243D0844A934240D002F1EE
:104F50008662103293423BD0814A934238D002F1AC
:104F600086624032934233D07E4A934230D002F17F
:104F7000866202F5807293422AD07B4A934227D000
:104F800002F1042202F54012934221D002F186621E
:104F900002F5006293421BD0744A934218D0744ABF
:104FA000934215D0734A934212D023F00043724AC1
:104FB00093420DD0714A93420AD0714A934207D06E
:104FC000704A934204D04FF433615E48FDF790FA83
:104FD00095F85030012B00F0D28201212B6885F822
:104FE00050101846FFF75CFE002840F0C28222688D
:104FF000002A4FEA926008DBC2F31306002E40F04D
:105000006B818140DA690A43DA61616803F1300C2F
:105010001F2700F01F008E0901F01F0106F00C068B
:105020008F4088405CF8062022EA070202431846B7
:105030004CF80620FFF734FE9A6802F0080202439B
:105040005CD1216803F114070726C80DC1F3045190
:1050500000F004008E403A5822EA0602A6688E400C
:1050600032433A50484A6169126802F07042B2F124
:10507000805FDA6840F03881C2F38202520026690C
:1050800091402068042E00F03881603300F0F84031
:1050900053F8262002F0004202430A4343F8262038
:1050A000637E012B04D940F68E312648FDF720FAA5
:1050B000617E2A6820694F1E6032794252F82030A2
:1050C000794123F0004343EAC17342F82030237E44
:1050D000012B04D940F692311A48FDF709FA227ED5
:1050E0002B68561E20691969724200F01F0021F4D6
:1050F000F0417241D20282400A431A611846FFF71A
:10510000CBFD002800F021810020002385F85030DD
:1051100003B0F0BDB3F5407F3FF4C0AE40F20632BD
:1051200093423FF4BBAE97E6FFF7A2FD4FF6FF7345
:105130004008C3409342BFF4E6AE40F62131DFE6BB
:10514000411004017FCC00080000FF4700600258B6
:1051500002003004040060080800900C1000C01029
:1051600040002019000180210004002A0020903610
:105170000040C03A0080F03E00002143000052474A
:105180000000844B0000B84F0010005C2A68A34B5D
:105190009A4235D12368A24A93423FF419AFA14AFB
:1051A00093423FF415AFA04A93423FF411AF9F4A98
:1051B00093423FF40DAF02F18662103293423FF406
:1051C00007AF9B4A93423FF403AF02F1042202F57A
:1051D000401293423FF4FCAE02F1866202F5006297
:1051E00093423FF4F5AE934A93423FF4F1AE924AB4
:1051F00093423FF4EDAE40F636319048FDF778F932
:105200002A688F4B9A4231D12368854A93423FF4F2
:10521000DFAE844A93423FF4DBAE834A93423FF4CD
:10522000D7AE824A93423FF4D3AE02F18662103287
:1052300093423FF4CDAE7E4A93423FF4C9AE02F1B1
:10524000042202F5401293423FF4C2AE02F186629C
:1052500002F5006293423FF4BBAE774A93423FF4BB
:10526000B7AE40F63A317548FDF742F92A68754BFA
:105270009A427FF4ADAE2368694A93423FF4A8AEE8
:10528000684A93423FF4A4AE674A93423FF4A0AE0B
:10529000664A93423FF49CAE02F18662103293421A
:1052A0003FF496AE624A93423FF492AE02F104227A
:1052B00002F5401293423FF48BAE634A93423FF4AF
:1052C00087AE624A93423FF483AE614A93423FF411
:1052D0007FAE4FF4346178E692FAA2F20AB1B2FAE4
:1052E00082F2012191408DE612F0100FDA683FF44E
:1052F000C3AE520802F00802C1E61A6E810602F03F
:10530000F842B2EB806F03D11A6E22F000421A66A7
:105310005A6E02F0F842914203D15A6E22F00042D6
:105320005A669A6E02F0F842914203D19A6E22F0C8
:1053300000429A66DA6E02F0F84291427FF4DEAEE5
:10534000DA6E22F00042DA66D8E62168D3F8C0208F
:10535000E468C1F3130004F0180622EA00023D4895
:10536000F04008400243C3F8C0203B4A944240F05A
:1053700083802A4A93422CD1294A914200F08F809F
:10538000284A914200F08D80274A914200F08B809C
:10539000264A914200F0898002F1866210329142E1
:1053A00000F08580224A914202F1042202F5401267
:1053B00057D0914254D002F1866202F500629142C8
:1053C0002AD01C4A914268D01B4A914273D1234A89
:1053D00047E01B4A93426ED1114A91425FD0114A75
:1053E00091425ED0104A91425DD0104A91425CD009
:1053F00002F186621032914259D00D4A914258D042
:1054000002F1042202F54012914202F1866202F595
:10541000006226D09142D7D10B4A22E00020024000
:1054200002003004040060080800900C1000C01056
:105430000004002A000021430000844B7FCC0008B8
:105440000021024000600258002090360040C03A1F
:105450000080F03EFFFF0F000000FF470000B84F44
:10546000484A92FAA2F20AB1B2FA82F2012000FA94
:1054700002F2D8690243DA610029BFF645AE424A1A
:1054800093421AD1D2F808433F48FFF705FC024681
:105490003E48FFF701FC10431AE03D4AE1E70122D4
:1054A000DFE73C4ADDE73C4ADBE73C4AD9E73C4AD8
:1054B000D7E73C4AD5E70122DBE7344A934202D1E1
:1054C000D2F80842E0E7384A38489468FFF7E4FB2E
:1054D00080F0010000F0010000284AD0344804F0B8
:1054E000E07281421ED124023FF50EAE2F498B425D
:1054F0007FF40AAED1F8083323F0E07313432D4A4A
:1055000043F40003C1F808332B4B1B68B3FBF2F3E1
:1055100001335B000193019B002B3FF4F5AD019B30
:10552000013BF7E72548814210D1E0013FF5ECADA2
:105530001E498B427FF4E8ADD1F8083323F0E073C5
:10554000134343F08073C1F80833DDE51C48814202
:105550007FF4DAAD61023FF5D7AD14498B427FF499
:10556000D3ADD1F8083323F0E073134343F4800341
:10557000E9E76B6D012043F020036B65C5E5022070
:10558000C6E500BF0010603200200240002102404A
:1055900000005247400020198000501D000180216A
:1055A0000002B0250008302E006302580060025847
:1055B000000084CB400D030008000020000052C70B
:1055C0000000B8CF03683E4A934270B504460D46CA
:1055D0000BD002F58072934207D03A4A934204D02E
:1055E0004FF45E613848FCF783FF6B1E022B04D931
:1055F00040F6E1513448FCF77BFF23681846FFF77B
:105600004FFB9A6802F00802024301D1002070BDEE
:10561000DA6896013BD5627D012A38D1227D012AC4
:1056200035D12A4A19684D0625D5402201251A6030
:105630001846FFF735FB50B19A68900707D49A686F
:1056400022F0004222F03F0242F010029A60012D47
:105650001FD10425FFF7EAFA064623689B682B4210
:10566000D4D0FFF7E3FA801B0528F6D923689B689E
:105670002B42F2D001E0013AD4D1636D012043F016
:1056800010036365A36D43F00103A365BFE7022D1B
:10569000CED19A6811070AD59A68920707D49A68FA
:1056A00022F0004222F03F0242F020029A60022DD6
:1056B00003D0032DCDD10C25CCE70825CAE700BFC8
:1056C00000200240006002587FCC000801DC0C0082
:1056D000026838B504461046FFF7DEFA08B100202C
:1056E00038BD9168214B194209D0636D012043F008
:1056F00010036365A36D43F00103A365F0E79368AE
:1057000023F0004323F03F0343F001039360FFF7CE
:105710008DFA2368164A0546934221D002F580721D
:10572000934220D1134B9B68D906D8D122681368C5
:10573000DB07D4D41046FFF7AFFA38B9936823F0EB
:10574000004323F03F0343F001039360FFF76EFA39
:10575000401B0228EAD923681B68DA07E6D4C4E7AD
:10576000044B9B68E2E7044BFBE700BF3F0000806F
:1057700000200240002302400063025803683E4AB2
:10578000934270B5044651D13C4B9D682068FFF7A9
:1057900087FA064600286DD194F85030012B69D065
:1057A0000123204684F85030FFF792FF00285ED195
:1057B000636D05F01F02324923F4706323F0010387
:1057C00043F48073636523688B423ED1002A3ED147
:1057D000A1F58071656D25F480156565656D15F41D
:1057E000805502D0A56D25F00605A5651C258B42C8
:1057F0001D604FF0000584F8505005D040F221257F
:1058000025FA02F2D50724D5DA68920105D5626D32
:1058100022F4405242F4805262659A6822F00042BB
:1058200022F03F0242F004029A6070BD144A934293
:10583000AAD0144A9568A2F540729342A6D040F2CD
:105840007C511148FCF754FEA0E71946C2E70A490B
:10585000C4E7636D43F480136365CB689B01E4D5B3
:10586000636D23F4405343F480536365DDE784F8AC
:105870005060DAE70220D8E700200240002302400F
:1058800000210240006302587FCC0008026838B54E
:10589000044610469368FFF7FFF908B9002038BDA9
:1058A0009907FBD4936803F00D03012B19D193687A
:1058B00023F0004323F03F0343F0020393600323EC
:1058C0001360FFF7B3F9054623689B68DB07E5D54E
:1058D000FFF7ACF9401B0228F6D923689B68DA076A
:1058E000F2D5636D012043F010036365A36D43F0AF
:1058F0000103A365D3E700000368194A934210B57A
:1059000004460BD002F58072934207D0154A9342A9
:1059100004D040F2F3511448FCF7EAFD94F85030FB
:10592000012B1AD001230321204684F85030FFF7C1
:1059300049FE20B10120002384F8503010BD2046DC
:10594000FFF7A4FF0028F5D1636D23F4885323F0FB
:10595000010343F001036365EDE70220EEE700BFBA
:1059600000200240006002587FCC000838B5444A4D
:1059700005460368934203D002F58072934225D115
:10598000404B9B6813F4403F14BF01230023FBB935
:105990004FF40020002102F099FE6B680446B3F535
:1059A000101F4AD03FD8B3F5E01F44D036D8B3F526
:1059B000801F08D02CD8B3F5002F04D023F4002288
:1059C000B2F5802F16D19B0C5B000FE02E4BD8E771
:1059D00001F0B2FC6B680446B3F5003F05D0B3F5A7
:1059E000403F06D0B3F5803F04D11B0CB4FBF3F469
:1059F00000E08408FFF720F941F203022B6890428F
:105A000023D8224A94429A681BD942F480721AE041
:105A1000B3F5A01FD7D0B3F5C01FD3E7B3F5001F70
:105A2000E8D14409E6E7B3F5201F08D0B3F5301FED
:105A3000E0D1040ADEE70409DCE78409DAE7C409F7
:105A4000D8E722F480729A6038BD11496208B1EB40
:105A5000540F03D39A6822F44072F4E70D498A4246
:105A600003D89A6822F44072CFE70B498A429A68B9
:105A700096BF22F4407242F4407242F40072E2E7B0
:105A8000002002400023024000630258002D310133
:105A9000105E5F0020BCBE0040787D010023F7B59A
:105AA00004460193002800F011820368A14A934242
:105AB0000BD002F58072934207D09F4A934204D0E4
:105AC00040F2A7119D48FCF713FD636833F44032A0
:105AD0001BD023F40022B2F5802F16D023F48012BD
:105AE000B2F5002F11D023F48022B2F5801F0CD024
:105AF000B3F5E01F09D023F44023B3F5001F04D011
:105B00004FF4D4718D48FCF7F3FCA36863B1043BF8
:105B1000142B04D88A4A22FA03F3DD0704D440F296
:105B2000A9118648FCF7E4FCE368012B04D94FF483
:105B3000D5718248FCF7DCFC637D012B04D940F26F
:105B4000AB117E48FCF7D4FCA36A33F4406304D065
:105B50004FF4D6717948FCF7CBFC636A33F480626A
:105B600026D023F04002B2F5846F21D023F08002CA
:105B7000B2F5886F1CD023F49072B2F5906F17D0F5
:105B800023F48072B2F59C6F12D023F06002B2F55C
:105B9000A06F0DD0B3F5B86F0AD0B2F5C06F07D0C3
:105BA000B3F5D06F04D040F2AD116448FCF7A0FC0F
:105BB000E36A032B04D94FF4D7716048FCF798FCD3
:105BC0002369042B06D0082B04D040F2AF115B48A8
:105BD000FCF78EFC236B33F4805304D04FF4D87160
:105BE0005648FCF785FC237D012B04D940F2B11106
:105BF0005248FCF77DFC94F83830012B04D94FF45F
:105C0000D9714E48FCF774FCE3682BB3A369013BE0
:105C10000F2B04D94FF4DB714848FCF769FC237F54
:105C2000012B04D940F2B7114448FCF761FC237FF3
:105C3000012B14D1236A013B072B08D8637D012B6C
:105C40000DD14FF4E0713D48FCF752FC07E040F203
:105C5000BB113A48FCF74CFC237F012BEED0656D5D
:105C60002DB92046FFF720F8A56584F85050236829
:105C70009A68900005D59A6822F0204222F03F02EF
:105C80009A609A68D1003DD59A68D2004FD4626D6F
:105C9000012542F010026265A26D42F00102A26588
:105CA0001846FEF7FDFF626D02F01002024340F05D
:105CB0000981626D184622F4817242F00202626527
:105CC000FEF7EAFF00284AD11A4E1E49B34201D01E
:105CD0008B423FD11748FEF7DFFF02461948FEF717
:105CE000DBFF0243012A3AD0B34200F0DC808B4252
:105CF00000F0D980144A9368616823F47C130B4345
:105D000093602CE09A68114922F0104222F03F0281
:105D100042F080529A600E4A1268B2FBF1F20132F0
:105D20000192019A002AAFD0019A013AF8E70025C2
:105D3000B6E700BF00200240006002587FCC000898
:105D4000111111000021024000630258400D0300B0
:105D5000080000205E48FEF79FFF0128CAD141F2EB
:105D60000307FEF769FF637DB842A268266B4FEA1E
:105D70004333217F40F29980102A40F0968043EA15
:105D80000143334343F01C02012902BF236A03F19C
:105D9000FF3342EA4342636A23B103F47873A16A92
:105DA0000B431A4323684B49D868014018461143F6
:105DB000D960FEF775FF9A6802F0080202435ED1CF
:105DC000DA68217D22F4804222F0030242EA813225
:105DD000E16A0A43DA6094F83820012A6AD1E36B59
:105DE000013BB3F5806F04D34FF430713A48FCF7B0
:105DF0007FFB236C33F0600309D0802B07D0B3F511
:105E0000807F04D040F2C2213348FCF771FB636C01
:105E100033F4007304D040F2C3212F48FCF768FB31
:105E2000A36C23F48063012B04D04FF431712A4812
:105E3000FCF75EFB636A0BB1A36A33B9636C23B1F1
:105E400040F2CA212448FCF753FBE26B2368511E41
:105E50001869D4E91026324342EA0142A16C0A4390
:105E60001E4901400A4342F001021A6120461A69A4
:105E7000616B22F070420A431A61FFF777FDE36815
:105E80002268012B1AD1116BA36921F00F01013B8C
:105E90000B431363636D23F0030343F00103636556
:105EA000284603B0F0BD0E4A25E7324342EA0142DC
:105EB0001A4369E71A6922F00102D6E7136B23F04F
:105EC0000F03E6E7636D43F0100363650125E7E721
:105ED0000060025803C0F0FF7FCC00081EF800FCF1
:105EE00000230240C31E042B10B5044603D99121A0
:105EF0000948FCF7FDFA09492302CA6803F4E06384
:105F000022F4E0621204120C134343F0BF6343F423
:105F10000033CB6010BD00BFA4CC000800ED00E052
:105F20000F2A70B505460C46164603D9A921194813
:105F3000FCF7DEFA0F2C03D9AA211648FCF7D8FA91
:105F4000154B4FF0FF32DB68C3F30223D91E04293F
:105F500092BFC3F1070304230021002D02FA03F3CB
:105F600002FA01F224EA030426EA020604FA01F422
:105F700044EA06044FEA041406DB05F1604505F522
:105F8000614585F8004370BD05F00F05034B5C5576
:105F9000F9E700BFA4CC000800ED00E014ED00E03C
:105FA000002808DB0123410900F01F00044A834058
:105FB00042F821307047BD210248FCF799BA00BF72
:105FC00000E100E0A4CC00080138B0F1807F0BD2E2
:105FD0004FF0E023054AF0215861002082F8231099
:105FE000072298611A6170470120704700ED00E0B8
:105FF000002809DB4309012200F01F000549603336
:10600000824041F82320704740F2BF110248FCF75C
:106010006FBA00BF00E100E0A4CC0008334B984207
:106020002DE9F74F04460E462BD003F580639842C6
:1060300027D003F58063984223D003F5806398420C
:106040001FD003F5806398421BD003F5806398420C
:1060500017D003F58063984213D003F5806398420C
:106060000FD003F5806398420BD003F5806398420C
:1060700007D003F58063984203D0B3211C48FCF796
:1060800037FA33689AB212B1B3F5803F03D3B42123
:106090001748FCF72DFA7368B3F5041F11D01DD80B
:1060A000B3F5881F0DD009D8032B0AD9113B012B5A
:1060B00007D9B5210E48FCF71BFA02E0B3F5901F93
:1060C000F7D14FF0000B0B4FDFF82080DA46356830
:1060D00035FA0AF310D103B0BDE8F08FB3F5441FD1
:1060E000EFD023F48013B3F5081FE9E7000002584E
:1060F000CCCC000800440258012303FA0AF919EA3B
:10610000050500F00081726802F00301013999422F
:106110001BD8F268032A03D9C4218548FCF7E8F9A3
:106120000322A16802FA0BF221EA0201F26802FAE4
:106130000BF20A43A26072686168C2F3001321EA9D
:10614000090103FA0AF30B43636002F00302B36828
:10615000032A01D1012B59D0022B03D9D72174482E
:10616000FCF7C6F90323E26803FA0BF322EA030201
:10617000B36803FA0BF31343E360736803F003039C
:10618000022B43D144452AD06A4B9C4227D003F5C9
:1061900080639C4223D003F580639C421FD003F5AB
:1061A00080639C421BD003F580639C4217D003F5AB
:1061B00080639C4213D003F580639C420FD003F5AB
:1061C00080639C420BD003F580639C4207D003F5AB
:1061D00080639C4203D0E4215548FCF789F9336978
:1061E0000F2B03D9E5215248FCF782F94FEADA0276
:1061F0000AF007010F2304EB82028900106A8B402A
:1062000020EA030033698B400343136203232068B1
:1062100003FA0BF220EA0200726802EA030112F4A8
:10622000403F01FA0BF141EA000121606BD0D7F841
:10623000F4100AEA030C4FF00F0E444541F002013E
:106240004FEA8C0CC7F8F4100EFA0CFED7F8F410D5
:1062500001F00201019101992AF0030101F1B0411D
:10626000D1F8080401F5806120EA0E0050D0DFF873
:10627000C4E074454ED00EF5806E74454CD00EF5DA
:10628000806E744518D02C4B9C4247D003F5806338
:106290009C4245D003F580639C4243D003F5806364
:1062A0009C4241D003F580639C423FD003F580635C
:1062B0009C4214BF0A23092303FA0CF30343D002C0
:1062C0008B604FF0B0410B6854BFAB432B430B6066
:1062D0004B6891024FF0B04154BFAB432B43900346
:1062E0004B60D1F8843054BFAB432B43D203C1F889
:1062F0008430D1F8803054BF23EA05051D434FF0A8
:10630000B043C3F880500AF1010A0BF1020BDEE63C
:106310000023D1E70123CFE70223CDE70423CBE716
:106320000523C9E70623C7E70723C5E70823C3E713
:10633000CCCC0008000402580010025838B50446BE
:106340000D4621B940F28B110448FCF7D1F82369BE
:106350001D4214BF0120002038BD00BFCCCC000876
:1063600070B5054616460C4621B940F2AB110848F7
:10637000FCF7BEF8012E06D94FF4D6710448FCF79D
:10638000B7F8AC6170BD002EFBD12404F9E700BF63
:10639000CCCC000838B505460C4621B940F2C311F3
:1063A0000548FCF7A5F86B6904EA030224EA030434
:1063B00044EA0244AC6138BDCCCC000838B5044690
:1063C000FEF734FC054644B194F83D30022B06D06C
:1063D0008023A366002384F83C30012038BD236865
:1063E000DA6822F03E02DA60DA6822F00102DA604E
:1063F0002368D86810F0010007D11F225A600123DA
:1064000084F83C0084F83D30E8E7FEF70FFC401BC1
:106410000528EDD9A36E43F04003A366002384F85A
:106420003C30032384F83D30D7E70000024AD368AC
:1064300043F08073D3607047004802580346486AAF
:106440002DE9F04330B1B2F1406F03D08C6A1D6882
:10645000013C2C61D1F81890D1E9077EB9F1000F09
:106460004ED01C6840EA09090B684D694E6BD1E9B2
:106470000B8CBEF1000F29D088684EEA090EE0614E
:106480000869A7B13B4343EA080343EA0C033343DB
:106490000343C8680343134343EA854343EA0E03B7
:1064A000B2F1406F63610FD04B68A3610CE043EA27
:1064B000080343EA0C0333430343134343EA85438E
:1064C00043EA0E036361A761BDE8F0836FB13B430C
:1064D000C86843EA080343EA0C0333430343134306
:1064E00043EA854343EA0903DAE743EA080343EA58
:1064F0000C033343134343EA854343EA0903E1E7CB
:10650000BEF1000F30D01D6840EA0E008B680C69A8
:106510004E69D1F834C0EB61D1E90B98BFB147EABD
:106520000403CC68B2F1406F43EA090343EA08036D
:1065300043EA0C0343EA040343EA020343EA8643C3
:1065400043EA00036B61BFD04B68AB61BCE744EA30
:10655000090444EA080444EA0C04144344EA864467
:1065600004436C61AF61AFE77FB11C6840EA070389
:10657000C86A0343086B0343486B0343C86803437B
:106580004869134343EA80438AE700289CD0CC6AD9
:106590001B6820430C6B20434C6B204310434A691B
:1065A00040EA824058619F618EE72DE9F041069DE7
:1065B00004460F461646984623689A683A4214BF26
:1065C00001220022B24201D100200FE06A1CF4D067
:1065D000FEF72CFBA0EB0800A84209D904230120F8
:1065E00084F84130636C43F001036364BDE8F081DB
:1065F000002DE1D1F2E7704737B50446FEF716FBF0
:10660000054614B9012003B030BD22684A4B9A42B6
:1066100004D04FF49F714948FBF76AFF6368FF2B72
:1066200004D940F23F114548FBF762FFA368013BE4
:106630001F2B04D94FF4A0714048FBF759FFE368C2
:1066400033F0100304D040F241113C48FBF750FFF7
:1066500023691F2B04D94FF4A1713848FBF748FF79
:10666000636933F4407307D0B3F5806F04D040F210
:1066700043113248FBF73CFFA369012B04D94FF4C7
:10668000A2712E48FBF734FF236A402B05D0002B64
:1066900043D1E36933F0800348D194F841302BB9FA
:1066A0002046FFF7A8FF41F28833A3642168204603
:1066B000A2680B68013A23F4F85343EA022300224C
:1066C0000B602021A36C00932B46FFF76EFF002880
:1066D00098D12268E569E36811682B43256A21F0A7
:1066E0007F412B43656821F0D00143EA05630B43EA
:1066F00013605568D4E905310B43216943EA01432E
:106700000F4929400B435360136843F001031360A2
:106710000123606484F8413075E740F24511074871
:10672000FBF7E6FE236A402BB3D1B6E740F24911EE
:106730000248FBF7DDFEB0E700500052F2CC000843
:10674000FEF8E0FF2DE9F3470C4605469246FEF7BA
:106750006DFAA3698146C3B123F40072B2F5807F5C
:1067600008D12368FF2B10D940F219315848FBF7A4
:10677000BFFE0AE0B3F5007FF3D040F21631544873
:10678000FBF7B6FEA369002BEBD1E36943B123F419
:106790000062B2F5806F5DD1E36833F4405365D198
:1067A000236A43B123F40042B2F5804F64D12369D8
:1067B00033F440336CD163691F2B04D94FF44A7111
:1067C0004348FBF795FE636A33F0407304D040F210
:1067D00029313F48FBF78CFEE36A33F0004304D0D5
:1067E00040F22B313A48FBF783FE236B33F08043B2
:1067F00004D04FF44B713648FBF77AFE636B33F0ED
:10680000805304D040F22D313148FBF771FE95F8EA
:106810004030012B5AD00123022785F8403095F8EB
:106820004130012B5FFA83F84ED100224B462021E4
:1068300028466A6485F84170CDF800A0FFF7B5FEE0
:10684000064658B30126002385F84030304602B092
:10685000BDE8F087B3F5006F9ED04FF447711C4838
:10686000FBF746FEE369002B96D199E740F21F3112
:106870001748FBF73DFE93E7B3F5004F97D040F282
:1068800022311348FBF734FE236A002B8FD192E7A5
:1068900040F225310E48FBF72BFE8CE702462146DD
:1068A0002846FFF7CBFD636A5BB94B464246394643
:1068B0002846CDF800A0FFF778FE0028C2D12B684B
:1068C000DF6085F84180BEE73E46BCE70226BDE7B3
:1068D000F2CC00082DE9F743044689461746FEF737
:1068E000A5F994F840308046012B4FD0012325684C
:1068F00084F8403094F84130012BDEB244D10023BB
:106900006364B9F1000F3AD0122384F841302B6947
:106910000133E3622B69C4F824900133A3626B69ED
:1069200023F040636B61E36AABB943460122022165
:1069300020460097FFF739FE18B923680222064661
:10694000DA60012384F84130002384F84030304677
:1069500003B0BDE8F083434601220421204600979E
:10696000FFF723FE0028ECD1636A1B7885F82030FE
:10697000626A01326262E26A013AE262D3E7636C00
:1069800043F008036364DFE70226DDE70226DEE763
:106990002DE9F743044689461746FEF747F925686F
:1069A0008046A96994F84030012B51D0012384F826
:1069B000403094F84130012BDEB247D100236364AC
:1069C000B9F1000F3DD0222384F841302B69013307
:1069D000A3632B69C4F83090013363636A6922F0C2
:1069E000406242F080626A61A961A36BABB9434621
:1069F0000122022120460097FFF7D7FD18B923682E
:106A000002220646DA60012384F84130002384F82C
:106A10004030304603B0BDE8F083434601220621F2
:106A200020460097FFF7C1FD0028ECD195F8202003
:106A3000236B1A70236BA26B0133013A2363A263A9
:106A4000D3E7636C43F008036364DFE70226DDE706
:106A50000226DEE7406C704737B50446FEF7E6F8DD
:106A6000054694F8413099073CD5002384F840301E
:106A70002368186810F004000BD01A68E06B22F04D
:106A800004021A60FFF79AFC18B1636C43F0040328
:106A9000636423689A68920626D51A680221204604
:106AA00042F002021A600122A36C00932B46FFF70A
:106AB0007CFD024610B1012003B030BD23680221E5
:106AC0002046D9602021A36C00932B46FFF76DFD73
:106AD0000028F0D12268536923F0406353610123F9
:106AE00084F841300020E7E7012384F84130E3E7F0
:106AF00081647047F8B50446002800F045810368BA
:106B0000002B40F019812368D90639D5E36933F0A9
:106B1000800304D040F22B219C48FBF7E9FC236A58
:106B20003F2B04D94FF40B719848FBF7E1FC984ACE
:106B30001369916A03F03803082B07D0182B40F033
:106B4000DF8101F00303012B40F0DA811368DA05DD
:106B500003D5E369802B40F01781FEF76DF841F211
:106B60000303216A98428A4B00F2C3815A682029A4
:106B700022F0F8420CBF42F0804242EA81625A6041
:106B800023681D0700F1F9812368980600F122822D
:106B900023685B0700F15182636A022B04D94FF42A
:106BA0003D717A48FBF7A4FC616A002900F0C280BD
:106BB000774D2B6903F03803182B00F0B6820229B9
:106BC00040F0A282A36A032B04D940F2FD216F4852
:106BD000FBF78EFC236C6BB1043B082B05D840F20D
:106BE000111222FA03F3D80704D440F2FE216748B9
:106BF000FBF77EFC636C33F0020304D040F2FF210C
:106C00006248FBF775FCE36A013B3E2B04D94FF465
:106C100040715E48FBF76CFC236B043BB3F5FE7FD1
:106C200004D940F201315948FBF762FC636B013B28
:106C30007F2B04D940F202315448FBF759FCA36B77
:106C4000013B7F2B04D940F203315048FBF750FC45
:106C5000E36B013B7F2B04D94FF441714B48FBF7A9
:106C600047FCA36CB3F5005F04D340F205314748FD
:106C7000FBF73EFC464D2B6823F080732B60FDF73D
:106C8000D5FF06462B68990100F13082AB6AA26AF3
:106C900023F47C7323F003031343E26A43EA0213F1
:106CA000AB62636BA26B013B013A5B0212049BB2C5
:106CB00002F4FE021343226B013AC2F308021343AB
:106CC000E26B013A120602F0FE4213432B63EB6AB9
:106CD00023F00103EB626B6BA26C6FF3CF0343EA0B
:106CE000C2036B63EB6A226C23F00C031343EB6269
:106CF000EB6A626C23F00203254C1343EB62EB6AF0
:106D000043F48033EB62EB6A43F40033EB62EB6AEB
:106D100043F48023EB62EB6A43F00103EB622B68E0
:106D200043F080732B60FDF781FF054623689A01CD
:106D300040F1E3810020ADE0980604D140F2A111BA
:106D40001248FBF7D5FB2368D90733D5636833F4C2
:106D5000803207D0B3F5A02F04D04FF4D3710B4885
:106D6000FBF7C6FB0A4A1369916A03F03803102B3C
:106D700005D0182B0ED101F00303022B0AD11368A2
:106D80009A0317D56368ABB9012083E018CD0008DA
:106D90000044025863689D4DB3F5803F50D12B6885
:106DA00043F480332B60FDF741FF984D06462B6876
:106DB0009B0369D523689D077FF5A5AEE268192A74
:106DC00003D8934BD340DD0704D44FF4ED719148C1
:106DD000FBF78EFB23697F2B04D940F2DB118D4832
:106DE000FBF786FB8949E2680B69886A13F0380370
:106DF00003D0182B55D1800753D10B68590701D503
:106E0000002AC1D0814D2B6823F0190313432B6056
:106E1000FDF70CFF06462B685B073CD5FDF70CFF22
:106E200041F20303226998426B684DD823F47C3306
:106E3000402A0CBF43F4003343EA02336B6062E63E
:106E40009BB92B6823F480332B602B6823F48023B9
:106E50002B60FDF7EBFE06462B689F03AAD5FDF7D6
:106E6000E5FE801B6428F7D913E0B3F5A02F2B684B
:106E700003D143F480232B6091E723F480332B600C
:106E80002B6823F480238DE7FDF7D0FE801B642858
:106E90008DD90320F8BDFDF7C9FE801B0228BAD9A1
:106EA000F7E75A4D2B68A2B123F0190313432B6067
:106EB000FDF7BCFE06462B685F07AFD4FDF7B6FEB4
:106EC000801B0228F7D9E4E723F0FE4343EA02637C
:106ED000B4E723F001032B60FDF7A8FE06462B68FC
:106EE00058077FF510AEFDF7A1FE801B0228F6D9EA
:106EF000CFE7DA6822F07C5242EA0162DA603FE6CC
:106F0000E369424D43B32B6843F080032B60FDF7E8
:106F10008DFE06462B68DB0511D5FDF78DFE41F28F
:106F20000303226A984210D86B68202A23F0F843A2
:106F30000CBF43F0804343EA82636B6020E6FDF7B9
:106F400075FE801B0228E5D9A3E7EB6823F07C538C
:106F500043EA0263EB6013E62B6823F080032B60A7
:106F6000FDF764FE06462B68DF057FF509AEFDF7E9
:106F70005DFE801B0228F6D98BE76369012B04D9DB
:106F800040F26D212348FBF7B3FA63691F4D83B1CB
:106F90006B6F43F001036B67FDF748FE06466B6FAE
:106FA00099073FF5F1ADFDF741FE801B0228F6D9A8
:106FB0006FE76B6F23F001036B67FDF737FE064643
:106FC0006B6F9A077FF5E0ADFDF730FE801B02285E
:106FD000F6D95EE7A369012B04D94FF426710D4859
:106FE000FBF786FAA369094DB3B12B6843F48053CC
:106FF0002B60FDF71BFE06462B689F043FF5C8ADCE
:10700000FDF714FE801B0228F6D942E7004402581F
:107010000302020218CD00082B6823F480532B6072
:10702000FDF704FE06462B6898047FF5B1ADFDF729
:10703000FDFD801B0228F6D92BE7A368012B06D99A
:10704000052B04D040F2C2216248FBF751FA624D91
:107050002B6843F480732B60FDF7E8FD06462B6830
:10706000D90517D5A3685D4D012B19D12B6F43F0BE
:1070700001032B6741F28836FDF7D8FD574D0746CF
:107080002B6F9A073FF588ADFDF7D0FDC01BB042CE
:10709000F6D9FEE6FDF7CAFD801B6428DFD9F8E6C5
:1070A000B3B92B6F41F2883623F001032B672B6FA6
:1070B00023F004032B67FDF7B9FD07462B6F9B07F1
:1070C0007FF56AADFDF7B2FDC01BB042F6D9E0E630
:1070D000052B2B6F03D143F004032B67C6E723F086
:1070E00001032B672B6F23F00403C2E7FDF79EFD1E
:1070F000801B02287FF6C6ADCBE6FDF797FD401B4F
:1071000002287FF613AEC4E62B6823F080732B6051
:10711000FDF78CFD04462B689B017FF50BAEFDF758
:1071200085FD001B0228F6D9B3E60129AA6A2B6B5C
:107130003FF42AAE02F00301A06A81427FF424AE3C
:10714000C2F30512E16A8A427FF41EAE226BC3F3DA
:107150000801013A91427FF417AE626BC3F34621F6
:10716000013A91427FF410AEA26BC3F30641013A9B
:1071700091427FF409AEE26BC3F30663013A934296
:107180007FF402AE6B6BA26CC3F3CC039A423FF464
:10719000D1ADB2F5005F04D34FF45B710D48FBF73E
:1071A000A7F90E4DEB6A23F00103EB62FDF73EFDFC
:1071B0000646FDF73BFDB042FBD06B6BA26C6FF354
:1071C000CF0343EAC2036B63EB6A43F00103EB6254
:1071D000B0E500BF18CD000800480258004402582E
:1071E0002DE9F0414D4C236903F03803102B00F0DA
:1071F0009080182B0DD0002B40F08D8023684848DC
:1072000013F0200F03D02368C3F3C103D840BDE8B7
:10721000F081A76AA36AD4F82C8013F47C7FC3F3AF
:107220000510666BF3D005F02FF9C6F3CC060546C2
:1072300008F0010007F00307704305F025F94FF04F
:10724000645105F079F9012F064652D0022F40D043
:10725000002F4ED123689B0629D523683048C3F3FD
:10726000C103276BD84005F00FF9294605F018FA3D
:107270000446C7F3080005F007F9314605F054F855
:107280004FF07E5105F050F80146204605F054F9C4
:10729000224B0446186BC0F34620013005F0F4F889
:1072A0000146204605F0FCF905F096FAAFE7206BA1
:1072B000C0F3080005F0E8F8314605F035F84FF066
:1072C0007E5105F031F829460446164805F0E8F9E4
:1072D000DAE7206BC0F3080005F0D6F8314605F078
:1072E00023F84FF07E5105F01FF8294604460E485A
:1072F000ECE7206BC0F3080005F0C6F8314605F056
:1073000013F84FF07E5105F00FF829460446074860
:10731000DCE707487BE7074879E700BF00440258ED
:107320000090D0030024744C20BCBE4B0024744A4F
:1073300040787D0100093D0008B5FFF751FF0B4A79
:107340000B4993699269C3F3032302F00F02CB5CEC
:1073500003F01F0320FA03F3885C064A00F01F00C5
:1073600023FA00F01060044A136008BD004402587C
:1073700088CE0008040000200800002008B5FFF7B0
:10738000DBFF054B054ADB69C3F30213D35C03F053
:107390001F03D84008BD00BF0044025888CE000833
:1073A00008B5FFF7C9FF054B054ADB69C3F30223A4
:1073B000D35C03F01F03D84008BD00BF004402584F
:1073C00088CE0008F8B5036805460E46013B3E2B03
:1073D00004D940F672615948FBF78AF86B68043BA0
:1073E000B3F5FE7F04D940F673615448FBF780F88B
:1073F000AB68013B7F2B04D940F674614F48FBF723
:1074000077F82B69013B7F2B04D940F675614B4817
:10741000FBF76EF8EB68013B7F2B04D940F67661F1
:107420004648FBF765F86B6933F0C00304D040F6BB
:1074300077614248FBF75CF8AB6933F0200304D076
:1074400040F678613D48FBF753F8EB69B3F5005F10
:1074500004D340F679613948FBF74AF8384CA36AFF
:1074600003F00303032B67D0236823F080632360BA
:10747000FDF7DCFB074623681A0149D4A36A2A6892
:1074800023F47C3343EA0233A362AB68EA68013B2E
:10749000013A5B0212049BB202F4FE0213436A68D3
:1074A000013AC2F3080213432A69013A120602F0B4
:1074B000FE421343A363E36A6A6923F0C0031343E4
:1074C000E362E36AAA6923F020031343E362E36AF9
:1074D00023F01003E362E36BEA696FF3CF0343EA3F
:1074E000C203E363E36A43F01003E362E36AB6B9FD
:1074F00043F40023E362124C236843F0806323606B
:10750000FDF794FB054623681B010FD5002005E01D
:10751000FDF78CFBC01B0228ADD90320F8BD012E5E
:107520000CBF43F4801343F40013E3E7FDF77EFB45
:10753000401B0228E7D9F0E70120EFE73DCD000826
:1075400000440258F8B5036805460E46013B3E2B41
:1075500004D940F6DA615948FAF7CAFF6B68043B70
:10756000B3F5FE7F04D940F6DB615448FAF7C0FF5B
:10757000AB68013B7F2B04D940F6DC614F48FAF73A
:10758000B7FF2B69013B7F2B04D940F6DD614B48E7
:10759000FAF7AEFFEB68013B7F2B04D940F6DE61C2
:1075A0004648FAF7A5FF6B6933F4406304D040F610
:1075B000DF614248FAF79CFFAB6933F4007304D0F3
:1075C0004FF46E613D48FAF793FFEB69B3F5005F46
:1075D00004D340F6E1613948FAF78AFF384CA36AD0
:1075E00003F00303032B67D0236823F08053236049
:1075F000FDF71CFB074623689A0049D4A36A2A6852
:1076000023F07C7343EA0253A362AB68EA68013B50
:10761000013A5B0212049BB202F4FE0213436A6851
:10762000013AC2F3080213432A69013A120602F032
:10763000FE4213432364E36A6A6923F440631343FD
:10764000E362E36AAA6923F400731343E362E36A23
:1076500023F48073E362636CEA696FF3CF0343EA58
:10766000C2036364E36A43F48073E362E36AB6B916
:1076700043F48003E362124C236843F08053236099
:10768000FDF7D4FA054623689B000FD5002005E0DE
:10769000FDF7CCFAC01B0228ADD90320F8BD012E9E
:1076A0000CBF43F4000343F08073E3E7FDF7BEFA39
:1076B000401B0228E7D9F0E70120EFE73DCD0008A5
:1076C000004402582DE9F843036805461E011ED503
:1076D000836EB3F5001F2AD00FD8D3B1B3F5801F46
:1076E0001DD001262B68DC054FD5AB6D042B4BD884
:1076F000DFE803F0223D44272700B3F5401FF0D117
:10770000844AA96E136D23F440130B4313650026BE
:10771000E8E7804AD36A43F40033D362F0E70221FA
:107720000830FFF74FFE06460028DBD1E8E70221CC
:107730002830FFF707FFF6E7764AD36A43F40033B1
:10774000D36234461CBB734AA96D136D23F0070343
:107750000B4313652B68980528D5EB6D802B43D020
:1077600017D8A3B3402B38D0012634461EE00021A1
:1077700005F10800FFF726FE0446E3E7002105F1C6
:107780002800FFF7DFFEF7E701263446E2E726464A
:10779000E0E7C02B02D0B3F5807FE5D154BB5D4A52
:1077A000E96D136D23F4E0730B4313652B685905E2
:1077B00031D5D5F8A830B3F5800F49D01CD8002BAF
:1077C00039D0B3F5001F3CD00126344623E0514A9E
:1077D000D36A43F40033D362E0E7002105F10800E7
:1077E000FFF7F0FD0446D9E7002105F12800FFF777
:1077F000A9FEF7E72646D9E7B3F5C00F02D0B3F5E7
:10780000000FE1D154BB434AD5F8A810936D23F47F
:1078100060030B4393652B681A0530D5D5F8AC305F
:10782000B3F1007F45D01BD8B3B3B3F1807F39D01B
:107830000126344623E0374AD36A43F40033D36247
:10784000E0E7002105F10800FFF7BCFD0446D9E799
:10785000002105F12800FFF775FEF7E72646DAE775
:10786000B3F1407F02D0B3F1806FE1D13CBB294A34
:10787000D5F8AC10936D23F0E0630B4393652B6850
:107880009B0128D5EB6C202B3BD01AD8DBB1102BF9
:1078900031D0012634461EE01E4AD36A43F4003339
:1078A000D362E3E7002105F10800FFF78BFD0446F2
:1078B000DCE7002105F12800FFF744FEF7E7264644
:1078C000DDE7302BE5D11CBB124AE96CD36C23F009
:1078D00030030B43D3642B68DF042CD52B6EB3F538
:1078E000005F77D018D8002B67D0B3F5805F6AD0DF
:1078F000012634461FE0074AD36A43F40033D362BB
:10790000E1E7022105F10800FFF75CFD0446DAE734
:107910002646E0E700440258B3F5405F02D0B3F5D5
:10792000804FE5D1002C5BD1584A296E136D23F4AA
:10793000E0430B4313652B6898040BD56B6EB3F5CE
:10794000003F67D04ED8002B54D0B3F5803F5AD0BB
:10795000012634462B6859040CD5D5F8B030B3F164
:10796000005F78D05ED8002B64D0B3F1805F6BD01D
:10797000012634462B681A0411D52B6FB3F1805FB2
:1079800071D0B3F1005F74D0002B79D1002C7AD183
:107990003E4A296F136D23F040530B4313652B6848
:1079A000DB0140F18480AB6C032B00F21981DFE82E
:1079B00013F074006F0010017400344AD36A43F46A
:1079C0000033D362AEE7002105F10800FFF7FAFCAF
:1079D0000446A7E7002105F12800FFF7B3FDF7E70C
:1079E0002646A8E723F48032B2F5802F02D0B3F503
:1079F000403FADD1A4B9254A696E136D23F4E0234D
:107A00000B431365A6E7012105F10800FFF7DAFC37
:107A10000446EFE7012105F12800FFF793FDF7E7A2
:107A2000264697E723F08052B2F1804F02D0B3F19F
:107A3000405F9DD1ACB9154AD5F8B010936D23F0D5
:107A4000E0430B43936595E7012105F10800FFF73B
:107A5000B9FC0446EEE7012105F12800FFF772FDAD
:107A6000F7E7264686E7094AD36A43F40033D36230
:107A70008CE7012105F10800FFF7A4FC044685E727
:107A8000012634468BE7264689E700BF00440258AA
:107A9000944AD36A43F40033D362002C40F0A380AD
:107AA000904AA96CD36C23F003030B43D3642B6877
:107AB0005F0240F1A280D5F8B420B2F5807F4DD0AE
:107AC000B2F5007F4AD022F4A043B3F50C5F45D055
:107AD00022F41043B3F5864F40D022F44053B3F55F
:107AE000034F3BD022F48831B1F5634F36D07E4945
:107AF0008B4233D001F580418B422FD001F580417C
:107B00008B422BD022F4043001F58041884225D0ED
:107B100001F580418B4221D001F580418B421DD07F
:107B200001F580418B4219D001F580418B4215D07F
:107B300001F580418B4211D001F580418B420DD07F
:107B400001F580418B4209D022F48052674B9A4262
:107B500004D040F27D316648FAF7CAFC654F3B68B5
:107B600043F480733B60FDF761F880463B68D805BD
:107B70003BD5002C6CD15B4BD5F8B4001A6F42405A
:107B800012F4407F0BD01A6F196F22F4407241F447
:107B900080311967196F21F4803119671A67B0F5C0
:107BA000807F41D0D5F8B4304E4903F44072B2F52D
:107BB000407F49D10869504A20F47C5002EA1312F0
:107BC00002430A61C3F30B03464A116F0B43136769
:107BD00013E0022105F10800FFF7F4FB04465CE71F
:107BE0000126344663E7264661E7FDF71FF8A0EB60
:107BF00008006428BAD9032634462B68DA0708D56A
:107C0000EB6F102B3CD025D853B3082B31D0012675
:107C100034462B689B0749D5AB6F052B5CD8DFE852
:107C200003F03D37553D3D3DFDF700F82D4F8046B3
:107C300041F288393B6F9907B4D4FCF7F7FFA0EB0A
:107C400008004845F6D9D6E70A6922F47C52B8E71D
:107C50002646D2E723F00802202A01D0182BD6D1DD
:107C6000A4B9204AE96F536D23F038030B435365E1
:107C7000CFE7012105F10800FFF7A4FB0446EFE779
:107C8000012105F12800FFF75DFCF7E72646C0E774
:107C9000012105F10800FFF795FB0446FCB9114AE4
:107CA000A96F536D23F007030B4353652B685F07E0
:107CB00035D5D5F89430052B00F2D081DFE813F0EC
:107CC00024001E00C801240024002400012105F125
:107CD0002800FFF737FCE0E701263446E6E72646B2
:107CE000E4E700BF004402580003010000E3030082
:107CF0003DCD000800480258CFFFFF00012105F1EB
:107D00000800FFF75FFB0446002C40F0AA81AC4A54
:107D1000D5F89410936D23F007030B4393652B68FC
:107D2000980610D5D5F89030B3F1005F00F0B5811A
:107D300000F29981002B00F09F81B3F1805F00F089
:107D4000A581012634462B68590610D5D5F89C30FC
:107D5000B3F5006F00F0C38100F2A781002B00F0A3
:107D6000AD81B3F5806F00F0B381012634462B68F6
:107D70001A0610D5D5F8A030B3F5804F00F0D181A8
:107D800000F2B581002B00F0BB81B3F5005F00F07D
:107D9000C181012634462B681B0715D5D5F88430E0
:107DA000B3F5805F40F0C581022105F12800FFF79F
:107DB000C9FB002818BF0126814AD5F88410536DED
:107DC00023F440530B4353652B68DF0615D5D5F8D4
:107DD0009830B3F5807F40F0C081022105F1280082
:107DE000FFF7B0FB002818BF0126754AD5F8981098
:107DF000936D23F440730B4393652B6818031BD5D5
:107E0000D5F8A410B1F5803F00F0BB81B1F5003F7B
:107E100007D0002940F0BB8105F10800FFF7D2FA36
:107E20000446002C40F0B681654AD5F8A410936D45
:107E300023F440330B4393652B6859030FD5D5F8D2
:107E40008830B3F5001F00F0B681B3F5401F00F095
:107E5000A881B3F5801F00F09F81012634462B686E
:107E6000DA0316D52B6D002B00F0AE81B3F5803F01
:107E700000F0B88140F286515248FAF739FB2B6D79
:107E8000002B00F0A181B3F5803F00F0AB8101260B
:107E900034462B689B0007D5022105F12800FFF727
:107EA00051FB002818BF012629688F0340F1B281D9
:107EB000D5F88020B2F5807F00F0AE8100F29B8182
:107EC000002A00F09E810124C8020FD56B6F33F0A9
:107ED000004304D040F2E5513A48FAF709FB384A2A
:107EE000696F136D23F000430B4313652B68D900B2
:107EF00011D5D5F8B83033F4804304D040F2EF51B7
:107F00003048FAF7F5FA2E4AD5F8B810136923F479
:107F100080430B4313612B689A020FD5EB6E33F04D
:107F2000807304D040F2F9512648FAF7E1FA244A66
:107F3000E96E136D23F080730B4313652B685B00B0
:107F400013D5D5F8BC3033F4004304D040F20F61B0
:107F50001C48FAF7CDFA1A4B1A6922F400421A614A
:107F60001A69D5F8BC100A431A612B68002B12DA83
:107F70006B6D33F0805207D0B3F1005F04D040F254
:107F800019611048FAF7B4FA0D4A696DD36C23F001
:107F900040530B43D3642B681F0219D5D5F88C309E
:107FA00033F4800207D0B3F5000F04D040F2236110
:107FB0000448FAF79DFA024AD5F88C10536D03E095
:107FC000004402583DCD000823F440030B435365A1
:107FD0006B68DE0706D5002105F10800FFF7F2F90E
:107FE000074600B927466B689C0706D5012105F1B5
:107FF0000800FFF7E7F9064600B93E466B685807E8
:1080000006D5022105F10800FFF7DCF9044600B9A6
:1080100034466B68190706D5002105F12800FFF7E3
:1080200091FA064600B926466B68DA0606D50121A4
:1080300005F12800FFF786FA044600B934466B685C
:108040009B0600F1EF80201E18BF0120BDE8F883D9
:10805000012105F12800FFF775FA54E601263446A0
:108060005DE626465BE623F08052B2F1804F03D0F6
:10807000B3F1405F7FF465AEACB96F4AD5F89010AC
:10808000536D23F0E0430B4353655CE6002105F19B
:108090000800FFF797F90446EEE7022105F12800F2
:1080A000FFF750FAF7E726464DE623F48062B2F573
:1080B000805F03D0B3F5406F7FF457AEACB95E4A32
:1080C000D5F89C10936D23F4E0530B4393654EE673
:1080D000002105F10800FFF775F90446EEE70221DB
:1080E00005F12800FFF72EFAF7E726463FE623F4CE
:1080F0000052B2F5004F03D0B3F5C04F7FF449AE44
:10810000ACB94D4AD5F8A010936D23F460430B43EE
:10811000936540E6002105F10800FFF753F9044696
:10812000EEE7022105F12800FFF70CFAF7E72646F3
:1081300031E633F400523FF43FAEB3F5405F3FF415
:108140003BAE40F20D513D48FAF7D2F9D5F88430F4
:10815000B3F5805F7FF430AE26E633F400723FF46F
:1081600044AEB3F5407F3FF440AE4FF4A4613348D2
:10817000FAF7BEF9D5F89830B3F5807F7FF435AEC5
:108180002BE6022105F12800FFF7DCF948E601267D
:10819000344651E626464FE6274AD36A43F4003375
:1081A000D3627CB9244AD5F88810536D23F4401368
:1081B0000B43536553E6012105F12800FFF7C2F98F
:1081C0000446EEE726464AE61B4AD36A43F40033E8
:1081D000D36274B9184A296DD36C23F480330B43EE
:1081E000D36456E6022105F10800FFF7EBF80446D8
:1081F000EFE726464DE622F48073B3F5007F7FF467
:1082000062AE002C7FF460AE0B48436D23F44073E4
:1082100013434365344657E60748C36A43F40033C3
:10822000C362EEE7022105F12800FFF78BF9002871
:108230003FF409AF012009E7004402583DCD000892
:1082400008B5FFF779F8054B054A1B6AC3F302131B
:10825000D35C03F01F03D84008BD00BF00440258A0
:1082600088CE00082DE9F843574C0546A36AA26A58
:10827000D4F82C9012F47C3FC2F30530E76B00F089
:108280009F8003F00308C7F3CC0704F0FDF806460F
:10829000C9F30010784304F0F7F84FF0645104F08C
:1082A0004BF9B8F1010F07467AD0B8F1020F67D049
:1082B000B8F1000F74D123689B064FD5236843485B
:1082C000C3F3C103D4F83880D84004F0DDF8314658
:1082D00004F0E6F90446C8F3080004F0D5F839467E
:1082E00004F022F84FF07E5104F01EF8364E01469D
:1082F000204604F021F90446B06BC0F3462004F098
:10830000C3F84FF07E5104F00FF80146204604F008
:10831000C7F904F061FA2860B06BC0F3064004F0BE
:10832000B3F84FF07E5103F0FFFF0146204604F002
:10833000B7F904F051FA6860B06BC0F3066004F05E
:10834000A3F84FF07E5103F0EFFF0146204604F002
:10835000A7F904F041FAA860BDE8F883A06BC0F368
:10836000080004F091F8394603F0DEFF4FF07E512B
:1083700003F0DAFF31460446154804F091F9B5E7F9
:10838000A06BC0F3080004F07FF8394603F0CCFF7F
:108390004FF07E5103F0C8FF314604460D48ECE72C
:1083A000A06BC0F3080004F06FF8394603F0BCFF7F
:1083B0004FF07E5103F0B8FF314604460648DCE733
:1083C000C5E90000C7E700BF004402580090D00391
:1083D0000024744C20BCBE4B0024744A2DE9F843A1
:1083E000574C0546A36AA26AD4F82C9012F07C7F01
:1083F000C2F30550676C00F09F8003F00308C7F3D9
:10840000CC0704F041F80646C9F30020784304F095
:108410003BF84FF0645104F08FF8B8F1010F0746B4
:108420007AD0B8F1020F67D0B8F1000F74D1236889
:108430009B064FD523684348C3F3C103D4F840805B
:10844000D84004F021F8314604F02AF90446C8F374
:10845000080004F019F8394603F066FF4FF07E512A
:1084600003F062FF364E0146204604F065F80446EC
:10847000306CC0F3462004F007F84FF07E5103F053
:1084800053FF0146204604F00BF904F0A5F92860DB
:10849000306CC0F3064003F0F7FF4FF07E5103F05D
:1084A00043FF0146204604F0FBF804F095F96860AC
:1084B000306CC0F3066003F0E7FF4FF07E5103F02D
:1084C00033FF0146204604F0EBF804F085F9A8607C
:1084D000BDE8F883206CC0F3080003F0D5FF3946EF
:1084E00003F022FF4FF07E5103F01EFF3146044699
:1084F000154804F0D5F8B5E7206CC0F3080003F088
:10850000C3FF394603F010FF4FF07E5103F00CFF1C
:10851000314604460D48ECE7206CC0F3080003F038
:10852000B3FF394603F000FF4FF07E5103F0FCFE2D
:10853000314604460648DCE7C5E90000C7E700BF4E
:10854000004402580090D0030024744C20BCBE4B61
:108550000024744A2DE9F843574C0546A36AA26AE1
:10856000D4F82C9012F47C7FC2F30510676B00F0F6
:108570009F8003F00308C7F3CC0703F085FF06468E
:1085800009F00100784303F07FFF4FF0645103F0DE
:10859000D3FFB8F1010F074658D0B8F1020F67D0EA
:1085A000B8F1000F74D123689B0671D52368434846
:1085B000C3F3C103D4F83080D84003F065FF3146DF
:1085C00004F06EF80446C8F3080003F05DFF394676
:1085D00003F0AAFE4FF07E5103F0A6FE364E014690
:1085E000204603F0A9FF0446306BC0F3462003F099
:1085F0004BFF4FF07E5103F097FE0146204604F0FA
:108600004FF804F0E9F82860306BC0F3064003F03F
:108610003BFF4FF07E5103F087FE0146204604F0F9
:108620003FF804F0D9F86860306BC0F3066003F0DF
:108630002BFF4FF07E5103F077FE0146204604F0F9
:108640002FF804F0C9F8A860BDE8F883206BC0F3E8
:10865000080003F019FF394603F066FE4FF07E5123
:1086600003F062FE31460446154804F019F8B5E7F8
:10867000206BC0F3080003F007FF394603F054FEF7
:108680004FF07E5103F050FE314604460D48ECE7B2
:10869000206BC0F3080003F0F7FE394603F044FEF8
:1086A0004FF07E5103F040FE314604460648DCE7B9
:1086B000C5E90000C7E700BF004402580090D0039E
:1086C0000024744A20BCBE4B0024744C1FB5A0F596
:1086D00080730B4315D19C4B1A6D02F00702042ADC
:1086E0002DD8DFE812F01C00E00005004F0141002A
:1086F000186810F0005000F0DE8001A8FFF76EFE51
:10870000D8E0A0F500730B431BD18F4B1A6D02F418
:10871000E072802AECD00CD8002A40F0C48018689F
:1087200010F0007000F0C78001A8FFF713FF029857
:10873000C1E0C02A00F02681B2F5807F14D000206D
:10874000B9E0A0F580630B432ED17F4B9A6D02F404
:108750006002B2F5800FCBD0DED9B2F5C00F00F0C9
:108760001181B2F5000FE9E7DA6C196802F04052A6
:10877000480706D52AB91B68C3F3C1037348D8401C
:1087800099E0714B1968C90503D5B2F1805F00F01B
:10879000FB80186810F4003000F08D80B2F1005FAB
:1087A0006B4818BF002086E0A0F500630B431FD183
:1087B000654B9A6D02F0E062B2F1007F98D0ABD9C0
:1087C000B2F1407F00F0DE80B2F1806FB7D1DA6C99
:1087D000196802F040521B68480701D5002ACBD027
:1087E000D90503D5B2F1805F00F0CE80564BD0E7BB
:1087F000A0F580530B430FD1534B1A6D02F4E042A6
:10880000B2F5005F3FF474AF86D9B2F5405F00F077
:10881000B980B2F5804FD9E7A0F500530B4331D1B1
:10882000494A136D03F4E023B3F5403F7FD00DD8E0
:10883000B3F5803F16D0B3F5003F1BD0002B7FF47B
:108840007EAF05B05DF804EBFEF798BDB3F5802F61
:1088500073D0B3F5A02F7FF472AF10683C4B10F4C7
:1088600000306EE0106810F0006024D001A8FFF71F
:10887000F9FC5CE7106810F000501CD001A8FFF76D
:10888000ADFD54E7A0F500230B431FD12E4B9A6D8D
:1088900002F44032B2F5803F0FD0B2F5003F96D0DF
:1088A000002A7FF44CAF186810F0006003D001A8D4
:1088B000FFF7D8FC019805B000BD186810F0005013
:1088C000F9D001A8FFF78AFD0398F4E7A0F58033FB
:1088D0000B430CD11C4BDA6CD2037FF520AF186828
:1088E00010F00060E7D001A8FFF7BCFCECE7A0F5B2
:1088F00080430B4330D1144A936D03F0E043B3F14E
:10890000405F14D00DD8B3F1805FABD0B3F1005FFE
:10891000B0D0002B7FF413AF05B05DF804EBFFF788
:108920008FBCB3F1804F08D0B3F1A04F93E710682C
:1089300010F00400BFD013681EE71068054B10F458
:10894000807018BF1846B6E7004402580090D00364
:1089500040787D0100093D00A0F5004008437FF408
:10896000EEAE0A4A136D03F04053B3F1805F07D0B7
:10897000B3F1005F3FF476AF002B7FF4E0AE6CE71D
:108980001068CDE6024896E7024894E70044025892
:108990000080BB0000093D00036859699A6942F0F4
:1089A00008029A619A6942F010029A611A6822F0EC
:1089B00001021A601A6922F45B7222F003021A6142
:1089C0009A6822F440429A6090F88120042A0BD0E1
:1089D0008A0609D5D0F8842042F08002C0F88420AD
:1089E0009A6942F020029A6190F88120032A0BD004
:1089F0004A0609D5D0F8842042F00402C0F8842049
:108A00009A6942F040029A618A0509D5D0F884201B
:108A100042F00102C0F884209A6942F400729A611F
:108A2000CA0509D5D0F8842042F00802C0F8842095
:108A30009A6942F480729A610023A0F86230A0F82B
:108A40006A30704770470000F8B5044608B9012045
:108A5000F8BD0368974A934216D0A2F57842934234
:108A600012D002F5806293420ED002F57842934212
:108A70000AD002F5E052934206D08F4A934203D0C7
:108A8000FE218E48F9F734FD636833F4800303D088
:108A9000FF218A48F9F72CFDA36833F4C02304D0E2
:108AA0004FF480718548F9F723FDE368033B1C2BE5
:108AB00004D940F201118148F9F71AFDE36B33F054
:108AC00060030CD0802B0AD0B3F5807F07D0B3F5BC
:108AD000C07F04D04FF481717848F9F709FDA3698C
:108AE00033F0806207D0B3F1005F04D040F203118D
:108AF0007248F9F7FDFC636B33F0804304D04FF408
:108B000082716E48F9F7F4FCE36933F0405307D003
:108B1000B3F1804F04D040F205116848F9F7E8FC42
:108B2000236A33F4000304D04FF483716348F9F7E8
:108B3000DFFC636A73B9236933F0007340F0A580EA
:108B4000636933F0807310D040F20B115B48F9F782
:108B5000CFFC0AE0B3F5002F07D040F207115748C9
:108B6000F9F7C6FC636A002BE5D02268002351495F
:108B7000A3628A42E3680AD0A1F578418A4206D00E
:108B800001F580618A4202D00F2B3FF660AFE16BA6
:108B900008334909DB0801FB033346498A427AD08E
:108BA000A1F578418A4276D001F580618A4272D07F
:108BB000082B3FF64CAF94F8813003F0FF0223B945
:108BC000204684F88020FFF73DFF22680223616879
:108BD00084F881301368A66B23F001031360936857
:108BE00003F4F81CA369B3F1806F04D1B1F5800FD1
:108BF00053D1002E56D011F48000E568176856D086
:108C0000062D54D927F4807E276D4EEA070717609A
:108C10000B43E76933433D43A76A3D43E76B3D435D
:108C200045EA0C059560656B2B43656A2B43256906
:108C30002B4365692B43256A2B43E56C2B43A568C1
:108C40002B43A56C2B43A56D2B43D36059B9936877
:108C500023F4C05343F400639360936823F4C06328
:108C600043F480639360136D23F00103136528B10F
:108C7000D368616D23F000430B43D36000200123D0
:108C8000C4F8840084F88130E2E64FF485710B4823
:108C9000F9F72EFC54E7102B8BE70029ABD1B6F186
:108CA000805FA8D1106840F480501060A3E727F4DB
:108CB0008077ACE7003001400014005865CD000813
:108CC0002DE9F84F1D46836804460E461746DDF829
:108CD0002890D0F800B0D0F83C8023B140F2525137
:108CE000A248F9F705FCFBF7A1FF94F88130824612
:108CF000012BD8B240F08C81002E00F09B80002F19
:108D000000F09880002D00F0958094F88030012BC1
:108D100000F07E81052384F880004FEA58186766CA
:108D200084F881300023A4F8685008F10108C4F8E1
:108D30008430A4F86A501FFA88F8A4F86250E665F7
:108D4000A4F86050C4E91C332368DA6822F4C02216
:108D5000DA60874A93423DD0A2F57842934239D0F7
:108D6000844FBB420CBF102708275A686FF30F02CD
:108D70002A435A601A6842F001021A606268B2F52A
:108D8000800F03D11A6842F400721A60E3680F2B57
:108D900052D9BF082E4645EA06039BB2002B55D098
:108DA00023685A69920724D51DB3EA19964213D352
:108DB0005A695969C80720D51A6B636E43F8042BAA
:108DC0006366B4F86A30013BA4F86A30B4F86A60AC
:108DD000B6B2E0E71027C8E7E26D52F8041B19624B
:108DE000E265B4F86220013AA4F86220B4F8625057
:108DF000ADB25A69002ECED0DBE7464501D2110450
:108E0000DAD4FBF713FFA0EB0A004845C8D3B9F149
:108E1000FF3FC5D02046FFF7BFFDD4F884300320C4
:108E200043F48073C4F88430012384F88130002334
:108E300084F88030BDE8F88F072B40F2D5807F089A
:108E40002E4645EA06039BB2002B49D123685B6995
:108E50001B0740F1CB802046FFF79EFD012384F8DD
:108E600081300023D4F8840084F88030C01A18BF01
:108E70000120DFE7E26D32F8021BABF82010E2655B
:108E8000B4F86220013AA4F86220B4F86250ADB29E
:108E90005A69002ED5D02DE0464514D2100412D5C3
:108EA000BBF83020636E1A800433BBF8302023F8FF
:108EB000022C6366B4F86A30023BA4F86A30B4F856
:108EC0006A60B6B2BDE7012E01D1910415D4FBF75B
:108ED000ADFEA0EB0A00484502D3B9F1FF3F99D19E
:108EE00023685A699207D3D5002DD1D0EA1996424A
:108EF000C0D35A695B69DB07CED5BBF83020636EFF
:108F000023F8022B6366B4F86A30013BD5E7464587
:108F100032D2110430D593F83030626E1370636E24
:108F20005A1C6266226892F830205A70636E5A1C8E
:108F30006266226892F830205A70636E5A1C62662C
:108F4000226892F830205A70636E01336366B4F879
:108F50006A30043BA4F86A30B4F86A60B6B245EAF5
:108F600006039BB2002B3FF471AF14E065CD0008FF
:108F700000300140003C0040032E02D812F4C04FE4
:108F800027D1FBF753FEA0EB0A00484503D3B9F104
:108F9000FF3F7FF43FAF23685A69920712D58DB126
:108FA000EA1996420ED2E26D127883F82020E36D22
:108FB0000133E365B4F86230013BA4F86230B4F8E1
:108FC0006250ADB223685A69002EC8D05969C807EB
:108FD0009DD593F83030626E1370636E0133636613
:108FE000B4F86A30013BB5E72E46B8E7FBF71EFE42
:108FF000A0EB0A0081453FF629AFB9F1FF3F3FF4EE
:1090000025AFD4F8843043F02003C4F8843022E73D
:1090100002200FE7D0F884007047026852E8003F52
:1090200023F4907342E8003102680029F5D102F17F
:10903000080353E8003F23F0805302F1080C23F0AB
:1090400001034CE800310029F1D1C36E012B07D197
:1090500052E8003F23F0100342E800310029F7D125
:109060002023C0F88C300023C366436770477047E5
:109070004268A34B9A42F0B5044687B004D940F643
:10908000D831A048F9F734FAA368B3F1805F07D06C
:1090900033F4805304D040F6D9319A48F9F728FACE
:1090A0002168994AE368914273D133F4005304D0A4
:1090B00040F6DC319348F9F71BFA236933F48062F8
:1090C00007D0B3F5C06F04D040F6E4318D48F9F70E
:1090D0000FFA636933F00C0200D123B940F6E53191
:1090E0008848F9F705FAA36933F4407304D040F6D1
:1090F000E6318448F9F7FCF9E36933F4004304D01E
:1091000040F6E7317F48F9F7F3F9636A0B2B04D98E
:1091100040F6E8317B48F9F7EBF92169A26823684A
:109120000A4361691D68E0690A437849024329409E
:109130000A43E1681A605A6822F440520A43A1695E
:109140005A60714A93421CBF226A11439A6822F006
:109150006E4222F430620A43616A9A60DA6A22F04F
:109160000F020A43DA626A4A934221D1694B5B6D6E
:1091700003F03803182B00F037814BD8082B00F090
:109180002B81102B00F02081002B00F01781012093
:1091900078E033F4405304D04FF43E615948F9F776
:1091A000A7F9236A33F4006387D040F6E13181E701
:1091B000594A93420DD1574B5B6D03F00703052BC2
:1091C000E5D8DFE813F07D000901010111012E014E
:1091D0002C00524A9342EED0514A9342EBD0514A6E
:1091E0009342E8D0504A9342C0D0504A9342E2D0D2
:1091F0004F4A9342DFD0444A9342C8D102F50E321F
:10920000936D03F00703052BC1D8DFE803F0364365
:10921000484D570F202B00F00481282BB7D1B0F513
:10922000004F00F0A9804FF40040EAE04FF4004006
:10923000404B626A656833F8122005EB4501B0FBCC
:10924000F2F39942A3D8B3EB053FA0D800234FF423
:109250008077194603F0E0FA0023064668081946AD
:109260002A46E6FB070103F0D7FA334BA0F540721C
:109270009A428CD82368D86003E0FEF7E1FF00280B
:10928000D6D100204FF00113A3660023C4E91D339B
:1092900007B0F0BD6846FEF7E5FF0198EFE703A8C9
:1092A000FFF79CF80498EAE71368244813F0200FAE
:1092B000BED01368C3F3C103D840B9E72048B7E76D
:1092C000B0F5004F74D10023082B3FF660AF01A228
:1092D00052F823F0459300084F9300088F9100083F
:1092E0008F910008559300088F9100088F91000816
:1092F0008F9100085F9300080823E5E70423E3E764
:1093000020BCBE008ACD0008000C0058F369FFCFD6
:109310000010014000440258004400400048004052
:10932000004C004000500040001401400078004014
:10933000007C004098CE0008FFFC0F000090D00396
:1093400000093D00FEF71AF800289AD014E0FEF755
:1093500027F8F9E76846FEF785FF0198F4E703A8C8
:10936000FFF73CF80498EFE712F0200F2F4803D0E6
:109370001B68C3F3C103D8402D4B626A616833F8A0
:1093800012204B08B0FBF2F203EB42034FF6EF72F0
:10939000B3FBF1F3A3F1100191423FF6F8AE23F0D5
:1093A0000F02C3F34203216813439BB2CB6068E70B
:1093B000FDF7E4FF00283FF464AF22E0B0F5004F72
:1093C000C5D0FDF7EDFFF5E7B0F5004F94D003A849
:1093D000FFF704F80498EDE7B0F5004F8ED068462B
:1093E000FEF740FF0198E5E7124BB0F5004F1A6811
:1093F000BAD012F0200F0D4803D01B68C3F3C1038D
:10940000D840616A0A4A636832F81120B0FBF2F072
:1094100000EB5300B0FBF3F04FF6EF73A0F1100236
:1094200026E7B0F5004F0448EBD1A5E70090D00344
:1094300098CE00080044025800093D00836AFF2BC3
:1094400010B5044604D940F6D6416A48F9F750F8F9
:10945000A36A18070FD5A36B33F4004304D040F67A
:10946000DB416448F9F744F82268A16B536823F4A0
:1094700000430B435360A36AD9070FD5E36A33F463
:10948000003304D040F6E2415A48F9F731F8226837
:10949000E16A536823F400330B435360A36A9A07CD
:1094A0000FD5236B33F4803304D040F6E9415148A3
:1094B000F9F71EF82268216B536823F480330B43BD
:1094C0005360A36A5B070FD5636B33F4802304D02A
:1094D0004FF44F614748F9F70BF82268616B536806
:1094E00023F480230B435360A36AD8060FD5E36BA4
:1094F00033F4805304D040F6F7413E48F8F7F8FFC4
:109500002268E16B936823F480530B439360A36A52
:1095100099060FD5236C33F4005304D040F6FE4176
:109520003448F8F7E5FF2268216C936823F4005370
:109530000B439360A36A5A0648D523682E4A934288
:1095400020D0A2F54C4293421CD002F58062934297
:1095500018D002F58062934214D002F580629342E3
:1095600010D002F5444293420CD0A2F51C42934223
:1095700008D002F58062934204D040F605511D48A0
:10958000F8F7B6FF636C33F4801304D040F606514D
:109590001848F8F7ADFF2168626C4B68B2F5801F80
:1095A00023F4801343EA02034B600FD1A36C33F41E
:1095B000C00304D040F60B510E48F8F799FF22681B
:1095C000A16C536823F4C0030B435360A36A1B06CA
:1095D0000FD5E36C33F4002304D040F61351054853
:1095E000F8F786FF2268E16C536823F400230B43ED
:1095F000536010BD8ACD0008001001402DE9F843EA
:10960000089F04460E46904699462268D36936EA7A
:1096100003030CBF01230023434501D000201FE0BA
:10962000791CF3D0FBF702FBA0EB0900B84227D866
:1096300037B3206803685A07E7D5802EE5D0402E5F
:10964000E3D0C56915F008050CD008250562204651
:10965000FFF7E3FC00230120C4F8905084F8843025
:10966000BDE8F883C3691B05CFD54FF400630362DF
:109670002046FFF7D2FC202384F88450C4F89030B1
:109680000320EDE773B500260446C0F89060FBF7B1
:10969000CDFA236805461B681A071CD56FF07E4378
:1096A00032464FF40011009303462046FFF7A6FF11
:1096B00088B1226852E8003F23F0800342E800317D
:1096C0000029F6D12023C4F888300320002384F831
:1096D000843002B070BD23681B685B0724D56FF02F
:1096E0007E4300224FF48001204600932B46FFF773
:1096F00085FFC8B1226852E8003F23F4907342E826
:10970000003122680029F5D102F1080353E8003F37
:1097100023F0010302F1080040E800310029F3D1F1
:109720002023C4F88C30D0E720230020C4F88830F0
:10973000C4F88C30E0662067C8E7000010B5044626
:10974000002879D0816903683C4A002951D09342AE
:1097500023D0A2F54C4293421FD002F5806293427F
:109760001BD002F58062934217D002F580629342CB
:1097700013D002F5444293420FD0A2F51C4293420B
:109780000BD002F58062934207D02D4A934204D059
:109790004FF49F712B48F8F7ABFED4F8883023B90B
:1097A000204684F88430FFF762FC24232268C4F842
:1097B0008830136823F001031360A36A13B12046B5
:1097C000FFF73CFE2046FFF753FC012834D0236806
:1097D00020465A6822F490425A609A6822F02A027F
:1097E0009A601A6842F00102BDE810401A60FFF763
:1097F00049BF9342D1D0144A9342CED002F5806241
:109800009342CAD002F580629342C6D002F58062CC
:109810009342C2D002F544429342BED0A2F51C420C
:109820009342BAD002F580629342B6D0044A934282
:10983000B3D040F24311ADE7012010BD001001404C
:10984000000C00588ACD000800440040436E30B53B
:109850002BB90123A0F86A30A0F8683030BD036846
:10986000094D9A689968094CC2F34262490F6B5CD2
:10987000615C1B01B3FBF1F3A0F86A30AB5CA25C46
:109880001B01B3FBF2F3E7E7B8CE0008B0CE000847
:109890000368234A934210B5044620D0A2F54C42F7
:1098A00093421CD002F58062934218D002F5806288
:1098B000934214D002F58062934210D002F54442E4
:1098C00093420CD0A2F51C42934208D002F580626C
:1098D000934204D040F20B211248F8F709FE94F8A5
:1098E0008430012B19D024232046C4F88830236803
:1098F0001A68196842F0005221F0010119604FF016
:10990000005161661A60FFF7A1FF2023C4F8883078
:109910000023184684F8843010BD0220FCE700BF05
:1099200000100140B0CD0008817821B1437813B90F
:10993000007800F00DBE0020704737B5457802462C
:109940000B468DB98468917800782CB90C3200945C
:1099500000F0B4FE03B030BD002B009514BF2246CA
:10996000002200F011FEF5E70020F3E743781BB971
:109970008178007800F0FABD7047000013B599B9FE
:109980000124084601A9ADF8044000F0EFFB40B9FE
:109990004FF0E023D3F8F03DDA0700D500BE02B067
:1099A00010BD0D4B1C70FAE7012801D80B7843B9A4
:1099B0004FF0E023D3F8F03DDB0700D500BE0020D8
:1099C000EDE7054C012B235401D00120E7E700F01F
:1099D000CDFB0028F9D1EBE710610020012805D864
:1099E000034A135C012B01D102F04EB9704700BF4E
:1099F000106100200378024613F0050009D11378A6
:109A000013F0050F06D11378012043F004031370FF
:109A10007047002070470278034602F00502042ACE
:109A20000CBF0120002003D11A7802F0FB021A704B
:109A30007047F0B5059CBDF818502544AC4223D2C0
:109A400026782644B5421FD36678052E09D1A6781C
:109A500006F00F07F60901EB4707B855267834449E
:109A6000ECE7042EFAD1E678002EF7D1A6789E42D4
:109A700008D34FF0E023D3F8F03DDB0700D500BE5C
:109A80000020F0BD9055E9E70120FAE710B5044643
:109A900008460299BDF80C2049B152B1607004F13A
:109AA0000C0000F0F5F8049B0120A36010BD0846EF
:109AB000FCE71046FAE7828A38B5C38A92B20446B8
:109AC0009BB29A4201D0002038BD0029FBD0838888
:109AD000013B13EA0105F6D1FFF726FF0028F2D07B
:109AE00029462046FFF729FF0028EDD14FF0E0235B
:109AF000D3F8F03DDB07E6D500BEE4E738B5838A4E
:109B00000446C28A9BB2018A92B29342B6BFC2EBAC
:109B100041029B1A9B189BB2994228BF194601B378
:109B2000FFF702FFE8B1A168E9B9A38AE28A9BB214
:109B3000258A92B29342B6BFC2EB45029B1A9B188C
:109B40009BB29D4228BF1D46BDB129462046FFF766
:109B5000F4FE80B94FF0E023D3F8F03DDB0700D5E9
:109B600000BE002038BD0023E28804F10C0000F0A4
:109B700067F90546E8E72846F4E72046FFF7F6FED2
:109B8000EFE738B504461046F2B1002392B204F173
:109B90000C0000F06AF9A38AE28A05469BB2218A8A
:109BA00092B29342B6BFC2EB41029B1A9B18A288A5
:109BB0009BB28B4228BF0B469A4201D98A4202D9F6
:109BC0002046FFF79BFF284638BD38B5838A0546F7
:109BD000C18A9BB2028A89B28B42B6BFC1EB4201F5
:109BE0005B1A5B189BB29A428CBFD21A0022838800
:109BF00088BF92B293422AD8FFF796FE38B3AB8A59
:109C0000EA8A9BB2298A92B29342B6BFC2EB410262
:109C10009B1A9B189BB299428CBFC91A0021AB8832
:109C200088BF89B28B4216D85B42284601EA0304FA
:109C3000EB889C4228BF1C462146FFF77EFE40B9B8
:109C40004FF0E023D3F8F03DDB0700D500BE002045
:109C500038BD2046FCE72846FFF788FEF7E738B511
:109C600092B2044600230C3000F0EAF80546204684
:109C7000FFF7ABFF284638BD0A4492B2914202D8A2
:109C8000B2EB400F02DBA2EB400292B210467047EB
:109C9000B2F5004F10B54FF0000406D844810160C2
:109CA000828083710481012010BD2046FCE70023DF
:109CB00043810381704783798B4218BF817170475C
:109CC00013B5044693B11B78934209D932B10023EE
:109CD00001A8019302F00CFB019B236002B010BDB0
:109CE0000868D21A194492B22060EDE70423EBE72A
:109CF00013B50446084683B11B78934207D922B1B5
:109D0000236801A9019302F0F3FA02B010BD2168A3
:109D1000D21A016092B21844EFE70423EDE72DE96F
:109D2000F04F85B00F4684888046BDF83810DDF8C6
:109D30003C90581A85B200EB440080B28B42B8BF09
:109D400005461DB3AC4207D29C42254694BF1B1B5F
:109D50001B1999B2A8F80A10AA4228BF2A4695B240
:109D60008C4217D9661A2C1BD8F800A00C44B6B246
:109D70000AEB010BA4B2B9F1000F4FD0B5420CD8D9
:109D80004B462A4659463846FFF79AFF284605B003
:109D9000BDE8F08F091B89B2E2E799F800803846E8
:109DA0004B465946C8F1000232400192FFF788FF46
:109DB00008F1FF30304010F0FF0024D0A8EB00087D
:109DC000019A03A900231FFA88F85A440E46A045B9
:109DD00028BFA046013312F801CBDBB206F801CB55
:109DE0009842F7D15FFA88F2534646185AFA88F833
:109DF00043450ED196B24B4602443846A41BB244AA
:109E0000FFF75EFFA4B2002CC0D04B46224651465D
:109E1000B9E713F801CB06F801CBE9E7B54205D85D
:109E20002A465946384602F063FAAFE732465946A9
:109E3000384602F05DFA2246D8F80010B819F2E769
:109E400073B5068904464589ADB2CDE90053B3B276
:109E5000FFF765FF61890346024689B2A088FFF7D4
:109E60000BFF6081184602B070BD2DE9F04F074628
:109E700087B088461546002A31D006898279418903
:109E8000B6B2848889B272BB8E42B6BFC1EB4401C0
:109E9000711A891989B2A14280F0A480611A89B22D
:109EA0008D4228BF0D463246A2423AD2A4EB020BA5
:109EB0002C1B396814441FFA8BFB01EB020AA4B275
:109EC000002B7DD05D452FD82A4651464046FFF7EE
:109ED0000FFF2A463146B888FFF7CEFE3881284664
:109EE00007B0BDE8F08FA54209D32D1B4544002BD8
:109EF00008BFA846002C77D00E462546D3E78E42F1
:109F0000B6BFC1EB4402721A921992B22A44B2EB64
:109F1000440FC8DB621B204692B2FFF7ADFE064637
:109F2000C1E7121B92B2BFE793F80090514640463A
:109F3000C9F100020BEA0202CDE90123FFF7D8FEC6
:109F400009F1FF32029B02EA0B0B1BF0FF0B35D02D
:109F5000A9EB0B024046039392B2A24228BF2246CD
:109F6000D1B25BFA82F20291894605A9FFF7C0FEE1
:109F7000019B05A900229A44039B0846013210F870
:109F800001CBD2B20AF801CB9345F7D15944002056
:109F90005FFA80FCDDF808E03A68F44508D3A4EBEA
:109FA000090402EB0901A4B2002C92D022468DE7ED
:109FB00011F801CB02F800C00130E9E73968F3E796
:109FC0005D4505D82A464146504602F091F980E7A2
:109FD0005A464146504602F08BF9224608EB0B01E7
:109FE0003868F2E700257AE7254678E770B50489F6
:109FF0004389A4B285889BB29C42B6BFC3EB45029D
:10A00000E21A121992B2954205D2A5420AD8631BF0
:10A010002A469BB24381BAB90A800A814A6000206D
:10A02000C86070BD2B192A469BB243819D420ED950
:10A030000068A34200EB03064E600BD200230A80A7
:10A040000B81ECE7641BA4B2A542FBD9EEE75B1BD6
:10A050009BB2EBE7521BEC1A13440C800B81DFE739
:10A0600000207047F8B506460024184D184F29788F
:10A07000E2B24B1CDBB2934210D8502200211548AB
:10A0800002F0B5F81022FF21134802F0B0F81222B6
:10A09000FF211248BDE8F84002F0A9B891420BD95F
:10A0A0003B68242101FB023343B94FF0E023D3F88E
:10A0B000F03DDB0707D4F8BDF7D1094BDB6830462C
:10A0C00001349847D3E700BEF5E700BFD861002010
:10A0D000DC610020246200203F6200204F620020EB
:10A0E000C0CE00080346034A10780BB101F0B6BB9E
:10A0F00001F0CABB30000020024A0B461161012169
:10A10000184700BF24620020704770470020704746
:10A1100000207047002070470023037018467047E6
:10A12000024B187E003818BF0120704724620020BF
:10A13000024B987D003818BF012070472462002030
:10A1400008B5034B187801F0CBFB012008BD00BF18
:10A1500030000020024B1878FF3818BF01207047EC
:10A160003000002008B501F06DFB08BD2DE9F04777
:10A17000DFF8A08005460F4698F80030FF2B44D149
:10A1800049B94FF0E023D3F8F03DDB0700D500BE1E
:10A190000020BDE8F087502200211F48002402F073
:10A1A00026F81E4B1E481F4E1C70FFF780FD1E4BED
:10A1B00030461E4ADFF878901A60FFF7ADFF33781B
:10A1C000C9F80000FF2BDCD04FF0240A0CE09142CC
:10A1D0001DD9D9F800300AFB0233002BD1D05B68BF
:10A1E000002BCED0013498473178E2B24B1CDBB261
:10A1F0009342ECD83946284688F8005001F080FB9D
:10A200000028BED0284601F029FB0120C1E7B8D1C3
:10A21000084BE4E730000020246200202062002088
:10A220001C000020D86100201461002014000020D0
:10A23000DC610020C0CE00082DE9F041214C06462B
:10A240002378FF2B2FD0204B1D7E01F01DFB3046C5
:10A2500001F046FB304601F0D3FB68BB4FF0E02332
:10A26000D3F8F03DDB0700D500BEBDE8F081914298
:10A270001BD9D8F80030242101FB0233BBB90136C9
:10A280003978F2B24B1CDBB29342F0D85022002155
:10A290000D4801F0ACFF0D4B00221A60FF23237024
:10A2A0000DB1F9F745FF0120DFE7E8D1084B9B68C6
:10A2B000002BE4D09847E2E70026064FDFF818802D
:10A2C000DEE700BF3000002024620020146100207F
:10A2D000C0CE0008D8610020DC610020704700007B
:10A2E0002DE9FF41437804460D46023B052B0DD86E
:10A2F000DFE813F006009B0024002A00B000B50040
:10A30000724B00221A751A765A759A75704B1E6830
:10A3100015B93368284698470023B288214606F1CC
:10A320000800FFF7A2FD074615B9336801209847DA
:10A33000002F67D02A466178207888E0634B1A7D29
:10A34000002A66D00122E0E7604B1A7D002A60D027
:10A350000022DAE791425FD9D8F80030242101FBCE
:10A360000233002B5AD101363978F2B24B1CDBB2E2
:10A370009342EFD8554FBB7D33B30023CDE9013372
:10A38000BB75039323788DF8043005238DF80530D1
:10A390004F4B1E6815B93368284698470023B2888A
:10A3A00001A906F10800FFF760FD804615B9336882
:10A3B00001209847B8F1000F3CD14FF0E023D3F8CB
:10A3C000F03DD90700D500BEBB7EDA0721D5237842
:10A3D0008DF8043003238DF80530636802933C4BFD
:10A3E0001C6815B92368284698470023A28801A94C
:10A3F00004F10800FFF739FD064615B9236801206E
:10A400009847FEB94FF0E023D3F8F03DDB0700D5C5
:10A4100000BE04B0BDE8F081A5D12E4B1B6A002B15
:10A42000A1D06168207898479DE700262A4FDFF881
:10A43000AC8099E72A469DF805109DF80400FFF7C7
:10A4400063FEC1E72A469DF805109DF80400FFF75A
:10A450005BFEDEE7224A13780133137056E7017979
:10A4600011F00F023FF452AF184E06EB420303EB1C
:10A47000D11393F82B00184B1B78984222D2174B1C
:10A4800024271B6807FB0033002B3FF43FAFDF6935
:10A49000002F3FF43BAF06EB420606EBD11696F8D1
:10A4A0003D3003F0FA0386F83D30A36862792078E6
:10A4B000B8470028ADD196F83D3043F0050386F843
:10A4C0003D3023E77FF422AF024BE0E72462002017
:10A4D00014610020C0CE0008D8610020DC6100209B
:10A4E0002062002010B5054C18B963680BB92368C9
:10A4F000984763680133636010BD00BF28000020E7
:10A50000054A536833B1013B536018B913B9136856
:10A5100001201847704700BF280000208B7803F007
:10A520000F03082B08D94FF0E023D3F8F03DDB07E9
:10A5300000D500BE002070478B88C3F30A03002BB0
:10A54000F1D0024B187801F07FBA00BF3000002034
:10A55000CB0901F00F02044800213D3303EB420315
:10A560001844FFF747BA00BF24620020CB0901F06E
:10A570000F02044800213D3303EB42031844FFF768
:10A580004ABA00BF2462002013B501F00F00144C3A
:10A5900004EB400404EBD11494F83D00C00709D546
:10A5A0004FF0E023D3F8F03DDB0700D500BE0020DC
:10A5B00002B010BD94F83D0040F0010084F83D0069
:10A5C0009DF8100000900748007801F0ADFA0028CF
:10A5D000EED194F83D3003F0FA0384F83D30DFE724
:10A5E0002462002030000020084B07B5DA885AB1F9
:10A5F000197881F0FF0101F0800100231A460093D1
:10A60000FFF7C2FF03B000BD8021F6E724620020FF
:10A61000164B37B599890546DA8993F900008C1AEB
:10A62000A4B2402C28BF402400280BDA91420FD05E
:10A6300099680F48814203D0B1B1224601F058FE1B
:10A64000802103E091424FF000010BD0084A01E065
:10A65000802100220023284600932346FFF794FF21
:10A6600003B030BD0A46F5E70846F9E7246200204A
:10A67000E061002013B5104CE188A2608B4228BF36
:10A680000B46A38189B14BB142B94FF0E023D3F817
:10A69000F03DDB0700D500BE002004E0FFF7B8FF67
:10A6A0000028F2D0012002B010BD0B460A460091EE
:10A6B0008021FFF769FFF3E72462002013B501F062
:10A6C0000F00144C04EB400404EBD11494F83D004B
:10A6D000C00709D54FF0E023D3F8F03DDB0700D5E4
:10A6E00000BE002002B010BD94F83D0040F0010013
:10A6F00084F83D009DF8100000900748007801F0B4
:10A7000063FA0028EED194F83D3003F0FA0384F8A0
:10A710003D30DFE72462002030000020094B10B5F7
:10A720000C46187801F07EFA074B04F00F0203EB99
:10A73000420303EBD41191F83D3043F0030381F859
:10A740003D3010BD3000002024620020094B10B5C0
:10A750000C46187801F078FA074B04F00F0203EB6F
:10A76000420303EBD41191F83D3003F0FC0381F870
:10A770003D3010BD300000202462002001F00F02A7
:10A78000044B03EB420303EBD11393F83D00C0F3FA
:10A790004000704724620020A64B2DE9F04F1B7843
:10A7A00089B0FF2B00F0C1824FF0080AA24B0020B5
:10A7B0001C68236898470023A28805A904F10800B3
:10A7C000FFF73EFB0546236801209847002D00F067
:10A7D000AC829DF81530013B072B00F23D82DFE88B
:10A7E00013F008001400D502BB02C6021B001D02B4
:10A7F000CE029DF81400FFF735FC9DF818208F4B12
:10A800005A76BAF1010AD1D18FE29DF81400FFF710
:10A8100029FCF9F78DFCF4E7894B1A78002AF0D06F
:10A820001A78013A1A701A7802F0FF03002AE8D168
:10A83000824C01269DF814502675236184F83D3022
:10A8400084F83E30DDE90601C4E9023384E8030000
:10A85000227802F06003602B07D14FF0E023D3F899
:10A86000F03DD80728D500BE26E0402B09D1754B16
:10A870002246314628462361FFF7F2FB0028C0D16B
:10A880001AE002F01F02012A00F05481022A00F0AF
:10A890007C81002AE1D1202B20D123790F2B0BD8EA
:10A8A0002344DA7E684B1B789A4210D2674B2421EE
:10A8B0001B6801FB023363B900219DF8140001F00D
:10A8C000B1F980219DF8140001F0ACF999E7F3D1BA
:10A8D0005F4B59692846FFF70FFCCFE7002BBCD12F
:10A8E0006378092BB9D801A252F823F02BAB0008EA
:10A8F0001BAB00085BA8000809AB00085BA80008B8
:10A9000015A9000863AA00085BA8000823A900088D
:10A9100039A90008A178284601F03CF901236375A4
:10A920006FE7237E8DF8123001230DF112024349A7
:10A930002846FFF79FFE64E7A678237E9E4210D04C
:10A940005BB10021284601F065F8284601F09CF82B
:10A95000677E2846FFF786FB6776267636B9F9F7D5
:10A96000E7FB36492846FFF73FFE4AE7701EC0B2B4
:10A97000F9F730FA10B14378022B08D04FF0E023FA
:10A98000D3F8F03DDD0767D40023237665E7C3796C
:10A9900000F10907E27D9B1163F30002E275438831
:10A9A000C618BE425AD93B783B449E4256D37A7869
:10A9B0000B2A01D11F46F4E7042ADFD1F21B002342
:10A9C000DFF884B092B29BF800005FFA83F8411C74
:10A9D000C9B24145D2D9404526D91C49242009682D
:10A9E00000FB08110029C9D0D1F81090284639463B
:10A9F00003930292C84708288146DDE9022316D94D
:10AA0000824214D31023134ACDE90070D118404676
:10AA1000FFF70FF80028B1D09BF800304F44013306
:10AA2000DBB24345BDD8A9E7A8D10949DCE701332A
:10AA3000C9E700BF3000002014610020246200201C
:10AA40002062002061A00008D8610020DC610020A5
:10AA5000C0CE00083F62002000BE95E7F9F75EFB1C
:10AA60007FE76088030AC0B25A1E0E2A3FF624AF61
:10AA700001A151F822F000BFB5AA0008D7AA00082A
:10AA8000F1AA0008B9A80008B9A8000803AB00089B
:10AA9000D7AA0008B9A80008B9A80008B9A80008F2
:10AAA000B9A80008B9A80008B9A80008B9A8000802
:10AAB000CDAA0008F9F78AF9024600283FF4CDAE86
:10AAC0001223A0492846FFF7D5FDD7E6FFF71EFB66
:10AAD000024640B9F0E6022B07D1F9F77BF90246AE
:10AAE00000283FF4BAAE5388EBE7FFF713FBEFE71C
:10AAF000A188F9F777F9024600283FF4DDAE037824
:10AB0000DFE7FFF705FBF6E76388012B7FF4D4AEA0
:10AB1000E37D43F00203E37523E76388012B7FF4B1
:10AB2000CBAEE37D23F00203F5E7E37DADF8123011
:10AB30000223FAE623790F2B3FF6BEAE2344DA7EDA
:10AB4000814B1B789A421CD2804B24211B6801FB4D
:10AB50000233002B3FF4B0AE59692846FFF7CCFA18
:10AB600000287FF44EAE237813F060037FF4A4AE88
:10AB7000627823610A2A3FF4D5AE0B2A3FF4F1AE86
:10AB80009AE67FF499AE724BE6E7217901F00F0265
:10AB9000082A3FF662AE04EB42026B4802EBD11288
:10ABA000007892F82B20824213D26848066824204D
:10ABB00000FB0266A3B9637803F0FD02012A14D0FA
:10ABC000002B7FF44AAE2846FFF7D8FDADF81200FF
:10ABD000AEE700F0E480002B7FF46EAE1E46EAE79D
:10ABE000002E3FF469AE716974E6628822B9012BC8
:10ABF000284610D1FFF7AAFD002E3FF402AE71697E
:10AC00002846FFF779FA0023236194F83E30DC07E9
:10AC10003FF5F7ADA5E6FFF781FDEDE79DF81810CC
:10AC2000484C01F00F0004EB400303EBD11393F801
:10AC30003D2002F0FA0283F83D20002862D1E3882B
:10AC40009DF81450079F83B1267886F0FF0606F022
:10AC50008006B14218D157B14FF0E023D3F8F03D50
:10AC6000DB077FF5CEAD00BECBE58026F1E73549A9
:10AC70002846FFF733FB2369002B3FF4C2AD314A6E
:10AC8000032128469847BCE594F90030002B0FDBE0
:10AC9000A06800283FF4B5ADA389E2892D499B1A2D
:10ACA0009F4228BF1F46884202D03A4601F020FB4F
:10ACB000E389A2683B443A449BB2A260E288E38104
:10ACC0009A4201D03F2F19D8236953B90023314646
:10ACD00028461A460093FFF757FC00287FF491ADF1
:10ACE000BAE70221174A2846984701460028EDD1C5
:10ACF000284600F097FF80212846E5E52846FFF723
:10AD000087FCEAE793F82B200F4B1B789A420FD26F
:10AD10000E4B24201B6800FB02335BB94FF0E0238D
:10AD2000D3F8F03DD90700D500BE09B0BDE8F08FDB
:10AD3000F4D1074B9C699DF81920079B9DF81400DE
:10AD4000A0475EE524620020D8610020DC6100207D
:10AD5000C0CE0008E0610020134B1A7D002A3FF4AA
:10AD600050ADD87DC0F34000F9F7ECF949E50E4B42
:10AD70001B7D002B3FF445ADF9F7EEF941E5069B4D
:10AD8000002B3FF43EAD079898473AE5064B9B7E73
:10AD9000DA077FF536AD0698FFF7B7F931E5034ED0
:10ADA000002B7FF420AF06E724620020C0CE00080D
:10ADB00070477047704770477047704710B508B1CB
:10ADC000002010BDFFF7ACF90446FFF7B1F9002CE5
:10ADD000F6D00028F4D1024BD87800F00100F0E75B
:10ADE0007462002080B909490B8F4A8F9BB2888E0C
:10ADF00092B29342B6BFC2EB40029B1A9B189BB221
:10AE0000984228BF1846704700207047746200209F
:10AE100010B90248FEF723BF002070479862002057
:10AE200008B538B90448FEF742FF0448BDE80840B9
:10AE3000FEF7CBBE08BD00BFA462002098620020D0
:10AE400010B90248FEF79DBE0020704780620020C6
:10AE500010B90248FEF752BE002070478062002001
:10AE600008B520B90348FEF722FF012008BD0020E5
:10AE7000FCE700BF8C6200207FB540F23C4200211D
:10AE80001348002401F0B3F911484FF4E1334FF4B3
:10AE900000750646224643604FF6087321464381FB
:10AEA00000F50F73243000932346CDE90154FEF7DB
:10AEB000EDFD06F13C03214606F10C000093012351
:10AEC0001A46CDE90154FEF7E1FD04B070BD00BFA4
:10AED000746200200120704738B5064C002501211E
:10AEE000204640F8185BFEF7E6FE84F82650A5736E
:10AEF00038BD00BF746200202DE9F0474B798146D0
:10AF00000E46022B0FD18B79022B0CD13B4D95F8BD
:10AF100026305BB1AB7B4BB14FF0E023D3F8F03D73
:10AF2000DB0700D500BE0020BDE8F087B37806EB54
:10AF3000020885F800906B70347834444445627898
:10AF400005D223782344984501D3242A15D0052A15
:10AF500009D121464846FFF7E1FA0028DCD0A37862
:10AF6000AB7023781C446378042B34D163790A2BAB
:10AF700031D123464FF0000A26E01C46DEE7434568
:10AF800028D29F18B84525D37B78052BC4D1FB78F0
:10AF900003F00303022BBFD139464846FFF7BEFA40
:10AFA0000028B9D0BA78BB88D109C3F30A0315D0F9
:10AFB0002B824023124885F80C90AA736B82FEF70F
:10AFC00076FE0AF1010A3B465FFA8AF22179914244
:10AFD0001A78D4D89C18A01B80B2A5E7094885F838
:10AFE000249085F826202B856B85FEF760FE0648A9
:10AFF000FEF7EBFD0028E4D18EE700BF746200206D
:10B000008C620020A4620020986200200B4611464A
:10B01000127802F06002202A70B53ED1204E8A8854
:10B020007478944239D14A78203A032A35D8DFE837
:10B0300002F00211142B012B05D10723194AFFF747
:10B0400019FB012070BD032BFBD116490020FFF72F
:10B05000B3FEF6E7012BF4D1EFE7012B02D1FFF7A6
:10B06000C3FAEEE7032BECD14C880F4804F001053E
:10B07000F47085F00101FEF71EFEC4F3400229467C
:10B080000020F9F773F8DCE7012BE8D0032BD8D1C7
:10B0900049880020FFF791FED3E70020D2E700BFE8
:10B0A00074620020786200208C620020F0B53B4C76
:10B0B0001E4685B00D4694F826308B4211D0A37BF6
:10B0C0008B4246D0A3788B4201D100294CD14FF05E
:10B0D000E023D3F8F03DDB0700D500BE002005B02B
:10B0E000F0BDE16A29B10023B2B204F13000FEF7ED
:10B0F000BCFEE37AFF2B1DD069462948FEF776FF98
:10B10000BDF80820002A34D0013A039B13448BB1C8
:10B11000BDF800200020019F013AE17ADDF80CC063
:10B120003A44B04206D093F800E08E4528D1002082
:10B13000FFF73FFE228F638F92B29BB29A4202D0FA
:10B140000020FFF735FE1748FEF73FFDA37BAB421B
:10B150000AD10020FFF72EFE1348FEF7CFFC18B9E6
:10B1600031461148FEF7A7FCA378AB4211D001206D
:10B17000B5E7BDF80020002ADCD0013A019BC5E705
:10B180009C4504D09F42D5D0013B0130C9E713460E
:10B19000FBE70020FFF70FFEE9E700BF7462002025
:10B1A000A462002098620020806200200369002BC6
:10B1B000FCDA036C02699BB242F00102026144F2C4
:10B1C0000922934206D80369DA07FCD40369002BED
:10B1D000FCDA704703699B00FCD5036923F0005338
:10B1E00023F0010343F000530361EFE7836BB1B930
:10B1F00043F4803383630C4B984207D10B4AD2F857
:10B20000003123F08053C2F800317047084B984258
:10B2100008D1064AD2F8003123F08063F3E723F423
:10B2200080338363704700BF000008400044025829
:10B23000000004401D4B1E4A1B68934226D21D4A43
:10B24000934225D81C4A934224D21C4A934223D8C5
:10B25000A2F5DB12A2F5BA5293421FD8A2F5B7129B
:10B26000A2F5587293421BD8154A93421AD2154A36
:10B27000934219D2144A934234BF0F230E23C2685B
:10B2800022F4705242EA8323C36070470623F6E734
:10B290000723F4E70823F2E70923F0E70A23EEE7A0
:10B2A0000B23ECE70C23EAE70D23E8E70800002076
:10B2B0000048E801DF9DA30100366E013FA44C0168
:10B2C000807306010024F400C0E1E400836CD8B26E
:10B2D0003F2894BF0020012029B913F4407F00F0DB
:10B2E000010018BF00207047F8B5441E0C23164615
:10B2F000454A604260415843444B1C58236C6FF3ED
:10B300000F03934214D0424A934211D002F5803287
:10B3100093420DD04FF0E023D3F8F02DD10700D5A4
:10B3200000BED3F8F03DDA0700D500BE0020F8BD1E
:10B33000A36823F00103A360E568002951D0A16C44
:10B34000236DC3F30723402B01F0C00334BF08274C
:10B350001027802B3CD125F4681525F0C80545F051
:10B3600010052046E560C1F3811125F47055FFF703
:10B370003DFFFFF71BFF102F14BF4FF410534FF486
:10B38000A0531D43E56009B9FFF754FFE36843F09C
:10B390000703E360D4F8003E23F00F03C4F8003E37
:10B3A0004FF48463236123699B06FCD4102323613B
:10B3B000236913F01003FBD14FF0FF32626162602A
:10B3C000A361E6B1A36843F02603A3600120AEE7C2
:10B3D000102F0ABF25F0500525F0580545F0080547
:10B3E000BFE745F0400325F47055204645F4A255CB
:10B3F000E360FFF7FBFEFFF7D9FEE560C4E7A36952
:10B4000043F01003A361E1E70000544FE4CE0008CD
:10B410000000315508B5431E584258410C2358438B
:10B420000C4B1858836823F001038360FFF7BEFEBE
:10B43000D0F8003E43F00303C0F8003E836CC268BE
:10B44000520602D413F0C00F03D1836B23F4803370
:10B45000836308BDE4CE0008F0B54FF00C0C2A4D14
:10B4600001F00F060CFB00573C7AB44208D84FF0AD
:10B47000E023D3F8F03DD80700D500BE0020F0BD92
:10B48000012802F1030214BF00200120C9094FEA7C
:10B4900092020CFB00F02D5810D1C2F30D030834BA
:10B4A000696A2344B1EB430F4FEA430204D2174BBE
:10B4B0009B889342DBD36A620120E0E7797A1348E4
:10B4C00021B18479A142D2D901348471104909880B
:10B4D0003141C90705D526B1510089B2002B18BFEB
:10B4E0000A46696A838811448B42C0D39B1A9BB277
:10B4F000838043EA02430EB9AB62DDE706F13F0108
:10B5000005EB81025360D7E7FCCE0008BC66002043
:10B51000B0660020411E0D4B4A4210B44A410C2433
:10B520006243995804FB00331A7A5B89183252003F
:10B530004A628A6C064A938003EB03434022CB6540
:10B540000023802110BCFFF787BF00BFFCCE00089E
:10B55000BC660020431E584258410C23F0B55843A6
:10B560008D781E4B1E4E1C5805F00F008B88420034
:10B57000D4F808C8C3F30A0302EBD5121CF0060F77
:10B5800006EB02164FF00102738143F400438F79FA
:10B5900007F1FF3E02FA0EF2D2B208BF1746377328
:10B5A000CA7802F003014A1E43EA814318BF012210
:10B5B00043EA0273EA0982F0010218BF65F3995366
:10B5C00000EB021202F14801490163500123D4F853
:10B5D0001C1893400B43C4F81C38F0BDFCCE000887
:10B5E000C466002000F1FF3C0C23DCF1000040EBBE
:10B5F0000C0058433A4B30B5185801F00F04C909F4
:10B6000000EB441331D0D3F80059002DD3F8005982
:10B6100011DB45EA425545F00065C3F80059A30126
:10B6200043F02003036103699B06FCD4002A55D133
:10B63000002C53D046E045F00065C3F80059D3F81C
:10B6400008596D06FBD5D3F8005945EA425545F037
:10B650008045C3F8005900EB4413D3F80859AD07EF
:10B66000FBD50225C3F80859D9E7D3F8005B002DB4
:10B6700000DA34B9D3F8005B45EA4255C3F8005B01
:10B68000D4E7D0F8045845F40075C0F8045845696B
:10B690002D06FCD5D3F8005B45EA425545F08045C0
:10B6A000C3F8005B00EB4413D3F8085BAD07FBD590
:10B6B0000225C3F8085BD0F8043843F48063C0F86F
:10B6C00004385AB981F0010304EB031300EB431370
:10B6D000D3F8002922F40042C3F8002930BD00BF8E
:10B6E000FCCE000800EB41132DE9F04FD3F81039E0
:10B6F0004F1C00261E4C85B082468846C3F3C949BC
:10B7000000EB0737354604EB4114DFF868B0B3B2FD
:10B71000994503D8284605B0BDE8F08F0AEB4811DB
:10B72000628BD1F810399BB29A4228BF1A46D1F8E1
:10B7300018390BEA83039A42ECD815446069ADB21C
:10B7400058B100233946CDE9023304238DF808307F
:10B7500002ABFEF775FB0136D9E70346216938468F
:10B760000192FEF7ADFA2369019A13442361F2E7CF
:10B77000C4660020FCFF0300F8B5451E0C231446E8
:10B780000E46684282F00102684158432A4B1D5818
:10B79000002941D1294830F81430402B194628BFE0
:10B7A00040215B1A20F814300123C3F3090306EB90
:10B7B000021241EAC34305EB4212C2F81039D2F833
:10B7C0000039C3F30740C3F3076700F00C0067F0CC
:10B7D0007B07042867F31F6307D1D5F80808C00565
:10B7E0004CBF43F0805343F00053012CC2F80039A2
:10B7F00011D181B131462846FFF774FF5EB1104B7D
:10B8000003EB46131B8B834205DDD5F83438B44077
:10B810001C43C5F83448F8BD04EB4101084B03EB69
:10B820000113588919890B18013BB3FBF0F39BB244
:10B83000012B38BF0123B8E7FCCE0008BC6600200E
:10B84000C4660020642905D122B112680120024B90
:10B850001A60704700207047B0660020084B0C2229
:10B8600002FB0033B3F90430002B08DB0122590935
:10B8700003F01F0302FA03F3024A42F82130704733
:10B88000FCCE000800E100E00B4B0C2202FB003371
:10B89000B3F90430002B0DDB5A09012103F01F031B
:10B8A000994002F12003054A42F82310BFF34F8F5D
:10B8B000BFF36F8F704700BFFCCE000800E100E0CF
:10B8C000431E584258410C235843044B1A58D2F88F
:10B8D000043823F00203C2F804387047FCCE000895
:10B8E000431E584258410C235843044B1A58D2F86F
:10B8F000043843F00203C2F804387047FCCE000855
:10B90000F8B5421E00263A4B054631461E605E6081
:10B91000534253410C225343364AD4582046FFF732
:10B92000D5FC3246014607462846A36CFFF7DCFCEF
:10B93000064640B94FF0E023D3F8F03DDB0700D5D1
:10B9400000BE3046F8BDD4F80038002F35D0A26CC8
:10B9500023F0030302F0C002802A01D143F48043A4
:10B9600043F004032846C4F80038FFF7B9FFE36842
:10B97000214A23F0C043927843F08043E360236878
:10B9800023F010030AB943F0C0032360A36BE16BFB
:10B99000B1F5005F19D29AB123F4001343F40023E8
:10B9A000A3632846A269154B1343A361A36843F020
:10B9B0000103A360FFF784FFC3E743F00303CFE76E
:10B9C00023F4402343F40013EAE7E16BB1F5A04F01
:10B9D00004D2002AF6D123F40013E1E712B123F0D8
:10B9E0006073EFE723F0087343F0C073D8E700BF3C
:10B9F000BC660020FCCE0008B06600200430008049
:10BA0000014608B5FFF76CFF0846FFF703FD01206C
:10BA100008BD0000431E0A4A5842D17158410C2308
:10BA20005843084B1B5831B108225A619A6942F0B9
:10BA300008029A6170479A6922F00802F9E700BF8C
:10BA4000BC660020FCCE0008CB7803F0030370B581
:10BA50000C468A88991E0646C2F30A024B424B41A5
:10BA6000A178FFF7F9FC054640B94FF0E023D3F881
:10BA7000F03DDB0700D500BE284670BD21463046AC
:10BA8000FFF768FDF8E70000411E4A424A410C21D9
:10BA9000F8B54A43214B06469C5801FB0033002071
:10BAA0001F7AFEF71FFD1E4B00201E4A01219871D0
:10BAB0004FF00113C4F81C38CBB29F421AD904EBE3
:10BAC0004113D3F80059002D05DAD3F8005945F099
:10BAD0009045C3F80059D3F8005B5087002D05DA74
:10BAE000D3F8005B45F09045C3F8005B5085013109
:10BAF0002032E1E74FF48463236123699B06FCD481
:10BB000010232361256915F01005FBD13046FFF79E
:10BB100001FD2846BDE8F840FEF7F2BCFCCE000867
:10BB2000BC660020C46600202DE9F84F01F00F0A22
:10BB3000CD099DF82870804605EB4A04134E38461F
:10BB40009B469146FEF7CEFC230106EB0414608968
:10BB5000C8B146F803900023A4F808B06360237BC3
:10BB60006373BAF1000F02D1094B23F815B0012419
:10BB70002A4651464046FFF7FFFD3846FEF7C0FC17
:10BB80002046BDE8F88F0446F7E700BFC4660020F2
:10BB9000BC66002007B5421E534253410C2253435A
:10BBA000084AD258D2F8003823F4FE6343EA01135E
:10BBB0008021C2F8003800231A460093FFF7B4FF33
:10BBC00003B000BDFCCE00082DE9F0479DF82060D1
:10BBD00001F00F07CD09804630469246994605EBA5
:10BBE0004704FEF77FFC0E4B220103EB041460892F
:10BBF00098B10021C4F804A0A4F8089040469950D8
:10BC00002A46237B394663730124FFF7B5FD30468E
:10BC1000FEF776FC2046BDE8F0870446F7E700BF54
:10BC2000C4660020421E38B553420D4653410C22D3
:10BC30005343044AD4580122FFF7D4FC290700D10A
:10BC4000A36C38BDFCCE0008431E584258410C235B
:10BC50005843CB0901F00F0183F0010301EB0311FD
:10BC6000084B1B5803EB4113D3F8002922F40012B0
:10BC7000C3F80029D3F8002942F08052C3F8002904
:10BC8000704700BFFCCE0008421E534253410C22B5
:10BC90005343B04A2DE9F04FD45887B00546A36905
:10BCA00066691E40F10475D54FF48053012063612D
:10BCB000FEF718FCA76C4FF490720021C7F383279E
:10BCC000A54800F094FA0023A44A0137D38004EB7E
:10BCD00043110133D1F8002B42F00062C1F8002B70
:10BCE000DAB2BA42F3D3002304EB4312D2F80019BC
:10BCF000002905DAD2F8001941F09041C2F8001984
:10BD00000133DAB29742EFD84FF00113C4F81C3870
:10BD10000923C4F81438C4F810384FF4846323613D
:10BD200023699B06FCD410232361276917F01007B1
:10BD3000FBD12846FFF7EEFBD4F800384022012063
:10BD400067F30A13C4F80038D4F8003923F003036A
:10BD5000C4F80039D4F8003B23F00303C4F8003BD7
:10BD6000D4F80039C4F80039D4F8003BC4F8003BDB
:10BD7000794B5A835A81A36CD4F8103B43F0C043EB
:10BD8000C4F8103BA36943F4A01343F00403A36178
:10BD9000FEF7B6FBB7041ED54FF4005363614FF4B2
:10BDA00000636361A36943F40063A361D4F80828C6
:10BDB00012F0060FC2F3410300F0C980981E4342FF
:10BDC0004341012103A88DF80C508DF80D108DF81A
:10BDD0001030FEF785FA31050FD54FF400630121CD
:10BDE00003A86361A36923F40063A36104238DF8AE
:10BDF0000C508DF80D30FEF773FA002E0FDA4FF06D
:10BE00000043012103A86361A36943F40063A361B4
:10BE100005238DF80C508DF80D30FEF761FA72078E
:10BE200010D567687B070CD5A369012103A823F00F
:10BE30000403A36102238DF80C508DF80D30FEF73A
:10BE40004FFA676030071DD5A36919071AD5082373
:10BE5000424A6361A369D27943F40063A361D4F8D1
:10BE60000838C3F30D231AB9A26922F00802A261AF
:10BE70000322012103A88DF80C508DF80D200493A6
:10BE8000FEF72EFA720347D5A36C04F51068A36C75
:10BE90000027DFF8C490C3F3832301330193D4F860
:10BEA0001838FB40DB072ED5D8F808B05FFA87FAC0
:10BEB0001BF0010FC8F808B00AD0002F50D1274B53
:10BEC0005A88002A4CD0012239462846FFF754FCF4
:10BED0001BF0800F17D0D4F83438FB40D80712D5A8
:10BEE00051462046FFF7FEFB04EB4713D3F8103909
:10BEF000C3F312033BB90122D4F83438BA4023EA21
:10BF00000203C4F834380137019A08F1200809F116
:10BF10002009FBB29A42C2D8F10645D5A369DFF8E1
:10BF2000388023F01003DFF834A0A361D4F840C0B8
:10BF3000226AC2F34343C2F3030102F00F07023B3C
:10BF4000042B2AD8DFE803F09CD3782922000223AF
:10BF500037E700BFFCCE0008C4660020BC660020A6
:10BF60004FF007036AF07F01B9F8182003A88DF895
:10BF70000D304FF000038DF8101001218DF80C509A
:10BF800005928DF81130FEF7ABF9A1E704F5805268
:10BF90007D4B1168126819605A606369DA06C5D46E
:10BFA000A36943F01003A361F30242D54FF4801359
:10BFB000764E4FF000086361D4F80838A76CC3F3DD
:10BFC000002AC7F38327013704EB4819D9F8001971
:10BFD000002927DAC1F3074303F00C03042B21D116
:10BFE000C1F3004353451DD196F81DB0BBF1000FBE
:10BFF00000F0AA80738B0BF1FF3B308B86F81DB0ED
:10C00000C218013AB2FBF3F2614B03EAC2430343A5
:10C01000C9F81039BAF1000F00F0938041F0805157
:10C02000C9F8001908F1010820365FFA88F39F4229
:10C03000CAD807B0BDE8F08F04EB4717D7F8103B1C
:10C0400043F0C043C7F8103B48F20803C7F8083B69
:10C05000D4F80039002B04DA002280212846FFF7AB
:10C06000C1FA06238DF80C508DF80D30464B93E83D
:10C070000300CDE90401012103A8FEF731F98CE7A3
:10C08000C2F30A194FEA471BB9F1000F0FD008EBB2
:10C090000B035868E8B100234A4604F58051CDE906
:10C0A000033304238DF80C3003ABFDF7DEFE08EB01
:10C0B0000B03598949457FF670AFA3441A89DBF811
:10C0C000101B521A1A81002F7FF467AF314B1F806B
:10C0D00063E703464A4658F80B1004F58050FDF715
:10C0E00007FE58F80B304B4448F80B30DFE704EB01
:10C0F00047130122D3F8080BC3F8082B264A9445AE
:10C1000006D148F22002104202D0C3F8082B44E7BF
:10C1100047B9BAF800302BB13A4639462846FFF7FE
:10C120002BFB3AE708EB471707228DF80C503B89A9
:10C130008DF80D20059300238DF810108DF8113027
:10C1400099E741F000516BE768F07F0128465A46B5
:10C15000C9B20191FFF746FAD9F8003903A801994D
:10C1600043F40043C9F8003907238DF8101001216A
:10C170008DF80C508DF80D30CDF814B08DF81110ED
:10C18000FEF7AEF84EE700BFB4660020C46600209C
:10C190000000F81FBC6600200A31544F10B5013969
:10C1A0000244904201D1002005E0037811F8014FCC
:10C1B000A34201D0181B10BD0130F2E7884210B530
:10C1C00001EB020402D98442234607D8431EA14250
:10C1D00007D011F8012B03F8012FF8E7024482423F
:10C1E00000D110BD13F8011D02F8011DF7E702444C
:10C1F0000346934200D1704703F8011BF9E70000A2
:10C2000070B50D4B0D4C00261D1BB6EBA50F09D1CB
:10C21000F6F76DF90A4C0B4B00261D1BB6EBA50F6C
:10C2200005D170BD54F8043B98470136EDE754F84A
:10C23000043B98470136F1E71CCF00081CCF0008EB
:10C240001CCF00081CCF0008000000000000000008
:10C2500001F0FF01102A2BDB10F0070F08D010F8B7
:10C26000013B013A8B422DD010F0070F42B3F6D1BB
:10C27000F0B441EA012141EA014122F007047FF0D4
:10C2800000070023F0E80256083C85EA010586EA2B
:10C29000010685FA47F5A3FA87F586FA47F6A5FA67
:10C2A00087F68EB9EED1F0BC01F0FF0102F0070273
:10C2B00032B110F8013B013A83EA010313B1F8D11E
:10C2C0000020704701387047002D06BF35460338FF
:10C2D000073815F0010F07D1013015F4807F02BF38
:10C2E000013015F4C03F0130F0BC0138704700BF89
:10C2F0000A44914200F1FF3300D1704710B511F8A4
:10C30000014B03F8014F9142F9D110BD034613F8D8
:10C31000012B002AFBD1181A0138704780F0004029
:10C3200002E000BF81F0004142001FBF5FEA41030D
:10C3300092EA030F7FEA226C7FEA236C6AD04FEA0D
:10C340001262D2EB1363C1BFD21841404840414052
:10C35000B8BF5B42192B88BF704710F0004F40F404
:10C36000000020F07F4018BF404211F0004F41F420
:10C37000000121F07F4118BF494292EA030F3FD0EC
:10C38000A2F1010241FA03FC10EB0C00C3F12003FF
:10C3900001FA03F100F0004302D5494260EB40008E
:10C3A000B0F5000F13D3B0F1807F06D340084FEAF9
:10C3B000310102F10102FE2A51D2B1F1004F40EBEE
:10C3C000C25008BF20F0010040EA03007047490056
:10C3D00040EB0000013A28BFB0F5000FEDD2B0FAF3
:10C3E00080FCACF1080CB2EB0C0200FA0CF0AABF16
:10C3F00000EBC25052421843BCBFD04018437047B4
:10C4000092F0000F81F4000106BF80F400000132B9
:10C41000013BB5E74FEA41037FEA226C18BF7FEA90
:10C42000236C21D092EA030F04D092F0000F08BFD2
:10C430000846704790EA010F1CBF0020704712F0B9
:10C440007F4F04D1400028BF40F00040704712F1F8
:10C4500000723CBF00F50000704700F0004343F05D
:10C46000FE4040F4000070477FEA226216BF084693
:10C470007FEA23630146420206BF5FEA412390EA56
:10C48000010F40F4800070474FF0000304E000BF4C
:10C4900010F0004348BF40425FEA000C08BF7047FD
:10C4A00043F0964301464FF000001CE050EA0102C1
:10C4B00008BF70474FF000030AE000BF50EA0102D6
:10C4C00008BF704711F0004302D5404261EB4101C3
:10C4D0005FEA010C02BF84460146002043F0B643E8
:10C4E00008BFA3F18053A3F50003BCFA8CF2083A0D
:10C4F000A3EBC25310DB01FA02FC634400FA02FC16
:10C50000C2F12002BCF1004F20FA02F243EB02001C
:10C5100008BF20F00100704702F1200201FA02FC7E
:10C52000C2F1200250EA4C0021FA02F243EB020071
:10C5300008BF20EADC7070474FF0FF0C1CEAD052B5
:10C540001EBF1CEAD15392EA0C0F93EA0C0F6FD076
:10C550001A4480EA010C400218BF5FEA41211ED054
:10C560004FF0006343EA501043EA5111A0FB013140
:10C570000CF00040B1F5000F3EBF490041EAD37115
:10C580005B0040EA010062F17F02FD2A1DD8B3F191
:10C59000004F40EBC25008BF20F00100704790F000
:10C5A000000F0CF0004C08BF49024CEA502040EA52
:10C5B00051207F3AC2BFD2F1FF0340EAC250704718
:10C5C00040F400004FF00003013A5DDC12F1190F56
:10C5D000DCBF00F000407047C2F10002410021FAC8
:10C5E00002F1C2F1200200FA02FC5FEA310040F1E0
:10C5F000000053EA4C0308BF20EADC70704792F059
:10C60000000F00F0004C02BF400010F4000F013A90
:10C61000F9D040EA0C0093F0000F01F0004C02BF8B
:10C62000490011F4000F013BF9D041EA0C018FE7FA
:10C630000CEAD15392EA0C0F18BF93EA0C0F0AD000
:10C6400030F0004C18BF31F0004CD8D180EA010026
:10C6500000F00040704790F0000F17BF90F0004FBF
:10C66000084691F0000F91F0004F14D092EA0C0FA1
:10C6700001D142020FD193EA0C0F03D14B0218BF34
:10C68000084608D180EA010000F0004040F0FE407A
:10C6900040F40000704740F0FE4040F44000704716
:10C6A0004FF0FF0C1CEAD0521EBF1CEAD15392EA95
:10C6B0000C0F93EA0C0F69D0A2EB030280EA010C85
:10C6C00049024FEA402037D04FF0805343EA11111E
:10C6D00043EA10130CF000408B4238BF5B0042F17C
:10C6E0007D024FF4000C8B4224BF5B1A40EA0C0021
:10C6F000B3EB510F24BFA3EB510340EA5C00B3EB53
:10C70000910F24BFA3EB910340EA9C00B3EBD10F40
:10C7100024BFA3EBD10340EADC001B0118BF5FEA92
:10C720001C1CE0D1FD2A3FF650AF8B4240EBC250BB
:10C7300008BF20F0010070470CF0004C4CEA50207C
:10C740007F32C2BFD2F1FF0340EAC250704740F4CB
:10C7500000004FF00003013A37E792F0000F00F0BD
:10C76000004C02BF400010F4000F013AF9D040EA3B
:10C770000C0093F0000F01F0004C02BF490011F4CF
:10C78000000F013BF9D041EA0C0195E70CEAD153C7
:10C7900092EA0C0F08D142027FF47DAF93EA0C0FAE
:10C7A0007FF470AF084676E793EA0C0F04D14B0292
:10C7B0003FF44CAF08466EE730F0004C18BF31F044
:10C7C000004CCAD130F000427FF45CAF31F000433E
:10C7D0007FF43CAF5FE700BF42000ED2B2F1FE4FE4
:10C7E0000BD34FF09E03B3EB126209D44FEA002340
:10C7F00043F0004323FA02F070474FF00000704707
:10C8000012F1610F01D1420202D14FF0FF307047A7
:10C810004FF00000704700BF53B94AB9002908BF64
:10C8200000281CBF4FF0FF314FF0FF3000F094B9EB
:10C83000ADF1080C6DE904CE00F006F8DDF804E077
:10C84000DDE9022304B070472DE9F0470646DDF824
:10C8500020E00846B4460D46002B4DD18A421446CE
:10C860006BD9B2FA82F242B1C2F12003954026FAA6
:10C8700003F394401D4306FA02FC260CA7B2B5FB55
:10C88000F6F14FEA1C4306FB115543EA054301FB51
:10C8900007F0984209D9E31801F1FF3580F0FC80D8
:10C8A000984240F2F980023923441B1A1FFA8CFC8B
:10C8B000B3FBF6F006FB10334CEA034C00FB07F326
:10C8C00063450AD914EB0C0C00F1FF3580F0E680CB
:10C8D000634540F2E380A444023840EA0140ACEBF7
:10C8E000030C0021BEF1000F04D02CFA02F3002249
:10C8F000CEE90032BDE8F0878B4208D9BEF1000FC7
:10C9000001D0CEE9006100210846BDE8F087B3FA06
:10C9100083F1174600294CD1834202D3B24200F280
:10C920000A81B6EB070C60EB030301201D46BEF144
:10C93000000FDFD0CEE900C5DCE7002A00F09480CC
:10C940001A46B4FA84F3002B40F0AA800B1B270C84
:10C95000A6B201214FEA1C40B3FBF7F507FB1533E4
:10C9600040EA034306FB05F0984207D9E31805F1B6
:10C97000FF3802D2984200F2E38045461B1A1FFAA4
:10C980008CFCB3FBF7F007FB10334CEA034C06FBBF
:10C9900000F3634508D914EB0C0C00F1FF3602D20A
:10C9A000634500F2CA803046ACEB030C40EA054018
:10C9B00098E7C1F120058B4022FA05FC4CEA030CF4
:10C9C00000FA01F426FA05F3E84002FA01F92343DC
:10C9D0004FEA1C4206FA01FAB0FBF2F71FFA8CF696
:10C9E00002FB17001C0C44EA004407FB06F0A042BF
:10C9F0000AD91CEB040407F1FF3880F09A80A042AA
:10CA000040F29780023F6444241A9BB2B4FBF2F0D8
:10CA100002FB104443EA044300FB06F69E4209D998
:10CA20001CEB030300F1FF3480F081809E427ED92D
:10CA30000238634440EA0740A0FB09749B1BA342F1
:10CA40003E46A04663D360D0BEF1000F0AD0BAEBD9
:10CA5000060263EB080303FA05F5CA401543CB4011
:10CA6000CEE90053002145E7730843EAC1734A0841
:10CA7000190C41EA02414FEAC67C9BB2B2FBF4F0CA
:10CA80002646254627461F2243EA0143B1FBF4F11F
:10CA90005B1B41EA00415DE7294606E728461CE7A3
:10CAA0001A46C3F120019C4026FA01F320FA01F155
:10CAB00090400343270C06FA02FCB1FBF7F0A6B244
:10CAC00007FB1015190C41EA054100FB06F58D42E4
:10CAD0003BD9611801D28D4220D8491B0138B1FBE6
:10CAE000F7F5A84605FB06F507FB18119BB243EACC
:10CAF0000143AB4227D2E31808F1FF31C8D2AB4261
:10CB0000C6D2A8F102012344C2E7BA459CD2B7EBD2
:10CB1000090664EB0C040138A04695E7651B29441F
:10CB20000238B1FBF7F5A84605FB06F5DCE7204621
:10CB300080E7474668E70846F9E6A444023833E749
:10CB4000023D23441AE74146A2E7491BB1FBF7F532
:10CB5000A84605FB06F5C7E7704700BFCC0060009C
:10CB600000000000DD070008950600086D060008BB
:10CB700045060008E107000805080008150600083A
:10CB80002508000850524F545645523D004D4F4421
:10CB90003D00524F4D2053504720352E313000502C
:10CBA000524F545645523D33342E3130004D4F4490
:10CBB0003D53414D2D4D31305100E432D3436D5042
:10CBC00029DE0A74A4B0EBCD02EC092DEDF6D425D4
:10CBD0002CE310F7BE301558627F7730B4477208E7
:10CBE000A35C25E7F5CFF22AAD99AE2B068F68AB93
:10CBF000FE9079AFE3EF737893DC00534644500026
:10CC00003031323334353637383941424344454682
:10CC1000004D332062656E636820646576656C6FD5
:10CC2000706D656E74004D33205553422064696108
:10CC3000676E6F73746963732076302E36005265A9
:10CC400061642D6F6E6C7920646961676E6F7374B7
:10CC5000696373004D335251004D335253002E2FF0
:10CC600076656E646F722F68616C2F5372632F73D9
:10CC7000746D3332683778785F68616C2E63002E8C
:10CC80002F76656E646F722F68616C2F5372632FFD
:10CC900073746D3332683778785F68616C5F616494
:10CCA000632E63002E2F76656E646F722F68616C41
:10CCB0002F5372632F73746D3332683778785F68DF
:10CCC000616C5F636F727465782E63002E2F7665DA
:10CCD0006E646F722F68616C2F5372632F73746D63
:10CCE0003332683778785F68616C5F6770696F2E80
:10CCF00063002E2F76656E646F722F68616C2F5300
:10CD000072632F73746D3332683778785F68616C43
:10CD10005F717370692E63002E2F76656E646F727B
:10CD20002F68616C2F5372632F73746D33326837C1
:10CD300078785F68616C5F7263632E63002E2F7674
:10CD4000656E646F722F68616C2F5372632F7374FA
:10CD50006D3332683778785F68616C5F7263635FE8
:10CD600065782E63002E2F76656E646F722F686172
:10CD70006C2F5372632F73746D3332683778785F1A
:10CD800068616C5F7370692E63002E2F76656E6428
:10CD90006F722F68616C2F5372632F73746D33320F
:10CDA000683778785F68616C5F756172742E6300B4
:10CDB0002E2F76656E646F722F68616C2F537263CD
:10CDC0002F73746D3332683778785F68616C5F7584
:10CDD0006172745F65782E6300000000000000003F
:10CDE000132000080D2000086D1E0008ED1D00082E
:10CDF000060007000A00170000000000873C00083A
:10CE0000813C0008C93A0008C9380008B538000854
:10CE1000C138000809024B0002010080FA080B002B
:10CE200002020200000904000001020200040524BD
:10CE30000020010524010001042402060524060047
:10CE4000010705810308000109040100020A00002E
:10CE500000070502024000000705820240000012A0
:10CE6000010002EF020140FECA0140060001020378
:10CE700001000000ACCB000811CC000826CC000853
:10CE8000ACCB00083ECC0008000000000102030407
:10CE9000010203040607080901000200040006005D
:10CEA00008000A000C001000200040008000000173
:10CEB0000804020408010101010101030701000047
:10CEC0000000000079AE0008D5AE0008D9AE000819
:10CED000F9AE00080DB00008ADB000080000000079
:10CEE0000000000000000840650000000900000488
:10CEF000000004404D00000009000004000008404C
:10CF00006500000009000004000004404D0000001E
:04CF10000900000410
:08CF14003CF3FF7F0100000067
:10CF1C00080000000090D0030090D0030100000036
:10CF2C0010000000E5A000080C00000018610020B3
:10CF3C00C000000000000000E5A000080000000098
:04CF4C00FF000000E2
:0400000508004B158F
:00000001FF
